Longitude,Latitude
77.43343001817658,12.800543641061122
77.44959969329072,12.800543641061122
77.45139632385897,12.800543641061122
77.48193904351903,12.800543641061122
77.49092219636023,12.800543641061122
77.5313463841456,12.800543641061122
77.53763459113445,12.800543641061122
77.54122785227092,12.800543641061122
77.54751605925976,12.800543641061122
77.57895709420394,12.800543641061122
77.59782171517045,12.800543641061122
77.62387285840991,12.800543641061122
77.64722905579703,12.800543641061122
77.65711052392234,12.800543641061122
77.68585661301417,12.800543641061122
77.68944987415064,12.800543641061122
77.70022965756007,12.800543641061122
77.70382291869656,12.800543641061122
77.71370438682187,12.800543641061122
77.72538248551542,12.800543641061122
77.74155216062957,12.800543641061122
77.76311172744845,12.800543641061122
77.76490835801668,12.800543641061122
77.7658066733008,12.800543641061122
77.40288729851652,12.801441956345242
77.46756599897311,12.801441956345242
77.47924409766668,12.801441956345242
77.53044806886149,12.801441956345242
77.54571942869151,12.801441956345242
77.57446551778334,12.801441956345242
77.61938128198932,12.801441956345242
77.6274661195464,12.801441956345242
77.65351726278585,12.801441956345242
77.65711052392234,12.801441956345242
77.66699199204766,12.801441956345242
77.69304313528711,12.801441956345242
77.70651786454891,12.801441956345242
77.71639933267423,12.801441956345242
77.74873868290253,12.801441956345242
77.7568235204596,12.801441956345242
77.76850161915316,12.801441956345242
77.79634939296086,12.801441956345242
77.40109066794828,12.802340271629362
77.4019889832324,12.802340271629362
77.47026094482548,12.802340271629362
77.49271882692847,12.802340271629362
77.52415986187265,12.802340271629362
77.53943122170269,12.802340271629362
77.56188910380567,12.802340271629362
77.56548236494214,12.802340271629362
77.59243182346573,12.802340271629362
77.62656780426228,12.802340271629362
77.63555095710348,12.802340271629362
77.64004253352407,12.802340271629362
77.64363579466054,12.802340271629362
77.67777177545709,12.802340271629362
77.69034818943476,12.802340271629362
77.69573808113948,12.802340271629362
77.70741617983303,12.802340271629362
77.7244841702313,12.802340271629362
77.73167069250425,12.802340271629362
77.7334673230725,12.802340271629362
77.73616226892486,12.802340271629362
77.74784036761841,12.802340271629362
77.74873868290253,12.802340271629362
77.77568814142612,12.802340271629362
77.78107803313083,12.802340271629362
77.42714181118774,12.80323858691348
77.4343283334607,12.80323858691348
77.44780306272249,12.80323858691348
77.4576845308478,12.80323858691348
77.489125565792,12.80323858691348
77.52595649244088,12.80323858691348
77.52775312300912,12.80323858691348
77.57446551778334,12.80323858691348
77.57985540948806,12.80323858691348
77.60321160687516,12.80323858691348
77.61039812914812,12.80323858691348
77.63375432653523,12.80323858691348
77.63555095710348,12.80323858691348
77.64363579466054,12.80323858691348
77.64633074051291,12.80323858691348
77.66250041562705,12.80323858691348
77.66789030733177,12.80323858691348
77.68855155886652,12.80323858691348
77.71370438682187,12.80323858691348
77.72089090909482,12.80323858691348
77.73526395364074,12.80323858691348
77.76490835801668,12.80323858691348
77.41905697363066,12.8041369021976
77.45498958499545,12.8041369021976
77.46756599897311,12.8041369021976
77.4711592601096,12.8041369021976
77.48643061993963,12.8041369021976
77.48822725050786,12.8041369021976
77.50260029505378,12.8041369021976
77.51697333959969,12.8041369021976
77.52326154658853,12.8041369021976
77.55919415795331,12.8041369021976
77.56997394136275,12.8041369021976
77.5906351928975,12.8041369021976
77.59872003045457,12.8041369021976
77.609499813864,12.8041369021976
77.65261894750174,12.8041369021976
77.69394145057124,12.8041369021976
77.70292460341243,12.8041369021976
77.7056195492648,12.8041369021976
77.72178922437894,12.8041369021976
77.79185781654027,12.8041369021976
77.43343001817658,12.80503521748172
77.45858284613192,12.80503521748172
77.46487105312076,12.80503521748172
77.47744746709843,12.80503521748172
77.49271882692847,12.80503521748172
77.53673627585032,12.80503521748172
77.54302448283916,12.80503521748172
77.55021100511212,12.80503521748172
77.55739752738508,12.80503521748172
77.57536383306746,12.80503521748172
77.609499813864,12.80503521748172
77.6274661195464,12.80503521748172
77.62836443483052,12.80503521748172
77.64722905579703,12.80503521748172
77.65351726278585,12.80503521748172
77.68405998244593,12.80503521748172
77.69304313528711,12.80503521748172
77.70112797284419,12.80503521748172
77.73167069250425,12.80503521748172
77.74155216062957,12.80503521748172
77.75053531347076,12.80503521748172
77.75143362875488,12.80503521748172
77.7801797178467,12.80503521748172
77.78467129426731,12.80503521748172
77.79455276239263,12.80503521748172
77.4253451806195,12.80593353276584
77.42893844175597,12.80593353276584
77.43792159459717,12.80593353276584
77.46127779198429,12.80593353276584
77.4801424129508,12.80593353276584
77.48193904351903,12.80593353276584
77.48373567408727,12.80593353276584
77.50978681732674,12.80593353276584
77.56727899551039,12.80593353276584
77.67417851432062,12.80593353276584
77.69124650471888,12.80593353276584
77.70112797284419,12.80593353276584
77.72268753966306,12.80593353276584
77.72807743136778,12.80593353276584
77.75143362875488,12.80593353276584
77.76401004273256,12.80593353276584
77.76939993443727,12.80593353276584
77.7801797178467,12.80593353276584
77.41187045135771,12.806831848049958
77.41726034306242,12.806831848049958
77.44510811687013,12.806831848049958
77.46756599897311,12.806831848049958
77.49900703391731,12.806831848049958
77.50709187147437,12.806831848049958
77.5124817631791,12.806831848049958
77.5178716548838,12.806831848049958
77.53853290641857,12.806831848049958
77.5448211134074,12.806831848049958
77.5636857343739,12.806831848049958
77.5816520400563,12.806831848049958
77.58704193176102,12.806831848049958
77.5906351928975,12.806831848049958
77.59243182346573,12.806831848049958
77.62477117369403,12.806831848049958
77.67148356846825,12.806831848049958
77.70382291869656,12.806831848049958
77.71370438682187,12.806831848049958
77.71909427852658,12.806831848049958
77.72987406193602,12.806831848049958
77.73526395364074,12.806831848049958
77.76401004273256,12.806831848049958
77.78467129426731,12.806831848049958
77.41815865834654,12.807730163334078
77.44600643215425,12.807730163334078
77.45858284613192,12.807730163334078
77.47385420596196,12.807730163334078
77.4801424129508,12.807730163334078
77.48193904351903,12.807730163334078
77.48822725050786,12.807730163334078
77.50439692562202,12.807730163334078
77.50619355619025,12.807730163334078
77.54302448283916,12.807730163334078
77.5448211134074,12.807730163334078
77.549312689828,12.807730163334078
77.55560089681683,12.807730163334078
77.6050082374434,12.807730163334078
77.6418391640923,12.807730163334078
77.65261894750174,12.807730163334078
77.65351726278585,12.807730163334078
77.65621220863822,12.807730163334078
77.65711052392234,12.807730163334078
77.6642970461953,12.807730163334078
77.67956840602533,12.807730163334078
77.70112797284419,12.807730163334078
77.70382291869656,12.807730163334078
77.70651786454891,12.807730163334078
77.72089090909482,12.807730163334078
77.74155216062957,12.807730163334078
77.75412857460725,12.807730163334078
77.41546371249419,12.808628478618198
77.4163620277783,12.808628478618198
77.41726034306242,12.808628478618198
77.45678621556368,12.808628478618198
77.46487105312076,12.808628478618198
77.47295589067784,12.808628478618198
77.47744746709843,12.808628478618198
77.49990534920143,12.808628478618198
77.50260029505378,12.808628478618198
77.50799018675849,12.808628478618198
77.5313463841456,12.808628478618198
77.5403295369868,12.808628478618198
77.59422845403397,12.808628478618198
77.59872003045457,12.808628478618198
77.60231329159105,12.808628478618198
77.61129644443224,12.808628478618198
77.62477117369403,12.808628478618198
77.62566948897816,12.808628478618198
77.69573808113948,12.808628478618198
77.6966363964236,12.808628478618198
77.77568814142612,12.808628478618198
77.41456539721007,12.809526793902318
77.42444686533538,12.809526793902318
77.4801424129508,12.809526793902318
77.48283735880315,12.809526793902318
77.5034986103379,12.809526793902318
77.50709187147437,12.809526793902318
77.53404132999796,12.809526793902318
77.56278741908979,12.809526793902318
77.56548236494214,12.809526793902318
77.5771604636357,12.809526793902318
77.57805877891983,12.809526793902318
77.58794024704514,12.809526793902318
77.59333013874985,12.809526793902318
77.60590655272753,12.809526793902318
77.62297454312579,12.809526793902318
77.63105938068287,12.809526793902318
77.63734758767171,12.809526793902318
77.64902568636526,12.809526793902318
77.66160210034293,12.809526793902318
77.67507682960473,12.809526793902318
77.70382291869656,12.809526793902318
77.7056195492648,12.809526793902318
77.73167069250425,12.809526793902318
77.74065384534545,12.809526793902318
77.74873868290253,12.809526793902318
77.78556960955143,12.809526793902318
77.79545107767674,12.809526793902318
77.41726034306242,12.810425109186436
77.42983675704009,12.810425109186436
77.45409126971133,12.810425109186436
77.46127779198429,12.810425109186436
77.47654915181431,12.810425109186436
77.50170197976966,12.810425109186436
77.50529524090614,12.810425109186436
77.51427839374733,12.810425109186436
77.52505817715677,12.810425109186436
77.52775312300912,12.810425109186436
77.55560089681683,12.810425109186436
77.5771604636357,12.810425109186436
77.63375432653523,12.810425109186436
77.66789030733177,12.810425109186436
77.68585661301417,12.810425109186436
77.69933134227595,12.810425109186436
77.70831449511715,12.810425109186436
77.71460270210599,12.810425109186436
77.72178922437894,12.810425109186436
77.72987406193602,12.810425109186436
77.40558224436887,12.811323424470556
77.41726034306242,12.811323424470556
77.43253170289246,12.811323424470556
77.49361714221259,12.811323424470556
77.4945154574967,12.811323424470556
77.50080366448555,12.811323424470556
77.52415986187265,12.811323424470556
77.526854807725,12.811323424470556
77.52954975357737,12.811323424470556
77.53943122170269,12.811323424470556
77.54212616755504,12.811323424470556
77.55110932039624,12.811323424470556
77.57446551778334,12.811323424470556
77.59333013874985,12.811323424470556
77.60051666102281,12.811323424470556
77.60321160687516,12.811323424470556
77.62207622784167,12.811323424470556
77.63734758767171,12.811323424470556
77.64363579466054,12.811323424470556
77.64902568636526,12.811323424470556
77.65800883920646,12.811323424470556
77.65890715449058,12.811323424470556
77.70741617983303,12.811323424470556
77.7110094409695,12.811323424470556
77.71280607153774,12.811323424470556
77.73706058420898,12.811323424470556
77.73885721477721,12.811323424470556
77.7568235204596,12.811323424470556
77.79275613182439,12.811323424470556
77.79634939296086,12.811323424470556
77.42893844175597,12.812221739754676
77.47565083653019,12.812221739754676
77.51607502431557,12.812221739754676
77.55380426624859,12.812221739754676
77.55649921210095,12.812221739754676
77.5816520400563,12.812221739754676
77.59872003045457,12.812221739754676
77.61938128198932,12.812221739754676
77.64094084880819,12.812221739754676
77.65172063221762,12.812221739754676
77.66339873091117,12.812221739754676
77.67148356846825,12.812221739754676
77.69394145057124,12.812221739754676
77.7199925938107,12.812221739754676
77.72089090909482,12.812221739754676
77.72178922437894,12.812221739754676
77.77748477199435,12.812221739754676
77.78197634841496,12.812221739754676
77.43163338760834,12.813120055038796
77.47205757539372,12.813120055038796
77.47385420596196,12.813120055038796
77.49092219636023,12.813120055038796
77.4945154574967,12.813120055038796
77.49900703391731,12.813120055038796
77.51338007846321,12.813120055038796
77.54571942869151,12.813120055038796
77.549312689828,12.813120055038796
77.55110932039624,12.813120055038796
77.57087225664687,12.813120055038796
77.59782171517045,12.813120055038796
77.60770318329577,12.813120055038796
77.6274661195464,12.813120055038796
77.66789030733177,12.813120055038796
77.67507682960473,12.813120055038796
77.68585661301417,12.813120055038796
77.71460270210599,12.813120055038796
77.72178922437894,12.813120055038796
77.74155216062957,12.813120055038796
77.47744746709843,12.814018370322914
77.48104072823492,12.814018370322914
77.49631208806494,12.814018370322914
77.49721040334906,12.814018370322914
77.50978681732674,12.814018370322914
77.5124817631791,12.814018370322914
77.52236323130441,12.814018370322914
77.54212616755504,12.814018370322914
77.61039812914812,12.814018370322914
77.62926275011463,12.814018370322914
77.65261894750174,12.814018370322914
77.70472123398068,12.814018370322914
77.74694205233429,12.814018370322914
77.75143362875488,12.814018370322914
77.41456539721007,12.814916685607034
77.41815865834654,12.814916685607034
77.41905697363066,12.814916685607034
77.43163338760834,12.814916685607034
77.43702327931305,12.814916685607034
77.44510811687013,12.814916685607034
77.46127779198429,12.814916685607034
77.46756599897311,12.814916685607034
77.47205757539372,12.814916685607034
77.47565083653019,12.814916685607034
77.50260029505378,12.814916685607034
77.51158344789498,12.814916685607034
77.53044806886149,12.814916685607034
77.53314301471384,12.814916685607034
77.55200763568035,12.814916685607034
77.58973687761338,12.814916685607034
77.59153350818161,12.814916685607034
77.59782171517045,12.814916685607034
77.63465264181934,12.814916685607034
77.64722905579703,12.814916685607034
77.66609367676354,12.814916685607034
77.71011112568539,12.814916685607034
77.75951846631196,12.814916685607034
77.76670498858492,12.814916685607034
77.76760330386904,12.814916685607034
77.4253451806195,12.815815000891154
77.45498958499545,12.815815000891154
77.48732893522374,12.815815000891154
77.51876997016794,12.815815000891154
77.55200763568035,12.815815000891154
77.5636857343739,12.815815000891154
77.60410992215928,12.815815000891154
77.60680486801165,12.815815000891154
77.62656780426228,12.815815000891154
77.65711052392234,12.815815000891154
77.65890715449058,12.815815000891154
77.66968693790001,12.815815000891154
77.70022965756007,12.815815000891154
77.7199925938107,12.815815000891154
77.4019889832324,12.816713316175273
77.40917550550535,12.816713316175273
77.4109721360736,12.816713316175273
77.45588790027956,12.816713316175273
77.47205757539372,12.816713316175273
77.4945154574967,12.816713316175273
77.51068513261086,12.816713316175273
77.52505817715677,12.816713316175273
77.53044806886149,12.816713316175273
77.53943122170269,12.816713316175273
77.55470258153271,12.816713316175273
77.56997394136275,12.816713316175273
77.58973687761338,12.816713316175273
77.61758465142108,12.816713316175273
77.62656780426228,12.816713316175273
77.6364492723876,12.816713316175273
77.66160210034293,12.816713316175273
77.66519536147942,12.816713316175273
77.67238188375237,12.816713316175273
77.68944987415064,12.816713316175273
77.73526395364074,12.816713316175273
77.7801797178467,12.816713316175273
77.79365444710851,12.816713316175273
77.44151485573366,12.817611631459393
77.45319295442721,12.817611631459393
77.45678621556368,12.817611631459393
77.46487105312076,12.817611631459393
77.50888850204262,12.817611631459393
77.51338007846321,12.817611631459393
77.52865143829325,12.817611631459393
77.58704193176102,12.817611631459393
77.60051666102281,12.817611631459393
77.60231329159105,12.817611631459393
77.61758465142108,12.817611631459393
77.62836443483052,12.817611631459393
77.63016106539875,12.817611631459393
77.64453410994466,12.817611631459393
77.66250041562705,12.817611631459393
77.6786700907412,12.817611631459393
77.6966363964236,12.817611631459393
77.70472123398068,12.817611631459393
77.71639933267423,12.817611631459393
77.74155216062957,12.817611631459393
77.74963699818665,12.817611631459393
77.75951846631196,12.817611631459393
77.77209488028964,12.817611631459393
77.41007382078946,12.818509946743513
77.42804012647186,12.818509946743513
77.45139632385897,12.818509946743513
77.45229463914309,12.818509946743513
77.50260029505378,12.818509946743513
77.52595649244088,12.818509946743513
77.53224469942973,12.818509946743513
77.54212616755504,12.818509946743513
77.54392279812328,12.818509946743513
77.55110932039624,12.818509946743513
77.5582958426692,12.818509946743513
77.56727899551039,12.818509946743513
77.57087225664687,12.818509946743513
77.62566948897816,12.818509946743513
77.65621220863822,12.818509946743513
77.6876532435824,12.818509946743513
77.70921281040127,12.818509946743513
77.71190775625362,12.818509946743513
77.73077237722013,12.818509946743513
77.73885721477721,12.818509946743513
77.76311172744845,12.818509946743513
77.77658645671023,12.818509946743513
77.4163620277783,12.819408262027633
77.43971822516541,12.819408262027633
77.44241317101778,12.819408262027633
77.44600643215425,12.819408262027633
77.466667683689,12.819408262027633
77.46756599897311,12.819408262027633
77.49721040334906,12.819408262027633
77.50260029505378,12.819408262027633
77.50529524090614,12.819408262027633
77.51427839374733,12.819408262027633
77.52415986187265,12.819408262027633
77.57177057193098,12.819408262027633
77.59692339988634,12.819408262027633
77.77928140256259,12.819408262027633
77.79006118597202,12.819408262027633
77.40109066794828,12.82030657731175
77.42175191948303,12.82030657731175
77.42804012647186,12.82030657731175
77.46037947670017,12.82030657731175
77.47475252124607,12.82030657731175
77.49900703391731,12.82030657731175
77.50619355619025,12.82030657731175
77.51427839374733,12.82030657731175
77.55380426624859,12.82030657731175
77.5726688872151,12.82030657731175
77.63824590295583,12.82030657731175
77.65621220863822,12.82030657731175
77.66609367676354,12.82030657731175
77.67058525318413,12.82030657731175
77.68405998244593,12.82030657731175
77.69304313528711,12.82030657731175
77.69573808113948,12.82030657731175
77.72268753966306,12.82030657731175
77.7379588994931,12.82030657731175
77.76311172744845,12.82030657731175
77.78646792483555,12.82030657731175
77.41456539721007,12.82120489259587
77.41995528891478,12.82120489259587
77.42714181118774,12.82120489259587
77.44241317101778,12.82120489259587
77.44690474743837,12.82120489259587
77.47385420596196,12.82120489259587
77.4945154574967,12.82120489259587
77.50260029505378,12.82120489259587
77.51517670903145,12.82120489259587
77.51697333959969,12.82120489259587
77.52865143829325,12.82120489259587
77.52954975357737,12.82120489259587
77.5358379605662,12.82120489259587
77.56009247323743,12.82120489259587
77.57446551778334,12.82120489259587
77.58794024704514,12.82120489259587
77.63465264181934,12.82120489259587
77.66878862261589,12.82120489259587
77.76490835801668,12.82120489259587
77.78287466369908,12.82120489259587
77.79455276239263,12.82120489259587
77.40378561380064,12.82210320787999
77.40468392908475,12.82210320787999
77.43971822516541,12.82210320787999
77.46037947670017,12.82210320787999
77.51338007846321,12.82210320787999
77.5178716548838,12.82210320787999
77.52146491602029,12.82210320787999
77.52505817715677,12.82210320787999
77.53224469942973,12.82210320787999
77.54302448283916,12.82210320787999
77.55470258153271,12.82210320787999
77.56548236494214,12.82210320787999
77.56727899551039,12.82210320787999
77.61578802085285,12.82210320787999
77.61758465142108,12.82210320787999
77.6184829667052,12.82210320787999
77.62477117369403,12.82210320787999
77.63555095710348,12.82210320787999
77.64633074051291,12.82210320787999
77.73975553006133,12.82210320787999
77.7658066733008,12.82210320787999
77.41995528891478,12.82300152316411
77.4433114863019,12.82300152316411
77.4711592601096,12.82300152316411
77.56458404965802,12.82300152316411
77.58255035534042,12.82300152316411
77.5906351928975,12.82300152316411
77.609499813864,12.82300152316411
77.64004253352407,12.82300152316411
77.67148356846825,12.82300152316411
77.6786700907412,12.82300152316411
77.68944987415064,12.82300152316411
77.69933134227595,12.82300152316411
77.71280607153774,12.82300152316411
77.73436563835662,12.82300152316411
77.74514542176605,12.82300152316411
77.79275613182439,12.82300152316411
77.42804012647186,12.823899838448229
77.43792159459717,12.823899838448229
77.46307442255252,12.823899838448229
77.47834578238255,12.823899838448229
77.52056660073617,12.823899838448229
77.53044806886149,12.823899838448229
77.549312689828,12.823899838448229
77.6328560112511,12.823899838448229
77.6786700907412,12.823899838448229
77.71550101739011,12.823899838448229
77.71639933267423,12.823899838448229
77.7244841702313,12.823899838448229
77.75233194403901,12.823899838448229
77.79365444710851,12.823899838448229
77.79455276239263,12.823899838448229
77.40378561380064,12.824798153732349
77.41815865834654,12.824798153732349
77.42354855005127,12.824798153732349
77.4343283334607,12.824798153732349
77.43971822516541,12.824798153732349
77.45948116141604,12.824798153732349
77.46037947670017,12.824798153732349
77.50799018675849,12.824798153732349
77.51338007846321,12.824798153732349
77.53224469942973,12.824798153732349
77.56907562607863,12.824798153732349
77.57177057193098,12.824798153732349
77.58434698590865,12.824798153732349
77.59872003045457,12.824798153732349
77.6050082374434,12.824798153732349
77.61309307500048,12.824798153732349
77.6364492723876,12.824798153732349
77.65441557806997,12.824798153732349
77.66250041562705,12.824798153732349
77.70382291869656,12.824798153732349
77.7056195492648,12.824798153732349
77.73706058420898,12.824798153732349
77.75412857460725,12.824798153732349
77.76490835801668,12.824798153732349
77.77838308727847,12.824798153732349
77.78287466369908,12.824798153732349
77.79095950125615,12.824798153732349
77.41726034306242,12.825696469016469
77.47205757539372,12.825696469016469
77.47385420596196,12.825696469016469
77.49182051164435,12.825696469016469
77.49900703391731,12.825696469016469
77.58883856232926,12.825696469016469
77.62297454312579,12.825696469016469
77.65172063221762,12.825696469016469
77.67777177545709,12.825696469016469
77.69034818943476,12.825696469016469
77.72089090909482,12.825696469016469
77.74604373705017,12.825696469016469
77.76311172744845,12.825696469016469
77.77568814142612,12.825696469016469
77.77838308727847,12.825696469016469
77.43163338760834,12.826594784300589
77.44780306272249,12.826594784300589
77.45319295442721,12.826594784300589
77.46037947670017,12.826594784300589
77.50170197976966,12.826594784300589
77.54841437454388,12.826594784300589
77.55200763568035,12.826594784300589
77.55290595096447,12.826594784300589
77.55739752738508,12.826594784300589
77.5816520400563,12.826594784300589
77.58883856232926,12.826594784300589
77.60231329159105,12.826594784300589
77.6184829667052,12.826594784300589
77.65172063221762,12.826594784300589
77.65711052392234,12.826594784300589
77.6598054697747,12.826594784300589
77.6642970461953,12.826594784300589
77.74334879119782,12.826594784300589
77.75143362875488,12.826594784300589
77.76221341216433,12.826594784300589
77.77568814142612,12.826594784300589
77.41456539721007,12.827493099584707
77.43522664874482,12.827493099584707
77.44600643215425,12.827493099584707
77.45139632385897,12.827493099584707
77.47475252124607,12.827493099584707
77.52954975357737,12.827493099584707
77.53853290641857,12.827493099584707
77.54571942869151,12.827493099584707
77.55110932039624,12.827493099584707
77.55739752738508,12.827493099584707
77.56278741908979,12.827493099584707
77.57356720249922,12.827493099584707
77.58075372477218,12.827493099584707
77.61129644443224,12.827493099584707
77.61938128198932,12.827493099584707
77.62117791255756,12.827493099584707
77.66789030733177,12.827493099584707
77.67148356846825,12.827493099584707
77.73526395364074,12.827493099584707
77.75502688989137,12.827493099584707
77.76670498858492,12.827493099584707
77.77748477199435,12.827493099584707
77.41905697363066,12.828391414868827
77.42714181118774,12.828391414868827
77.45498958499545,12.828391414868827
77.47295589067784,12.828391414868827
77.49631208806494,12.828391414868827
77.52775312300912,12.828391414868827
77.5448211134074,12.828391414868827
77.55919415795331,12.828391414868827
77.64812737108115,12.828391414868827
77.64902568636526,12.828391414868827
77.6598054697747,12.828391414868827
77.67058525318413,12.828391414868827
77.67777177545709,12.828391414868827
77.68136503659356,12.828391414868827
77.69034818943476,12.828391414868827
77.692144820003,12.828391414868827
77.70382291869656,12.828391414868827
77.71011112568539,12.828391414868827
77.71460270210599,12.828391414868827
77.72268753966306,12.828391414868827
77.72987406193602,12.828391414868827
77.74334879119782,12.828391414868827
77.75143362875488,12.828391414868827
77.75502688989137,12.828391414868827
77.77568814142612,12.828391414868827
77.78736624011967,12.828391414868827
77.41187045135771,12.829289730152947
77.4343283334607,12.829289730152947
77.46487105312076,12.829289730152947
77.46936262954137,12.829289730152947
77.4711592601096,12.829289730152947
77.47565083653019,12.829289730152947
77.57626214835157,12.829289730152947
77.58794024704514,12.829289730152947
77.62656780426228,12.829289730152947
77.63105938068287,12.829289730152947
77.66339873091117,12.829289730152947
77.69843302699184,12.829289730152947
77.70202628812831,12.829289730152947
77.70472123398068,12.829289730152947
77.71819596324247,12.829289730152947
77.73077237722013,12.829289730152947
77.75592520517549,12.829289730152947
77.76670498858492,12.829289730152947
77.4343283334607,12.830188045437067
77.43612496402893,12.830188045437067
77.5034986103379,12.830188045437067
77.53673627585032,12.830188045437067
77.54661774397563,12.830188045437067
77.6364492723876,12.830188045437067
77.65351726278585,12.830188045437067
77.65800883920646,12.830188045437067
77.7056195492648,12.830188045437067
77.71280607153774,12.830188045437067
77.73616226892486,12.830188045437067
77.73885721477721,12.830188045437067
77.7424504759137,12.830188045437067
77.79545107767674,12.830188045437067
77.43702327931305,12.831086360721185
77.44959969329072,12.831086360721185
77.45948116141604,12.831086360721185
77.46397273783664,12.831086360721185
77.4801424129508,12.831086360721185
77.50709187147437,12.831086360721185
77.5178716548838,12.831086360721185
77.52326154658853,12.831086360721185
77.55649921210095,12.831086360721185
77.55919415795331,12.831086360721185
77.56278741908979,12.831086360721185
77.56458404965802,12.831086360721185
77.59243182346573,12.831086360721185
77.64992400164938,12.831086360721185
77.6598054697747,12.831086360721185
77.66250041562705,12.831086360721185
77.66699199204766,12.831086360721185
77.71550101739011,12.831086360721185
77.73436563835662,12.831086360721185
77.78197634841496,12.831086360721185
77.40109066794828,12.831984676005305
77.45678621556368,12.831984676005305
77.47385420596196,12.831984676005305
77.4801424129508,12.831984676005305
77.60410992215928,12.831984676005305
77.6139913902846,12.831984676005305
77.62566948897816,12.831984676005305
77.63375432653523,12.831984676005305
77.68675492829828,12.831984676005305
77.6876532435824,12.831984676005305
77.70112797284419,12.831984676005305
77.7334673230725,12.831984676005305
77.74604373705017,12.831984676005305
77.74694205233429,12.831984676005305
77.7568235204596,12.831984676005305
77.76401004273256,12.831984676005305
77.76850161915316,12.831984676005305
77.77119656500551,12.831984676005305
77.44510811687013,12.832882991289425
77.4487013780066,12.832882991289425
77.45139632385897,12.832882991289425
77.47565083653019,12.832882991289425
77.50170197976966,12.832882991289425
77.526854807725,12.832882991289425
77.55380426624859,12.832882991289425
77.57087225664687,12.832882991289425
77.68944987415064,12.832882991289425
77.69933134227595,12.832882991289425
77.71011112568539,12.832882991289425
77.72089090909482,12.832882991289425
77.72987406193602,12.832882991289425
77.7424504759137,12.832882991289425
77.74963699818665,12.832882991289425
77.78556960955143,12.832882991289425
77.79634939296086,12.832882991289425
77.4019889832324,12.833781306573545
77.41546371249419,12.833781306573545
77.42444686533538,12.833781306573545
77.44241317101778,12.833781306573545
77.44420980158601,12.833781306573545
77.49271882692847,12.833781306573545
77.50799018675849,12.833781306573545
77.51697333959969,12.833781306573545
77.52415986187265,12.833781306573545
77.55649921210095,12.833781306573545
77.56458404965802,12.833781306573545
77.58704193176102,12.833781306573545
77.6274661195464,12.833781306573545
77.66789030733177,12.833781306573545
77.67777177545709,12.833781306573545
77.69753471170772,12.833781306573545
77.71819596324247,12.833781306573545
77.72717911608366,12.833781306573545
77.7334673230725,12.833781306573545
77.73616226892486,12.833781306573545
77.74694205233429,12.833781306573545
77.75233194403901,12.833781306573545
77.77389151085788,12.833781306573545
77.40288729851652,12.834679621857664
77.43073507232423,12.834679621857664
77.44600643215425,12.834679621857664
77.466667683689,12.834679621857664
77.48373567408727,12.834679621857664
77.49092219636023,12.834679621857664
77.49271882692847,12.834679621857664
77.51876997016794,12.834679621857664
77.52595649244088,12.834679621857664
77.57626214835157,12.834679621857664
77.59512676931809,12.834679621857664
77.63016106539875,12.834679621857664
77.64273747937642,12.834679621857664
77.66968693790001,12.834679621857664
77.67687346017297,12.834679621857664
77.68944987415064,12.834679621857664
77.70921281040127,12.834679621857664
77.76311172744845,12.834679621857664
77.77029824972139,12.834679621857664
77.79275613182439,12.834679621857664
77.41007382078946,12.835577937141784
77.41366708192595,12.835577937141784
77.4343283334607,12.835577937141784
77.43612496402893,12.835577937141784
77.44061654044954,12.835577937141784
77.44959969329072,12.835577937141784
77.45588790027956,12.835577937141784
77.4576845308478,12.835577937141784
77.466667683689,12.835577937141784
77.48822725050786,12.835577937141784
77.49900703391731,12.835577937141784
77.56638068022626,12.835577937141784
77.58344867062453,12.835577937141784
77.59153350818161,12.835577937141784
77.59512676931809,12.835577937141784
77.62117791255756,12.835577937141784
77.62207622784167,12.835577937141784
77.63465264181934,12.835577937141784
77.65172063221762,12.835577937141784
77.66878862261589,12.835577937141784
77.69124650471888,12.835577937141784
77.71550101739011,12.835577937141784
77.75502688989137,12.835577937141784
77.78826455540379,12.835577937141784
77.40109066794828,12.836476252425904
77.40288729851652,12.836476252425904
77.41276876664183,12.836476252425904
77.4343283334607,12.836476252425904
77.4433114863019,12.836476252425904
77.49002388107611,12.836476252425904
77.49541377278082,12.836476252425904
77.5034986103379,12.836476252425904
77.58614361647689,12.836476252425904
77.61938128198932,12.836476252425904
77.6274661195464,12.836476252425904
77.63734758767171,12.836476252425904
77.70651786454891,12.836476252425904
77.76760330386904,12.836476252425904
77.78826455540379,12.836476252425904
77.79006118597202,12.836476252425904
77.41546371249419,12.837374567710022
77.47565083653019,12.837374567710022
77.489125565792,12.837374567710022
77.49182051164435,12.837374567710022
77.49900703391731,12.837374567710022
77.50799018675849,12.837374567710022
77.51158344789498,12.837374567710022
77.53853290641857,12.837374567710022
77.55649921210095,12.837374567710022
77.55739752738508,12.837374567710022
77.58614361647689,12.837374567710022
77.61129644443224,12.837374567710022
77.61938128198932,12.837374567710022
77.64453410994466,12.837374567710022
77.64902568636526,12.837374567710022
77.65172063221762,12.837374567710022
77.6786700907412,12.837374567710022
77.69753471170772,12.837374567710022
77.71729764795835,12.837374567710022
77.72628080079954,12.837374567710022
77.7289757466519,12.837374567710022
77.75412857460725,12.837374567710022
77.7613150968802,12.837374567710022
77.40378561380064,12.838272882994142
77.40917550550535,12.838272882994142
77.42444686533538,12.838272882994142
77.43163338760834,12.838272882994142
77.45139632385897,12.838272882994142
77.45678621556368,12.838272882994142
77.46487105312076,12.838272882994142
77.47924409766668,12.838272882994142
77.48193904351903,12.838272882994142
77.49900703391731,12.838272882994142
77.50709187147437,12.838272882994142
77.52146491602029,12.838272882994142
77.54212616755504,12.838272882994142
77.56548236494214,12.838272882994142
77.56907562607863,12.838272882994142
77.60231329159105,12.838272882994142
77.6364492723876,12.838272882994142
77.64273747937642,12.838272882994142
77.65621220863822,12.838272882994142
77.65890715449058,12.838272882994142
77.67238188375237,12.838272882994142
77.72538248551542,12.838272882994142
77.73706058420898,12.838272882994142
77.75053531347076,12.838272882994142
77.77029824972139,12.838272882994142
77.77389151085788,12.838272882994142
77.41187045135771,12.839171198278262
77.41995528891478,12.839171198278262
77.42624349590362,12.839171198278262
77.43971822516541,12.839171198278262
77.44510811687013,12.839171198278262
77.49182051164435,12.839171198278262
77.49721040334906,12.839171198278262
77.51517670903145,12.839171198278262
77.5448211134074,12.839171198278262
77.54661774397563,12.839171198278262
77.56638068022626,12.839171198278262
77.57985540948806,12.839171198278262
77.59243182346573,12.839171198278262
77.62117791255756,12.839171198278262
77.63824590295583,12.839171198278262
77.6642970461953,12.839171198278262
77.66968693790001,12.839171198278262
77.692144820003,12.839171198278262
77.69573808113948,12.839171198278262
77.71370438682187,12.839171198278262
77.71639933267423,12.839171198278262
77.7334673230725,12.839171198278262
77.76221341216433,12.839171198278262
77.77838308727847,12.839171198278262
77.41456539721007,12.840069513562382
77.42893844175597,12.840069513562382
77.43253170289246,12.840069513562382
77.4343283334607,12.840069513562382
77.43522664874482,12.840069513562382
77.43971822516541,12.840069513562382
77.4711592601096,12.840069513562382
77.47565083653019,12.840069513562382
77.50439692562202,12.840069513562382
77.50529524090614,12.840069513562382
77.51517670903145,12.840069513562382
77.52146491602029,12.840069513562382
77.58704193176102,12.840069513562382
77.60051666102281,12.840069513562382
77.63734758767171,12.840069513562382
77.6642970461953,12.840069513562382
77.67148356846825,12.840069513562382
77.68405998244593,12.840069513562382
77.69753471170772,12.840069513562382
77.70292460341243,12.840069513562382
77.71550101739011,12.840069513562382
77.72268753966306,12.840069513562382
77.74334879119782,12.840069513562382
77.74873868290253,12.840069513562382
77.75951846631196,12.840069513562382
77.77299319557376,12.840069513562382
77.78646792483555,12.840069513562382
77.79275613182439,12.840069513562382
77.42085360419891,12.8409678288465
77.4253451806195,12.8409678288465
77.43163338760834,12.8409678288465
77.4343283334607,12.8409678288465
77.44959969329072,12.8409678288465
77.4576845308478,12.8409678288465
77.46397273783664,12.8409678288465
77.48104072823492,12.8409678288465
77.48373567408727,12.8409678288465
77.50080366448555,12.8409678288465
77.53404132999796,12.8409678288465
77.55110932039624,12.8409678288465
77.56817731079451,12.8409678288465
77.57087225664687,12.8409678288465
77.57895709420394,12.8409678288465
77.58255035534042,12.8409678288465
77.65172063221762,12.8409678288465
77.67238188375237,12.8409678288465
77.69394145057124,12.8409678288465
77.73975553006133,12.8409678288465
77.75592520517549,12.8409678288465
77.78107803313083,12.8409678288465
77.41456539721007,12.84186614413062
77.41905697363066,12.84186614413062
77.42804012647186,12.84186614413062
77.43522664874482,12.84186614413062
77.48553230465551,12.84186614413062
77.50529524090614,12.84186614413062
77.50619355619025,12.84186614413062
77.56907562607863,12.84186614413062
77.60680486801165,12.84186614413062
77.61129644443224,12.84186614413062
77.62297454312579,12.84186614413062
77.63824590295583,12.84186614413062
77.70831449511715,12.84186614413062
77.78197634841496,12.84186614413062
77.79185781654027,12.84186614413062
77.40468392908475,12.84276445941474
77.42175191948303,12.84276445941474
77.45139632385897,12.84276445941474
77.47205757539372,12.84276445941474
77.4945154574967,12.84276445941474
77.49541377278082,12.84276445941474
77.49721040334906,12.84276445941474
77.56548236494214,12.84276445941474
77.56817731079451,12.84276445941474
77.58524530119277,12.84276445941474
77.59153350818161,12.84276445941474
77.59692339988634,12.84276445941474
77.63734758767171,12.84276445941474
77.6418391640923,12.84276445941474
77.67956840602533,12.84276445941474
77.68046672130944,12.84276445941474
77.68226335187768,12.84276445941474
77.69843302699184,12.84276445941474
77.71280607153774,12.84276445941474
77.42983675704009,12.84366277469886
77.43343001817658,12.84366277469886
77.45948116141604,12.84366277469886
77.46936262954137,12.84366277469886
77.52505817715677,12.84366277469886
77.55470258153271,12.84366277469886
77.57087225664687,12.84366277469886
77.58434698590865,12.84366277469886
77.59512676931809,12.84366277469886
77.60680486801165,12.84366277469886
77.62477117369403,12.84366277469886
77.62926275011463,12.84366277469886
77.63465264181934,12.84366277469886
77.68136503659356,12.84366277469886
77.68495829773005,12.84366277469886
77.69124650471888,12.84366277469886
77.7244841702313,12.84366277469886
77.7613150968802,12.84366277469886
77.77389151085788,12.84366277469886
77.78197634841496,12.84366277469886
77.79904433881322,12.84366277469886
77.41726034306242,12.844561089982978
77.4253451806195,12.844561089982978
77.43522664874482,12.844561089982978
77.45858284613192,12.844561089982978
77.47205757539372,12.844561089982978
77.47654915181431,12.844561089982978
77.50080366448555,12.844561089982978
77.51158344789498,12.844561089982978
77.5448211134074,12.844561089982978
77.56188910380567,12.844561089982978
77.56548236494214,12.844561089982978
77.5816520400563,12.844561089982978
77.58883856232926,12.844561089982978
77.63375432653523,12.844561089982978
77.64004253352407,12.844561089982978
77.6598054697747,12.844561089982978
77.6642970461953,12.844561089982978
77.66609367676354,12.844561089982978
77.71460270210599,12.844561089982978
77.72538248551542,12.844561089982978
77.73167069250425,12.844561089982978
77.74784036761841,12.844561089982978
77.7613150968802,12.844561089982978
77.43343001817658,12.845459405267098
77.44959969329072,12.845459405267098
77.45139632385897,12.845459405267098
77.45409126971133,12.845459405267098
77.46397273783664,12.845459405267098
77.50439692562202,12.845459405267098
77.52326154658853,12.845459405267098
77.53404132999796,12.845459405267098
77.55380426624859,12.845459405267098
77.55470258153271,12.845459405267098
77.56009247323743,12.845459405267098
77.59782171517045,12.845459405267098
77.609499813864,12.845459405267098
77.6139913902846,12.845459405267098
77.62926275011463,12.845459405267098
77.63824590295583,12.845459405267098
77.66519536147942,12.845459405267098
77.66609367676354,12.845459405267098
77.67956840602533,12.845459405267098
77.68405998244593,12.845459405267098
77.71909427852658,12.845459405267098
77.73885721477721,12.845459405267098
77.74784036761841,12.845459405267098
77.77568814142612,12.845459405267098
77.40378561380064,12.846357720551218
77.40827719022123,12.846357720551218
77.42714181118774,12.846357720551218
77.4433114863019,12.846357720551218
77.49092219636023,12.846357720551218
77.51697333959969,12.846357720551218
77.53314301471384,12.846357720551218
77.53853290641857,12.846357720551218
77.54392279812328,12.846357720551218
77.55649921210095,12.846357720551218
77.59243182346573,12.846357720551218
77.60231329159105,12.846357720551218
77.60321160687516,12.846357720551218
77.60680486801165,12.846357720551218
77.609499813864,12.846357720551218
77.61668633613696,12.846357720551218
77.6274661195464,12.846357720551218
77.63016106539875,12.846357720551218
77.63734758767171,12.846357720551218
77.65172063221762,12.846357720551218
77.67417851432062,12.846357720551218
77.68405998244593,12.846357720551218
77.68855155886652,12.846357720551218
77.71280607153774,12.846357720551218
77.7334673230725,12.846357720551218
77.74065384534545,12.846357720551218
77.7424504759137,12.846357720551218
77.76939993443727,12.846357720551218
77.78556960955143,12.846357720551218
77.79275613182439,12.846357720551218
77.40737887493711,12.847256035835338
77.42354855005127,12.847256035835338
77.42983675704009,12.847256035835338
77.47385420596196,12.847256035835338
77.55200763568035,12.847256035835338
77.58794024704514,12.847256035835338
77.60410992215928,12.847256035835338
77.61488970556871,12.847256035835338
77.64453410994466,12.847256035835338
77.67148356846825,12.847256035835338
77.67417851432062,12.847256035835338
77.68226335187768,12.847256035835338
77.6831616671618,12.847256035835338
77.69124650471888,12.847256035835338
77.70022965756007,12.847256035835338
77.72717911608366,12.847256035835338
77.73526395364074,12.847256035835338
77.73975553006133,12.847256035835338
77.76311172744845,12.847256035835338
77.77299319557376,12.847256035835338
77.79185781654027,12.847256035835338
77.43343001817658,12.848154351119456
77.43702327931305,12.848154351119456
77.43792159459717,12.848154351119456
77.44600643215425,12.848154351119456
77.45139632385897,12.848154351119456
77.45229463914309,12.848154351119456
77.45498958499545,12.848154351119456
77.47744746709843,12.848154351119456
77.48463398937139,12.848154351119456
77.48643061993963,12.848154351119456
77.55200763568035,12.848154351119456
77.59872003045457,12.848154351119456
77.61219475971636,12.848154351119456
77.62836443483052,12.848154351119456
77.6508223169335,12.848154351119456
77.6598054697747,12.848154351119456
77.66609367676354,12.848154351119456
77.67148356846825,12.848154351119456
77.67507682960473,12.848154351119456
77.7056195492648,12.848154351119456
77.72807743136778,12.848154351119456
77.7289757466519,12.848154351119456
77.72987406193602,12.848154351119456
77.73616226892486,12.848154351119456
77.73706058420898,12.848154351119456
77.76041678159608,12.848154351119456
77.42624349590362,12.849052666403576
77.4487013780066,12.849052666403576
77.49361714221259,12.849052666403576
77.52056660073617,12.849052666403576
77.52505817715677,12.849052666403576
77.53224469942973,12.849052666403576
77.549312689828,12.849052666403576
77.58794024704514,12.849052666403576
77.6274661195464,12.849052666403576
77.6418391640923,12.849052666403576
77.64812737108115,12.849052666403576
77.65351726278585,12.849052666403576
77.65621220863822,12.849052666403576
77.67777177545709,12.849052666403576
77.71819596324247,12.849052666403576
77.7379588994931,12.849052666403576
77.77928140256259,12.849052666403576
77.44151485573366,12.849950981687696
77.4711592601096,12.849950981687696
77.47654915181431,12.849950981687696
77.48283735880315,12.849950981687696
77.48732893522374,12.849950981687696
77.51158344789498,12.849950981687696
77.52056660073617,12.849950981687696
77.52595649244088,12.849950981687696
77.54661774397563,12.849950981687696
77.5582958426692,12.849950981687696
77.61938128198932,12.849950981687696
77.65172063221762,12.849950981687696
77.68046672130944,12.849950981687696
77.68136503659356,12.849950981687696
77.6876532435824,12.849950981687696
77.70202628812831,12.849950981687696
77.71011112568539,12.849950981687696
77.71909427852658,12.849950981687696
77.74873868290253,12.849950981687696
77.76311172744845,12.849950981687696
77.77029824972139,12.849950981687696
77.41276876664183,12.850849296971816
77.45229463914309,12.850849296971816
77.45409126971133,12.850849296971816
77.47205757539372,12.850849296971816
77.49631208806494,12.850849296971816
77.51607502431557,12.850849296971816
77.5313463841456,12.850849296971816
77.5403295369868,12.850849296971816
77.56188910380567,12.850849296971816
77.58075372477218,12.850849296971816
77.5906351928975,12.850849296971816
77.61309307500048,12.850849296971816
77.61758465142108,12.850849296971816
77.6184829667052,12.850849296971816
77.65711052392234,12.850849296971816
77.68226335187768,12.850849296971816
77.69753471170772,12.850849296971816
77.71460270210599,12.850849296971816
77.73885721477721,12.850849296971816
77.74155216062957,12.850849296971816
77.75053531347076,12.850849296971816
77.75502688989137,12.850849296971816
77.76401004273256,12.850849296971816
77.77209488028964,12.850849296971816
77.774789826142,12.850849296971816
77.77928140256259,12.850849296971816
77.78107803313083,12.850849296971816
77.79185781654027,12.850849296971816
77.40558224436887,12.851747612255934
77.41726034306242,12.851747612255934
77.43163338760834,12.851747612255934
77.43702327931305,12.851747612255934
77.43971822516541,12.851747612255934
77.46037947670017,12.851747612255934
77.46127779198429,12.851747612255934
77.53673627585032,12.851747612255934
77.53853290641857,12.851747612255934
77.59243182346573,12.851747612255934
77.64453410994466,12.851747612255934
77.65261894750174,12.851747612255934
77.68136503659356,12.851747612255934
77.69573808113948,12.851747612255934
77.73975553006133,12.851747612255934
77.74155216062957,12.851747612255934
77.74604373705017,12.851747612255934
77.77928140256259,12.851747612255934
77.79365444710851,12.851747612255934
77.79455276239263,12.851747612255934
77.4163620277783,12.852645927540054
77.43073507232423,12.852645927540054
77.43343001817658,12.852645927540054
77.43881990988129,12.852645927540054
77.45858284613192,12.852645927540054
77.54122785227092,12.852645927540054
77.55919415795331,12.852645927540054
77.56548236494214,12.852645927540054
77.57177057193098,12.852645927540054
77.58344867062453,12.852645927540054
77.58704193176102,12.852645927540054
77.63734758767171,12.852645927540054
77.64094084880819,12.852645927540054
77.6508223169335,12.852645927540054
77.65441557806997,12.852645927540054
77.65711052392234,12.852645927540054
77.66699199204766,12.852645927540054
77.67597514488885,12.852645927540054
77.7244841702313,12.852645927540054
77.7379588994931,12.852645927540054
77.74424710648194,12.852645927540054
77.75772183574372,12.852645927540054
77.76760330386904,12.852645927540054
77.45948116141604,12.853544242824174
77.4711592601096,12.853544242824174
77.4801424129508,12.853544242824174
77.52505817715677,12.853544242824174
77.53224469942973,12.853544242824174
77.54302448283916,12.853544242824174
77.55649921210095,12.853544242824174
77.56817731079451,12.853544242824174
77.58255035534042,12.853544242824174
77.58344867062453,12.853544242824174
77.59422845403397,12.853544242824174
77.60410992215928,12.853544242824174
77.66070378505881,12.853544242824174
77.6966363964236,12.853544242824174
77.70382291869656,12.853544242824174
77.71639933267423,12.853544242824174
77.73526395364074,12.853544242824174
77.73706058420898,12.853544242824174
77.73975553006133,12.853544242824174
77.76939993443727,12.853544242824174
77.79185781654027,12.853544242824174
77.79275613182439,12.853544242824174
77.79455276239263,12.853544242824174
77.41726034306242,12.854442558108293
77.44420980158601,12.854442558108293
77.45319295442721,12.854442558108293
77.45409126971133,12.854442558108293
77.49182051164435,12.854442558108293
77.49631208806494,12.854442558108293
77.51158344789498,12.854442558108293
77.55021100511212,12.854442558108293
77.5636857343739,12.854442558108293
77.5816520400563,12.854442558108293
77.60051666102281,12.854442558108293
77.62117791255756,12.854442558108293
77.6364492723876,12.854442558108293
77.64453410994466,12.854442558108293
77.6553138933541,12.854442558108293
77.66160210034293,12.854442558108293
77.692144820003,12.854442558108293
77.7334673230725,12.854442558108293
77.7379588994931,12.854442558108293
77.75772183574372,12.854442558108293
77.76850161915316,12.854442558108293
77.77209488028964,12.854442558108293
77.79455276239263,12.854442558108293
77.44690474743837,12.855340873392413
77.46756599897311,12.855340873392413
77.46846431425723,12.855340873392413
77.47475252124607,12.855340873392413
77.47834578238255,12.855340873392413
77.52236323130441,12.855340873392413
77.52954975357737,12.855340873392413
77.54751605925976,12.855340873392413
77.55560089681683,12.855340873392413
77.56009247323743,12.855340873392413
77.60141497630693,12.855340873392413
77.60590655272753,12.855340873392413
77.63016106539875,12.855340873392413
77.63555095710348,12.855340873392413
77.65890715449058,12.855340873392413
77.66789030733177,12.855340873392413
77.66878862261589,12.855340873392413
77.75951846631196,12.855340873392413
77.77568814142612,12.855340873392413
77.77928140256259,12.855340873392413
77.43163338760834,12.856239188676533
77.43881990988129,12.856239188676533
77.49631208806494,12.856239188676533
77.49721040334906,12.856239188676533
77.51876997016794,12.856239188676533
77.58614361647689,12.856239188676533
77.58973687761338,12.856239188676533
77.59333013874985,12.856239188676533
77.60410992215928,12.856239188676533
77.6050082374434,12.856239188676533
77.62027959727344,12.856239188676533
77.64273747937642,12.856239188676533
77.66609367676354,12.856239188676533
77.67956840602533,12.856239188676533
77.69933134227595,12.856239188676533
77.72717911608366,12.856239188676533
77.74604373705017,12.856239188676533
77.76939993443727,12.856239188676533
77.41007382078946,12.857137503960653
77.4343283334607,12.857137503960653
77.45498958499545,12.857137503960653
77.466667683689,12.857137503960653
77.48822725050786,12.857137503960653
77.50799018675849,12.857137503960653
77.50888850204262,12.857137503960653
77.52146491602029,12.857137503960653
77.52865143829325,12.857137503960653
77.53404132999796,12.857137503960653
77.53943122170269,12.857137503960653
77.54302448283916,12.857137503960653
77.5582958426692,12.857137503960653
77.56458404965802,12.857137503960653
77.6139913902846,12.857137503960653
77.63555095710348,12.857137503960653
77.6508223169335,12.857137503960653
77.65261894750174,12.857137503960653
77.692144820003,12.857137503960653
77.70472123398068,12.857137503960653
77.73616226892486,12.857137503960653
77.7424504759137,12.857137503960653
77.75502688989137,12.857137503960653
77.75592520517549,12.857137503960653
77.7658066733008,12.857137503960653
77.76760330386904,12.857137503960653
77.76939993443727,12.857137503960653
77.7981460235291,12.857137503960653
77.41007382078946,12.85803581924477
77.42265023476715,12.85803581924477
77.45049800857485,12.85803581924477
77.46756599897311,12.85803581924477
77.47295589067784,12.85803581924477
77.48732893522374,12.85803581924477
77.51427839374733,12.85803581924477
77.51876997016794,12.85803581924477
77.5403295369868,12.85803581924477
77.57087225664687,12.85803581924477
77.57985540948806,12.85803581924477
77.58344867062453,12.85803581924477
77.58434698590865,12.85803581924477
77.59512676931809,12.85803581924477
77.60231329159105,12.85803581924477
77.61219475971636,12.85803581924477
77.6139913902846,12.85803581924477
77.62566948897816,12.85803581924477
77.6328560112511,12.85803581924477
77.64453410994466,12.85803581924477
77.67687346017297,12.85803581924477
77.67777177545709,12.85803581924477
77.68046672130944,12.85803581924477
77.68226335187768,12.85803581924477
77.692144820003,12.85803581924477
77.6966363964236,12.85803581924477
77.71460270210599,12.85803581924477
77.71639933267423,12.85803581924477
77.72717911608366,12.85803581924477
77.78197634841496,12.85803581924477
77.79095950125615,12.85803581924477
77.4253451806195,12.85893413452889
77.43253170289246,12.85893413452889
77.43702327931305,12.85893413452889
77.51068513261086,12.85893413452889
77.52146491602029,12.85893413452889
77.5582958426692,12.85893413452889
77.59512676931809,12.85893413452889
77.59872003045457,12.85893413452889
77.609499813864,12.85893413452889
77.62566948897816,12.85893413452889
77.64094084880819,12.85893413452889
77.71011112568539,12.85893413452889
77.71190775625362,12.85893413452889
77.73616226892486,12.85893413452889
77.74604373705017,12.85893413452889
77.74873868290253,12.85893413452889
77.75862015102784,12.85893413452889
77.7613150968802,12.85893413452889
77.79095950125615,12.85893413452889
77.44510811687013,12.85983244981301
77.45319295442721,12.85983244981301
77.45409126971133,12.85983244981301
77.45588790027956,12.85983244981301
77.46127779198429,12.85983244981301
77.4945154574967,12.85983244981301
77.51158344789498,12.85983244981301
77.52415986187265,12.85983244981301
77.52775312300912,12.85983244981301
77.54392279812328,12.85983244981301
77.56727899551039,12.85983244981301
77.58434698590865,12.85983244981301
77.58794024704514,12.85983244981301
77.58883856232926,12.85983244981301
77.61129644443224,12.85983244981301
77.62297454312579,12.85983244981301
77.62566948897816,12.85983244981301
77.66070378505881,12.85983244981301
77.66968693790001,12.85983244981301
77.67417851432062,12.85983244981301
77.70202628812831,12.85983244981301
77.72628080079954,12.85983244981301
77.75233194403901,12.85983244981301
77.7613150968802,12.85983244981301
77.77658645671023,12.85983244981301
77.41546371249419,12.86073076509713
77.42175191948303,12.86073076509713
77.42354855005127,12.86073076509713
77.42444686533538,12.86073076509713
77.43343001817658,12.86073076509713
77.43702327931305,12.86073076509713
77.48822725050786,12.86073076509713
77.49990534920143,12.86073076509713
77.50260029505378,12.86073076509713
77.53493964528208,12.86073076509713
77.54841437454388,12.86073076509713
77.56638068022626,12.86073076509713
77.57087225664687,12.86073076509713
77.57536383306746,12.86073076509713
77.5771604636357,12.86073076509713
77.5816520400563,12.86073076509713
77.58704193176102,12.86073076509713
77.60141497630693,12.86073076509713
77.61129644443224,12.86073076509713
77.62117791255756,12.86073076509713
77.62477117369403,12.86073076509713
77.6274661195464,12.86073076509713
77.62926275011463,12.86073076509713
77.63016106539875,12.86073076509713
77.65711052392234,12.86073076509713
77.66789030733177,12.86073076509713
77.69394145057124,12.86073076509713
77.69483976585536,12.86073076509713
77.72358585494719,12.86073076509713
77.73885721477721,12.86073076509713
77.75233194403901,12.86073076509713
77.77029824972139,12.86073076509713
77.79095950125615,12.86073076509713
77.41995528891478,12.861629080381249
77.47385420596196,12.861629080381249
77.50799018675849,12.861629080381249
77.52954975357737,12.861629080381249
77.549312689828,12.861629080381249
77.57356720249922,12.861629080381249
77.58344867062453,12.861629080381249
77.61309307500048,12.861629080381249
77.6274661195464,12.861629080381249
77.63105938068287,12.861629080381249
77.68495829773005,12.861629080381249
77.68675492829828,12.861629080381249
77.70292460341243,12.861629080381249
77.70651786454891,12.861629080381249
77.71819596324247,12.861629080381249
77.72807743136778,12.861629080381249
77.75862015102784,12.861629080381249
77.76490835801668,12.861629080381249
77.78197634841496,12.861629080381249
77.42983675704009,12.862527395665369
77.45049800857485,12.862527395665369
77.46756599897311,12.862527395665369
77.48822725050786,12.862527395665369
77.4945154574967,12.862527395665369
77.51697333959969,12.862527395665369
77.60770318329577,12.862527395665369
77.62477117369403,12.862527395665369
77.62926275011463,12.862527395665369
77.63105938068287,12.862527395665369
77.63465264181934,12.862527395665369
77.66519536147942,12.862527395665369
77.66609367676354,12.862527395665369
77.67417851432062,12.862527395665369
77.68855155886652,12.862527395665369
77.70472123398068,12.862527395665369
77.71729764795835,12.862527395665369
77.76401004273256,12.862527395665369
77.77928140256259,12.862527395665369
77.42265023476715,12.863425710949489
77.45409126971133,12.863425710949489
77.45498958499545,12.863425710949489
77.46397273783664,12.863425710949489
77.466667683689,12.863425710949489
77.47654915181431,12.863425710949489
77.49361714221259,12.863425710949489
77.52056660073617,12.863425710949489
77.52326154658853,12.863425710949489
77.56099078852155,12.863425710949489
77.58344867062453,12.863425710949489
77.61309307500048,12.863425710949489
77.6139913902846,12.863425710949489
77.62836443483052,12.863425710949489
77.64902568636526,12.863425710949489
77.6508223169335,12.863425710949489
77.6786700907412,12.863425710949489
77.72717911608366,12.863425710949489
77.7289757466519,12.863425710949489
77.7568235204596,12.863425710949489
77.76760330386904,12.863425710949489
77.77299319557376,12.863425710949489
77.78107803313083,12.863425710949489
77.78197634841496,12.863425710949489
77.4019889832324,12.864324026233609
77.41187045135771,12.864324026233609
77.41276876664183,12.864324026233609
77.41546371249419,12.864324026233609
77.44061654044954,12.864324026233609
77.44600643215425,12.864324026233609
77.45319295442721,12.864324026233609
77.45498958499545,12.864324026233609
77.4576845308478,12.864324026233609
77.46307442255252,12.864324026233609
77.53673627585032,12.864324026233609
77.5448211134074,12.864324026233609
77.56188910380567,12.864324026233609
77.63824590295583,12.864324026233609
77.64273747937642,12.864324026233609
77.64633074051291,12.864324026233609
77.65172063221762,12.864324026233609
77.67058525318413,12.864324026233609
77.68136503659356,12.864324026233609
77.69933134227595,12.864324026233609
77.72089090909482,12.864324026233609
77.75772183574372,12.864324026233609
77.78287466369908,12.864324026233609
77.7837729789832,12.864324026233609
77.40648055965299,12.865222341517727
77.43881990988129,12.865222341517727
77.44510811687013,12.865222341517727
77.466667683689,12.865222341517727
77.48104072823492,12.865222341517727
77.48463398937139,12.865222341517727
77.52775312300912,12.865222341517727
77.54302448283916,12.865222341517727
77.55290595096447,12.865222341517727
77.5726688872151,12.865222341517727
77.5771604636357,12.865222341517727
77.58344867062453,12.865222341517727
77.58524530119277,12.865222341517727
77.59692339988634,12.865222341517727
77.61668633613696,12.865222341517727
77.63734758767171,12.865222341517727
77.64094084880819,12.865222341517727
77.68046672130944,12.865222341517727
77.71819596324247,12.865222341517727
77.71909427852658,12.865222341517727
77.79095950125615,12.865222341517727
77.43073507232423,12.866120656801847
77.43792159459717,12.866120656801847
77.45049800857485,12.866120656801847
77.46397273783664,12.866120656801847
77.5582958426692,12.866120656801847
77.56009247323743,12.866120656801847
77.57805877891983,12.866120656801847
77.65172063221762,12.866120656801847
77.65800883920646,12.866120656801847
77.66250041562705,12.866120656801847
77.67238188375237,12.866120656801847
77.68226335187768,12.866120656801847
77.6831616671618,12.866120656801847
77.69573808113948,12.866120656801847
77.70651786454891,12.866120656801847
77.71460270210599,12.866120656801847
77.72628080079954,12.866120656801847
77.7334673230725,12.866120656801847
77.7379588994931,12.866120656801847
77.75233194403901,12.866120656801847
77.76850161915316,12.866120656801847
77.77209488028964,12.866120656801847
77.77568814142612,12.866120656801847
77.77748477199435,12.866120656801847
77.79185781654027,12.866120656801847
77.79904433881322,12.866120656801847
77.41815865834654,12.867018972085967
77.44061654044954,12.867018972085967
77.44151485573366,12.867018972085967
77.4711592601096,12.867018972085967
77.49541377278082,12.867018972085967
77.49900703391731,12.867018972085967
77.49990534920143,12.867018972085967
77.50619355619025,12.867018972085967
77.5178716548838,12.867018972085967
77.53943122170269,12.867018972085967
77.54212616755504,12.867018972085967
77.54302448283916,12.867018972085967
77.56817731079451,12.867018972085967
77.57536383306746,12.867018972085967
77.57895709420394,12.867018972085967
77.58704193176102,12.867018972085967
77.62387285840991,12.867018972085967
77.6418391640923,12.867018972085967
77.67597514488885,12.867018972085967
77.68944987415064,12.867018972085967
77.72717911608366,12.867018972085967
77.73077237722013,12.867018972085967
77.74694205233429,12.867018972085967
77.76221341216433,12.867018972085967
77.79904433881322,12.867018972085967
77.43163338760834,12.867917287370087
77.43253170289246,12.867917287370087
77.44510811687013,12.867917287370087
77.44600643215425,12.867917287370087
77.44959969329072,12.867917287370087
77.47744746709843,12.867917287370087
77.49900703391731,12.867917287370087
77.53673627585032,12.867917287370087
77.54571942869151,12.867917287370087
77.55021100511212,12.867917287370087
77.59153350818161,12.867917287370087
77.59602508460222,12.867917287370087
77.59692339988634,12.867917287370087
77.63465264181934,12.867917287370087
77.6364492723876,12.867917287370087
77.66519536147942,12.867917287370087
77.66609367676354,12.867917287370087
77.66878862261589,12.867917287370087
77.69933134227595,12.867917287370087
77.71280607153774,12.867917287370087
77.73077237722013,12.867917287370087
77.75412857460725,12.867917287370087
77.76670498858492,12.867917287370087
77.78467129426731,12.867917287370087
77.47205757539372,12.868815602654205
77.47385420596196,12.868815602654205
77.4801424129508,12.868815602654205
77.52775312300912,12.868815602654205
77.53314301471384,12.868815602654205
77.5448211134074,12.868815602654205
77.55380426624859,12.868815602654205
77.57805877891983,12.868815602654205
77.58344867062453,12.868815602654205
77.70022965756007,12.868815602654205
77.71011112568539,12.868815602654205
77.73975553006133,12.868815602654205
77.74784036761841,12.868815602654205
77.75772183574372,12.868815602654205
77.77209488028964,12.868815602654205
77.40558224436887,12.869713917938325
77.40917550550535,12.869713917938325
77.41726034306242,12.869713917938325
77.43971822516541,12.869713917938325
77.44959969329072,12.869713917938325
77.49002388107611,12.869713917938325
77.51158344789498,12.869713917938325
77.5178716548838,12.869713917938325
77.52415986187265,12.869713917938325
77.52865143829325,12.869713917938325
77.55739752738508,12.869713917938325
77.56638068022626,12.869713917938325
77.5726688872151,12.869713917938325
77.59961834573869,12.869713917938325
77.6139913902846,12.869713917938325
77.6184829667052,12.869713917938325
77.6328560112511,12.869713917938325
77.692144820003,12.869713917938325
77.69573808113948,12.869713917938325
77.69753471170772,12.869713917938325
77.42354855005127,12.870612233222445
77.44151485573366,12.870612233222445
77.44241317101778,12.870612233222445
77.44690474743837,12.870612233222445
77.4621761072684,12.870612233222445
77.466667683689,12.870612233222445
77.49900703391731,12.870612233222445
77.51607502431557,12.870612233222445
77.55200763568035,12.870612233222445
77.55649921210095,12.870612233222445
77.56009247323743,12.870612233222445
77.56188910380567,12.870612233222445
77.57985540948806,12.870612233222445
77.58883856232926,12.870612233222445
77.64004253352407,12.870612233222445
77.64453410994466,12.870612233222445
77.64902568636526,12.870612233222445
77.6508223169335,12.870612233222445
77.6553138933541,12.870612233222445
77.69304313528711,12.870612233222445
77.69753471170772,12.870612233222445
77.70112797284419,12.870612233222445
77.76311172744845,12.870612233222445
77.79634939296086,12.870612233222445
77.40917550550535,12.871510548506564
77.41815865834654,12.871510548506564
77.41995528891478,12.871510548506564
77.42175191948303,12.871510548506564
77.44959969329072,12.871510548506564
77.5124817631791,12.871510548506564
77.55290595096447,12.871510548506564
77.55380426624859,12.871510548506564
77.5816520400563,12.871510548506564
77.59422845403397,12.871510548506564
77.63734758767171,12.871510548506564
77.64004253352407,12.871510548506564
77.6418391640923,12.871510548506564
77.64273747937642,12.871510548506564
77.65800883920646,12.871510548506564
77.66699199204766,12.871510548506564
77.68226335187768,12.871510548506564
77.70202628812831,12.871510548506564
77.7424504759137,12.871510548506564
77.75233194403901,12.871510548506564
77.75323025932313,12.871510548506564
77.76939993443727,12.871510548506564
77.79365444710851,12.871510548506564
77.41726034306242,12.872408863790683
77.43253170289246,12.872408863790683
77.4621761072684,12.872408863790683
77.48732893522374,12.872408863790683
77.49541377278082,12.872408863790683
77.49631208806494,12.872408863790683
77.5034986103379,12.872408863790683
77.51068513261086,12.872408863790683
77.51427839374733,12.872408863790683
77.5358379605662,12.872408863790683
77.53673627585032,12.872408863790683
77.54751605925976,12.872408863790683
77.56188910380567,12.872408863790683
77.56997394136275,12.872408863790683
77.57626214835157,12.872408863790683
77.64543242522879,12.872408863790683
77.66250041562705,12.872408863790683
77.66699199204766,12.872408863790683
77.68675492829828,12.872408863790683
77.7056195492648,12.872408863790683
77.71280607153774,12.872408863790683
77.71729764795835,12.872408863790683
77.7424504759137,12.872408863790683
77.75412857460725,12.872408863790683
77.774789826142,12.872408863790683
77.79006118597202,12.872408863790683
77.40109066794828,12.873307179074803
77.42175191948303,12.873307179074803
77.42983675704009,12.873307179074803
77.43792159459717,12.873307179074803
77.43881990988129,12.873307179074803
77.49182051164435,12.873307179074803
77.51338007846321,12.873307179074803
77.52326154658853,12.873307179074803
77.52865143829325,12.873307179074803
77.54661774397563,12.873307179074803
77.55110932039624,12.873307179074803
77.55560089681683,12.873307179074803
77.55739752738508,12.873307179074803
77.5816520400563,12.873307179074803
77.58255035534042,12.873307179074803
77.62297454312579,12.873307179074803
77.62566948897816,12.873307179074803
77.62656780426228,12.873307179074803
77.64633074051291,12.873307179074803
77.65621220863822,12.873307179074803
77.66250041562705,12.873307179074803
77.66968693790001,12.873307179074803
77.68855155886652,12.873307179074803
77.75412857460725,12.873307179074803
77.75502688989137,12.873307179074803
77.76401004273256,12.873307179074803
77.79455276239263,12.873307179074803
77.41726034306242,12.874205494358923
77.44241317101778,12.874205494358923
77.46037947670017,12.874205494358923
77.46756599897311,12.874205494358923
77.47834578238255,12.874205494358923
77.49541377278082,12.874205494358923
77.50080366448555,12.874205494358923
77.50260029505378,12.874205494358923
77.54392279812328,12.874205494358923
77.55739752738508,12.874205494358923
77.56009247323743,12.874205494358923
77.56099078852155,12.874205494358923
77.57626214835157,12.874205494358923
77.58075372477218,12.874205494358923
77.59153350818161,12.874205494358923
77.59692339988634,12.874205494358923
77.61488970556871,12.874205494358923
77.63465264181934,12.874205494358923
77.64273747937642,12.874205494358923
77.67148356846825,12.874205494358923
77.6876532435824,12.874205494358923
77.72089090909482,12.874205494358923
77.75502688989137,12.874205494358923
77.774789826142,12.874205494358923
77.4576845308478,12.875103809643042
77.48283735880315,12.875103809643042
77.49990534920143,12.875103809643042
77.50260029505378,12.875103809643042
77.50529524090614,12.875103809643042
77.50709187147437,12.875103809643042
77.51068513261086,12.875103809643042
77.5124817631791,12.875103809643042
77.526854807725,12.875103809643042
77.57536383306746,12.875103809643042
77.58973687761338,12.875103809643042
77.59153350818161,12.875103809643042
77.59333013874985,12.875103809643042
77.60590655272753,12.875103809643042
77.6139913902846,12.875103809643042
77.6966363964236,12.875103809643042
77.69843302699184,12.875103809643042
77.71819596324247,12.875103809643042
77.73077237722013,12.875103809643042
77.42265023476715,12.876002124927162
77.43612496402893,12.876002124927162
77.47565083653019,12.876002124927162
77.47924409766668,12.876002124927162
77.55110932039624,12.876002124927162
77.55919415795331,12.876002124927162
77.56817731079451,12.876002124927162
77.57626214835157,12.876002124927162
77.5816520400563,12.876002124927162
77.59243182346573,12.876002124927162
77.63465264181934,12.876002124927162
77.64902568636526,12.876002124927162
77.70292460341243,12.876002124927162
77.73436563835662,12.876002124927162
77.74784036761841,12.876002124927162
77.77299319557376,12.876002124927162
77.40109066794828,12.876900440211282
77.40468392908475,12.876900440211282
77.41007382078946,12.876900440211282
77.41456539721007,12.876900440211282
77.42444686533538,12.876900440211282
77.43343001817658,12.876900440211282
77.47834578238255,12.876900440211282
77.51338007846321,12.876900440211282
77.53404132999796,12.876900440211282
77.55560089681683,12.876900440211282
77.55919415795331,12.876900440211282
77.65621220863822,12.876900440211282
77.67148356846825,12.876900440211282
77.67417851432062,12.876900440211282
77.69304313528711,12.876900440211282
77.69933134227595,12.876900440211282
77.7199925938107,12.876900440211282
77.73436563835662,12.876900440211282
77.7613150968802,12.876900440211282
77.77209488028964,12.876900440211282
77.77928140256259,12.876900440211282
77.78107803313083,12.876900440211282
77.78736624011967,12.876900440211282
77.40737887493711,12.877798755495402
77.4487013780066,12.877798755495402
77.4621761072684,12.877798755495402
77.47475252124607,12.877798755495402
77.5124817631791,12.877798755495402
77.52415986187265,12.877798755495402
77.52775312300912,12.877798755495402
77.53044806886149,12.877798755495402
77.53763459113445,12.877798755495402
77.54122785227092,12.877798755495402
77.5771604636357,12.877798755495402
77.60770318329577,12.877798755495402
77.6184829667052,12.877798755495402
77.62027959727344,12.877798755495402
77.63016106539875,12.877798755495402
77.63734758767171,12.877798755495402
77.64543242522879,12.877798755495402
77.64633074051291,12.877798755495402
77.67777177545709,12.877798755495402
77.68226335187768,12.877798755495402
77.72268753966306,12.877798755495402
77.7837729789832,12.877798755495402
77.7981460235291,12.877798755495402
77.79904433881322,12.877798755495402
77.45229463914309,12.87869707077952
77.4711592601096,12.87869707077952
77.4801424129508,12.87869707077952
77.51697333959969,12.87869707077952
77.52146491602029,12.87869707077952
77.52326154658853,12.87869707077952
77.52415986187265,12.87869707077952
77.52775312300912,12.87869707077952
77.53763459113445,12.87869707077952
77.54661774397563,12.87869707077952
77.56817731079451,12.87869707077952
77.60051666102281,12.87869707077952
77.60680486801165,12.87869707077952
77.61039812914812,12.87869707077952
77.61578802085285,12.87869707077952
77.61758465142108,12.87869707077952
77.62027959727344,12.87869707077952
77.64453410994466,12.87869707077952
77.6508223169335,12.87869707077952
77.65172063221762,12.87869707077952
77.66519536147942,12.87869707077952
77.68675492829828,12.87869707077952
77.69483976585536,12.87869707077952
77.69753471170772,12.87869707077952
77.70472123398068,12.87869707077952
77.70651786454891,12.87869707077952
77.71280607153774,12.87869707077952
77.72268753966306,12.87869707077952
77.72987406193602,12.87869707077952
77.75323025932313,12.87869707077952
77.7568235204596,12.87869707077952
77.78467129426731,12.87869707077952
77.79006118597202,12.87869707077952
77.41276876664183,12.87959538606364
77.4163620277783,12.87959538606364
77.4253451806195,12.87959538606364
77.45049800857485,12.87959538606364
77.45229463914309,12.87959538606364
77.50529524090614,12.87959538606364
77.50799018675849,12.87959538606364
77.51697333959969,12.87959538606364
77.52865143829325,12.87959538606364
77.53673627585032,12.87959538606364
77.57087225664687,12.87959538606364
77.57177057193098,12.87959538606364
77.59153350818161,12.87959538606364
77.60590655272753,12.87959538606364
77.6139913902846,12.87959538606364
77.62297454312579,12.87959538606364
77.68944987415064,12.87959538606364
77.7110094409695,12.87959538606364
77.72358585494719,12.87959538606364
77.73975553006133,12.87959538606364
77.77748477199435,12.87959538606364
77.79724770824498,12.87959538606364
77.43522664874482,12.88049370134776
77.44151485573366,12.88049370134776
77.48643061993963,12.88049370134776
77.51427839374733,12.88049370134776
77.51876997016794,12.88049370134776
77.52236323130441,12.88049370134776
77.53853290641857,12.88049370134776
77.55739752738508,12.88049370134776
77.60051666102281,12.88049370134776
77.609499813864,12.88049370134776
77.62836443483052,12.88049370134776
77.64812737108115,12.88049370134776
77.66519536147942,12.88049370134776
77.68585661301417,12.88049370134776
77.7110094409695,12.88049370134776
77.71639933267423,12.88049370134776
77.72717911608366,12.88049370134776
77.74784036761841,12.88049370134776
77.75053531347076,12.88049370134776
77.75862015102784,12.88049370134776
77.76221341216433,12.88049370134776
77.7891628706879,12.88049370134776
77.79006118597202,12.88049370134776
77.79365444710851,12.88049370134776
77.42444686533538,12.88139201663188
77.42714181118774,12.88139201663188
77.43522664874482,12.88139201663188
77.46846431425723,12.88139201663188
77.47026094482548,12.88139201663188
77.51607502431557,12.88139201663188
77.51966828545206,12.88139201663188
77.52236323130441,12.88139201663188
77.53224469942973,12.88139201663188
77.5636857343739,12.88139201663188
77.57536383306746,12.88139201663188
77.57626214835157,12.88139201663188
77.60231329159105,12.88139201663188
77.60410992215928,12.88139201663188
77.60860149857989,12.88139201663188
77.63016106539875,12.88139201663188
77.67238188375237,12.88139201663188
77.6786700907412,12.88139201663188
77.69304313528711,12.88139201663188
77.72178922437894,12.88139201663188
77.74065384534545,12.88139201663188
77.4109721360736,12.882290331915998
77.41726034306242,12.882290331915998
77.43971822516541,12.882290331915998
77.45678621556368,12.882290331915998
77.46756599897311,12.882290331915998
77.47744746709843,12.882290331915998
77.48822725050786,12.882290331915998
77.51158344789498,12.882290331915998
77.5124817631791,12.882290331915998
77.52595649244088,12.882290331915998
77.5358379605662,12.882290331915998
77.58883856232926,12.882290331915998
77.60860149857989,12.882290331915998
77.63734758767171,12.882290331915998
77.64812737108115,12.882290331915998
77.67507682960473,12.882290331915998
77.69124650471888,12.882290331915998
77.69394145057124,12.882290331915998
77.69483976585536,12.882290331915998
77.71729764795835,12.882290331915998
77.72089090909482,12.882290331915998
77.72178922437894,12.882290331915998
77.76850161915316,12.882290331915998
77.78197634841496,12.882290331915998
77.78646792483555,12.882290331915998
77.79006118597202,12.882290331915998
77.4019889832324,12.883188647200118
77.489125565792,12.883188647200118
77.49361714221259,12.883188647200118
77.55649921210095,12.883188647200118
77.56458404965802,12.883188647200118
77.56817731079451,12.883188647200118
77.58794024704514,12.883188647200118
77.64633074051291,12.883188647200118
77.67687346017297,12.883188647200118
77.70472123398068,12.883188647200118
77.76401004273256,12.883188647200118
77.79185781654027,12.883188647200118
77.41366708192595,12.884086962484238
77.41815865834654,12.884086962484238
77.4711592601096,12.884086962484238
77.48373567408727,12.884086962484238
77.52954975357737,12.884086962484238
77.56009247323743,12.884086962484238
77.5906351928975,12.884086962484238
77.59153350818161,12.884086962484238
77.62656780426228,12.884086962484238
77.63824590295583,12.884086962484238
77.6598054697747,12.884086962484238
77.67777177545709,12.884086962484238
77.68405998244593,12.884086962484238
77.69753471170772,12.884086962484238
77.70831449511715,12.884086962484238
77.71909427852658,12.884086962484238
77.7244841702313,12.884086962484238
77.7424504759137,12.884086962484238
77.74784036761841,12.884086962484238
77.75412857460725,12.884086962484238
77.79095950125615,12.884086962484238
77.79455276239263,12.884086962484238
77.79724770824498,12.884086962484238
77.41187045135771,12.884985277768358
77.42265023476715,12.884985277768358
77.42893844175597,12.884985277768358
77.49271882692847,12.884985277768358
77.50260029505378,12.884985277768358
77.53314301471384,12.884985277768358
77.56727899551039,12.884985277768358
77.60231329159105,12.884985277768358
77.6184829667052,12.884985277768358
77.68675492829828,12.884985277768358
77.71550101739011,12.884985277768358
77.74424710648194,12.884985277768358
77.75053531347076,12.884985277768358
77.78826455540379,12.884985277768358
77.79455276239263,12.884985277768358
77.79545107767674,12.884985277768358
77.40468392908475,12.885883593052476
77.41726034306242,12.885883593052476
77.42265023476715,12.885883593052476
77.45678621556368,12.885883593052476
77.49631208806494,12.885883593052476
77.49810871863318,12.885883593052476
77.50170197976966,12.885883593052476
77.51068513261086,12.885883593052476
77.51697333959969,12.885883593052476
77.52236323130441,12.885883593052476
77.53673627585032,12.885883593052476
77.54392279812328,12.885883593052476
77.54571942869151,12.885883593052476
77.56817731079451,12.885883593052476
77.57626214835157,12.885883593052476
77.62926275011463,12.885883593052476
77.6598054697747,12.885883593052476
77.67507682960473,12.885883593052476
77.74065384534545,12.885883593052476
77.7424504759137,12.885883593052476
77.74334879119782,12.885883593052476
77.74424710648194,12.885883593052476
77.75323025932313,12.885883593052476
77.7613150968802,12.885883593052476
77.77568814142612,12.885883593052476
77.79095950125615,12.885883593052476
77.79185781654027,12.885883593052476
77.41276876664183,12.886781908336596
77.44600643215425,12.886781908336596
77.45678621556368,12.886781908336596
77.46936262954137,12.886781908336596
77.47744746709843,12.886781908336596
77.4801424129508,12.886781908336596
77.49541377278082,12.886781908336596
77.50619355619025,12.886781908336596
77.51068513261086,12.886781908336596
77.51158344789498,12.886781908336596
77.5178716548838,12.886781908336596
77.51876997016794,12.886781908336596
77.54841437454388,12.886781908336596
77.56458404965802,12.886781908336596
77.62027959727344,12.886781908336596
77.63734758767171,12.886781908336596
77.64004253352407,12.886781908336596
77.64992400164938,12.886781908336596
77.65261894750174,12.886781908336596
77.65800883920646,12.886781908336596
77.72807743136778,12.886781908336596
77.76311172744845,12.886781908336596
77.76670498858492,12.886781908336596
77.77389151085788,12.886781908336596
77.774789826142,12.886781908336596
77.78197634841496,12.886781908336596
77.79455276239263,12.886781908336596
77.7981460235291,12.886781908336596
77.42624349590362,12.887680223620716
77.42804012647186,12.887680223620716
77.4621761072684,12.887680223620716
77.46846431425723,12.887680223620716
77.52236323130441,12.887680223620716
77.5313463841456,12.887680223620716
77.5403295369868,12.887680223620716
77.56099078852155,12.887680223620716
77.59422845403397,12.887680223620716
77.59512676931809,12.887680223620716
77.60770318329577,12.887680223620716
77.62207622784167,12.887680223620716
77.64363579466054,12.887680223620716
77.66160210034293,12.887680223620716
77.66878862261589,12.887680223620716
77.67238188375237,12.887680223620716
77.68136503659356,12.887680223620716
77.72358585494719,12.887680223620716
77.75772183574372,12.887680223620716
77.77389151085788,12.887680223620716
77.78826455540379,12.887680223620716
77.79275613182439,12.887680223620716
77.41546371249419,12.888578538904834
77.4487013780066,12.888578538904834
77.46127779198429,12.888578538904834
77.46307442255252,12.888578538904834
77.46487105312076,12.888578538904834
77.49271882692847,12.888578538904834
77.49721040334906,12.888578538904834
77.50799018675849,12.888578538904834
77.54661774397563,12.888578538904834
77.57356720249922,12.888578538904834
77.59153350818161,12.888578538904834
77.61039812914812,12.888578538904834
77.62477117369403,12.888578538904834
77.64004253352407,12.888578538904834
77.64363579466054,12.888578538904834
77.64992400164938,12.888578538904834
77.65441557806997,12.888578538904834
77.67328019903648,12.888578538904834
77.70022965756007,12.888578538904834
77.71550101739011,12.888578538904834
77.72268753966306,12.888578538904834
77.75772183574372,12.888578538904834
77.7801797178467,12.888578538904834
77.78107803313083,12.888578538904834
77.41187045135771,12.889476854188954
77.43163338760834,12.889476854188954
77.48822725050786,12.889476854188954
77.49721040334906,12.889476854188954
77.50978681732674,12.889476854188954
77.51876997016794,12.889476854188954
77.5906351928975,12.889476854188954
77.59243182346573,12.889476854188954
77.66250041562705,12.889476854188954
77.68585661301417,12.889476854188954
77.69034818943476,12.889476854188954
77.71370438682187,12.889476854188954
77.73885721477721,12.889476854188954
77.75862015102784,12.889476854188954
77.7801797178467,12.889476854188954
77.78107803313083,12.889476854188954
77.79904433881322,12.889476854188954
77.40737887493711,12.890375169473074
77.41366708192595,12.890375169473074
77.42085360419891,12.890375169473074
77.42265023476715,12.890375169473074
77.43612496402893,12.890375169473074
77.44061654044954,12.890375169473074
77.5124817631791,12.890375169473074
77.51607502431557,12.890375169473074
77.55739752738508,12.890375169473074
77.55919415795331,12.890375169473074
77.56188910380567,12.890375169473074
77.59872003045457,12.890375169473074
77.61039812914812,12.890375169473074
77.6139913902846,12.890375169473074
77.63375432653523,12.890375169473074
77.66070378505881,12.890375169473074
77.69933134227595,12.890375169473074
77.71280607153774,12.890375169473074
77.7424504759137,12.890375169473074
77.74604373705017,12.890375169473074
77.75143362875488,12.890375169473074
77.76041678159608,12.890375169473074
77.76760330386904,12.890375169473074
77.77928140256259,12.890375169473074
77.7801797178467,12.890375169473074
77.79365444710851,12.890375169473074
77.44061654044954,12.891273484757194
77.46487105312076,12.891273484757194
77.47654915181431,12.891273484757194
77.50170197976966,12.891273484757194
77.51966828545206,12.891273484757194
77.52236323130441,12.891273484757194
77.52505817715677,12.891273484757194
77.52775312300912,12.891273484757194
77.56907562607863,12.891273484757194
77.57985540948806,12.891273484757194
77.609499813864,12.891273484757194
77.62836443483052,12.891273484757194
77.63734758767171,12.891273484757194
77.66789030733177,12.891273484757194
77.71639933267423,12.891273484757194
77.72807743136778,12.891273484757194
77.7334673230725,12.891273484757194
77.74514542176605,12.891273484757194
77.77748477199435,12.891273484757194
77.79365444710851,12.891273484757194
77.40109066794828,12.892171800041313
77.42893844175597,12.892171800041313
77.44061654044954,12.892171800041313
77.45948116141604,12.892171800041313
77.46756599897311,12.892171800041313
77.47924409766668,12.892171800041313
77.49002388107611,12.892171800041313
77.49990534920143,12.892171800041313
77.52954975357737,12.892171800041313
77.54212616755504,12.892171800041313
77.55919415795331,12.892171800041313
77.57087225664687,12.892171800041313
77.58344867062453,12.892171800041313
77.60321160687516,12.892171800041313
77.62477117369403,12.892171800041313
77.63105938068287,12.892171800041313
77.6328560112511,12.892171800041313
77.65711052392234,12.892171800041313
77.692144820003,12.892171800041313
77.72358585494719,12.892171800041313
77.78556960955143,12.892171800041313
77.41726034306242,12.893070115325433
77.45139632385897,12.893070115325433
77.47026094482548,12.893070115325433
77.47565083653019,12.893070115325433
77.48553230465551,12.893070115325433
77.49990534920143,12.893070115325433
77.50260029505378,12.893070115325433
77.50529524090614,12.893070115325433
77.50978681732674,12.893070115325433
77.5124817631791,12.893070115325433
77.58434698590865,12.893070115325433
77.59602508460222,12.893070115325433
77.61129644443224,12.893070115325433
77.61578802085285,12.893070115325433
77.66519536147942,12.893070115325433
77.69933134227595,12.893070115325433
77.70202628812831,12.893070115325433
77.72717911608366,12.893070115325433
77.73436563835662,12.893070115325433
77.73616226892486,12.893070115325433
77.73706058420898,12.893070115325433
77.77838308727847,12.893070115325433
77.43702327931305,12.893968430609553
77.44061654044954,12.893968430609553
77.44959969329072,12.893968430609553
77.50529524090614,12.893968430609553
77.51966828545206,12.893968430609553
77.55110932039624,12.893968430609553
77.56009247323743,12.893968430609553
77.56278741908979,12.893968430609553
77.57446551778334,12.893968430609553
77.66519536147942,12.893968430609553
77.67238188375237,12.893968430609553
77.68226335187768,12.893968430609553
77.6876532435824,12.893968430609553
77.69304313528711,12.893968430609553
77.75323025932313,12.893968430609553
77.75772183574372,12.893968430609553
77.76850161915316,12.893968430609553
77.78107803313083,12.893968430609553
77.40558224436887,12.894866745893673
77.40737887493711,12.894866745893673
77.41187045135771,12.894866745893673
77.42893844175597,12.894866745893673
77.43522664874482,12.894866745893673
77.49631208806494,12.894866745893673
77.53044806886149,12.894866745893673
77.54302448283916,12.894866745893673
77.54751605925976,12.894866745893673
77.55021100511212,12.894866745893673
77.56548236494214,12.894866745893673
77.57895709420394,12.894866745893673
77.59782171517045,12.894866745893673
77.61668633613696,12.894866745893673
77.63016106539875,12.894866745893673
77.63555095710348,12.894866745893673
77.67417851432062,12.894866745893673
77.70022965756007,12.894866745893673
77.70651786454891,12.894866745893673
77.71550101739011,12.894866745893673
77.74424710648194,12.894866745893673
77.75412857460725,12.894866745893673
77.40827719022123,12.89576506117779
77.44600643215425,12.89576506117779
77.45498958499545,12.89576506117779
77.47475252124607,12.89576506117779
77.47744746709843,12.89576506117779
77.50439692562202,12.89576506117779
77.51338007846321,12.89576506117779
77.56638068022626,12.89576506117779
77.57087225664687,12.89576506117779
77.59153350818161,12.89576506117779
77.59333013874985,12.89576506117779
77.60051666102281,12.89576506117779
77.6184829667052,12.89576506117779
77.64004253352407,12.89576506117779
77.64363579466054,12.89576506117779
77.65351726278585,12.89576506117779
77.70202628812831,12.89576506117779
77.7056195492648,12.89576506117779
77.74155216062957,12.89576506117779
77.76490835801668,12.89576506117779
77.7658066733008,12.89576506117779
77.76850161915316,12.89576506117779
77.77568814142612,12.89576506117779
77.79095950125615,12.89576506117779
77.79365444710851,12.89576506117779
77.50439692562202,12.89666337646191
77.51427839374733,12.89666337646191
77.526854807725,12.89666337646191
77.55739752738508,12.89666337646191
77.5636857343739,12.89666337646191
77.6050082374434,12.89666337646191
77.62207622784167,12.89666337646191
77.67507682960473,12.89666337646191
77.75772183574372,12.89666337646191
77.7613150968802,12.89666337646191
77.77209488028964,12.89666337646191
77.78197634841496,12.89666337646191
77.4109721360736,12.89756169174603
77.42354855005127,12.89756169174603
77.43971822516541,12.89756169174603
77.46936262954137,12.89756169174603
77.489125565792,12.89756169174603
77.49810871863318,12.89756169174603
77.52505817715677,12.89756169174603
77.53943122170269,12.89756169174603
77.54841437454388,12.89756169174603
77.56638068022626,12.89756169174603
77.56997394136275,12.89756169174603
77.58883856232926,12.89756169174603
77.59872003045457,12.89756169174603
77.63914421823995,12.89756169174603
77.68046672130944,12.89756169174603
77.69573808113948,12.89756169174603
77.70651786454891,12.89756169174603
77.71460270210599,12.89756169174603
77.7199925938107,12.89756169174603
77.76401004273256,12.89756169174603
77.43343001817658,12.89846000703015
77.45049800857485,12.89846000703015
77.466667683689,12.89846000703015
77.48553230465551,12.89846000703015
77.50080366448555,12.89846000703015
77.51697333959969,12.89846000703015
77.52056660073617,12.89846000703015
77.52326154658853,12.89846000703015
77.5403295369868,12.89846000703015
77.54122785227092,12.89846000703015
77.54571942869151,12.89846000703015
77.55470258153271,12.89846000703015
77.57177057193098,12.89846000703015
77.59961834573869,12.89846000703015
77.6184829667052,12.89846000703015
77.63195769596699,12.89846000703015
77.64094084880819,12.89846000703015
77.66070378505881,12.89846000703015
77.67328019903648,12.89846000703015
77.69573808113948,12.89846000703015
77.70292460341243,12.89846000703015
77.70382291869656,12.89846000703015
77.7056195492648,12.89846000703015
77.74873868290253,12.89846000703015
77.75053531347076,12.89846000703015
77.40468392908475,12.899358322314269
77.40737887493711,12.899358322314269
77.4163620277783,12.899358322314269
77.4487013780066,12.899358322314269
77.50260029505378,12.899358322314269
77.51338007846321,12.899358322314269
77.53224469942973,12.899358322314269
77.54571942869151,12.899358322314269
77.56817731079451,12.899358322314269
77.58973687761338,12.899358322314269
77.62117791255756,12.899358322314269
77.62387285840991,12.899358322314269
77.70831449511715,12.899358322314269
77.71011112568539,12.899358322314269
77.71370438682187,12.899358322314269
77.71639933267423,12.899358322314269
77.75233194403901,12.899358322314269
77.75412857460725,12.899358322314269
77.76041678159608,12.899358322314269
77.774789826142,12.899358322314269
77.77568814142612,12.899358322314269
77.79545107767674,12.899358322314269
77.79904433881322,12.899358322314269
77.4253451806195,12.900256637598389
77.43971822516541,12.900256637598389
77.44061654044954,12.900256637598389
77.44600643215425,12.900256637598389
77.46037947670017,12.900256637598389
77.49900703391731,12.900256637598389
77.50619355619025,12.900256637598389
77.52146491602029,12.900256637598389
77.52775312300912,12.900256637598389
77.58973687761338,12.900256637598389
77.59512676931809,12.900256637598389
77.6139913902846,12.900256637598389
77.66250041562705,12.900256637598389
77.66699199204766,12.900256637598389
77.67148356846825,12.900256637598389
77.67238188375237,12.900256637598389
77.6786700907412,12.900256637598389
77.71550101739011,12.900256637598389
77.40648055965299,12.901154952882509
77.42265023476715,12.901154952882509
77.46756599897311,12.901154952882509
77.50439692562202,12.901154952882509
77.52236323130441,12.901154952882509
77.56817731079451,12.901154952882509
77.56997394136275,12.901154952882509
77.64722905579703,12.901154952882509
77.68855155886652,12.901154952882509
77.69933134227595,12.901154952882509
77.70022965756007,12.901154952882509
77.70202628812831,12.901154952882509
77.70651786454891,12.901154952882509
77.74784036761841,12.901154952882509
77.76041678159608,12.901154952882509
77.7658066733008,12.901154952882509
77.7801797178467,12.901154952882509
77.41815865834654,12.902053268166629
77.46127779198429,12.902053268166629
77.46397273783664,12.902053268166629
77.46487105312076,12.902053268166629
77.47924409766668,12.902053268166629
77.49631208806494,12.902053268166629
77.50260029505378,12.902053268166629
77.51966828545206,12.902053268166629
77.526854807725,12.902053268166629
77.5448211134074,12.902053268166629
77.54661774397563,12.902053268166629
77.60590655272753,12.902053268166629
77.6184829667052,12.902053268166629
77.62027959727344,12.902053268166629
77.62926275011463,12.902053268166629
77.64453410994466,12.902053268166629
77.65890715449058,12.902053268166629
77.66070378505881,12.902053268166629
77.67328019903648,12.902053268166629
77.68226335187768,12.902053268166629
77.6876532435824,12.902053268166629
77.71370438682187,12.902053268166629
77.71819596324247,12.902053268166629
77.76311172744845,12.902053268166629
77.41995528891478,12.902951583450747
77.42893844175597,12.902951583450747
77.43792159459717,12.902951583450747
77.44510811687013,12.902951583450747
77.47295589067784,12.902951583450747
77.47834578238255,12.902951583450747
77.48822725050786,12.902951583450747
77.49631208806494,12.902951583450747
77.51158344789498,12.902951583450747
77.5124817631791,12.902951583450747
77.54392279812328,12.902951583450747
77.54661774397563,12.902951583450747
77.55919415795331,12.902951583450747
77.56907562607863,12.902951583450747
77.57087225664687,12.902951583450747
77.58704193176102,12.902951583450747
77.6274661195464,12.902951583450747
77.66519536147942,12.902951583450747
77.67328019903648,12.902951583450747
77.67956840602533,12.902951583450747
77.68944987415064,12.902951583450747
77.7110094409695,12.902951583450747
77.72628080079954,12.902951583450747
77.74155216062957,12.902951583450747
77.40109066794828,12.903849898734867
77.43253170289246,12.903849898734867
77.4711592601096,12.903849898734867
77.47205757539372,12.903849898734867
77.47744746709843,12.903849898734867
77.47834578238255,12.903849898734867
77.526854807725,12.903849898734867
77.52775312300912,12.903849898734867
77.53493964528208,12.903849898734867
77.53673627585032,12.903849898734867
77.54661774397563,12.903849898734867
77.63375432653523,12.903849898734867
77.65261894750174,12.903849898734867
77.6598054697747,12.903849898734867
77.69034818943476,12.903849898734867
77.7199925938107,12.903849898734867
77.72268753966306,12.903849898734867
77.73526395364074,12.903849898734867
77.7424504759137,12.903849898734867
77.74604373705017,12.903849898734867
77.78107803313083,12.903849898734867
77.78287466369908,12.903849898734867
77.79634939296086,12.903849898734867
77.40917550550535,12.904748214018987
77.41007382078946,12.904748214018987
77.44959969329072,12.904748214018987
77.45049800857485,12.904748214018987
77.48822725050786,12.904748214018987
77.49631208806494,12.904748214018987
77.51158344789498,12.904748214018987
77.51427839374733,12.904748214018987
77.54661774397563,12.904748214018987
77.55110932039624,12.904748214018987
77.56907562607863,12.904748214018987
77.60410992215928,12.904748214018987
77.60860149857989,12.904748214018987
77.64094084880819,12.904748214018987
77.65621220863822,12.904748214018987
77.6642970461953,12.904748214018987
77.69843302699184,12.904748214018987
77.75233194403901,12.904748214018987
77.76760330386904,12.904748214018987
77.78826455540379,12.904748214018987
77.40468392908475,12.905646529303105
77.43792159459717,12.905646529303105
77.4711592601096,12.905646529303105
77.47565083653019,12.905646529303105
77.47834578238255,12.905646529303105
77.49271882692847,12.905646529303105
77.5403295369868,12.905646529303105
77.55739752738508,12.905646529303105
77.57446551778334,12.905646529303105
77.62477117369403,12.905646529303105
77.66070378505881,12.905646529303105
77.6876532435824,12.905646529303105
77.70651786454891,12.905646529303105
77.71550101739011,12.905646529303105
77.72268753966306,12.905646529303105
77.72358585494719,12.905646529303105
77.7837729789832,12.905646529303105
77.78826455540379,12.905646529303105
77.79365444710851,12.905646529303105
77.40648055965299,12.906544844587225
77.44959969329072,12.906544844587225
77.46127779198429,12.906544844587225
77.47744746709843,12.906544844587225
77.5034986103379,12.906544844587225
77.51607502431557,12.906544844587225
77.52146491602029,12.906544844587225
77.526854807725,12.906544844587225
77.54841437454388,12.906544844587225
77.57536383306746,12.906544844587225
77.59512676931809,12.906544844587225
77.61039812914812,12.906544844587225
77.64722905579703,12.906544844587225
77.64992400164938,12.906544844587225
77.65800883920646,12.906544844587225
77.66968693790001,12.906544844587225
77.68136503659356,12.906544844587225
77.71550101739011,12.906544844587225
77.71729764795835,12.906544844587225
77.71909427852658,12.906544844587225
77.73167069250425,12.906544844587225
77.77928140256259,12.906544844587225
77.79365444710851,12.906544844587225
77.79724770824498,12.906544844587225
77.45588790027956,12.907443159871345
77.51876997016794,12.907443159871345
77.53044806886149,12.907443159871345
77.59602508460222,12.907443159871345
77.61309307500048,12.907443159871345
77.64453410994466,12.907443159871345
77.65890715449058,12.907443159871345
77.68675492829828,12.907443159871345
77.72268753966306,12.907443159871345
77.72717911608366,12.907443159871345
77.75951846631196,12.907443159871345
77.79455276239263,12.907443159871345
77.41366708192595,12.908341475155465
77.4163620277783,12.908341475155465
77.4253451806195,12.908341475155465
77.46487105312076,12.908341475155465
77.48732893522374,12.908341475155465
77.49002388107611,12.908341475155465
77.49541377278082,12.908341475155465
77.54751605925976,12.908341475155465
77.58883856232926,12.908341475155465
77.6274661195464,12.908341475155465
77.63375432653523,12.908341475155465
77.65621220863822,12.908341475155465
77.67148356846825,12.908341475155465
77.71639933267423,12.908341475155465
77.77209488028964,12.908341475155465
77.42893844175597,12.909239790439583
77.44151485573366,12.909239790439583
77.44600643215425,12.909239790439583
77.48104072823492,12.909239790439583
77.48463398937139,12.909239790439583
77.48643061993963,12.909239790439583
77.50439692562202,12.909239790439583
77.55560089681683,12.909239790439583
77.57177057193098,12.909239790439583
77.65351726278585,12.909239790439583
77.65441557806997,12.909239790439583
77.65621220863822,12.909239790439583
77.65711052392234,12.909239790439583
77.67328019903648,12.909239790439583
77.6876532435824,12.909239790439583
77.70382291869656,12.909239790439583
77.72717911608366,12.909239790439583
77.72987406193602,12.909239790439583
77.73526395364074,12.909239790439583
77.77748477199435,12.909239790439583
77.4433114863019,12.910138105723703
77.46576936840488,12.910138105723703
77.466667683689,12.910138105723703
77.4711592601096,12.910138105723703
77.47205757539372,12.910138105723703
77.49900703391731,12.910138105723703
77.50260029505378,12.910138105723703
77.50799018675849,12.910138105723703
77.5313463841456,12.910138105723703
77.56548236494214,12.910138105723703
77.5726688872151,12.910138105723703
77.63914421823995,12.910138105723703
77.6598054697747,12.910138105723703
77.66250041562705,12.910138105723703
77.6642970461953,12.910138105723703
77.67507682960473,12.910138105723703
77.68136503659356,12.910138105723703
77.70382291869656,12.910138105723703
77.7056195492648,12.910138105723703
77.70831449511715,12.910138105723703
77.71370438682187,12.910138105723703
77.71819596324247,12.910138105723703
77.74065384534545,12.910138105723703
77.74514542176605,12.910138105723703
77.75772183574372,12.910138105723703
77.77209488028964,12.910138105723703
77.78467129426731,12.910138105723703
77.79904433881322,12.910138105723703
77.4163620277783,12.911036421007823
77.45319295442721,12.911036421007823
77.46397273783664,12.911036421007823
77.48283735880315,12.911036421007823
77.50619355619025,12.911036421007823
77.51876997016794,12.911036421007823
77.5313463841456,12.911036421007823
77.54751605925976,12.911036421007823
77.55649921210095,12.911036421007823
77.64004253352407,12.911036421007823
77.65800883920646,12.911036421007823
77.6642970461953,12.911036421007823
77.66789030733177,12.911036421007823
77.70831449511715,12.911036421007823
77.73706058420898,12.911036421007823
77.40378561380064,12.911934736291943
77.40558224436887,12.911934736291943
77.43073507232423,12.911934736291943
77.43253170289246,12.911934736291943
77.47834578238255,12.911934736291943
77.48193904351903,12.911934736291943
77.54302448283916,12.911934736291943
77.56188910380567,12.911934736291943
77.61309307500048,12.911934736291943
77.64992400164938,12.911934736291943
77.6642970461953,12.911934736291943
77.6786700907412,12.911934736291943
77.73077237722013,12.911934736291943
77.73706058420898,12.911934736291943
77.74334879119782,12.911934736291943
77.7613150968802,12.911934736291943
77.79006118597202,12.911934736291943
77.79724770824498,12.911934736291943
77.43792159459717,12.912833051576062
77.44959969329072,12.912833051576062
77.48193904351903,12.912833051576062
77.51517670903145,12.912833051576062
77.55200763568035,12.912833051576062
77.57087225664687,12.912833051576062
77.58794024704514,12.912833051576062
77.60231329159105,12.912833051576062
77.61309307500048,12.912833051576062
77.61488970556871,12.912833051576062
77.62836443483052,12.912833051576062
77.63914421823995,12.912833051576062
77.68226335187768,12.912833051576062
77.6966363964236,12.912833051576062
77.7056195492648,12.912833051576062
77.7110094409695,12.912833051576062
77.71729764795835,12.912833051576062
77.74963699818665,12.912833051576062
77.75772183574372,12.912833051576062
77.7891628706879,12.912833051576062
77.79634939296086,12.912833051576062
77.41546371249419,12.913731366860182
77.4163620277783,12.913731366860182
77.42983675704009,12.913731366860182
77.45319295442721,12.913731366860182
77.4711592601096,12.913731366860182
77.4945154574967,12.913731366860182
77.50080366448555,12.913731366860182
77.51158344789498,12.913731366860182
77.51697333959969,12.913731366860182
77.52056660073617,12.913731366860182
77.52415986187265,12.913731366860182
77.54751605925976,12.913731366860182
77.56009247323743,12.913731366860182
77.58524530119277,12.913731366860182
77.60141497630693,12.913731366860182
77.66519536147942,12.913731366860182
77.67597514488885,12.913731366860182
77.68136503659356,12.913731366860182
77.68675492829828,12.913731366860182
77.7289757466519,12.913731366860182
77.74155216062957,12.913731366860182
77.74963699818665,12.913731366860182
77.75951846631196,12.913731366860182
77.78107803313083,12.913731366860182
77.41276876664183,12.914629682144302
77.42983675704009,12.914629682144302
77.44061654044954,12.914629682144302
77.49631208806494,12.914629682144302
77.50888850204262,12.914629682144302
77.52775312300912,12.914629682144302
77.5313463841456,12.914629682144302
77.55021100511212,12.914629682144302
77.55290595096447,12.914629682144302
77.55380426624859,12.914629682144302
77.56638068022626,12.914629682144302
77.57177057193098,12.914629682144302
77.57805877891983,12.914629682144302
77.58973687761338,12.914629682144302
77.59422845403397,12.914629682144302
77.59512676931809,12.914629682144302
77.61309307500048,12.914629682144302
77.63375432653523,12.914629682144302
77.6364492723876,12.914629682144302
77.6418391640923,12.914629682144302
77.64543242522879,12.914629682144302
77.64902568636526,12.914629682144302
77.67328019903648,12.914629682144302
77.68944987415064,12.914629682144302
77.69843302699184,12.914629682144302
77.7056195492648,12.914629682144302
77.71190775625362,12.914629682144302
77.71460270210599,12.914629682144302
77.75233194403901,12.914629682144302
77.40109066794828,12.915527997428422
77.44241317101778,12.915527997428422
77.45588790027956,12.915527997428422
77.49361714221259,12.915527997428422
77.50080366448555,12.915527997428422
77.5178716548838,12.915527997428422
77.55560089681683,12.915527997428422
77.56997394136275,12.915527997428422
77.57805877891983,12.915527997428422
77.59512676931809,12.915527997428422
77.60410992215928,12.915527997428422
77.61039812914812,12.915527997428422
77.61938128198932,12.915527997428422
77.65172063221762,12.915527997428422
77.65711052392234,12.915527997428422
77.65890715449058,12.915527997428422
77.7334673230725,12.915527997428422
77.75233194403901,12.915527997428422
77.77029824972139,12.915527997428422
77.79006118597202,12.915527997428422
77.79185781654027,12.915527997428422
77.41187045135771,12.91642631271254
77.43971822516541,12.91642631271254
77.4433114863019,12.91642631271254
77.466667683689,12.91642631271254
77.47475252124607,12.91642631271254
77.47654915181431,12.91642631271254
77.50260029505378,12.91642631271254
77.50619355619025,12.91642631271254
77.50709187147437,12.91642631271254
77.53673627585032,12.91642631271254
77.55739752738508,12.91642631271254
77.56188910380567,12.91642631271254
77.5906351928975,12.91642631271254
77.59422845403397,12.91642631271254
77.60141497630693,12.91642631271254
77.61578802085285,12.91642631271254
77.62926275011463,12.91642631271254
77.66789030733177,12.91642631271254
77.67687346017297,12.91642631271254
77.70112797284419,12.91642631271254
77.71280607153774,12.91642631271254
77.71909427852658,12.91642631271254
77.73167069250425,12.91642631271254
77.75412857460725,12.91642631271254
77.7837729789832,12.91642631271254
77.40288729851652,12.91732462799666
77.47834578238255,12.91732462799666
77.48193904351903,12.91732462799666
77.49721040334906,12.91732462799666
77.52595649244088,12.91732462799666
77.54841437454388,12.91732462799666
77.62477117369403,12.91732462799666
77.65711052392234,12.91732462799666
77.67148356846825,12.91732462799666
77.67328019903648,12.91732462799666
77.67597514488885,12.91732462799666
77.6831616671618,12.91732462799666
77.7244841702313,12.91732462799666
77.72538248551542,12.91732462799666
77.73706058420898,12.91732462799666
77.74514542176605,12.91732462799666
77.76760330386904,12.91732462799666
77.77029824972139,12.91732462799666
77.78736624011967,12.91732462799666
77.41276876664183,12.91822294328078
77.45049800857485,12.91822294328078
77.46846431425723,12.91822294328078
77.5313463841456,12.91822294328078
77.56458404965802,12.91822294328078
77.57895709420394,12.91822294328078
77.58255035534042,12.91822294328078
77.60770318329577,12.91822294328078
77.61219475971636,12.91822294328078
77.64633074051291,12.91822294328078
77.65890715449058,12.91822294328078
77.66160210034293,12.91822294328078
77.66878862261589,12.91822294328078
77.68046672130944,12.91822294328078
77.69573808113948,12.91822294328078
77.71011112568539,12.91822294328078
77.74334879119782,12.91822294328078
77.76041678159608,12.91822294328078
77.76401004273256,12.91822294328078
77.77838308727847,12.91822294328078
77.43612496402893,12.9191212585649
77.44151485573366,12.9191212585649
77.45409126971133,12.9191212585649
77.4576845308478,12.9191212585649
77.47744746709843,12.9191212585649
77.47834578238255,12.9191212585649
77.48104072823492,12.9191212585649
77.51517670903145,12.9191212585649
77.52415986187265,12.9191212585649
77.56009247323743,12.9191212585649
77.62117791255756,12.9191212585649
77.63914421823995,12.9191212585649
77.6418391640923,12.9191212585649
77.6508223169335,12.9191212585649
77.69753471170772,12.9191212585649
77.7056195492648,12.9191212585649
77.70741617983303,12.9191212585649
77.71909427852658,12.9191212585649
77.73256900778838,12.9191212585649
77.7568235204596,12.9191212585649
77.77299319557376,12.9191212585649
77.40827719022123,12.920019573849018
77.42175191948303,12.920019573849018
77.42624349590362,12.920019573849018
77.51338007846321,12.920019573849018
77.56548236494214,12.920019573849018
77.59333013874985,12.920019573849018
77.62027959727344,12.920019573849018
77.67597514488885,12.920019573849018
77.67777177545709,12.920019573849018
77.68405998244593,12.920019573849018
77.77568814142612,12.920019573849018
77.78197634841496,12.920019573849018
77.78556960955143,12.920019573849018
77.44600643215425,12.920917889133138
77.45049800857485,12.920917889133138
77.45139632385897,12.920917889133138
77.45229463914309,12.920917889133138
77.4576845308478,12.920917889133138
77.46037947670017,12.920917889133138
77.46307442255252,12.920917889133138
77.46576936840488,12.920917889133138
77.466667683689,12.920917889133138
77.47565083653019,12.920917889133138
77.48283735880315,12.920917889133138
77.50439692562202,12.920917889133138
77.5403295369868,12.920917889133138
77.58255035534042,12.920917889133138
77.58434698590865,12.920917889133138
77.5906351928975,12.920917889133138
77.59512676931809,12.920917889133138
77.64094084880819,12.920917889133138
77.6508223169335,12.920917889133138
77.66609367676354,12.920917889133138
77.67238188375237,12.920917889133138
77.68226335187768,12.920917889133138
77.69753471170772,12.920917889133138
77.70112797284419,12.920917889133138
77.70292460341243,12.920917889133138
77.71460270210599,12.920917889133138
77.7568235204596,12.920917889133138
77.76670498858492,12.920917889133138
77.77568814142612,12.920917889133138
77.77658645671023,12.920917889133138
77.77838308727847,12.920917889133138
77.78556960955143,12.920917889133138
77.41007382078946,12.921816204417258
77.42893844175597,12.921816204417258
77.43971822516541,12.921816204417258
77.44690474743837,12.921816204417258
77.46756599897311,12.921816204417258
77.51517670903145,12.921816204417258
77.5178716548838,12.921816204417258
77.53224469942973,12.921816204417258
77.53404132999796,12.921816204417258
77.53673627585032,12.921816204417258
77.53853290641857,12.921816204417258
77.5403295369868,12.921816204417258
77.57177057193098,12.921816204417258
77.57626214835157,12.921816204417258
77.57895709420394,12.921816204417258
77.59961834573869,12.921816204417258
77.60141497630693,12.921816204417258
77.60770318329577,12.921816204417258
77.63555095710348,12.921816204417258
77.63914421823995,12.921816204417258
77.64633074051291,12.921816204417258
77.66968693790001,12.921816204417258
77.69933134227595,12.921816204417258
77.7334673230725,12.921816204417258
77.73706058420898,12.921816204417258
77.74424710648194,12.921816204417258
77.74873868290253,12.921816204417258
77.75053531347076,12.921816204417258
77.76401004273256,12.921816204417258
77.76850161915316,12.921816204417258
77.7981460235291,12.921816204417258
77.40648055965299,12.922714519701376
77.41995528891478,12.922714519701376
77.42444686533538,12.922714519701376
77.4343283334607,12.922714519701376
77.43702327931305,12.922714519701376
77.4711592601096,12.922714519701376
77.49721040334906,12.922714519701376
77.5124817631791,12.922714519701376
77.53044806886149,12.922714519701376
77.53763459113445,12.922714519701376
77.54302448283916,12.922714519701376
77.5636857343739,12.922714519701376
77.58524530119277,12.922714519701376
77.59243182346573,12.922714519701376
77.59512676931809,12.922714519701376
77.62117791255756,12.922714519701376
77.6328560112511,12.922714519701376
77.65800883920646,12.922714519701376
77.67507682960473,12.922714519701376
77.68136503659356,12.922714519701376
77.6831616671618,12.922714519701376
77.68405998244593,12.922714519701376
77.75592520517549,12.922714519701376
77.7568235204596,12.922714519701376
77.75951846631196,12.922714519701376
77.78287466369908,12.922714519701376
77.78467129426731,12.922714519701376
77.42175191948303,12.923612834985496
77.466667683689,12.923612834985496
77.49541377278082,12.923612834985496
77.52775312300912,12.923612834985496
77.53853290641857,12.923612834985496
77.54212616755504,12.923612834985496
77.54392279812328,12.923612834985496
77.5726688872151,12.923612834985496
77.57536383306746,12.923612834985496
77.58255035534042,12.923612834985496
77.59333013874985,12.923612834985496
77.61039812914812,12.923612834985496
77.61219475971636,12.923612834985496
77.6786700907412,12.923612834985496
77.69933134227595,12.923612834985496
77.75323025932313,12.923612834985496
77.7613150968802,12.923612834985496
77.78826455540379,12.923612834985496
77.79455276239263,12.923612834985496
77.41815865834654,12.924511150269616
77.42354855005127,12.924511150269616
77.43163338760834,12.924511150269616
77.45139632385897,12.924511150269616
77.46846431425723,12.924511150269616
77.4711592601096,12.924511150269616
77.48104072823492,12.924511150269616
77.48373567408727,12.924511150269616
77.49990534920143,12.924511150269616
77.53943122170269,12.924511150269616
77.54302448283916,12.924511150269616
77.56548236494214,12.924511150269616
77.63375432653523,12.924511150269616
77.63824590295583,12.924511150269616
77.6418391640923,12.924511150269616
77.66789030733177,12.924511150269616
77.7244841702313,12.924511150269616
77.73616226892486,12.924511150269616
77.75862015102784,12.924511150269616
77.77299319557376,12.924511150269616
77.78556960955143,12.924511150269616
77.79275613182439,12.924511150269616
77.43522664874482,12.925409465553736
77.43792159459717,12.925409465553736
77.44061654044954,12.925409465553736
77.44510811687013,12.925409465553736
77.46037947670017,12.925409465553736
77.46756599897311,12.925409465553736
77.48643061993963,12.925409465553736
77.489125565792,12.925409465553736
77.49092219636023,12.925409465553736
77.49271882692847,12.925409465553736
77.51338007846321,12.925409465553736
77.52415986187265,12.925409465553736
77.53314301471384,12.925409465553736
77.55380426624859,12.925409465553736
77.55739752738508,12.925409465553736
77.56548236494214,12.925409465553736
77.58434698590865,12.925409465553736
77.59782171517045,12.925409465553736
77.60231329159105,12.925409465553736
77.62027959727344,12.925409465553736
77.62387285840991,12.925409465553736
77.71460270210599,12.925409465553736
77.73077237722013,12.925409465553736
77.73526395364074,12.925409465553736
77.75323025932313,12.925409465553736
77.75502688989137,12.925409465553736
77.7613150968802,12.925409465553736
77.77748477199435,12.925409465553736
77.78646792483555,12.925409465553736
77.40288729851652,12.926307780837854
77.41456539721007,12.926307780837854
77.4253451806195,12.926307780837854
77.44241317101778,12.926307780837854
77.44600643215425,12.926307780837854
77.51607502431557,12.926307780837854
77.52505817715677,12.926307780837854
77.53044806886149,12.926307780837854
77.55919415795331,12.926307780837854
77.61039812914812,12.926307780837854
77.64992400164938,12.926307780837854
77.68585661301417,12.926307780837854
77.70292460341243,12.926307780837854
77.70651786454891,12.926307780837854
77.71190775625362,12.926307780837854
77.7289757466519,12.926307780837854
77.76490835801668,12.926307780837854
77.40109066794828,12.927206096121974
77.43253170289246,12.927206096121974
77.44151485573366,12.927206096121974
77.44600643215425,12.927206096121974
77.45319295442721,12.927206096121974
77.46127779198429,12.927206096121974
77.47834578238255,12.927206096121974
77.54661774397563,12.927206096121974
77.57536383306746,12.927206096121974
77.58883856232926,12.927206096121974
77.59422845403397,12.927206096121974
77.60141497630693,12.927206096121974
77.60860149857989,12.927206096121974
77.63734758767171,12.927206096121974
77.63914421823995,12.927206096121974
77.65621220863822,12.927206096121974
77.66609367676354,12.927206096121974
77.68495829773005,12.927206096121974
77.69933134227595,12.927206096121974
77.7424504759137,12.927206096121974
77.7801797178467,12.927206096121974
77.44241317101778,12.928104411406094
77.44510811687013,12.928104411406094
77.45858284613192,12.928104411406094
77.48822725050786,12.928104411406094
77.49092219636023,12.928104411406094
77.50080366448555,12.928104411406094
77.52595649244088,12.928104411406094
77.56548236494214,12.928104411406094
77.60860149857989,12.928104411406094
77.62297454312579,12.928104411406094
77.64273747937642,12.928104411406094
77.64633074051291,12.928104411406094
77.66160210034293,12.928104411406094
77.6831616671618,12.928104411406094
77.72268753966306,12.928104411406094
77.75502688989137,12.928104411406094
77.7658066733008,12.928104411406094
77.77209488028964,12.928104411406094
77.49721040334906,12.929002726690214
77.51517670903145,12.929002726690214
77.53404132999796,12.929002726690214
77.54392279812328,12.929002726690214
77.56278741908979,12.929002726690214
77.56458404965802,12.929002726690214
77.58075372477218,12.929002726690214
77.58794024704514,12.929002726690214
77.59782171517045,12.929002726690214
77.64633074051291,12.929002726690214
77.68944987415064,12.929002726690214
77.69483976585536,12.929002726690214
77.71909427852658,12.929002726690214
77.7289757466519,12.929002726690214
77.72987406193602,12.929002726690214
77.74694205233429,12.929002726690214
77.74963699818665,12.929002726690214
77.7891628706879,12.929002726690214
77.79185781654027,12.929002726690214
77.49092219636023,12.929901041974333
77.54302448283916,12.929901041974333
77.58344867062453,12.929901041974333
77.58614361647689,12.929901041974333
77.59961834573869,12.929901041974333
77.60231329159105,12.929901041974333
77.60321160687516,12.929901041974333
77.60410992215928,12.929901041974333
77.61938128198932,12.929901041974333
77.64722905579703,12.929901041974333
77.64992400164938,12.929901041974333
77.69933134227595,12.929901041974333
77.71370438682187,12.929901041974333
77.7244841702313,12.929901041974333
77.73436563835662,12.929901041974333
77.75233194403901,12.929901041974333
77.75502688989137,12.929901041974333
77.7568235204596,12.929901041974333
77.75862015102784,12.929901041974333
77.76041678159608,12.929901041974333
77.40648055965299,12.930799357258453
77.40737887493711,12.930799357258453
77.41007382078946,12.930799357258453
77.4109721360736,12.930799357258453
77.41546371249419,12.930799357258453
77.48283735880315,12.930799357258453
77.55380426624859,12.930799357258453
77.56278741908979,12.930799357258453
77.58704193176102,12.930799357258453
77.58883856232926,12.930799357258453
77.61129644443224,12.930799357258453
77.6184829667052,12.930799357258453
77.63824590295583,12.930799357258453
77.64453410994466,12.930799357258453
77.67956840602533,12.930799357258453
77.68136503659356,12.930799357258453
77.71550101739011,12.930799357258453
77.75951846631196,12.930799357258453
77.77748477199435,12.930799357258453
77.40558224436887,12.931697672542573
77.42624349590362,12.931697672542573
77.42893844175597,12.931697672542573
77.43612496402893,12.931697672542573
77.46576936840488,12.931697672542573
77.50978681732674,12.931697672542573
77.53314301471384,12.931697672542573
77.5771604636357,12.931697672542573
77.59333013874985,12.931697672542573
77.60770318329577,12.931697672542573
77.61039812914812,12.931697672542573
77.61758465142108,12.931697672542573
77.63555095710348,12.931697672542573
77.64902568636526,12.931697672542573
77.69394145057124,12.931697672542573
77.70022965756007,12.931697672542573
77.72807743136778,12.931697672542573
77.74694205233429,12.931697672542573
77.76670498858492,12.931697672542573
77.76939993443727,12.931697672542573
77.77209488028964,12.931697672542573
77.79634939296086,12.931697672542573
77.45948116141604,12.932595987826693
77.48104072823492,12.932595987826693
77.48193904351903,12.932595987826693
77.489125565792,12.932595987826693
77.50978681732674,12.932595987826693
77.51338007846321,12.932595987826693
77.57626214835157,12.932595987826693
77.5771604636357,12.932595987826693
77.58255035534042,12.932595987826693
77.59872003045457,12.932595987826693
77.62477117369403,12.932595987826693
77.6274661195464,12.932595987826693
77.65351726278585,12.932595987826693
77.65441557806997,12.932595987826693
77.65711052392234,12.932595987826693
77.68405998244593,12.932595987826693
77.71819596324247,12.932595987826693
77.72358585494719,12.932595987826693
77.4019889832324,12.93349430311081
77.42983675704009,12.93349430311081
77.44510811687013,12.93349430311081
77.45588790027956,12.93349430311081
77.49092219636023,12.93349430311081
77.52236323130441,12.93349430311081
77.53224469942973,12.93349430311081
77.53493964528208,12.93349430311081
77.54212616755504,12.93349430311081
77.54661774397563,12.93349430311081
77.5582958426692,12.93349430311081
77.57177057193098,12.93349430311081
77.59512676931809,12.93349430311081
77.59872003045457,12.93349430311081
77.61309307500048,12.93349430311081
77.62387285840991,12.93349430311081
77.6508223169335,12.93349430311081
77.70022965756007,12.93349430311081
77.70921281040127,12.93349430311081
77.71190775625362,12.93349430311081
77.71639933267423,12.93349430311081
77.7289757466519,12.93349430311081
77.7424504759137,12.93349430311081
77.75412857460725,12.93349430311081
77.77389151085788,12.93349430311081
77.40288729851652,12.93439261839493
77.41276876664183,12.93439261839493
77.41815865834654,12.93439261839493
77.4253451806195,12.93439261839493
77.42893844175597,12.93439261839493
77.47834578238255,12.93439261839493
77.50978681732674,12.93439261839493
77.5178716548838,12.93439261839493
77.52056660073617,12.93439261839493
77.52146491602029,12.93439261839493
77.53044806886149,12.93439261839493
77.55110932039624,12.93439261839493
77.55739752738508,12.93439261839493
77.56009247323743,12.93439261839493
77.57177057193098,12.93439261839493
77.59333013874985,12.93439261839493
77.6050082374434,12.93439261839493
77.6139913902846,12.93439261839493
77.63105938068287,12.93439261839493
77.65172063221762,12.93439261839493
77.65441557806997,12.93439261839493
77.67777177545709,12.93439261839493
77.68046672130944,12.93439261839493
77.6966363964236,12.93439261839493
77.71011112568539,12.93439261839493
77.74694205233429,12.93439261839493
77.77029824972139,12.93439261839493
77.77389151085788,12.93439261839493
77.78197634841496,12.93439261839493
77.41276876664183,12.93529093367905
77.4163620277783,12.93529093367905
77.44241317101778,12.93529093367905
77.44600643215425,12.93529093367905
77.48193904351903,12.93529093367905
77.52954975357737,12.93529093367905
77.53493964528208,12.93529093367905
77.549312689828,12.93529093367905
77.56907562607863,12.93529093367905
77.57177057193098,12.93529093367905
77.5726688872151,12.93529093367905
77.57536383306746,12.93529093367905
77.60231329159105,12.93529093367905
77.62656780426228,12.93529093367905
77.64992400164938,12.93529093367905
77.67777177545709,12.93529093367905
77.69483976585536,12.93529093367905
77.70831449511715,12.93529093367905
77.77209488028964,12.93529093367905
77.78197634841496,12.93529093367905
77.4109721360736,12.93618924896317
77.41546371249419,12.93618924896317
77.44510811687013,12.93618924896317
77.45948116141604,12.93618924896317
77.46487105312076,12.93618924896317
77.47654915181431,12.93618924896317
77.50529524090614,12.93618924896317
77.526854807725,12.93618924896317
77.58524530119277,12.93618924896317
77.58794024704514,12.93618924896317
77.62926275011463,12.93618924896317
77.63375432653523,12.93618924896317
77.6418391640923,12.93618924896317
77.65711052392234,12.93618924896317
77.6831616671618,12.93618924896317
77.6966363964236,12.93618924896317
77.70292460341243,12.93618924896317
77.71639933267423,12.93618924896317
77.71819596324247,12.93618924896317
77.7199925938107,12.93618924896317
77.74963699818665,12.93618924896317
77.75951846631196,12.93618924896317
77.78646792483555,12.93618924896317
77.79904433881322,12.93618924896317
77.41815865834654,12.937087564247289
77.43073507232423,12.937087564247289
77.44780306272249,12.937087564247289
77.4487013780066,12.937087564247289
77.48193904351903,12.937087564247289
77.51068513261086,12.937087564247289
77.54392279812328,12.937087564247289
77.56907562607863,12.937087564247289
77.57356720249922,12.937087564247289
77.58434698590865,12.937087564247289
77.61129644443224,12.937087564247289
77.61309307500048,12.937087564247289
77.62297454312579,12.937087564247289
77.64543242522879,12.937087564247289
77.64992400164938,12.937087564247289
77.6598054697747,12.937087564247289
77.73256900778838,12.937087564247289
77.75592520517549,12.937087564247289
77.76850161915316,12.937087564247289
77.77299319557376,12.937087564247289
77.78287466369908,12.937087564247289
77.78467129426731,12.937087564247289
77.79275613182439,12.937087564247289
77.79455276239263,12.937087564247289
77.42893844175597,12.937985879531409
77.44690474743837,12.937985879531409
77.46307442255252,12.937985879531409
77.46936262954137,12.937985879531409
77.50978681732674,12.937985879531409
77.53404132999796,12.937985879531409
77.56817731079451,12.937985879531409
77.57356720249922,12.937985879531409
77.58524530119277,12.937985879531409
77.60321160687516,12.937985879531409
77.60590655272753,12.937985879531409
77.61488970556871,12.937985879531409
77.66070378505881,12.937985879531409
77.71460270210599,12.937985879531409
77.77838308727847,12.937985879531409
77.78556960955143,12.937985879531409
77.4253451806195,12.938884194815529
77.43792159459717,12.938884194815529
77.43881990988129,12.938884194815529
77.45948116141604,12.938884194815529
77.47475252124607,12.938884194815529
77.50978681732674,12.938884194815529
77.51966828545206,12.938884194815529
77.52146491602029,12.938884194815529
77.56009247323743,12.938884194815529
77.56727899551039,12.938884194815529
77.58883856232926,12.938884194815529
77.59782171517045,12.938884194815529
77.60141497630693,12.938884194815529
77.609499813864,12.938884194815529
77.64273747937642,12.938884194815529
77.6598054697747,12.938884194815529
77.68585661301417,12.938884194815529
77.70022965756007,12.938884194815529
77.71280607153774,12.938884194815529
77.74155216062957,12.938884194815529
77.75502688989137,12.938884194815529
77.75862015102784,12.938884194815529
77.76041678159608,12.938884194815529
77.76401004273256,12.938884194815529
77.76490835801668,12.938884194815529
77.45948116141604,12.939782510099649
77.46487105312076,12.939782510099649
77.49271882692847,12.939782510099649
77.5178716548838,12.939782510099649
77.52505817715677,12.939782510099649
77.52865143829325,12.939782510099649
77.5313463841456,12.939782510099649
77.55470258153271,12.939782510099649
77.57985540948806,12.939782510099649
77.62117791255756,12.939782510099649
77.62566948897816,12.939782510099649
77.64543242522879,12.939782510099649
77.65261894750174,12.939782510099649
77.7110094409695,12.939782510099649
77.71280607153774,12.939782510099649
77.71729764795835,12.939782510099649
77.49361714221259,12.940680825383767
77.4945154574967,12.940680825383767
77.49631208806494,12.940680825383767
77.50799018675849,12.940680825383767
77.54751605925976,12.940680825383767
77.58973687761338,12.940680825383767
77.609499813864,12.940680825383767
77.61219475971636,12.940680825383767
77.62477117369403,12.940680825383767
77.64363579466054,12.940680825383767
77.64812737108115,12.940680825383767
77.71370438682187,12.940680825383767
77.7289757466519,12.940680825383767
77.73256900778838,12.940680825383767
77.74963699818665,12.940680825383767
77.76760330386904,12.940680825383767
77.77658645671023,12.940680825383767
77.79365444710851,12.940680825383767
77.79724770824498,12.940680825383767
77.4109721360736,12.941579140667887
77.42175191948303,12.941579140667887
77.43073507232423,12.941579140667887
77.44510811687013,12.941579140667887
77.45319295442721,12.941579140667887
77.45588790027956,12.941579140667887
77.47834578238255,12.941579140667887
77.52505817715677,12.941579140667887
77.54571942869151,12.941579140667887
77.54841437454388,12.941579140667887
77.55021100511212,12.941579140667887
77.57446551778334,12.941579140667887
77.58344867062453,12.941579140667887
77.60141497630693,12.941579140667887
77.60231329159105,12.941579140667887
77.62207622784167,12.941579140667887
77.67597514488885,12.941579140667887
77.68226335187768,12.941579140667887
77.68405998244593,12.941579140667887
77.71460270210599,12.941579140667887
77.72358585494719,12.941579140667887
77.74694205233429,12.941579140667887
77.74963699818665,12.941579140667887
77.76490835801668,12.941579140667887
77.41276876664183,12.942477455952007
77.41995528891478,12.942477455952007
77.42714181118774,12.942477455952007
77.42804012647186,12.942477455952007
77.43163338760834,12.942477455952007
77.4487013780066,12.942477455952007
77.46127779198429,12.942477455952007
77.50529524090614,12.942477455952007
77.51068513261086,12.942477455952007
77.57087225664687,12.942477455952007
77.60680486801165,12.942477455952007
77.61488970556871,12.942477455952007
77.6418391640923,12.942477455952007
77.70382291869656,12.942477455952007
77.71190775625362,12.942477455952007
77.71639933267423,12.942477455952007
77.74694205233429,12.942477455952007
77.75412857460725,12.942477455952007
77.79185781654027,12.942477455952007
77.79545107767674,12.942477455952007
77.42354855005127,12.943375771236125
77.43522664874482,12.943375771236125
77.4576845308478,12.943375771236125
77.46487105312076,12.943375771236125
77.4711592601096,12.943375771236125
77.50978681732674,12.943375771236125
77.5124817631791,12.943375771236125
77.51338007846321,12.943375771236125
77.52595649244088,12.943375771236125
77.52775312300912,12.943375771236125
77.52865143829325,12.943375771236125
77.54212616755504,12.943375771236125
77.55470258153271,12.943375771236125
77.55739752738508,12.943375771236125
77.56548236494214,12.943375771236125
77.5771604636357,12.943375771236125
77.57895709420394,12.943375771236125
77.59602508460222,12.943375771236125
77.59961834573869,12.943375771236125
77.61219475971636,12.943375771236125
77.68136503659356,12.943375771236125
77.69753471170772,12.943375771236125
77.71190775625362,12.943375771236125
77.71550101739011,12.943375771236125
77.7199925938107,12.943375771236125
77.7424504759137,12.943375771236125
77.76850161915316,12.943375771236125
77.77119656500551,12.943375771236125
77.78287466369908,12.943375771236125
77.78826455540379,12.943375771236125
77.40648055965299,12.944274086520245
77.40917550550535,12.944274086520245
77.41366708192595,12.944274086520245
77.42714181118774,12.944274086520245
77.4343283334607,12.944274086520245
77.44600643215425,12.944274086520245
77.47385420596196,12.944274086520245
77.47475252124607,12.944274086520245
77.4801424129508,12.944274086520245
77.50888850204262,12.944274086520245
77.50978681732674,12.944274086520245
77.55739752738508,12.944274086520245
77.56188910380567,12.944274086520245
77.58704193176102,12.944274086520245
77.63824590295583,12.944274086520245
77.67328019903648,12.944274086520245
77.67956840602533,12.944274086520245
77.78197634841496,12.944274086520245
77.4019889832324,12.945172401804365
77.40558224436887,12.945172401804365
77.41187045135771,12.945172401804365
77.44241317101778,12.945172401804365
77.45139632385897,12.945172401804365
77.4621761072684,12.945172401804365
77.46397273783664,12.945172401804365
77.49541377278082,12.945172401804365
77.51068513261086,12.945172401804365
77.526854807725,12.945172401804365
77.53493964528208,12.945172401804365
77.549312689828,12.945172401804365
77.55739752738508,12.945172401804365
77.55919415795331,12.945172401804365
77.56278741908979,12.945172401804365
77.56727899551039,12.945172401804365
77.57626214835157,12.945172401804365
77.57985540948806,12.945172401804365
77.59602508460222,12.945172401804365
77.6642970461953,12.945172401804365
77.67687346017297,12.945172401804365
77.71370438682187,12.945172401804365
77.75412857460725,12.945172401804365
77.75862015102784,12.945172401804365
77.76850161915316,12.945172401804365
77.7801797178467,12.945172401804365
77.4163620277783,12.946070717088485
77.41726034306242,12.946070717088485
77.45678621556368,12.946070717088485
77.48822725050786,12.946070717088485
77.49182051164435,12.946070717088485
77.49721040334906,12.946070717088485
77.51427839374733,12.946070717088485
77.53044806886149,12.946070717088485
77.5313463841456,12.946070717088485
77.5448211134074,12.946070717088485
77.55919415795331,12.946070717088485
77.57087225664687,12.946070717088485
77.60051666102281,12.946070717088485
77.66160210034293,12.946070717088485
77.71011112568539,12.946070717088485
77.71460270210599,12.946070717088485
77.72268753966306,12.946070717088485
77.75592520517549,12.946070717088485
77.76850161915316,12.946070717088485
77.77658645671023,12.946070717088485
77.79545107767674,12.946070717088485
77.4019889832324,12.946969032372603
77.45319295442721,12.946969032372603
77.48553230465551,12.946969032372603
77.49182051164435,12.946969032372603
77.53763459113445,12.946969032372603
77.54302448283916,12.946969032372603
77.56817731079451,12.946969032372603
77.5906351928975,12.946969032372603
77.59872003045457,12.946969032372603
77.64722905579703,12.946969032372603
77.65621220863822,12.946969032372603
77.70112797284419,12.946969032372603
77.77389151085788,12.946969032372603
77.77838308727847,12.946969032372603
77.42444686533538,12.947867347656723
77.42893844175597,12.947867347656723
77.44780306272249,12.947867347656723
77.4711592601096,12.947867347656723
77.48193904351903,12.947867347656723
77.50709187147437,12.947867347656723
77.526854807725,12.947867347656723
77.54751605925976,12.947867347656723
77.55649921210095,12.947867347656723
77.55739752738508,12.947867347656723
77.5582958426692,12.947867347656723
77.56009247323743,12.947867347656723
77.56727899551039,12.947867347656723
77.56817731079451,12.947867347656723
77.56907562607863,12.947867347656723
77.57356720249922,12.947867347656723
77.60321160687516,12.947867347656723
77.62027959727344,12.947867347656723
77.66699199204766,12.947867347656723
77.67328019903648,12.947867347656723
77.68944987415064,12.947867347656723
77.71639933267423,12.947867347656723
77.72358585494719,12.947867347656723
77.75862015102784,12.947867347656723
77.76490835801668,12.947867347656723
77.774789826142,12.947867347656723
77.40109066794828,12.948765662940843
77.40917550550535,12.948765662940843
77.42444686533538,12.948765662940843
77.43881990988129,12.948765662940843
77.4433114863019,12.948765662940843
77.47565083653019,12.948765662940843
77.50260029505378,12.948765662940843
77.51697333959969,12.948765662940843
77.55290595096447,12.948765662940843
77.57985540948806,12.948765662940843
77.58344867062453,12.948765662940843
77.59692339988634,12.948765662940843
77.59872003045457,12.948765662940843
77.60231329159105,12.948765662940843
77.6364492723876,12.948765662940843
77.69394145057124,12.948765662940843
77.71729764795835,12.948765662940843
77.72807743136778,12.948765662940843
77.75862015102784,12.948765662940843
77.78556960955143,12.948765662940843
77.79455276239263,12.948765662940843
77.40737887493711,12.949663978224963
77.43073507232423,12.949663978224963
77.45049800857485,12.949663978224963
77.47654915181431,12.949663978224963
77.48104072823492,12.949663978224963
77.50709187147437,12.949663978224963
77.51158344789498,12.949663978224963
77.52865143829325,12.949663978224963
77.53404132999796,12.949663978224963
77.53943122170269,12.949663978224963
77.54122785227092,12.949663978224963
77.54212616755504,12.949663978224963
77.55021100511212,12.949663978224963
77.55739752738508,12.949663978224963
77.56907562607863,12.949663978224963
77.57177057193098,12.949663978224963
77.58255035534042,12.949663978224963
77.59153350818161,12.949663978224963
77.62656780426228,12.949663978224963
77.63465264181934,12.949663978224963
77.6553138933541,12.949663978224963
77.66250041562705,12.949663978224963
77.68046672130944,12.949663978224963
77.6876532435824,12.949663978224963
77.71370438682187,12.949663978224963
77.71639933267423,12.949663978224963
77.71909427852658,12.949663978224963
77.72268753966306,12.949663978224963
77.7837729789832,12.949663978224963
77.79904433881322,12.949663978224963
77.41905697363066,12.950562293509082
77.51876997016794,12.950562293509082
77.52415986187265,12.950562293509082
77.52595649244088,12.950562293509082
77.54841437454388,12.950562293509082
77.55560089681683,12.950562293509082
77.56009247323743,12.950562293509082
77.56727899551039,12.950562293509082
77.59243182346573,12.950562293509082
77.61758465142108,12.950562293509082
77.62027959727344,12.950562293509082
77.64992400164938,12.950562293509082
77.65172063221762,12.950562293509082
77.75772183574372,12.950562293509082
77.76401004273256,12.950562293509082
77.76850161915316,12.950562293509082
77.77389151085788,12.950562293509082
77.79724770824498,12.950562293509082
77.7981460235291,12.950562293509082
77.40468392908475,12.951460608793202
77.41726034306242,12.951460608793202
77.42175191948303,12.951460608793202
77.4433114863019,12.951460608793202
77.48463398937139,12.951460608793202
77.53853290641857,12.951460608793202
77.56907562607863,12.951460608793202
77.58075372477218,12.951460608793202
77.58434698590865,12.951460608793202
77.59153350818161,12.951460608793202
77.60860149857989,12.951460608793202
77.62027959727344,12.951460608793202
77.62566948897816,12.951460608793202
77.6328560112511,12.951460608793202
77.64902568636526,12.951460608793202
77.69843302699184,12.951460608793202
77.76490835801668,12.951460608793202
77.774789826142,12.951460608793202
77.79365444710851,12.951460608793202
77.41276876664183,12.952358924077322
77.41815865834654,12.952358924077322
77.44510811687013,12.952358924077322
77.46936262954137,12.952358924077322
77.49361714221259,12.952358924077322
77.50529524090614,12.952358924077322
77.50888850204262,12.952358924077322
77.53314301471384,12.952358924077322
77.5448211134074,12.952358924077322
77.55290595096447,12.952358924077322
77.58883856232926,12.952358924077322
77.6364492723876,12.952358924077322
77.64004253352407,12.952358924077322
77.66070378505881,12.952358924077322
77.67417851432062,12.952358924077322
77.75862015102784,12.952358924077322
77.43343001817658,12.953257239361442
77.45139632385897,12.953257239361442
77.49541377278082,12.953257239361442
77.50529524090614,12.953257239361442
77.50619355619025,12.953257239361442
77.52775312300912,12.953257239361442
77.53673627585032,12.953257239361442
77.58614361647689,12.953257239361442
77.5906351928975,12.953257239361442
77.59782171517045,12.953257239361442
77.6050082374434,12.953257239361442
77.60770318329577,12.953257239361442
77.61938128198932,12.953257239361442
77.62207622784167,12.953257239361442
77.64273747937642,12.953257239361442
77.6598054697747,12.953257239361442
77.6876532435824,12.953257239361442
77.7110094409695,12.953257239361442
77.73616226892486,12.953257239361442
77.76401004273256,12.953257239361442
77.77299319557376,12.953257239361442
77.78736624011967,12.953257239361442
77.42265023476715,12.95415555464556
77.43881990988129,12.95415555464556
77.46936262954137,12.95415555464556
77.47026094482548,12.95415555464556
77.4711592601096,12.95415555464556
77.48463398937139,12.95415555464556
77.49900703391731,12.95415555464556
77.49990534920143,12.95415555464556
77.51427839374733,12.95415555464556
77.51966828545206,12.95415555464556
77.52146491602029,12.95415555464556
77.53044806886149,12.95415555464556
77.5448211134074,12.95415555464556
77.54841437454388,12.95415555464556
77.56817731079451,12.95415555464556
77.57536383306746,12.95415555464556
77.61488970556871,12.95415555464556
77.62207622784167,12.95415555464556
77.62656780426228,12.95415555464556
77.63195769596699,12.95415555464556
77.6328560112511,12.95415555464556
77.63465264181934,12.95415555464556
77.67238188375237,12.95415555464556
77.6876532435824,12.95415555464556
77.69483976585536,12.95415555464556
77.69933134227595,12.95415555464556
77.70741617983303,12.95415555464556
77.71909427852658,12.95415555464556
77.72178922437894,12.95415555464556
77.73975553006133,12.95415555464556
77.76311172744845,12.95415555464556
77.77209488028964,12.95415555464556
77.77838308727847,12.95415555464556
77.7837729789832,12.95415555464556
77.78736624011967,12.95415555464556
77.43163338760834,12.95505386992968
77.43522664874482,12.95505386992968
77.4433114863019,12.95505386992968
77.46846431425723,12.95505386992968
77.53224469942973,12.95505386992968
77.55200763568035,12.95505386992968
77.68675492829828,12.95505386992968
77.71819596324247,12.95505386992968
77.75053531347076,12.95505386992968
77.75143362875488,12.95505386992968
77.7613150968802,12.95505386992968
77.76670498858492,12.95505386992968
77.41276876664183,12.9559521852138
77.42354855005127,12.9559521852138
77.43073507232423,12.9559521852138
77.43253170289246,12.9559521852138
77.4576845308478,12.9559521852138
77.49810871863318,12.9559521852138
77.5124817631791,12.9559521852138
77.51876997016794,12.9559521852138
77.52775312300912,12.9559521852138
77.52865143829325,12.9559521852138
77.5448211134074,12.9559521852138
77.59243182346573,12.9559521852138
77.6139913902846,12.9559521852138
77.65711052392234,12.9559521852138
77.6642970461953,12.9559521852138
77.72628080079954,12.9559521852138
77.74514542176605,12.9559521852138
77.75772183574372,12.9559521852138
77.7613150968802,12.9559521852138
77.77029824972139,12.9559521852138
77.77568814142612,12.9559521852138
77.79634939296086,12.9559521852138
77.40648055965299,12.95685050049792
77.42983675704009,12.95685050049792
77.43343001817658,12.95685050049792
77.45858284613192,12.95685050049792
77.4801424129508,12.95685050049792
77.48553230465551,12.95685050049792
77.4945154574967,12.95685050049792
77.50529524090614,12.95685050049792
77.5124817631791,12.95685050049792
77.52236323130441,12.95685050049792
77.5403295369868,12.95685050049792
77.54302448283916,12.95685050049792
77.54841437454388,12.95685050049792
77.55560089681683,12.95685050049792
77.57985540948806,12.95685050049792
77.68675492829828,12.95685050049792
77.69933134227595,12.95685050049792
77.74784036761841,12.95685050049792
77.75951846631196,12.95685050049792
77.77389151085788,12.95685050049792
77.774789826142,12.95685050049792
77.77568814142612,12.95685050049792
77.45049800857485,12.957748815782038
77.45678621556368,12.957748815782038
77.4576845308478,12.957748815782038
77.46397273783664,12.957748815782038
77.46487105312076,12.957748815782038
77.466667683689,12.957748815782038
77.48463398937139,12.957748815782038
77.50978681732674,12.957748815782038
77.5124817631791,12.957748815782038
77.54212616755504,12.957748815782038
77.54841437454388,12.957748815782038
77.549312689828,12.957748815782038
77.56458404965802,12.957748815782038
77.60590655272753,12.957748815782038
77.61219475971636,12.957748815782038
77.64273747937642,12.957748815782038
77.64453410994466,12.957748815782038
77.65800883920646,12.957748815782038
77.68226335187768,12.957748815782038
77.69933134227595,12.957748815782038
77.74604373705017,12.957748815782038
77.75053531347076,12.957748815782038
77.75862015102784,12.957748815782038
77.79006118597202,12.957748815782038
77.40648055965299,12.958647131066158
77.41726034306242,12.958647131066158
77.42983675704009,12.958647131066158
77.43971822516541,12.958647131066158
77.51427839374733,12.958647131066158
77.52236323130441,12.958647131066158
77.5358379605662,12.958647131066158
77.60680486801165,12.958647131066158
77.63375432653523,12.958647131066158
77.63555095710348,12.958647131066158
77.64273747937642,12.958647131066158
77.66339873091117,12.958647131066158
77.66519536147942,12.958647131066158
77.68675492829828,12.958647131066158
77.68944987415064,12.958647131066158
77.69753471170772,12.958647131066158
77.70651786454891,12.958647131066158
77.70741617983303,12.958647131066158
77.74694205233429,12.958647131066158
77.76311172744845,12.958647131066158
77.76760330386904,12.958647131066158
77.40648055965299,12.959545446350278
77.40827719022123,12.959545446350278
77.41546371249419,12.959545446350278
77.45948116141604,12.959545446350278
77.47205757539372,12.959545446350278
77.50080366448555,12.959545446350278
77.51517670903145,12.959545446350278
77.57177057193098,12.959545446350278
77.5771604636357,12.959545446350278
77.58075372477218,12.959545446350278
77.61578802085285,12.959545446350278
77.6418391640923,12.959545446350278
77.67417851432062,12.959545446350278
77.68585661301417,12.959545446350278
77.70022965756007,12.959545446350278
77.71190775625362,12.959545446350278
77.71550101739011,12.959545446350278
77.71729764795835,12.959545446350278
77.72178922437894,12.959545446350278
77.72358585494719,12.959545446350278
77.73616226892486,12.959545446350278
77.76760330386904,12.959545446350278
77.78826455540379,12.959545446350278
77.7891628706879,12.959545446350278
77.79365444710851,12.959545446350278
77.79634939296086,12.959545446350278
77.42893844175597,12.960443761634396
77.45139632385897,12.960443761634396
77.48373567408727,12.960443761634396
77.49900703391731,12.960443761634396
77.50619355619025,12.960443761634396
77.57177057193098,12.960443761634396
77.61129644443224,12.960443761634396
77.62387285840991,12.960443761634396
77.66519536147942,12.960443761634396
77.69483976585536,12.960443761634396
77.69933134227595,12.960443761634396
77.72717911608366,12.960443761634396
77.73616226892486,12.960443761634396
77.7424504759137,12.960443761634396
77.74784036761841,12.960443761634396
77.79724770824498,12.960443761634396
77.41187045135771,12.961342076918516
77.45139632385897,12.961342076918516
77.49182051164435,12.961342076918516
77.526854807725,12.961342076918516
77.55649921210095,12.961342076918516
77.57177057193098,12.961342076918516
77.57805877891983,12.961342076918516
77.60051666102281,12.961342076918516
77.609499813864,12.961342076918516
77.68585661301417,12.961342076918516
77.6876532435824,12.961342076918516
77.69394145057124,12.961342076918516
77.73167069250425,12.961342076918516
77.7334673230725,12.961342076918516
77.76939993443727,12.961342076918516
77.79365444710851,12.961342076918516
77.45498958499545,12.962240392202636
77.46127779198429,12.962240392202636
77.49002388107611,12.962240392202636
77.50260029505378,12.962240392202636
77.51966828545206,12.962240392202636
77.5313463841456,12.962240392202636
77.54122785227092,12.962240392202636
77.54212616755504,12.962240392202636
77.54302448283916,12.962240392202636
77.58704193176102,12.962240392202636
77.60051666102281,12.962240392202636
77.62926275011463,12.962240392202636
77.63914421823995,12.962240392202636
77.64902568636526,12.962240392202636
77.66878862261589,12.962240392202636
77.68944987415064,12.962240392202636
77.70022965756007,12.962240392202636
77.70472123398068,12.962240392202636
77.71550101739011,12.962240392202636
77.76939993443727,12.962240392202636
77.40648055965299,12.963138707486756
77.44151485573366,12.963138707486756
77.46487105312076,12.963138707486756
77.46756599897311,12.963138707486756
77.48193904351903,12.963138707486756
77.48463398937139,12.963138707486756
77.52146491602029,12.963138707486756
77.54302448283916,12.963138707486756
77.55200763568035,12.963138707486756
77.59153350818161,12.963138707486756
77.609499813864,12.963138707486756
77.61668633613696,12.963138707486756
77.62836443483052,12.963138707486756
77.63375432653523,12.963138707486756
77.64543242522879,12.963138707486756
77.67417851432062,12.963138707486756
77.73526395364074,12.963138707486756
77.75233194403901,12.963138707486756
77.75951846631196,12.963138707486756
77.78107803313083,12.963138707486756
77.41187045135771,12.964037022770874
77.4253451806195,12.964037022770874
77.43612496402893,12.964037022770874
77.47385420596196,12.964037022770874
77.47834578238255,12.964037022770874
77.58794024704514,12.964037022770874
77.59243182346573,12.964037022770874
77.62656780426228,12.964037022770874
77.78467129426731,12.964037022770874
77.79275613182439,12.964037022770874
77.40378561380064,12.964935338054994
77.44420980158601,12.964935338054994
77.45678621556368,12.964935338054994
77.47924409766668,12.964935338054994
77.48373567408727,12.964935338054994
77.48643061993963,12.964935338054994
77.49002388107611,12.964935338054994
77.50170197976966,12.964935338054994
77.50799018675849,12.964935338054994
77.51338007846321,12.964935338054994
77.51876997016794,12.964935338054994
77.52056660073617,12.964935338054994
77.53224469942973,12.964935338054994
77.58524530119277,12.964935338054994
77.58794024704514,12.964935338054994
77.58883856232926,12.964935338054994
77.60410992215928,12.964935338054994
77.6418391640923,12.964935338054994
77.65351726278585,12.964935338054994
77.66519536147942,12.964935338054994
77.67058525318413,12.964935338054994
77.67148356846825,12.964935338054994
77.6966363964236,12.964935338054994
77.72538248551542,12.964935338054994
77.74334879119782,12.964935338054994
77.77029824972139,12.964935338054994
77.77299319557376,12.964935338054994
77.77568814142612,12.964935338054994
77.79904433881322,12.964935338054994
77.40827719022123,12.965833653339114
77.4163620277783,12.965833653339114
77.4253451806195,12.965833653339114
77.48283735880315,12.965833653339114
77.50439692562202,12.965833653339114
77.50888850204262,12.965833653339114
77.526854807725,12.965833653339114
77.53044806886149,12.965833653339114
77.55380426624859,12.965833653339114
77.57356720249922,12.965833653339114
77.58614361647689,12.965833653339114
77.60231329159105,12.965833653339114
77.61219475971636,12.965833653339114
77.63824590295583,12.965833653339114
77.65890715449058,12.965833653339114
77.66699199204766,12.965833653339114
77.67507682960473,12.965833653339114
77.68226335187768,12.965833653339114
77.72089090909482,12.965833653339114
77.72807743136778,12.965833653339114
77.73616226892486,12.965833653339114
77.73706058420898,12.965833653339114
77.75502688989137,12.965833653339114
77.75862015102784,12.965833653339114
77.76311172744845,12.965833653339114
77.76850161915316,12.965833653339114
77.79006118597202,12.965833653339114
77.40558224436887,12.966731968623234
77.41007382078946,12.966731968623234
77.41905697363066,12.966731968623234
77.42714181118774,12.966731968623234
77.43881990988129,12.966731968623234
77.44780306272249,12.966731968623234
77.45229463914309,12.966731968623234
77.45319295442721,12.966731968623234
77.489125565792,12.966731968623234
77.52865143829325,12.966731968623234
77.52954975357737,12.966731968623234
77.55110932039624,12.966731968623234
77.55290595096447,12.966731968623234
77.5816520400563,12.966731968623234
77.58255035534042,12.966731968623234
77.60231329159105,12.966731968623234
77.61219475971636,12.966731968623234
77.61578802085285,12.966731968623234
77.63375432653523,12.966731968623234
77.65711052392234,12.966731968623234
77.67328019903648,12.966731968623234
77.67417851432062,12.966731968623234
77.68855155886652,12.966731968623234
77.71460270210599,12.966731968623234
77.73167069250425,12.966731968623234
77.74155216062957,12.966731968623234
77.7568235204596,12.966731968623234
77.77299319557376,12.966731968623234
77.7837729789832,12.966731968623234
77.7981460235291,12.966731968623234
77.42983675704009,12.967630283907353
77.43792159459717,12.967630283907353
77.4433114863019,12.967630283907353
77.4576845308478,12.967630283907353
77.53044806886149,12.967630283907353
77.53314301471384,12.967630283907353
77.56099078852155,12.967630283907353
77.57895709420394,12.967630283907353
77.58794024704514,12.967630283907353
77.58973687761338,12.967630283907353
77.61129644443224,12.967630283907353
77.61758465142108,12.967630283907353
77.63824590295583,12.967630283907353
77.64633074051291,12.967630283907353
77.64902568636526,12.967630283907353
77.65621220863822,12.967630283907353
77.66789030733177,12.967630283907353
77.7244841702313,12.967630283907353
77.73616226892486,12.967630283907353
77.74155216062957,12.967630283907353
77.75233194403901,12.967630283907353
77.76041678159608,12.967630283907353
77.76670498858492,12.967630283907353
77.78826455540379,12.967630283907353
77.42804012647186,12.968528599191472
77.43881990988129,12.968528599191472
77.44600643215425,12.968528599191472
77.45319295442721,12.968528599191472
77.50709187147437,12.968528599191472
77.5358379605662,12.968528599191472
77.5403295369868,12.968528599191472
77.55739752738508,12.968528599191472
77.57985540948806,12.968528599191472
77.5816520400563,12.968528599191472
77.58704193176102,12.968528599191472
77.59602508460222,12.968528599191472
77.61129644443224,12.968528599191472
77.61219475971636,12.968528599191472
77.61668633613696,12.968528599191472
77.61758465142108,12.968528599191472
77.62836443483052,12.968528599191472
77.63016106539875,12.968528599191472
77.63105938068287,12.968528599191472
77.6508223169335,12.968528599191472
77.66070378505881,12.968528599191472
77.66609367676354,12.968528599191472
77.70831449511715,12.968528599191472
77.71550101739011,12.968528599191472
77.72358585494719,12.968528599191472
77.73526395364074,12.968528599191472
77.7658066733008,12.968528599191472
77.79006118597202,12.968528599191472
77.79365444710851,12.968528599191472
77.79455276239263,12.968528599191472
77.42714181118774,12.969426914475592
77.43073507232423,12.969426914475592
77.43702327931305,12.969426914475592
77.48463398937139,12.969426914475592
77.49990534920143,12.969426914475592
77.51876997016794,12.969426914475592
77.52326154658853,12.969426914475592
77.54302448283916,12.969426914475592
77.5582958426692,12.969426914475592
77.56727899551039,12.969426914475592
77.57626214835157,12.969426914475592
77.5906351928975,12.969426914475592
77.61309307500048,12.969426914475592
77.62836443483052,12.969426914475592
77.64902568636526,12.969426914475592
77.7056195492648,12.969426914475592
77.71639933267423,12.969426914475592
77.72628080079954,12.969426914475592
77.73256900778838,12.969426914475592
77.74694205233429,12.969426914475592
77.75592520517549,12.969426914475592
77.77209488028964,12.969426914475592
77.774789826142,12.969426914475592
77.79455276239263,12.969426914475592
77.40378561380064,12.970325229759712
77.40558224436887,12.970325229759712
77.40827719022123,12.970325229759712
77.45588790027956,12.970325229759712
77.45858284613192,12.970325229759712
77.46307442255252,12.970325229759712
77.4801424129508,12.970325229759712
77.51338007846321,12.970325229759712
77.53404132999796,12.970325229759712
77.53673627585032,12.970325229759712
77.54212616755504,12.970325229759712
77.56638068022626,12.970325229759712
77.59422845403397,12.970325229759712
77.59512676931809,12.970325229759712
77.62656780426228,12.970325229759712
77.64363579466054,12.970325229759712
77.64992400164938,12.970325229759712
77.68585661301417,12.970325229759712
77.74065384534545,12.970325229759712
77.77299319557376,12.970325229759712
77.79275613182439,12.970325229759712
77.4433114863019,12.97122354504383
77.4945154574967,12.97122354504383
77.49721040334906,12.97122354504383
77.51876997016794,12.97122354504383
77.52595649244088,12.97122354504383
77.5313463841456,12.97122354504383
77.54122785227092,12.97122354504383
77.5582958426692,12.97122354504383
77.56907562607863,12.97122354504383
77.57626214835157,12.97122354504383
77.58883856232926,12.97122354504383
77.59243182346573,12.97122354504383
77.65441557806997,12.97122354504383
77.68226335187768,12.97122354504383
77.68405998244593,12.97122354504383
77.6966363964236,12.97122354504383
77.75053531347076,12.97122354504383
77.75233194403901,12.97122354504383
77.77748477199435,12.97122354504383
77.78197634841496,12.97122354504383
77.79455276239263,12.97122354504383
77.79904433881322,12.97122354504383
77.40917550550535,12.97212186032795
77.42444686533538,12.97212186032795
77.42893844175597,12.97212186032795
77.4621761072684,12.97212186032795
77.46487105312076,12.97212186032795
77.47385420596196,12.97212186032795
77.47475252124607,12.97212186032795
77.47654915181431,12.97212186032795
77.49541377278082,12.97212186032795
77.5034986103379,12.97212186032795
77.5124817631791,12.97212186032795
77.56188910380567,12.97212186032795
77.58704193176102,12.97212186032795
77.59602508460222,12.97212186032795
77.60051666102281,12.97212186032795
77.60410992215928,12.97212186032795
77.61938128198932,12.97212186032795
77.66609367676354,12.97212186032795
77.66699199204766,12.97212186032795
77.67597514488885,12.97212186032795
77.7379588994931,12.97212186032795
77.74784036761841,12.97212186032795
77.77838308727847,12.97212186032795
77.78467129426731,12.97212186032795
77.4019889832324,12.97302017561207
77.40737887493711,12.97302017561207
77.46307442255252,12.97302017561207
77.46846431425723,12.97302017561207
77.48822725050786,12.97302017561207
77.49092219636023,12.97302017561207
77.51876997016794,12.97302017561207
77.52415986187265,12.97302017561207
77.54212616755504,12.97302017561207
77.54392279812328,12.97302017561207
77.56548236494214,12.97302017561207
77.56907562607863,12.97302017561207
77.57985540948806,12.97302017561207
77.61129644443224,12.97302017561207
77.63555095710348,12.97302017561207
77.65621220863822,12.97302017561207
77.70741617983303,12.97302017561207
77.71190775625362,12.97302017561207
77.7199925938107,12.97302017561207
77.73975553006133,12.97302017561207
77.76850161915316,12.97302017561207
77.79455276239263,12.97302017561207
77.42354855005127,12.97391849089619
77.4343283334607,12.97391849089619
77.43971822516541,12.97391849089619
77.47385420596196,12.97391849089619
77.56278741908979,12.97391849089619
77.62207622784167,12.97391849089619
77.6274661195464,12.97391849089619
77.64722905579703,12.97391849089619
77.7379588994931,12.97391849089619
77.79455276239263,12.97391849089619
77.40288729851652,12.974816806180309
77.4109721360736,12.974816806180309
77.43702327931305,12.974816806180309
77.44510811687013,12.974816806180309
77.49900703391731,12.974816806180309
77.49990534920143,12.974816806180309
77.50080366448555,12.974816806180309
77.50260029505378,12.974816806180309
77.50888850204262,12.974816806180309
77.52954975357737,12.974816806180309
77.56548236494214,12.974816806180309
77.58614361647689,12.974816806180309
77.61129644443224,12.974816806180309
77.62566948897816,12.974816806180309
77.64902568636526,12.974816806180309
77.71190775625362,12.974816806180309
77.72538248551542,12.974816806180309
77.72987406193602,12.974816806180309
77.76401004273256,12.974816806180309
77.76850161915316,12.974816806180309
77.78107803313083,12.974816806180309
77.7837729789832,12.974816806180309
77.40468392908475,12.975715121464429
77.42444686533538,12.975715121464429
77.4343283334607,12.975715121464429
77.43522664874482,12.975715121464429
77.47924409766668,12.975715121464429
77.50709187147437,12.975715121464429
77.50888850204262,12.975715121464429
77.52595649244088,12.975715121464429
77.5448211134074,12.975715121464429
77.59692339988634,12.975715121464429
77.62656780426228,12.975715121464429
77.64633074051291,12.975715121464429
77.72538248551542,12.975715121464429
77.7379588994931,12.975715121464429
77.7801797178467,12.975715121464429
77.41007382078946,12.976613436748549
77.47834578238255,12.976613436748549
77.52954975357737,12.976613436748549
77.57356720249922,12.976613436748549
77.5816520400563,12.976613436748549
77.58704193176102,12.976613436748549
77.59782171517045,12.976613436748549
77.60321160687516,12.976613436748549
77.62117791255756,12.976613436748549
77.70741617983303,12.976613436748549
77.72178922437894,12.976613436748549
77.74604373705017,12.976613436748549
77.75502688989137,12.976613436748549
77.75592520517549,12.976613436748549
77.75772183574372,12.976613436748549
77.75951846631196,12.976613436748549
77.7613150968802,12.976613436748549
77.7981460235291,12.976613436748549
77.45588790027956,12.977511752032667
77.47295589067784,12.977511752032667
77.50799018675849,12.977511752032667
77.53044806886149,12.977511752032667
77.55649921210095,12.977511752032667
77.56009247323743,12.977511752032667
77.56278741908979,12.977511752032667
77.56727899551039,12.977511752032667
77.59961834573869,12.977511752032667
77.64902568636526,12.977511752032667
77.6508223169335,12.977511752032667
77.6553138933541,12.977511752032667
77.67148356846825,12.977511752032667
77.68405998244593,12.977511752032667
77.70472123398068,12.977511752032667
77.70741617983303,12.977511752032667
77.71639933267423,12.977511752032667
77.73526395364074,12.977511752032667
77.7568235204596,12.977511752032667
77.77928140256259,12.977511752032667
77.41187045135771,12.978410067316787
77.48373567408727,12.978410067316787
77.52236323130441,12.978410067316787
77.52775312300912,12.978410067316787
77.53224469942973,12.978410067316787
77.53314301471384,12.978410067316787
77.59872003045457,12.978410067316787
77.60410992215928,12.978410067316787
77.61039812914812,12.978410067316787
77.62656780426228,12.978410067316787
77.63195769596699,12.978410067316787
77.6364492723876,12.978410067316787
77.65441557806997,12.978410067316787
77.66609367676354,12.978410067316787
77.67148356846825,12.978410067316787
77.71011112568539,12.978410067316787
77.71639933267423,12.978410067316787
77.72089090909482,12.978410067316787
77.7658066733008,12.978410067316787
77.76760330386904,12.978410067316787
77.40288729851652,12.979308382600907
77.41726034306242,12.979308382600907
77.43792159459717,12.979308382600907
77.43881990988129,12.979308382600907
77.4433114863019,12.979308382600907
77.45498958499545,12.979308382600907
77.47205757539372,12.979308382600907
77.50170197976966,12.979308382600907
77.50799018675849,12.979308382600907
77.50888850204262,12.979308382600907
77.50978681732674,12.979308382600907
77.52326154658853,12.979308382600907
77.55380426624859,12.979308382600907
77.55739752738508,12.979308382600907
77.57177057193098,12.979308382600907
77.58614361647689,12.979308382600907
77.59243182346573,12.979308382600907
77.6508223169335,12.979308382600907
77.65800883920646,12.979308382600907
77.70472123398068,12.979308382600907
77.71460270210599,12.979308382600907
77.72807743136778,12.979308382600907
77.74963699818665,12.979308382600907
77.7801797178467,12.979308382600907
77.79724770824498,12.979308382600907
77.40468392908475,12.980206697885027
77.43971822516541,12.980206697885027
77.44061654044954,12.980206697885027
77.44420980158601,12.980206697885027
77.44600643215425,12.980206697885027
77.45139632385897,12.980206697885027
77.45858284613192,12.980206697885027
77.46397273783664,12.980206697885027
77.46756599897311,12.980206697885027
77.50619355619025,12.980206697885027
77.52056660073617,12.980206697885027
77.52146491602029,12.980206697885027
77.55560089681683,12.980206697885027
77.56638068022626,12.980206697885027
77.60680486801165,12.980206697885027
77.60770318329577,12.980206697885027
77.63105938068287,12.980206697885027
77.64453410994466,12.980206697885027
77.68046672130944,12.980206697885027
77.71550101739011,12.980206697885027
77.7613150968802,12.980206697885027
77.76401004273256,12.980206697885027
77.76760330386904,12.980206697885027
77.77029824972139,12.980206697885027
77.42175191948303,12.981105013169145
77.43702327931305,12.981105013169145
77.45049800857485,12.981105013169145
77.4576845308478,12.981105013169145
77.45948116141604,12.981105013169145
77.46756599897311,12.981105013169145
77.49002388107611,12.981105013169145
77.52595649244088,12.981105013169145
77.53314301471384,12.981105013169145
77.55021100511212,12.981105013169145
77.55739752738508,12.981105013169145
77.5906351928975,12.981105013169145
77.65621220863822,12.981105013169145
77.66160210034293,12.981105013169145
77.70292460341243,12.981105013169145
77.75233194403901,12.981105013169145
77.44780306272249,12.982003328453265
77.45049800857485,12.982003328453265
77.50888850204262,12.982003328453265
77.53404132999796,12.982003328453265
77.54212616755504,12.982003328453265
77.59961834573869,12.982003328453265
77.63914421823995,12.982003328453265
77.64812737108115,12.982003328453265
77.64992400164938,12.982003328453265
77.67417851432062,12.982003328453265
77.67507682960473,12.982003328453265
77.6876532435824,12.982003328453265
77.6966363964236,12.982003328453265
77.69753471170772,12.982003328453265
77.70292460341243,12.982003328453265
77.70651786454891,12.982003328453265
77.72538248551542,12.982003328453265
77.72987406193602,12.982003328453265
77.74155216062957,12.982003328453265
77.77928140256259,12.982003328453265
77.7981460235291,12.982003328453265
77.43522664874482,12.982901643737385
77.44241317101778,12.982901643737385
77.45588790027956,12.982901643737385
77.4576845308478,12.982901643737385
77.5124817631791,12.982901643737385
77.53493964528208,12.982901643737385
77.53673627585032,12.982901643737385
77.55110932039624,12.982901643737385
77.5636857343739,12.982901643737385
77.63016106539875,12.982901643737385
77.63195769596699,12.982901643737385
77.64094084880819,12.982901643737385
77.64363579466054,12.982901643737385
77.70472123398068,12.982901643737385
77.72538248551542,12.982901643737385
77.74334879119782,12.982901643737385
77.74694205233429,12.982901643737385
77.77748477199435,12.982901643737385
77.78287466369908,12.982901643737385
77.78556960955143,12.982901643737385
77.79634939296086,12.982901643737385
77.4109721360736,12.983799959021505
77.41187045135771,12.983799959021505
77.42444686533538,12.983799959021505
77.44510811687013,12.983799959021505
77.50439692562202,12.983799959021505
77.51158344789498,12.983799959021505
77.51338007846321,12.983799959021505
77.51876997016794,12.983799959021505
77.5313463841456,12.983799959021505
77.55021100511212,12.983799959021505
77.57446551778334,12.983799959021505
77.61129644443224,12.983799959021505
77.62836443483052,12.983799959021505
77.6418391640923,12.983799959021505
77.6966363964236,12.983799959021505
77.72089090909482,12.983799959021505
77.7613150968802,12.983799959021505
77.78287466369908,12.983799959021505
77.40109066794828,12.984698274305623
77.40737887493711,12.984698274305623
77.40827719022123,12.984698274305623
77.42175191948303,12.984698274305623
77.42983675704009,12.984698274305623
77.44959969329072,12.984698274305623
77.49900703391731,12.984698274305623
77.50709187147437,12.984698274305623
77.54302448283916,12.984698274305623
77.57536383306746,12.984698274305623
77.58434698590865,12.984698274305623
77.60860149857989,12.984698274305623
77.6139913902846,12.984698274305623
77.61668633613696,12.984698274305623
77.65890715449058,12.984698274305623
77.6786700907412,12.984698274305623
77.69753471170772,12.984698274305623
77.74065384534545,12.984698274305623
77.76401004273256,12.984698274305623
77.77928140256259,12.984698274305623
77.41456539721007,12.985596589589743
77.4163620277783,12.985596589589743
77.45678621556368,12.985596589589743
77.46127779198429,12.985596589589743
77.48463398937139,12.985596589589743
77.49182051164435,12.985596589589743
77.5034986103379,12.985596589589743
77.5124817631791,12.985596589589743
77.51876997016794,12.985596589589743
77.52326154658853,12.985596589589743
77.53404132999796,12.985596589589743
77.53493964528208,12.985596589589743
77.54571942869151,12.985596589589743
77.56188910380567,12.985596589589743
77.56278741908979,12.985596589589743
77.57177057193098,12.985596589589743
77.61129644443224,12.985596589589743
77.61309307500048,12.985596589589743
77.62477117369403,12.985596589589743
77.6274661195464,12.985596589589743
77.63555095710348,12.985596589589743
77.63824590295583,12.985596589589743
77.64363579466054,12.985596589589743
77.64812737108115,12.985596589589743
77.66250041562705,12.985596589589743
77.75592520517549,12.985596589589743
77.76760330386904,12.985596589589743
77.77748477199435,12.985596589589743
77.79634939296086,12.985596589589743
77.40109066794828,12.986494904873863
77.40468392908475,12.986494904873863
77.42085360419891,12.986494904873863
77.4253451806195,12.986494904873863
77.43522664874482,12.986494904873863
77.44600643215425,12.986494904873863
77.47205757539372,12.986494904873863
77.47565083653019,12.986494904873863
77.49361714221259,12.986494904873863
77.5313463841456,12.986494904873863
77.53404132999796,12.986494904873863
77.54841437454388,12.986494904873863
77.5582958426692,12.986494904873863
77.56727899551039,12.986494904873863
77.57087225664687,12.986494904873863
77.57177057193098,12.986494904873863
77.57985540948806,12.986494904873863
77.58973687761338,12.986494904873863
77.5906351928975,12.986494904873863
77.61309307500048,12.986494904873863
77.62836443483052,12.986494904873863
77.64722905579703,12.986494904873863
77.64902568636526,12.986494904873863
77.66339873091117,12.986494904873863
77.66609367676354,12.986494904873863
77.67687346017297,12.986494904873863
77.67777177545709,12.986494904873863
77.72987406193602,12.986494904873863
77.7658066733008,12.986494904873863
77.4109721360736,12.987393220157983
77.41366708192595,12.987393220157983
77.42444686533538,12.987393220157983
77.45139632385897,12.987393220157983
77.50080366448555,12.987393220157983
77.50170197976966,12.987393220157983
77.53763459113445,12.987393220157983
77.57985540948806,12.987393220157983
77.58614361647689,12.987393220157983
77.59602508460222,12.987393220157983
77.61039812914812,12.987393220157983
77.61309307500048,12.987393220157983
77.63195769596699,12.987393220157983
77.64094084880819,12.987393220157983
77.66878862261589,12.987393220157983
77.67328019903648,12.987393220157983
77.67956840602533,12.987393220157983
77.69304313528711,12.987393220157983
77.74155216062957,12.987393220157983
77.42175191948303,12.988291535442102
77.42714181118774,12.988291535442102
77.43792159459717,12.988291535442102
77.46397273783664,12.988291535442102
77.54122785227092,12.988291535442102
77.55200763568035,12.988291535442102
77.5636857343739,12.988291535442102
77.56458404965802,12.988291535442102
77.5771604636357,12.988291535442102
77.58075372477218,12.988291535442102
77.62656780426228,12.988291535442102
77.64902568636526,12.988291535442102
77.64992400164938,12.988291535442102
77.67148356846825,12.988291535442102
77.67687346017297,12.988291535442102
77.68944987415064,12.988291535442102
77.69394145057124,12.988291535442102
77.70382291869656,12.988291535442102
77.71460270210599,12.988291535442102
77.72628080079954,12.988291535442102
77.74694205233429,12.988291535442102
77.76850161915316,12.988291535442102
77.77299319557376,12.988291535442102
77.78736624011967,12.988291535442102
77.4109721360736,12.989189850726222
77.42804012647186,12.989189850726222
77.44061654044954,12.989189850726222
77.44151485573366,12.989189850726222
77.46037947670017,12.989189850726222
77.46307442255252,12.989189850726222
77.4801424129508,12.989189850726222
77.50260029505378,12.989189850726222
77.52056660073617,12.989189850726222
77.52326154658853,12.989189850726222
77.5358379605662,12.989189850726222
77.55021100511212,12.989189850726222
77.55110932039624,12.989189850726222
77.55380426624859,12.989189850726222
77.55919415795331,12.989189850726222
77.59333013874985,12.989189850726222
77.66699199204766,12.989189850726222
77.67417851432062,12.989189850726222
77.68136503659356,12.989189850726222
77.69394145057124,12.989189850726222
77.70022965756007,12.989189850726222
77.70651786454891,12.989189850726222
77.70831449511715,12.989189850726222
77.72178922437894,12.989189850726222
77.7379588994931,12.989189850726222
77.74155216062957,12.989189850726222
77.78287466369908,12.989189850726222
77.79634939296086,12.989189850726222
77.7981460235291,12.989189850726222
77.40827719022123,12.990088166010342
77.42983675704009,12.990088166010342
77.43522664874482,12.990088166010342
77.45858284613192,12.990088166010342
77.46397273783664,12.990088166010342
77.46576936840488,12.990088166010342
77.47834578238255,12.990088166010342
77.48732893522374,12.990088166010342
77.50529524090614,12.990088166010342
77.53224469942973,12.990088166010342
77.55021100511212,12.990088166010342
77.56817731079451,12.990088166010342
77.57805877891983,12.990088166010342
77.57895709420394,12.990088166010342
77.59153350818161,12.990088166010342
77.6184829667052,12.990088166010342
77.64902568636526,12.990088166010342
77.65441557806997,12.990088166010342
77.68675492829828,12.990088166010342
77.70022965756007,12.990088166010342
77.74514542176605,12.990088166010342
77.74694205233429,12.990088166010342
77.75592520517549,12.990088166010342
77.75862015102784,12.990088166010342
77.76490835801668,12.990088166010342
77.40648055965299,12.990986481294462
77.42983675704009,12.990986481294462
77.46576936840488,12.990986481294462
77.4945154574967,12.990986481294462
77.50799018675849,12.990986481294462
77.549312689828,12.990986481294462
77.56009247323743,12.990986481294462
77.63195769596699,12.990986481294462
77.65172063221762,12.990986481294462
77.65711052392234,12.990986481294462
77.70741617983303,12.990986481294462
77.71011112568539,12.990986481294462
77.71550101739011,12.990986481294462
77.72538248551542,12.990986481294462
77.74424710648194,12.990986481294462
77.7658066733008,12.990986481294462
77.76760330386904,12.990986481294462
77.7891628706879,12.990986481294462
77.79275613182439,12.990986481294462
77.79365444710851,12.990986481294462
77.42893844175597,12.99188479657858
77.44061654044954,12.99188479657858
77.4576845308478,12.99188479657858
77.48643061993963,12.99188479657858
77.489125565792,12.99188479657858
77.49631208806494,12.99188479657858
77.54122785227092,12.99188479657858
77.57536383306746,12.99188479657858
77.59333013874985,12.99188479657858
77.6139913902846,12.99188479657858
77.61758465142108,12.99188479657858
77.6184829667052,12.99188479657858
77.70472123398068,12.99188479657858
77.70651786454891,12.99188479657858
77.71639933267423,12.99188479657858
77.73077237722013,12.99188479657858
77.75592520517549,12.99188479657858
77.41546371249419,12.9927831118627
77.4163620277783,12.9927831118627
77.43522664874482,12.9927831118627
77.45948116141604,12.9927831118627
77.46037947670017,12.9927831118627
77.46756599897311,12.9927831118627
77.50619355619025,12.9927831118627
77.52505817715677,12.9927831118627
77.54302448283916,12.9927831118627
77.54841437454388,12.9927831118627
77.55021100511212,12.9927831118627
77.57087225664687,12.9927831118627
77.59422845403397,12.9927831118627
77.65711052392234,12.9927831118627
77.69034818943476,12.9927831118627
77.70112797284419,12.9927831118627
77.74424710648194,12.9927831118627
77.77299319557376,12.9927831118627
77.4019889832324,12.99368142714682
77.41995528891478,12.99368142714682
77.4343283334607,12.99368142714682
77.43792159459717,12.99368142714682
77.45409126971133,12.99368142714682
77.4576845308478,12.99368142714682
77.47026094482548,12.99368142714682
77.4801424129508,12.99368142714682
77.48104072823492,12.99368142714682
77.5178716548838,12.99368142714682
77.52505817715677,12.99368142714682
77.52954975357737,12.99368142714682
77.56458404965802,12.99368142714682
77.56638068022626,12.99368142714682
77.57626214835157,12.99368142714682
77.59961834573869,12.99368142714682
77.60860149857989,12.99368142714682
77.63824590295583,12.99368142714682
77.69394145057124,12.99368142714682
77.71909427852658,12.99368142714682
77.72628080079954,12.99368142714682
77.7289757466519,12.99368142714682
77.74065384534545,12.99368142714682
77.74694205233429,12.99368142714682
77.774789826142,12.99368142714682
77.41007382078946,12.994579742430938
77.43612496402893,12.994579742430938
77.44959969329072,12.994579742430938
77.45139632385897,12.994579742430938
77.45409126971133,12.994579742430938
77.47565083653019,12.994579742430938
77.49002388107611,12.994579742430938
77.50619355619025,12.994579742430938
77.56278741908979,12.994579742430938
77.58973687761338,12.994579742430938
77.59692339988634,12.994579742430938
77.60321160687516,12.994579742430938
77.62477117369403,12.994579742430938
77.66160210034293,12.994579742430938
77.66519536147942,12.994579742430938
77.67148356846825,12.994579742430938
77.67687346017297,12.994579742430938
77.69394145057124,12.994579742430938
77.71190775625362,12.994579742430938
77.7289757466519,12.994579742430938
77.73077237722013,12.994579742430938
77.74963699818665,12.994579742430938
77.7568235204596,12.994579742430938
77.77029824972139,12.994579742430938
77.77389151085788,12.994579742430938
77.41995528891478,12.995478057715058
77.42265023476715,12.995478057715058
77.43163338760834,12.995478057715058
77.4711592601096,12.995478057715058
77.47295589067784,12.995478057715058
77.48283735880315,12.995478057715058
77.51338007846321,12.995478057715058
77.53314301471384,12.995478057715058
77.5403295369868,12.995478057715058
77.54302448283916,12.995478057715058
77.54661774397563,12.995478057715058
77.55560089681683,12.995478057715058
77.55649921210095,12.995478057715058
77.56188910380567,12.995478057715058
77.57177057193098,12.995478057715058
77.57985540948806,12.995478057715058
77.58075372477218,12.995478057715058
77.64543242522879,12.995478057715058
77.68855155886652,12.995478057715058
77.69933134227595,12.995478057715058
77.71011112568539,12.995478057715058
77.71909427852658,12.995478057715058
77.73256900778838,12.995478057715058
77.7424504759137,12.995478057715058
77.74873868290253,12.995478057715058
77.77029824972139,12.995478057715058
77.78826455540379,12.995478057715058
77.42444686533538,12.996376372999178
77.42624349590362,12.996376372999178
77.42983675704009,12.996376372999178
77.45498958499545,12.996376372999178
77.48373567408727,12.996376372999178
77.4945154574967,12.996376372999178
77.51876997016794,12.996376372999178
77.52595649244088,12.996376372999178
77.56638068022626,12.996376372999178
77.57446551778334,12.996376372999178
77.59333013874985,12.996376372999178
77.6328560112511,12.996376372999178
77.64722905579703,12.996376372999178
77.6508223169335,12.996376372999178
77.66339873091117,12.996376372999178
77.69124650471888,12.996376372999178
77.69843302699184,12.996376372999178
77.70292460341243,12.996376372999178
77.76490835801668,12.996376372999178
77.77119656500551,12.996376372999178
77.774789826142,12.996376372999178
77.7981460235291,12.996376372999178
77.40827719022123,12.997274688283298
77.44690474743837,12.997274688283298
77.46487105312076,12.997274688283298
77.46576936840488,12.997274688283298
77.48732893522374,12.997274688283298
77.49900703391731,12.997274688283298
77.54751605925976,12.997274688283298
77.55290595096447,12.997274688283298
77.55470258153271,12.997274688283298
77.56817731079451,12.997274688283298
77.57177057193098,12.997274688283298
77.59243182346573,12.997274688283298
77.61039812914812,12.997274688283298
77.61129644443224,12.997274688283298
77.61309307500048,12.997274688283298
77.6364492723876,12.997274688283298
77.63824590295583,12.997274688283298
77.64453410994466,12.997274688283298
77.66339873091117,12.997274688283298
77.68675492829828,12.997274688283298
77.70112797284419,12.997274688283298
77.70651786454891,12.997274688283298
77.71729764795835,12.997274688283298
77.73526395364074,12.997274688283298
77.76221341216433,12.997274688283298
77.77748477199435,12.997274688283298
77.79455276239263,12.997274688283298
77.42714181118774,12.998173003567416
77.45678621556368,12.998173003567416
77.47834578238255,12.998173003567416
77.48643061993963,12.998173003567416
77.49182051164435,12.998173003567416
77.526854807725,12.998173003567416
77.52954975357737,12.998173003567416
77.53044806886149,12.998173003567416
77.58704193176102,12.998173003567416
77.59153350818161,12.998173003567416
77.609499813864,12.998173003567416
77.62926275011463,12.998173003567416
77.64094084880819,12.998173003567416
77.68405998244593,12.998173003567416
77.68495829773005,12.998173003567416
77.71550101739011,12.998173003567416
77.75412857460725,12.998173003567416
77.76221341216433,12.998173003567416
77.77029824972139,12.998173003567416
77.77928140256259,12.998173003567416
77.79545107767674,12.998173003567416
77.43253170289246,12.999071318851536
77.43881990988129,12.999071318851536
77.4433114863019,12.999071318851536
77.49990534920143,12.999071318851536
77.50170197976966,12.999071318851536
77.51427839374733,12.999071318851536
77.53404132999796,12.999071318851536
77.5403295369868,12.999071318851536
77.54661774397563,12.999071318851536
77.58344867062453,12.999071318851536
77.58883856232926,12.999071318851536
77.59153350818161,12.999071318851536
77.59422845403397,12.999071318851536
77.61938128198932,12.999071318851536
77.65890715449058,12.999071318851536
77.66519536147942,12.999071318851536
77.68226335187768,12.999071318851536
77.69304313528711,12.999071318851536
77.774789826142,12.999071318851536
77.77928140256259,12.999071318851536
77.7801797178467,12.999071318851536
77.4163620277783,12.999969634135656
77.43253170289246,12.999969634135656
77.44780306272249,12.999969634135656
77.48373567408727,12.999969634135656
77.50709187147437,12.999969634135656
77.51876997016794,12.999969634135656
77.5726688872151,12.999969634135656
77.58255035534042,12.999969634135656
77.59512676931809,12.999969634135656
77.6876532435824,12.999969634135656
77.72178922437894,12.999969634135656
77.73256900778838,12.999969634135656
77.76490835801668,12.999969634135656
77.77119656500551,12.999969634135656
77.78197634841496,12.999969634135656
77.78646792483555,12.999969634135656
77.78826455540379,12.999969634135656
77.79455276239263,12.999969634135656
77.40468392908475,13.000867949419776
77.41366708192595,13.000867949419776
77.41905697363066,13.000867949419776
77.43792159459717,13.000867949419776
77.48104072823492,13.000867949419776
77.49721040334906,13.000867949419776
77.49990534920143,13.000867949419776
77.52236323130441,13.000867949419776
77.56548236494214,13.000867949419776
77.59602508460222,13.000867949419776
77.59782171517045,13.000867949419776
77.60590655272753,13.000867949419776
77.60860149857989,13.000867949419776
77.65351726278585,13.000867949419776
77.67148356846825,13.000867949419776
77.7056195492648,13.000867949419776
77.7110094409695,13.000867949419776
77.72268753966306,13.000867949419776
77.76760330386904,13.000867949419776
77.78467129426731,13.000867949419776
77.79365444710851,13.000867949419776
77.79904433881322,13.000867949419776
77.40378561380064,13.001766264703894
77.45229463914309,13.001766264703894
77.49721040334906,13.001766264703894
77.5034986103379,13.001766264703894
77.52595649244088,13.001766264703894
77.53493964528208,13.001766264703894
77.57895709420394,13.001766264703894
77.59422845403397,13.001766264703894
77.6274661195464,13.001766264703894
77.64992400164938,13.001766264703894
77.68675492829828,13.001766264703894
77.70112797284419,13.001766264703894
77.72268753966306,13.001766264703894
77.77299319557376,13.001766264703894
77.79095950125615,13.001766264703894
77.41366708192595,13.002664579988014
77.41995528891478,13.002664579988014
77.45049800857485,13.002664579988014
77.45588790027956,13.002664579988014
77.4576845308478,13.002664579988014
77.46037947670017,13.002664579988014
77.46756599897311,13.002664579988014
77.47475252124607,13.002664579988014
77.49541377278082,13.002664579988014
77.49721040334906,13.002664579988014
77.49900703391731,13.002664579988014
77.51158344789498,13.002664579988014
77.52056660073617,13.002664579988014
77.56997394136275,13.002664579988014
77.59602508460222,13.002664579988014
77.59692339988634,13.002664579988014
77.60231329159105,13.002664579988014
77.61488970556871,13.002664579988014
77.6184829667052,13.002664579988014
77.66968693790001,13.002664579988014
77.68136503659356,13.002664579988014
77.7110094409695,13.002664579988014
77.71190775625362,13.002664579988014
77.72089090909482,13.002664579988014
77.72268753966306,13.002664579988014
77.75143362875488,13.002664579988014
77.78197634841496,13.002664579988014
77.40468392908475,13.003562895272134
77.42444686533538,13.003562895272134
77.4343283334607,13.003562895272134
77.44061654044954,13.003562895272134
77.44510811687013,13.003562895272134
77.4576845308478,13.003562895272134
77.49182051164435,13.003562895272134
77.52236323130441,13.003562895272134
77.55021100511212,13.003562895272134
77.55380426624859,13.003562895272134
77.56278741908979,13.003562895272134
77.57177057193098,13.003562895272134
77.58344867062453,13.003562895272134
77.58614361647689,13.003562895272134
77.59782171517045,13.003562895272134
77.59961834573869,13.003562895272134
77.61039812914812,13.003562895272134
77.6184829667052,13.003562895272134
77.64094084880819,13.003562895272134
77.64633074051291,13.003562895272134
77.6786700907412,13.003562895272134
77.70741617983303,13.003562895272134
77.71460270210599,13.003562895272134
77.73616226892486,13.003562895272134
77.7379588994931,13.003562895272134
77.73885721477721,13.003562895272134
77.75502688989137,13.003562895272134
77.77658645671023,13.003562895272134
77.41995528891478,13.004461210556254
77.47205757539372,13.004461210556254
77.50619355619025,13.004461210556254
77.52505817715677,13.004461210556254
77.53044806886149,13.004461210556254
77.5403295369868,13.004461210556254
77.55200763568035,13.004461210556254
77.57626214835157,13.004461210556254
77.64004253352407,13.004461210556254
77.6508223169335,13.004461210556254
77.67238188375237,13.004461210556254
77.6876532435824,13.004461210556254
77.70112797284419,13.004461210556254
77.71370438682187,13.004461210556254
77.71819596324247,13.004461210556254
77.73256900778838,13.004461210556254
77.74963699818665,13.004461210556254
77.76041678159608,13.004461210556254
77.40558224436887,13.005359525840372
77.42175191948303,13.005359525840372
77.46037947670017,13.005359525840372
77.466667683689,13.005359525840372
77.47565083653019,13.005359525840372
77.48822725050786,13.005359525840372
77.53943122170269,13.005359525840372
77.54302448283916,13.005359525840372
77.55110932039624,13.005359525840372
77.55470258153271,13.005359525840372
77.56009247323743,13.005359525840372
77.56907562607863,13.005359525840372
77.58883856232926,13.005359525840372
77.60321160687516,13.005359525840372
77.61758465142108,13.005359525840372
77.62117791255756,13.005359525840372
77.62656780426228,13.005359525840372
77.63734758767171,13.005359525840372
77.68675492829828,13.005359525840372
77.72717911608366,13.005359525840372
77.73256900778838,13.005359525840372
77.73526395364074,13.005359525840372
77.74784036761841,13.005359525840372
77.75053531347076,13.005359525840372
77.78646792483555,13.005359525840372
77.79275613182439,13.005359525840372
77.41456539721007,13.006257841124492
77.43073507232423,13.006257841124492
77.45229463914309,13.006257841124492
77.50439692562202,13.006257841124492
77.51517670903145,13.006257841124492
77.52146491602029,13.006257841124492
77.52595649244088,13.006257841124492
77.54122785227092,13.006257841124492
77.54571942869151,13.006257841124492
77.60141497630693,13.006257841124492
77.61309307500048,13.006257841124492
77.62027959727344,13.006257841124492
77.68046672130944,13.006257841124492
77.70472123398068,13.006257841124492
77.71280607153774,13.006257841124492
77.71550101739011,13.006257841124492
77.72628080079954,13.006257841124492
77.73077237722013,13.006257841124492
77.76760330386904,13.006257841124492
77.77299319557376,13.006257841124492
77.79365444710851,13.006257841124492
77.40468392908475,13.007156156408612
77.41276876664183,13.007156156408612
77.43702327931305,13.007156156408612
77.45678621556368,13.007156156408612
77.45858284613192,13.007156156408612
77.46936262954137,13.007156156408612
77.47565083653019,13.007156156408612
77.51338007846321,13.007156156408612
77.52056660073617,13.007156156408612
77.526854807725,13.007156156408612
77.52775312300912,13.007156156408612
77.5448211134074,13.007156156408612
77.56817731079451,13.007156156408612
77.60860149857989,13.007156156408612
77.62027959727344,13.007156156408612
77.62566948897816,13.007156156408612
77.6274661195464,13.007156156408612
77.63016106539875,13.007156156408612
77.66160210034293,13.007156156408612
77.68405998244593,13.007156156408612
77.7199925938107,13.007156156408612
77.7289757466519,13.007156156408612
77.7334673230725,13.007156156408612
77.74065384534545,13.007156156408612
77.77389151085788,13.007156156408612
77.41546371249419,13.008054471692732
77.41995528891478,13.008054471692732
77.4343283334607,13.008054471692732
77.43792159459717,13.008054471692732
77.45858284613192,13.008054471692732
77.46576936840488,13.008054471692732
77.46936262954137,13.008054471692732
77.48822725050786,13.008054471692732
77.489125565792,13.008054471692732
77.5034986103379,13.008054471692732
77.51697333959969,13.008054471692732
77.56907562607863,13.008054471692732
77.57356720249922,13.008054471692732
77.59243182346573,13.008054471692732
77.61039812914812,13.008054471692732
77.6508223169335,13.008054471692732
77.69843302699184,13.008054471692732
77.72717911608366,13.008054471692732
77.73616226892486,13.008054471692732
77.774789826142,13.008054471692732
77.77748477199435,13.008054471692732
77.40558224436887,13.00895278697685
77.44420980158601,13.00895278697685
77.45409126971133,13.00895278697685
77.46307442255252,13.00895278697685
77.4801424129508,13.00895278697685
77.51517670903145,13.00895278697685
77.51607502431557,13.00895278697685
77.52954975357737,13.00895278697685
77.56458404965802,13.00895278697685
77.57087225664687,13.00895278697685
77.57536383306746,13.00895278697685
77.60410992215928,13.00895278697685
77.6364492723876,13.00895278697685
77.64543242522879,13.00895278697685
77.64722905579703,13.00895278697685
77.64992400164938,13.00895278697685
77.67687346017297,13.00895278697685
77.68226335187768,13.00895278697685
77.68405998244593,13.00895278697685
77.69843302699184,13.00895278697685
77.69933134227595,13.00895278697685
77.70651786454891,13.00895278697685
77.73706058420898,13.00895278697685
77.75233194403901,13.00895278697685
77.75323025932313,13.00895278697685
77.75502688989137,13.00895278697685
77.75592520517549,13.00895278697685
77.76670498858492,13.00895278697685
77.77748477199435,13.00895278697685
77.79006118597202,13.00895278697685
77.42714181118774,13.00985110226097
77.42893844175597,13.00985110226097
77.48104072823492,13.00985110226097
77.50080366448555,13.00985110226097
77.53224469942973,13.00985110226097
77.54841437454388,13.00985110226097
77.5726688872151,13.00985110226097
77.59961834573869,13.00985110226097
77.65351726278585,13.00985110226097
77.6553138933541,13.00985110226097
77.66250041562705,13.00985110226097
77.66519536147942,13.00985110226097
77.74694205233429,13.00985110226097
77.75592520517549,13.00985110226097
77.76041678159608,13.00985110226097
77.77299319557376,13.00985110226097
77.40378561380064,13.01074941754509
77.42175191948303,13.01074941754509
77.43073507232423,13.01074941754509
77.44151485573366,13.01074941754509
77.48104072823492,13.01074941754509
77.51876997016794,13.01074941754509
77.54122785227092,13.01074941754509
77.55560089681683,13.01074941754509
77.60410992215928,13.01074941754509
77.64992400164938,13.01074941754509
77.67058525318413,13.01074941754509
77.68855155886652,13.01074941754509
77.69034818943476,13.01074941754509
77.70292460341243,13.01074941754509
77.70831449511715,13.01074941754509
77.72358585494719,13.01074941754509
77.72987406193602,13.01074941754509
77.7379588994931,13.01074941754509
77.75412857460725,13.01074941754509
77.75502688989137,13.01074941754509
77.75592520517549,13.01074941754509
77.76670498858492,13.01074941754509
77.77029824972139,13.01074941754509
77.40109066794828,13.011647732829209
77.41726034306242,13.011647732829209
77.4253451806195,13.011647732829209
77.43343001817658,13.011647732829209
77.5034986103379,13.011647732829209
77.56727899551039,13.011647732829209
77.58794024704514,13.011647732829209
77.59512676931809,13.011647732829209
77.63914421823995,13.011647732829209
77.64543242522879,13.011647732829209
77.64902568636526,13.011647732829209
77.66968693790001,13.011647732829209
77.68226335187768,13.011647732829209
77.70921281040127,13.011647732829209
77.71550101739011,13.011647732829209
77.74514542176605,13.011647732829209
77.76041678159608,13.011647732829209
77.7801797178467,13.011647732829209
77.79185781654027,13.011647732829209
77.43163338760834,13.012546048113329
77.44690474743837,13.012546048113329
77.466667683689,13.012546048113329
77.48553230465551,13.012546048113329
77.49002388107611,13.012546048113329
77.50619355619025,13.012546048113329
77.50888850204262,13.012546048113329
77.51876997016794,13.012546048113329
77.5582958426692,13.012546048113329
77.59422845403397,13.012546048113329
77.59961834573869,13.012546048113329
77.61578802085285,13.012546048113329
77.62297454312579,13.012546048113329
77.62387285840991,13.012546048113329
77.64094084880819,13.012546048113329
77.64363579466054,13.012546048113329
77.65890715449058,13.012546048113329
77.6598054697747,13.012546048113329
77.6642970461953,13.012546048113329
77.67328019903648,13.012546048113329
77.69394145057124,13.012546048113329
77.69933134227595,13.012546048113329
77.76311172744845,13.012546048113329
77.76850161915316,13.012546048113329
77.78107803313083,13.012546048113329
77.79006118597202,13.012546048113329
77.43522664874482,13.013444363397449
77.44690474743837,13.013444363397449
77.47295589067784,13.013444363397449
77.49361714221259,13.013444363397449
77.5034986103379,13.013444363397449
77.5178716548838,13.013444363397449
77.52595649244088,13.013444363397449
77.526854807725,13.013444363397449
77.52954975357737,13.013444363397449
77.5358379605662,13.013444363397449
77.53763459113445,13.013444363397449
77.54571942869151,13.013444363397449
77.57895709420394,13.013444363397449
77.58255035534042,13.013444363397449
77.58614361647689,13.013444363397449
77.58704193176102,13.013444363397449
77.60860149857989,13.013444363397449
77.6139913902846,13.013444363397449
77.63734758767171,13.013444363397449
77.65621220863822,13.013444363397449
77.67417851432062,13.013444363397449
77.68495829773005,13.013444363397449
77.68855155886652,13.013444363397449
77.70382291869656,13.013444363397449
77.71729764795835,13.013444363397449
77.73526395364074,13.013444363397449
77.74784036761841,13.013444363397449
77.76490835801668,13.013444363397449
77.41187045135771,13.014342678681569
77.42624349590362,13.014342678681569
77.45858284613192,13.014342678681569
77.46037947670017,13.014342678681569
77.489125565792,13.014342678681569
77.49810871863318,13.014342678681569
77.50080366448555,13.014342678681569
77.52056660073617,13.014342678681569
77.5313463841456,13.014342678681569
77.55200763568035,13.014342678681569
77.5636857343739,13.014342678681569
77.57356720249922,13.014342678681569
77.6139913902846,13.014342678681569
77.62207622784167,13.014342678681569
77.64363579466054,13.014342678681569
77.68136503659356,13.014342678681569
77.69394145057124,13.014342678681569
77.69483976585536,13.014342678681569
77.70022965756007,13.014342678681569
77.72089090909482,13.014342678681569
77.72358585494719,13.014342678681569
77.72807743136778,13.014342678681569
77.76221341216433,13.014342678681569
77.76311172744845,13.014342678681569
77.77568814142612,13.014342678681569
77.78646792483555,13.014342678681569
77.42893844175597,13.015240993965687
77.47654915181431,13.015240993965687
77.48283735880315,13.015240993965687
77.51876997016794,13.015240993965687
77.52505817715677,13.015240993965687
77.52595649244088,13.015240993965687
77.59692339988634,13.015240993965687
77.63465264181934,13.015240993965687
77.67058525318413,13.015240993965687
77.68495829773005,13.015240993965687
77.7056195492648,13.015240993965687
77.72358585494719,13.015240993965687
77.75233194403901,13.015240993965687
77.75502688989137,13.015240993965687
77.75951846631196,13.015240993965687
77.76221341216433,13.015240993965687
77.4019889832324,13.016139309249807
77.40468392908475,13.016139309249807
77.40737887493711,13.016139309249807
77.40917550550535,13.016139309249807
77.42444686533538,13.016139309249807
77.42714181118774,13.016139309249807
77.45139632385897,13.016139309249807
77.46846431425723,13.016139309249807
77.4801424129508,13.016139309249807
77.50978681732674,13.016139309249807
77.52056660073617,13.016139309249807
77.52146491602029,13.016139309249807
77.53853290641857,13.016139309249807
77.55200763568035,13.016139309249807
77.55380426624859,13.016139309249807
77.57356720249922,13.016139309249807
77.57895709420394,13.016139309249807
77.59153350818161,13.016139309249807
77.61758465142108,13.016139309249807
77.68046672130944,13.016139309249807
77.71460270210599,13.016139309249807
77.74963699818665,13.016139309249807
77.75502688989137,13.016139309249807
77.77389151085788,13.016139309249807
77.79455276239263,13.016139309249807
77.41187045135771,13.017037624533927
77.45858284613192,13.017037624533927
77.46846431425723,13.017037624533927
77.47205757539372,13.017037624533927
77.48822725050786,13.017037624533927
77.49361714221259,13.017037624533927
77.49990534920143,13.017037624533927
77.50799018675849,13.017037624533927
77.51427839374733,13.017037624533927
77.52056660073617,13.017037624533927
77.53943122170269,13.017037624533927
77.56638068022626,13.017037624533927
77.61039812914812,13.017037624533927
77.61219475971636,13.017037624533927
77.62207622784167,13.017037624533927
77.64812737108115,13.017037624533927
77.72178922437894,13.017037624533927
77.72987406193602,13.017037624533927
77.73077237722013,13.017037624533927
77.74604373705017,13.017037624533927
77.76041678159608,13.017037624533927
77.40917550550535,13.017935939818047
77.41366708192595,13.017935939818047
77.42175191948303,13.017935939818047
77.43253170289246,13.017935939818047
77.43343001817658,13.017935939818047
77.43881990988129,13.017935939818047
77.45498958499545,13.017935939818047
77.53493964528208,13.017935939818047
77.54661774397563,13.017935939818047
77.55110932039624,13.017935939818047
77.56099078852155,13.017935939818047
77.5771604636357,13.017935939818047
77.59692339988634,13.017935939818047
77.60860149857989,13.017935939818047
77.62926275011463,13.017935939818047
77.65711052392234,13.017935939818047
77.66878862261589,13.017935939818047
77.67148356846825,13.017935939818047
77.70022965756007,13.017935939818047
77.7056195492648,13.017935939818047
77.74065384534545,13.017935939818047
77.7613150968802,13.017935939818047
77.76939993443727,13.017935939818047
77.77119656500551,13.017935939818047
77.40737887493711,13.018834255102165
77.41456539721007,13.018834255102165
77.44959969329072,13.018834255102165
77.47744746709843,13.018834255102165
77.50888850204262,13.018834255102165
77.54122785227092,13.018834255102165
77.56009247323743,13.018834255102165
77.56188910380567,13.018834255102165
77.60231329159105,13.018834255102165
77.6184829667052,13.018834255102165
77.61938128198932,13.018834255102165
77.6508223169335,13.018834255102165
77.66609367676354,13.018834255102165
77.68675492829828,13.018834255102165
77.70022965756007,13.018834255102165
77.74514542176605,13.018834255102165
77.78467129426731,13.018834255102165
77.40468392908475,13.019732570386285
77.41905697363066,13.019732570386285
77.43702327931305,13.019732570386285
77.44061654044954,13.019732570386285
77.4433114863019,13.019732570386285
77.47475252124607,13.019732570386285
77.47924409766668,13.019732570386285
77.49271882692847,13.019732570386285
77.52326154658853,13.019732570386285
77.52595649244088,13.019732570386285
77.526854807725,13.019732570386285
77.5313463841456,13.019732570386285
77.53314301471384,13.019732570386285
77.5636857343739,13.019732570386285
77.57626214835157,13.019732570386285
77.57805877891983,13.019732570386285
77.57985540948806,13.019732570386285
77.61309307500048,13.019732570386285
77.61938128198932,13.019732570386285
77.62477117369403,13.019732570386285
77.6553138933541,13.019732570386285
77.74784036761841,13.019732570386285
77.75772183574372,13.019732570386285
77.76670498858492,13.019732570386285
77.78197634841496,13.019732570386285
77.40468392908475,13.020630885670405
77.40827719022123,13.020630885670405
77.42624349590362,13.020630885670405
77.46307442255252,13.020630885670405
77.52146491602029,13.020630885670405
77.54751605925976,13.020630885670405
77.5636857343739,13.020630885670405
77.56548236494214,13.020630885670405
77.57626214835157,13.020630885670405
77.57985540948806,13.020630885670405
77.58255035534042,13.020630885670405
77.58704193176102,13.020630885670405
77.59602508460222,13.020630885670405
77.69034818943476,13.020630885670405
77.69933134227595,13.020630885670405
77.70831449511715,13.020630885670405
77.71460270210599,13.020630885670405
77.71639933267423,13.020630885670405
77.75862015102784,13.020630885670405
77.76850161915316,13.020630885670405
77.77928140256259,13.020630885670405
77.78287466369908,13.020630885670405
77.40288729851652,13.021529200954525
77.41187045135771,13.021529200954525
77.41546371249419,13.021529200954525
77.41905697363066,13.021529200954525
77.45858284613192,13.021529200954525
77.48553230465551,13.021529200954525
77.526854807725,13.021529200954525
77.55110932039624,13.021529200954525
77.57985540948806,13.021529200954525
77.58075372477218,13.021529200954525
77.58704193176102,13.021529200954525
77.59602508460222,13.021529200954525
77.59782171517045,13.021529200954525
77.6139913902846,13.021529200954525
77.6328560112511,13.021529200954525
77.63734758767171,13.021529200954525
77.74155216062957,13.021529200954525
77.74424710648194,13.021529200954525
77.76221341216433,13.021529200954525
77.76939993443727,13.021529200954525
77.77748477199435,13.021529200954525
77.47295589067784,13.022427516238643
77.489125565792,13.022427516238643
77.49182051164435,13.022427516238643
77.50170197976966,13.022427516238643
77.51158344789498,13.022427516238643
77.51338007846321,13.022427516238643
77.5178716548838,13.022427516238643
77.52236323130441,13.022427516238643
77.52505817715677,13.022427516238643
77.526854807725,13.022427516238643
77.53853290641857,13.022427516238643
77.55200763568035,13.022427516238643
77.56009247323743,13.022427516238643
77.57536383306746,13.022427516238643
77.57895709420394,13.022427516238643
77.58704193176102,13.022427516238643
77.60680486801165,13.022427516238643
77.61129644443224,13.022427516238643
77.61488970556871,13.022427516238643
77.62117791255756,13.022427516238643
77.6364492723876,13.022427516238643
77.66789030733177,13.022427516238643
77.71909427852658,13.022427516238643
77.73885721477721,13.022427516238643
77.75772183574372,13.022427516238643
77.76850161915316,13.022427516238643
77.79634939296086,13.022427516238643
77.42175191948303,13.023325831522763
77.42354855005127,13.023325831522763
77.44690474743837,13.023325831522763
77.47475252124607,13.023325831522763
77.48643061993963,13.023325831522763
77.49271882692847,13.023325831522763
77.4945154574967,13.023325831522763
77.50799018675849,13.023325831522763
77.50978681732674,13.023325831522763
77.51876997016794,13.023325831522763
77.51966828545206,13.023325831522763
77.55649921210095,13.023325831522763
77.57895709420394,13.023325831522763
77.58524530119277,13.023325831522763
77.5906351928975,13.023325831522763
77.59961834573869,13.023325831522763
77.60410992215928,13.023325831522763
77.60680486801165,13.023325831522763
77.61039812914812,13.023325831522763
77.62836443483052,13.023325831522763
77.63375432653523,13.023325831522763
77.64633074051291,13.023325831522763
77.6508223169335,13.023325831522763
77.65441557806997,13.023325831522763
77.68495829773005,13.023325831522763
77.7056195492648,13.023325831522763
77.72268753966306,13.023325831522763
77.74514542176605,13.023325831522763
77.76221341216433,13.023325831522763
77.77838308727847,13.023325831522763
77.41905697363066,13.024224146806883
77.45858284613192,13.024224146806883
77.49631208806494,13.024224146806883
77.49900703391731,13.024224146806883
77.49990534920143,13.024224146806883
77.51697333959969,13.024224146806883
77.52954975357737,13.024224146806883
77.55290595096447,13.024224146806883
77.5636857343739,13.024224146806883
77.57356720249922,13.024224146806883
77.61578802085285,13.024224146806883
77.63016106539875,13.024224146806883
77.64094084880819,13.024224146806883
77.66070378505881,13.024224146806883
77.66878862261589,13.024224146806883
77.66968693790001,13.024224146806883
77.67417851432062,13.024224146806883
77.68226335187768,13.024224146806883
77.71550101739011,13.024224146806883
77.71639933267423,13.024224146806883
77.74514542176605,13.024224146806883
77.7837729789832,13.024224146806883
77.40917550550535,13.025122462091003
77.41276876664183,13.025122462091003
77.43343001817658,13.025122462091003
77.49721040334906,13.025122462091003
77.49810871863318,13.025122462091003
77.52865143829325,13.025122462091003
77.54122785227092,13.025122462091003
77.54212616755504,13.025122462091003
77.56009247323743,13.025122462091003
77.57626214835157,13.025122462091003
77.58614361647689,13.025122462091003
77.58794024704514,13.025122462091003
77.60590655272753,13.025122462091003
77.63465264181934,13.025122462091003
77.64633074051291,13.025122462091003
77.6598054697747,13.025122462091003
77.66519536147942,13.025122462091003
77.6786700907412,13.025122462091003
77.68855155886652,13.025122462091003
77.74784036761841,13.025122462091003
77.75053531347076,13.025122462091003
77.75143362875488,13.025122462091003
77.79455276239263,13.025122462091003
77.79634939296086,13.025122462091003
77.79724770824498,13.025122462091003
77.41905697363066,13.026020777375122
77.42265023476715,13.026020777375122
77.44151485573366,13.026020777375122
77.46037947670017,13.026020777375122
77.46127779198429,13.026020777375122
77.4621761072684,13.026020777375122
77.48553230465551,13.026020777375122
77.53224469942973,13.026020777375122
77.53404132999796,13.026020777375122
77.55470258153271,13.026020777375122
77.55649921210095,13.026020777375122
77.56099078852155,13.026020777375122
77.5816520400563,13.026020777375122
77.59422845403397,13.026020777375122
77.60231329159105,13.026020777375122
77.60860149857989,13.026020777375122
77.61039812914812,13.026020777375122
77.692144820003,13.026020777375122
77.70022965756007,13.026020777375122
77.71370438682187,13.026020777375122
77.7837729789832,13.026020777375122
77.79275613182439,13.026020777375122
77.40468392908475,13.026919092659242
77.43881990988129,13.026919092659242
77.44780306272249,13.026919092659242
77.49092219636023,13.026919092659242
77.50170197976966,13.026919092659242
77.51427839374733,13.026919092659242
77.55380426624859,13.026919092659242
77.57985540948806,13.026919092659242
77.58883856232926,13.026919092659242
77.60321160687516,13.026919092659242
77.609499813864,13.026919092659242
77.62656780426228,13.026919092659242
77.63824590295583,13.026919092659242
77.66519536147942,13.026919092659242
77.73256900778838,13.026919092659242
77.74334879119782,13.026919092659242
77.75412857460725,13.026919092659242
77.77568814142612,13.026919092659242
77.79095950125615,13.026919092659242
77.44959969329072,13.027817407943362
77.46127779198429,13.027817407943362
77.4711592601096,13.027817407943362
77.48463398937139,13.027817407943362
77.50170197976966,13.027817407943362
77.52236323130441,13.027817407943362
77.54302448283916,13.027817407943362
77.55919415795331,13.027817407943362
77.56009247323743,13.027817407943362
77.57177057193098,13.027817407943362
77.57626214835157,13.027817407943362
77.57985540948806,13.027817407943362
77.58255035534042,13.027817407943362
77.60321160687516,13.027817407943362
77.6050082374434,13.027817407943362
77.63824590295583,13.027817407943362
77.64004253352407,13.027817407943362
77.66070378505881,13.027817407943362
77.68495829773005,13.027817407943362
77.68675492829828,13.027817407943362
77.69753471170772,13.027817407943362
77.71819596324247,13.027817407943362
77.77838308727847,13.027817407943362
77.42085360419891,13.02871572322748
77.45139632385897,13.02871572322748
77.47565083653019,13.02871572322748
77.47654915181431,13.02871572322748
77.47834578238255,13.02871572322748
77.48283735880315,13.02871572322748
77.50080366448555,13.02871572322748
77.54841437454388,13.02871572322748
77.59422845403397,13.02871572322748
77.6184829667052,13.02871572322748
77.62836443483052,13.02871572322748
77.64094084880819,13.02871572322748
77.64543242522879,13.02871572322748
77.65621220863822,13.02871572322748
77.67148356846825,13.02871572322748
77.68585661301417,13.02871572322748
77.692144820003,13.02871572322748
77.71639933267423,13.02871572322748
77.7379588994931,13.02871572322748
77.73885721477721,13.02871572322748
77.75053531347076,13.02871572322748
77.75233194403901,13.02871572322748
77.79634939296086,13.02871572322748
77.79724770824498,13.02871572322748
77.40109066794828,13.0296140385116
77.42265023476715,13.0296140385116
77.44151485573366,13.0296140385116
77.47205757539372,13.0296140385116
77.48104072823492,13.0296140385116
77.489125565792,13.0296140385116
77.50439692562202,13.0296140385116
77.5403295369868,13.0296140385116
77.549312689828,13.0296140385116
77.61129644443224,13.0296140385116
77.63016106539875,13.0296140385116
77.64543242522879,13.0296140385116
77.66160210034293,13.0296140385116
77.67956840602533,13.0296140385116
77.71550101739011,13.0296140385116
77.71729764795835,13.0296140385116
77.71909427852658,13.0296140385116
77.72268753966306,13.0296140385116
77.75862015102784,13.0296140385116
77.76939993443727,13.0296140385116
77.77029824972139,13.0296140385116
77.774789826142,13.0296140385116
77.77748477199435,13.0296140385116
77.78287466369908,13.0296140385116
77.43971822516541,13.03051235379572
77.46487105312076,13.03051235379572
77.49810871863318,13.03051235379572
77.51966828545206,13.03051235379572
77.52326154658853,13.03051235379572
77.53763459113445,13.03051235379572
77.55380426624859,13.03051235379572
77.56548236494214,13.03051235379572
77.57087225664687,13.03051235379572
77.57805877891983,13.03051235379572
77.59961834573869,13.03051235379572
77.61668633613696,13.03051235379572
77.6274661195464,13.03051235379572
77.72987406193602,13.03051235379572
77.73436563835662,13.03051235379572
77.75951846631196,13.03051235379572
77.78556960955143,13.03051235379572
77.79634939296086,13.03051235379572
77.43792159459717,13.03141066907984
77.44151485573366,13.03141066907984
77.4621761072684,13.03141066907984
77.48822725050786,13.03141066907984
77.50170197976966,13.03141066907984
77.50709187147437,13.03141066907984
77.5178716548838,13.03141066907984
77.5448211134074,13.03141066907984
77.56188910380567,13.03141066907984
77.56278741908979,13.03141066907984
77.59422845403397,13.03141066907984
77.60231329159105,13.03141066907984
77.61219475971636,13.03141066907984
77.61758465142108,13.03141066907984
77.6553138933541,13.03141066907984
77.66609367676354,13.03141066907984
77.71729764795835,13.03141066907984
77.7568235204596,13.03141066907984
77.76221341216433,13.03141066907984
77.77029824972139,13.03141066907984
77.41546371249419,13.032308984363958
77.43343001817658,13.032308984363958
77.45678621556368,13.032308984363958
77.47744746709843,13.032308984363958
77.47834578238255,13.032308984363958
77.53044806886149,13.032308984363958
77.55200763568035,13.032308984363958
77.56099078852155,13.032308984363958
77.56278741908979,13.032308984363958
77.57985540948806,13.032308984363958
77.59153350818161,13.032308984363958
77.60860149857989,13.032308984363958
77.62566948897816,13.032308984363958
77.65261894750174,13.032308984363958
77.65441557806997,13.032308984363958
77.66789030733177,13.032308984363958
77.692144820003,13.032308984363958
77.70831449511715,13.032308984363958
77.79095950125615,13.032308984363958
77.40558224436887,13.033207299648078
77.41187045135771,13.033207299648078
77.41276876664183,13.033207299648078
77.44510811687013,13.033207299648078
77.466667683689,13.033207299648078
77.47385420596196,13.033207299648078
77.51427839374733,13.033207299648078
77.53314301471384,13.033207299648078
77.53493964528208,13.033207299648078
77.54841437454388,13.033207299648078
77.55649921210095,13.033207299648078
77.59782171517045,13.033207299648078
77.60410992215928,13.033207299648078
77.609499813864,13.033207299648078
77.68405998244593,13.033207299648078
77.71190775625362,13.033207299648078
77.71909427852658,13.033207299648078
77.75592520517549,13.033207299648078
77.76670498858492,13.033207299648078
77.774789826142,13.033207299648078
77.40648055965299,13.034105614932198
77.41815865834654,13.034105614932198
77.42085360419891,13.034105614932198
77.42175191948303,13.034105614932198
77.44959969329072,13.034105614932198
77.47565083653019,13.034105614932198
77.47744746709843,13.034105614932198
77.48104072823492,13.034105614932198
77.50529524090614,13.034105614932198
77.549312689828,13.034105614932198
77.56099078852155,13.034105614932198
77.57087225664687,13.034105614932198
77.57356720249922,13.034105614932198
77.63016106539875,13.034105614932198
77.63914421823995,13.034105614932198
77.68855155886652,13.034105614932198
77.73706058420898,13.034105614932198
77.7424504759137,13.034105614932198
77.7613150968802,13.034105614932198
77.76939993443727,13.034105614932198
77.7801797178467,13.034105614932198
77.78287466369908,13.034105614932198
77.41905697363066,13.035003930216318
77.42085360419891,13.035003930216318
77.42265023476715,13.035003930216318
77.42804012647186,13.035003930216318
77.489125565792,13.035003930216318
77.49361714221259,13.035003930216318
77.52954975357737,13.035003930216318
77.53493964528208,13.035003930216318
77.53853290641857,13.035003930216318
77.55200763568035,13.035003930216318
77.60321160687516,13.035003930216318
77.64094084880819,13.035003930216318
77.64812737108115,13.035003930216318
77.6642970461953,13.035003930216318
77.67417851432062,13.035003930216318
77.68495829773005,13.035003930216318
77.69034818943476,13.035003930216318
77.71819596324247,13.035003930216318
77.72358585494719,13.035003930216318
77.74334879119782,13.035003930216318
77.74604373705017,13.035003930216318
77.75053531347076,13.035003930216318
77.76041678159608,13.035003930216318
77.7613150968802,13.035003930216318
77.76850161915316,13.035003930216318
77.77748477199435,13.035003930216318
77.4433114863019,13.035902245500436
77.4487013780066,13.035902245500436
77.47385420596196,13.035902245500436
77.51966828545206,13.035902245500436
77.52954975357737,13.035902245500436
77.53763459113445,13.035902245500436
77.55021100511212,13.035902245500436
77.62117791255756,13.035902245500436
77.6418391640923,13.035902245500436
77.6876532435824,13.035902245500436
77.68855155886652,13.035902245500436
77.68944987415064,13.035902245500436
77.70202628812831,13.035902245500436
77.72089090909482,13.035902245500436
77.73526395364074,13.035902245500436
77.74604373705017,13.035902245500436
77.76311172744845,13.035902245500436
77.79545107767674,13.035902245500436
77.41366708192595,13.036800560784556
77.45139632385897,13.036800560784556
77.46397273783664,13.036800560784556
77.466667683689,13.036800560784556
77.47924409766668,13.036800560784556
77.50619355619025,13.036800560784556
77.5124817631791,13.036800560784556
77.51338007846321,13.036800560784556
77.56817731079451,13.036800560784556
77.56907562607863,13.036800560784556
77.58883856232926,13.036800560784556
77.61309307500048,13.036800560784556
77.62656780426228,13.036800560784556
77.63824590295583,13.036800560784556
77.64902568636526,13.036800560784556
77.65351726278585,13.036800560784556
77.67238188375237,13.036800560784556
77.6966363964236,13.036800560784556
77.69843302699184,13.036800560784556
77.71909427852658,13.036800560784556
77.7199925938107,13.036800560784556
77.72089090909482,13.036800560784556
77.72717911608366,13.036800560784556
77.7424504759137,13.036800560784556
77.76670498858492,13.036800560784556
77.4163620277783,13.037698876068676
77.41995528891478,13.037698876068676
77.44690474743837,13.037698876068676
77.45858284613192,13.037698876068676
77.46397273783664,13.037698876068676
77.4711592601096,13.037698876068676
77.48732893522374,13.037698876068676
77.49541377278082,13.037698876068676
77.5178716548838,13.037698876068676
77.52865143829325,13.037698876068676
77.53493964528208,13.037698876068676
77.53763459113445,13.037698876068676
77.55290595096447,13.037698876068676
77.58704193176102,13.037698876068676
77.5906351928975,13.037698876068676
77.61578802085285,13.037698876068676
77.6274661195464,13.037698876068676
77.65261894750174,13.037698876068676
77.6553138933541,13.037698876068676
77.6598054697747,13.037698876068676
77.67238188375237,13.037698876068676
77.69753471170772,13.037698876068676
77.71639933267423,13.037698876068676
77.73616226892486,13.037698876068676
77.77299319557376,13.037698876068676
77.77838308727847,13.037698876068676
77.7981460235291,13.037698876068676
77.42175191948303,13.038597191352796
77.42444686533538,13.038597191352796
77.42893844175597,13.038597191352796
77.43343001817658,13.038597191352796
77.4343283334607,13.038597191352796
77.46037947670017,13.038597191352796
77.46936262954137,13.038597191352796
77.48463398937139,13.038597191352796
77.48732893522374,13.038597191352796
77.50260029505378,13.038597191352796
77.51517670903145,13.038597191352796
77.51607502431557,13.038597191352796
77.5313463841456,13.038597191352796
77.53224469942973,13.038597191352796
77.53853290641857,13.038597191352796
77.5582958426692,13.038597191352796
77.58524530119277,13.038597191352796
77.60590655272753,13.038597191352796
77.609499813864,13.038597191352796
77.64633074051291,13.038597191352796
77.67328019903648,13.038597191352796
77.69843302699184,13.038597191352796
77.70022965756007,13.038597191352796
77.70741617983303,13.038597191352796
77.7110094409695,13.038597191352796
77.71190775625362,13.038597191352796
77.76670498858492,13.038597191352796
77.77029824972139,13.038597191352796
77.77568814142612,13.038597191352796
77.78107803313083,13.038597191352796
77.78467129426731,13.038597191352796
77.40288729851652,13.039495506636914
77.44151485573366,13.039495506636914
77.4621761072684,13.039495506636914
77.4711592601096,13.039495506636914
77.49361714221259,13.039495506636914
77.53673627585032,13.039495506636914
77.5403295369868,13.039495506636914
77.54212616755504,13.039495506636914
77.549312689828,13.039495506636914
77.56458404965802,13.039495506636914
77.6328560112511,13.039495506636914
77.63824590295583,13.039495506636914
77.64992400164938,13.039495506636914
77.6553138933541,13.039495506636914
77.75502688989137,13.039495506636914
77.76850161915316,13.039495506636914
77.77119656500551,13.039495506636914
77.77838308727847,13.039495506636914
77.77928140256259,13.039495506636914
77.41276876664183,13.040393821921034
77.42893844175597,13.040393821921034
77.45049800857485,13.040393821921034
77.46756599897311,13.040393821921034
77.48553230465551,13.040393821921034
77.49002388107611,13.040393821921034
77.50260029505378,13.040393821921034
77.52415986187265,13.040393821921034
77.56009247323743,13.040393821921034
77.58434698590865,13.040393821921034
77.61219475971636,13.040393821921034
77.65261894750174,13.040393821921034
77.66789030733177,13.040393821921034
77.72358585494719,13.040393821921034
77.76221341216433,13.040393821921034
77.40648055965299,13.041292137205154
77.41456539721007,13.041292137205154
77.4253451806195,13.041292137205154
77.5034986103379,13.041292137205154
77.51876997016794,13.041292137205154
77.53673627585032,13.041292137205154
77.56278741908979,13.041292137205154
77.6139913902846,13.041292137205154
77.62387285840991,13.041292137205154
77.62926275011463,13.041292137205154
77.64004253352407,13.041292137205154
77.6831616671618,13.041292137205154
77.74334879119782,13.041292137205154
77.74963699818665,13.041292137205154
77.75592520517549,13.041292137205154
77.7658066733008,13.041292137205154
77.7837729789832,13.041292137205154
77.78736624011967,13.041292137205154
77.47295589067784,13.042190452489274
77.47924409766668,13.042190452489274
77.48732893522374,13.042190452489274
77.526854807725,13.042190452489274
77.53224469942973,13.042190452489274
77.54751605925976,13.042190452489274
77.61039812914812,13.042190452489274
77.62207622784167,13.042190452489274
77.63016106539875,13.042190452489274
77.63105938068287,13.042190452489274
77.64633074051291,13.042190452489274
77.64992400164938,13.042190452489274
77.65261894750174,13.042190452489274
77.66699199204766,13.042190452489274
77.67956840602533,13.042190452489274
77.68226335187768,13.042190452489274
77.68405998244593,13.042190452489274
77.69573808113948,13.042190452489274
77.7199925938107,13.042190452489274
77.72807743136778,13.042190452489274
77.73436563835662,13.042190452489274
77.75772183574372,13.042190452489274
77.77838308727847,13.042190452489274
77.7891628706879,13.042190452489274
77.40378561380064,13.043088767773392
77.41905697363066,13.043088767773392
77.43702327931305,13.043088767773392
77.43971822516541,13.043088767773392
77.45139632385897,13.043088767773392
77.45588790027956,13.043088767773392
77.4711592601096,13.043088767773392
77.55470258153271,13.043088767773392
77.5582958426692,13.043088767773392
77.56817731079451,13.043088767773392
77.63375432653523,13.043088767773392
77.63555095710348,13.043088767773392
77.64902568636526,13.043088767773392
77.71190775625362,13.043088767773392
77.72089090909482,13.043088767773392
77.72178922437894,13.043088767773392
77.72987406193602,13.043088767773392
77.76221341216433,13.043088767773392
77.78646792483555,13.043088767773392
77.40109066794828,13.043987083057512
77.40558224436887,13.043987083057512
77.42444686533538,13.043987083057512
77.42804012647186,13.043987083057512
77.44780306272249,13.043987083057512
77.45049800857485,13.043987083057512
77.45229463914309,13.043987083057512
77.47654915181431,13.043987083057512
77.48463398937139,13.043987083057512
77.50529524090614,13.043987083057512
77.51876997016794,13.043987083057512
77.55200763568035,13.043987083057512
77.56997394136275,13.043987083057512
77.62027959727344,13.043987083057512
77.64543242522879,13.043987083057512
77.64992400164938,13.043987083057512
77.6642970461953,13.043987083057512
77.66878862261589,13.043987083057512
77.68136503659356,13.043987083057512
77.68405998244593,13.043987083057512
77.69304313528711,13.043987083057512
77.73706058420898,13.043987083057512
77.74424710648194,13.043987083057512
77.77119656500551,13.043987083057512
77.41276876664183,13.044885398341632
77.41456539721007,13.044885398341632
77.47295589067784,13.044885398341632
77.47385420596196,13.044885398341632
77.53044806886149,13.044885398341632
77.54302448283916,13.044885398341632
77.55560089681683,13.044885398341632
77.56458404965802,13.044885398341632
77.57805877891983,13.044885398341632
77.59961834573869,13.044885398341632
77.6050082374434,13.044885398341632
77.61219475971636,13.044885398341632
77.6831616671618,13.044885398341632
77.69843302699184,13.044885398341632
77.71550101739011,13.044885398341632
77.72538248551542,13.044885398341632
77.75143362875488,13.044885398341632
77.77209488028964,13.044885398341632
77.79185781654027,13.044885398341632
77.42714181118774,13.045783713625752
77.43343001817658,13.045783713625752
77.4343283334607,13.045783713625752
77.43702327931305,13.045783713625752
77.44241317101778,13.045783713625752
77.46576936840488,13.045783713625752
77.47295589067784,13.045783713625752
77.50799018675849,13.045783713625752
77.51068513261086,13.045783713625752
77.54571942869151,13.045783713625752
77.57087225664687,13.045783713625752
77.57985540948806,13.045783713625752
77.6050082374434,13.045783713625752
77.609499813864,13.045783713625752
77.62207622784167,13.045783713625752
77.67777177545709,13.045783713625752
77.692144820003,13.045783713625752
77.69483976585536,13.045783713625752
77.71011112568539,13.045783713625752
77.77299319557376,13.045783713625752
77.77928140256259,13.045783713625752
77.78646792483555,13.045783713625752
77.7981460235291,13.045783713625752
77.79904433881322,13.045783713625752
77.40827719022123,13.04668202890987
77.41366708192595,13.04668202890987
77.4163620277783,13.04668202890987
77.42354855005127,13.04668202890987
77.42804012647186,13.04668202890987
77.46576936840488,13.04668202890987
77.47385420596196,13.04668202890987
77.48373567408727,13.04668202890987
77.51876997016794,13.04668202890987
77.52415986187265,13.04668202890987
77.549312689828,13.04668202890987
77.56727899551039,13.04668202890987
77.57895709420394,13.04668202890987
77.5816520400563,13.04668202890987
77.62117791255756,13.04668202890987
77.6364492723876,13.04668202890987
77.65800883920646,13.04668202890987
77.6642970461953,13.04668202890987
77.66968693790001,13.04668202890987
77.75143362875488,13.04668202890987
77.77119656500551,13.04668202890987
77.78287466369908,13.04668202890987
77.78467129426731,13.04668202890987
77.79365444710851,13.04668202890987
77.43792159459717,13.04758034419399
77.4576845308478,13.04758034419399
77.49810871863318,13.04758034419399
77.51158344789498,13.04758034419399
77.5124817631791,13.04758034419399
77.55021100511212,13.04758034419399
77.55649921210095,13.04758034419399
77.56727899551039,13.04758034419399
77.57626214835157,13.04758034419399
77.58075372477218,13.04758034419399
77.59692339988634,13.04758034419399
77.6050082374434,13.04758034419399
77.61488970556871,13.04758034419399
77.6184829667052,13.04758034419399
77.62566948897816,13.04758034419399
77.63195769596699,13.04758034419399
77.63555095710348,13.04758034419399
77.64004253352407,13.04758034419399
77.66070378505881,13.04758034419399
77.69843302699184,13.04758034419399
77.70202628812831,13.04758034419399
77.70921281040127,13.04758034419399
77.71190775625362,13.04758034419399
77.72089090909482,13.04758034419399
77.72807743136778,13.04758034419399
77.75951846631196,13.04758034419399
77.77838308727847,13.04758034419399
77.40109066794828,13.04847865947811
77.41815865834654,13.04847865947811
77.43881990988129,13.04847865947811
77.45319295442721,13.04847865947811
77.45409126971133,13.04847865947811
77.47385420596196,13.04847865947811
77.50529524090614,13.04847865947811
77.51966828545206,13.04847865947811
77.53224469942973,13.04847865947811
77.55560089681683,13.04847865947811
77.56907562607863,13.04847865947811
77.57356720249922,13.04847865947811
77.61129644443224,13.04847865947811
77.63555095710348,13.04847865947811
77.67238188375237,13.04847865947811
77.67328019903648,13.04847865947811
77.68855155886652,13.04847865947811
77.692144820003,13.04847865947811
77.70022965756007,13.04847865947811
77.70112797284419,13.04847865947811
77.71729764795835,13.04847865947811
77.73616226892486,13.04847865947811
77.75951846631196,13.04847865947811
77.78197634841496,13.04847865947811
77.40468392908475,13.049376974762229
77.42085360419891,13.049376974762229
77.43163338760834,13.049376974762229
77.44600643215425,13.049376974762229
77.48193904351903,13.049376974762229
77.50170197976966,13.049376974762229
77.51427839374733,13.049376974762229
77.52146491602029,13.049376974762229
77.52415986187265,13.049376974762229
77.56727899551039,13.049376974762229
77.57356720249922,13.049376974762229
77.58973687761338,13.049376974762229
77.60051666102281,13.049376974762229
77.60141497630693,13.049376974762229
77.60680486801165,13.049376974762229
77.61668633613696,13.049376974762229
77.63105938068287,13.049376974762229
77.65890715449058,13.049376974762229
77.74514542176605,13.049376974762229
77.77389151085788,13.049376974762229
77.77928140256259,13.049376974762229
77.79365444710851,13.049376974762229
77.79545107767674,13.049376974762229
77.41905697363066,13.050275290046349
77.42175191948303,13.050275290046349
77.44241317101778,13.050275290046349
77.45319295442721,13.050275290046349
77.45678621556368,13.050275290046349
77.46756599897311,13.050275290046349
77.50260029505378,13.050275290046349
77.50978681732674,13.050275290046349
77.55739752738508,13.050275290046349
77.56099078852155,13.050275290046349
77.56548236494214,13.050275290046349
77.5726688872151,13.050275290046349
77.64004253352407,13.050275290046349
77.66878862261589,13.050275290046349
77.67777177545709,13.050275290046349
77.6876532435824,13.050275290046349
77.70651786454891,13.050275290046349
77.71729764795835,13.050275290046349
77.73436563835662,13.050275290046349
77.74963699818665,13.050275290046349
77.78197634841496,13.050275290046349
77.78826455540379,13.050275290046349
77.40288729851652,13.051173605330469
77.51517670903145,13.051173605330469
77.53673627585032,13.051173605330469
77.56278741908979,13.051173605330469
77.5906351928975,13.051173605330469
77.62836443483052,13.051173605330469
77.64812737108115,13.051173605330469
77.66789030733177,13.051173605330469
77.6876532435824,13.051173605330469
77.7056195492648,13.051173605330469
77.73885721477721,13.051173605330469
77.75323025932313,13.051173605330469
77.40917550550535,13.052071920614589
77.41276876664183,13.052071920614589
77.43702327931305,13.052071920614589
77.48283735880315,13.052071920614589
77.55560089681683,13.052071920614589
77.55919415795331,13.052071920614589
77.56907562607863,13.052071920614589
77.58883856232926,13.052071920614589
77.59422845403397,13.052071920614589
77.6050082374434,13.052071920614589
77.63105938068287,13.052071920614589
77.63555095710348,13.052071920614589
77.63824590295583,13.052071920614589
77.64363579466054,13.052071920614589
77.66699199204766,13.052071920614589
77.67777177545709,13.052071920614589
77.73436563835662,13.052071920614589
77.74065384534545,13.052071920614589
77.79904433881322,13.052071920614589
77.40917550550535,13.052970235898707
77.4343283334607,13.052970235898707
77.49541377278082,13.052970235898707
77.51607502431557,13.052970235898707
77.58524530119277,13.052970235898707
77.59961834573869,13.052970235898707
77.63016106539875,13.052970235898707
77.63734758767171,13.052970235898707
77.65711052392234,13.052970235898707
77.69034818943476,13.052970235898707
77.692144820003,13.052970235898707
77.74784036761841,13.052970235898707
77.79904433881322,13.052970235898707
77.40648055965299,13.053868551182827
77.42444686533538,13.053868551182827
77.4621761072684,13.053868551182827
77.46487105312076,13.053868551182827
77.46756599897311,13.053868551182827
77.52505817715677,13.053868551182827
77.5313463841456,13.053868551182827
77.53314301471384,13.053868551182827
77.54122785227092,13.053868551182827
77.55380426624859,13.053868551182827
77.55919415795331,13.053868551182827
77.5816520400563,13.053868551182827
77.61758465142108,13.053868551182827
77.64004253352407,13.053868551182827
77.65441557806997,13.053868551182827
77.67956840602533,13.053868551182827
77.71639933267423,13.053868551182827
77.73975553006133,13.053868551182827
77.75323025932313,13.053868551182827
77.77299319557376,13.053868551182827
77.4343283334607,13.054766866466947
77.43881990988129,13.054766866466947
77.45049800857485,13.054766866466947
77.47205757539372,13.054766866466947
77.49092219636023,13.054766866466947
77.51876997016794,13.054766866466947
77.57985540948806,13.054766866466947
77.64094084880819,13.054766866466947
77.64363579466054,13.054766866466947
77.64992400164938,13.054766866466947
77.68944987415064,13.054766866466947
77.70831449511715,13.054766866466947
77.71550101739011,13.054766866466947
77.71909427852658,13.054766866466947
77.72089090909482,13.054766866466947
77.73975553006133,13.054766866466947
77.76850161915316,13.054766866466947
77.7801797178467,13.054766866466947
77.79275613182439,13.054766866466947
77.44600643215425,13.055665181751067
77.45858284613192,13.055665181751067
77.4711592601096,13.055665181751067
77.48553230465551,13.055665181751067
77.4945154574967,13.055665181751067
77.50978681732674,13.055665181751067
77.55560089681683,13.055665181751067
77.5726688872151,13.055665181751067
77.60051666102281,13.055665181751067
77.62656780426228,13.055665181751067
77.63375432653523,13.055665181751067
77.65172063221762,13.055665181751067
77.67956840602533,13.055665181751067
77.70292460341243,13.055665181751067
77.73077237722013,13.055665181751067
77.78467129426731,13.055665181751067
77.4019889832324,13.056563497035185
77.43253170289246,13.056563497035185
77.44420980158601,13.056563497035185
77.4487013780066,13.056563497035185
77.49002388107611,13.056563497035185
77.49721040334906,13.056563497035185
77.50799018675849,13.056563497035185
77.51607502431557,13.056563497035185
77.53314301471384,13.056563497035185
77.5403295369868,13.056563497035185
77.54392279812328,13.056563497035185
77.58973687761338,13.056563497035185
77.59422845403397,13.056563497035185
77.61758465142108,13.056563497035185
77.62117791255756,13.056563497035185
77.65172063221762,13.056563497035185
77.67058525318413,13.056563497035185
77.67687346017297,13.056563497035185
77.692144820003,13.056563497035185
77.70651786454891,13.056563497035185
77.77209488028964,13.056563497035185
77.774789826142,13.056563497035185
77.42804012647186,13.057461812319305
77.4576845308478,13.057461812319305
77.46846431425723,13.057461812319305
77.47475252124607,13.057461812319305
77.49541377278082,13.057461812319305
77.50170197976966,13.057461812319305
77.53314301471384,13.057461812319305
77.5636857343739,13.057461812319305
77.56548236494214,13.057461812319305
77.5771604636357,13.057461812319305
77.6184829667052,13.057461812319305
77.63105938068287,13.057461812319305
77.6328560112511,13.057461812319305
77.64453410994466,13.057461812319305
77.64902568636526,13.057461812319305
77.65441557806997,13.057461812319305
77.67058525318413,13.057461812319305
77.67597514488885,13.057461812319305
77.68675492829828,13.057461812319305
77.69573808113948,13.057461812319305
77.74065384534545,13.057461812319305
77.75053531347076,13.057461812319305
77.7568235204596,13.057461812319305
77.75862015102784,13.057461812319305
77.75951846631196,13.057461812319305
77.78197634841496,13.057461812319305
77.41456539721007,13.058360127603425
77.4433114863019,13.058360127603425
77.45498958499545,13.058360127603425
77.4945154574967,13.058360127603425
77.52236323130441,13.058360127603425
77.53404132999796,13.058360127603425
77.5582958426692,13.058360127603425
77.58255035534042,13.058360127603425
77.59333013874985,13.058360127603425
77.64094084880819,13.058360127603425
77.64633074051291,13.058360127603425
77.67148356846825,13.058360127603425
77.68944987415064,13.058360127603425
77.69573808113948,13.058360127603425
77.73256900778838,13.058360127603425
77.7334673230725,13.058360127603425
77.73616226892486,13.058360127603425
77.75412857460725,13.058360127603425
77.76939993443727,13.058360127603425
77.77029824972139,13.058360127603425
77.77928140256259,13.058360127603425
77.79185781654027,13.058360127603425
77.79455276239263,13.058360127603425
77.45229463914309,13.059258442887545
77.4576845308478,13.059258442887545
77.466667683689,13.059258442887545
77.47654915181431,13.059258442887545
77.49182051164435,13.059258442887545
77.51876997016794,13.059258442887545
77.55110932039624,13.059258442887545
77.56188910380567,13.059258442887545
77.59692339988634,13.059258442887545
77.60321160687516,13.059258442887545
77.6553138933541,13.059258442887545
77.65890715449058,13.059258442887545
77.69573808113948,13.059258442887545
77.70022965756007,13.059258442887545
77.70472123398068,13.059258442887545
77.72268753966306,13.059258442887545
77.73616226892486,13.059258442887545
77.7837729789832,13.059258442887545
77.41905697363066,13.060156758171663
77.43792159459717,13.060156758171663
77.47744746709843,13.060156758171663
77.48104072823492,13.060156758171663
77.49990534920143,13.060156758171663
77.52415986187265,13.060156758171663
77.52865143829325,13.060156758171663
77.5403295369868,13.060156758171663
77.54122785227092,13.060156758171663
77.59782171517045,13.060156758171663
77.60141497630693,13.060156758171663
77.61309307500048,13.060156758171663
77.67058525318413,13.060156758171663
77.6786700907412,13.060156758171663
77.71639933267423,13.060156758171663
77.71729764795835,13.060156758171663
77.7244841702313,13.060156758171663
77.77838308727847,13.060156758171663
77.78197634841496,13.060156758171663
77.79095950125615,13.060156758171663
77.40288729851652,13.061055073455783
77.40917550550535,13.061055073455783
77.4163620277783,13.061055073455783
77.44151485573366,13.061055073455783
77.5178716548838,13.061055073455783
77.57177057193098,13.061055073455783
77.60770318329577,13.061055073455783
77.63555095710348,13.061055073455783
77.64363579466054,13.061055073455783
77.65441557806997,13.061055073455783
77.65711052392234,13.061055073455783
77.67238188375237,13.061055073455783
77.71011112568539,13.061055073455783
77.71280607153774,13.061055073455783
77.72807743136778,13.061055073455783
77.75323025932313,13.061055073455783
77.76670498858492,13.061055073455783
77.78556960955143,13.061055073455783
77.79275613182439,13.061055073455783
77.40648055965299,13.061953388739903
77.43073507232423,13.061953388739903
77.43522664874482,13.061953388739903
77.47026094482548,13.061953388739903
77.52595649244088,13.061953388739903
77.5358379605662,13.061953388739903
77.56727899551039,13.061953388739903
77.57356720249922,13.061953388739903
77.60590655272753,13.061953388739903
77.62656780426228,13.061953388739903
77.63195769596699,13.061953388739903
77.63734758767171,13.061953388739903
77.63914421823995,13.061953388739903
77.6418391640923,13.061953388739903
77.64363579466054,13.061953388739903
77.64453410994466,13.061953388739903
77.70292460341243,13.061953388739903
77.71550101739011,13.061953388739903
77.72268753966306,13.061953388739903
77.73975553006133,13.061953388739903
77.76490835801668,13.061953388739903
77.79634939296086,13.061953388739903
77.40648055965299,13.062851704024023
77.4433114863019,13.062851704024023
77.45588790027956,13.062851704024023
77.46576936840488,13.062851704024023
77.48463398937139,13.062851704024023
77.52146491602029,13.062851704024023
77.52415986187265,13.062851704024023
77.526854807725,13.062851704024023
77.53404132999796,13.062851704024023
77.58434698590865,13.062851704024023
77.62117791255756,13.062851704024023
77.6786700907412,13.062851704024023
77.6876532435824,13.062851704024023
77.69933134227595,13.062851704024023
77.73167069250425,13.062851704024023
77.76670498858492,13.062851704024023
77.41546371249419,13.063750019308142
77.42175191948303,13.063750019308142
77.42893844175597,13.063750019308142
77.43971822516541,13.063750019308142
77.44061654044954,13.063750019308142
77.44241317101778,13.063750019308142
77.4433114863019,13.063750019308142
77.44420980158601,13.063750019308142
77.49990534920143,13.063750019308142
77.54122785227092,13.063750019308142
77.54392279812328,13.063750019308142
77.54751605925976,13.063750019308142
77.56278741908979,13.063750019308142
77.5906351928975,13.063750019308142
77.59961834573869,13.063750019308142
77.62207622784167,13.063750019308142
77.63195769596699,13.063750019308142
77.6418391640923,13.063750019308142
77.6508223169335,13.063750019308142
77.67417851432062,13.063750019308142
77.67956840602533,13.063750019308142
77.68226335187768,13.063750019308142
77.7199925938107,13.063750019308142
77.74514542176605,13.063750019308142
77.76760330386904,13.063750019308142
77.77029824972139,13.063750019308142
77.7837729789832,13.063750019308142
77.78736624011967,13.063750019308142
77.43522664874482,13.064648334592261
77.43792159459717,13.064648334592261
77.44061654044954,13.064648334592261
77.45139632385897,13.064648334592261
77.45498958499545,13.064648334592261
77.50978681732674,13.064648334592261
77.55560089681683,13.064648334592261
77.57536383306746,13.064648334592261
77.57626214835157,13.064648334592261
77.58794024704514,13.064648334592261
77.59512676931809,13.064648334592261
77.62477117369403,13.064648334592261
77.6328560112511,13.064648334592261
77.64273747937642,13.064648334592261
77.66609367676354,13.064648334592261
77.67148356846825,13.064648334592261
77.72268753966306,13.064648334592261
77.74873868290253,13.064648334592261
77.77928140256259,13.064648334592261
77.7981460235291,13.064648334592261
77.40737887493711,13.065546649876381
77.41815865834654,13.065546649876381
77.41905697363066,13.065546649876381
77.45319295442721,13.065546649876381
77.45588790027956,13.065546649876381
77.46397273783664,13.065546649876381
77.46487105312076,13.065546649876381
77.48643061993963,13.065546649876381
77.48732893522374,13.065546649876381
77.49900703391731,13.065546649876381
77.50619355619025,13.065546649876381
77.50888850204262,13.065546649876381
77.52056660073617,13.065546649876381
77.53763459113445,13.065546649876381
77.57177057193098,13.065546649876381
77.58075372477218,13.065546649876381
77.60231329159105,13.065546649876381
77.6184829667052,13.065546649876381
77.64094084880819,13.065546649876381
77.65890715449058,13.065546649876381
77.68495829773005,13.065546649876381
77.68585661301417,13.065546649876381
77.69304313528711,13.065546649876381
77.69933134227595,13.065546649876381
77.71280607153774,13.065546649876381
77.77119656500551,13.065546649876381
77.77748477199435,13.065546649876381
77.40378561380064,13.0664449651605
77.40827719022123,13.0664449651605
77.41905697363066,13.0664449651605
77.42175191948303,13.0664449651605
77.42354855005127,13.0664449651605
77.45049800857485,13.0664449651605
77.4801424129508,13.0664449651605
77.48283735880315,13.0664449651605
77.51876997016794,13.0664449651605
77.52775312300912,13.0664449651605
77.53943122170269,13.0664449651605
77.5582958426692,13.0664449651605
77.58434698590865,13.0664449651605
77.58794024704514,13.0664449651605
77.59153350818161,13.0664449651605
77.60321160687516,13.0664449651605
77.66699199204766,13.0664449651605
77.67777177545709,13.0664449651605
77.68046672130944,13.0664449651605
77.73706058420898,13.0664449651605
77.76221341216433,13.0664449651605
77.77658645671023,13.0664449651605
77.7801797178467,13.0664449651605
77.78107803313083,13.0664449651605
77.78556960955143,13.0664449651605
77.7981460235291,13.0664449651605
77.41007382078946,13.06734328044462
77.41815865834654,13.06734328044462
77.43702327931305,13.06734328044462
77.46576936840488,13.06734328044462
77.46846431425723,13.06734328044462
77.489125565792,13.06734328044462
77.50799018675849,13.06734328044462
77.52415986187265,13.06734328044462
77.5448211134074,13.06734328044462
77.57087225664687,13.06734328044462
77.59512676931809,13.06734328044462
77.63195769596699,13.06734328044462
77.64543242522879,13.06734328044462
77.69483976585536,13.06734328044462
77.70292460341243,13.06734328044462
77.71460270210599,13.06734328044462
77.7199925938107,13.06734328044462
77.72178922437894,13.06734328044462
77.7244841702313,13.06734328044462
77.72538248551542,13.06734328044462
77.73077237722013,13.06734328044462
77.73436563835662,13.06734328044462
77.75233194403901,13.06734328044462
77.7981460235291,13.06734328044462
77.4253451806195,13.06824159572874
77.51607502431557,13.06824159572874
77.52146491602029,13.06824159572874
77.55110932039624,13.06824159572874
77.56727899551039,13.06824159572874
77.56907562607863,13.06824159572874
77.62207622784167,13.06824159572874
77.62656780426228,13.06824159572874
77.65621220863822,13.06824159572874
77.67777177545709,13.06824159572874
77.71370438682187,13.06824159572874
77.73706058420898,13.06824159572874
77.74155216062957,13.06824159572874
77.74604373705017,13.06824159572874
77.74694205233429,13.06824159572874
77.77658645671023,13.06824159572874
77.42085360419891,13.06913991101286
77.42624349590362,13.06913991101286
77.45409126971133,13.06913991101286
77.45678621556368,13.06913991101286
77.47744746709843,13.06913991101286
77.50170197976966,13.06913991101286
77.50978681732674,13.06913991101286
77.52146491602029,13.06913991101286
77.52775312300912,13.06913991101286
77.53763459113445,13.06913991101286
77.56638068022626,13.06913991101286
77.59333013874985,13.06913991101286
77.64094084880819,13.06913991101286
77.6418391640923,13.06913991101286
77.64633074051291,13.06913991101286
77.67777177545709,13.06913991101286
77.68855155886652,13.06913991101286
77.70022965756007,13.06913991101286
77.7199925938107,13.06913991101286
77.72089090909482,13.06913991101286
77.73167069250425,13.06913991101286
77.7613150968802,13.06913991101286
77.76221341216433,13.06913991101286
77.77928140256259,13.06913991101286
77.7801797178467,13.06913991101286
77.40378561380064,13.070038226296978
77.44420980158601,13.070038226296978
77.526854807725,13.070038226296978
77.54751605925976,13.070038226296978
77.56727899551039,13.070038226296978
77.58434698590865,13.070038226296978
77.59872003045457,13.070038226296978
77.61219475971636,13.070038226296978
77.6139913902846,13.070038226296978
77.61938128198932,13.070038226296978
77.63824590295583,13.070038226296978
77.64273747937642,13.070038226296978
77.64363579466054,13.070038226296978
77.69034818943476,13.070038226296978
77.70472123398068,13.070038226296978
77.71190775625362,13.070038226296978
77.78197634841496,13.070038226296978
77.40558224436887,13.070936541581098
77.42085360419891,13.070936541581098
77.49990534920143,13.070936541581098
77.51158344789498,13.070936541581098
77.51607502431557,13.070936541581098
77.59512676931809,13.070936541581098
77.60410992215928,13.070936541581098
77.60770318329577,13.070936541581098
77.61039812914812,13.070936541581098
77.61309307500048,13.070936541581098
77.6139913902846,13.070936541581098
77.62477117369403,13.070936541581098
77.64004253352407,13.070936541581098
77.6598054697747,13.070936541581098
77.6642970461953,13.070936541581098
77.7379588994931,13.070936541581098
77.74334879119782,13.070936541581098
77.75323025932313,13.070936541581098
77.7613150968802,13.070936541581098
77.46487105312076,13.071834856865218
77.46756599897311,13.071834856865218
77.47205757539372,13.071834856865218
77.47385420596196,13.071834856865218
77.50799018675849,13.071834856865218
77.51517670903145,13.071834856865218
77.5403295369868,13.071834856865218
77.57536383306746,13.071834856865218
77.58255035534042,13.071834856865218
77.63195769596699,13.071834856865218
77.64273747937642,13.071834856865218
77.67148356846825,13.071834856865218
77.67687346017297,13.071834856865218
77.68495829773005,13.071834856865218
77.70741617983303,13.071834856865218
77.72807743136778,13.071834856865218
77.75592520517549,13.071834856865218
77.77209488028964,13.071834856865218
77.7981460235291,13.071834856865218
77.40468392908475,13.072733172149338
77.42714181118774,13.072733172149338
77.43881990988129,13.072733172149338
77.44061654044954,13.072733172149338
77.44780306272249,13.072733172149338
77.46127779198429,13.072733172149338
77.51338007846321,13.072733172149338
77.51697333959969,13.072733172149338
77.52415986187265,13.072733172149338
77.5403295369868,13.072733172149338
77.55380426624859,13.072733172149338
77.56817731079451,13.072733172149338
77.58344867062453,13.072733172149338
77.58883856232926,13.072733172149338
77.609499813864,13.072733172149338
77.61668633613696,13.072733172149338
77.67777177545709,13.072733172149338
77.72358585494719,13.072733172149338
77.75772183574372,13.072733172149338
77.774789826142,13.072733172149338
77.7891628706879,13.072733172149338
77.79275613182439,13.072733172149338
77.79724770824498,13.072733172149338
77.40827719022123,13.073631487433456
77.41546371249419,13.073631487433456
77.42624349590362,13.073631487433456
77.42714181118774,13.073631487433456
77.43522664874482,13.073631487433456
77.44780306272249,13.073631487433456
77.48643061993963,13.073631487433456
77.51607502431557,13.073631487433456
77.52146491602029,13.073631487433456
77.549312689828,13.073631487433456
77.56727899551039,13.073631487433456
77.59153350818161,13.073631487433456
77.62387285840991,13.073631487433456
77.62836443483052,13.073631487433456
77.64273747937642,13.073631487433456
77.65800883920646,13.073631487433456
77.68136503659356,13.073631487433456
77.68944987415064,13.073631487433456
77.70202628812831,13.073631487433456
77.74694205233429,13.073631487433456
77.7837729789832,13.073631487433456
77.7981460235291,13.073631487433456
77.40468392908475,13.074529802717576
77.44600643215425,13.074529802717576
77.45139632385897,13.074529802717576
77.51338007846321,13.074529802717576
77.52415986187265,13.074529802717576
77.549312689828,13.074529802717576
77.5636857343739,13.074529802717576
77.56727899551039,13.074529802717576
77.62117791255756,13.074529802717576
77.6328560112511,13.074529802717576
77.64543242522879,13.074529802717576
77.65711052392234,13.074529802717576
77.6786700907412,13.074529802717576
77.71190775625362,13.074529802717576
77.71460270210599,13.074529802717576
77.71909427852658,13.074529802717576
77.7244841702313,13.074529802717576
77.72717911608366,13.074529802717576
77.73167069250425,13.074529802717576
77.73526395364074,13.074529802717576
77.74784036761841,13.074529802717576
77.75502688989137,13.074529802717576
77.43163338760834,13.075428118001696
77.45858284613192,13.075428118001696
77.48732893522374,13.075428118001696
77.55560089681683,13.075428118001696
77.55919415795331,13.075428118001696
77.56458404965802,13.075428118001696
77.56817731079451,13.075428118001696
77.57177057193098,13.075428118001696
77.6184829667052,13.075428118001696
77.64543242522879,13.075428118001696
77.65351726278585,13.075428118001696
77.65890715449058,13.075428118001696
77.6598054697747,13.075428118001696
77.6966363964236,13.075428118001696
77.70022965756007,13.075428118001696
77.73167069250425,13.075428118001696
77.73436563835662,13.075428118001696
77.75412857460725,13.075428118001696
77.79904433881322,13.075428118001696
77.43522664874482,13.076326433285816
77.45139632385897,13.076326433285816
77.4801424129508,13.076326433285816
77.49182051164435,13.076326433285816
77.49721040334906,13.076326433285816
77.49900703391731,13.076326433285816
77.51338007846321,13.076326433285816
77.52146491602029,13.076326433285816
77.53763459113445,13.076326433285816
77.58255035534042,13.076326433285816
77.60860149857989,13.076326433285816
77.6139913902846,13.076326433285816
77.64812737108115,13.076326433285816
77.6598054697747,13.076326433285816
77.66250041562705,13.076326433285816
77.72717911608366,13.076326433285816
77.73526395364074,13.076326433285816
77.74694205233429,13.076326433285816
77.75143362875488,13.076326433285816
77.75592520517549,13.076326433285816
77.78287466369908,13.076326433285816
77.44241317101778,13.077224748569934
77.466667683689,13.077224748569934
77.48732893522374,13.077224748569934
77.49541377278082,13.077224748569934
77.56278741908979,13.077224748569934
77.57536383306746,13.077224748569934
77.5771604636357,13.077224748569934
77.59872003045457,13.077224748569934
77.62477117369403,13.077224748569934
77.6274661195464,13.077224748569934
77.64812737108115,13.077224748569934
77.64902568636526,13.077224748569934
77.68495829773005,13.077224748569934
77.69034818943476,13.077224748569934
77.77299319557376,13.077224748569934
77.42265023476715,13.078123063854054
77.43073507232423,13.078123063854054
77.43881990988129,13.078123063854054
77.49990534920143,13.078123063854054
77.54571942869151,13.078123063854054
77.55739752738508,13.078123063854054
77.59422845403397,13.078123063854054
77.60680486801165,13.078123063854054
77.63734758767171,13.078123063854054
77.65800883920646,13.078123063854054
77.66699199204766,13.078123063854054
77.67597514488885,13.078123063854054
77.68405998244593,13.078123063854054
77.68495829773005,13.078123063854054
77.70382291869656,13.078123063854054
77.73167069250425,13.078123063854054
77.75502688989137,13.078123063854054
77.77209488028964,13.078123063854054
77.79455276239263,13.078123063854054
77.40378561380064,13.079021379138174
77.41546371249419,13.079021379138174
77.47744746709843,13.079021379138174
77.54392279812328,13.079021379138174
77.55739752738508,13.079021379138174
77.5726688872151,13.079021379138174
77.58704193176102,13.079021379138174
77.63734758767171,13.079021379138174
77.63914421823995,13.079021379138174
77.67328019903648,13.079021379138174
77.692144820003,13.079021379138174
77.70382291869656,13.079021379138174
77.72358585494719,13.079021379138174
77.72538248551542,13.079021379138174
77.79006118597202,13.079021379138174
77.40827719022123,13.079919694422294
77.44510811687013,13.079919694422294
77.44780306272249,13.079919694422294
77.5313463841456,13.079919694422294
77.55470258153271,13.079919694422294
77.56188910380567,13.079919694422294
77.56548236494214,13.079919694422294
77.59153350818161,13.079919694422294
77.59602508460222,13.079919694422294
77.60410992215928,13.079919694422294
77.6050082374434,13.079919694422294
77.62297454312579,13.079919694422294
77.63375432653523,13.079919694422294
77.63734758767171,13.079919694422294
77.63824590295583,13.079919694422294
77.66878862261589,13.079919694422294
77.67417851432062,13.079919694422294
77.67687346017297,13.079919694422294
77.6831616671618,13.079919694422294
77.69124650471888,13.079919694422294
77.69573808113948,13.079919694422294
77.71819596324247,13.079919694422294
77.73077237722013,13.079919694422294
77.73706058420898,13.079919694422294
77.75862015102784,13.079919694422294
77.7837729789832,13.079919694422294
77.4019889832324,13.080818009706412
77.41456539721007,13.080818009706412
77.41905697363066,13.080818009706412
77.43971822516541,13.080818009706412
77.44780306272249,13.080818009706412
77.4487013780066,13.080818009706412
77.45588790027956,13.080818009706412
77.52326154658853,13.080818009706412
77.53853290641857,13.080818009706412
77.54392279812328,13.080818009706412
77.5448211134074,13.080818009706412
77.55200763568035,13.080818009706412
77.55560089681683,13.080818009706412
77.5636857343739,13.080818009706412
77.57626214835157,13.080818009706412
77.58524530119277,13.080818009706412
77.61488970556871,13.080818009706412
77.62207622784167,13.080818009706412
77.62656780426228,13.080818009706412
77.6274661195464,13.080818009706412
77.65261894750174,13.080818009706412
77.66339873091117,13.080818009706412
77.6786700907412,13.080818009706412
77.69034818943476,13.080818009706412
77.71729764795835,13.080818009706412
77.72358585494719,13.080818009706412
77.7289757466519,13.080818009706412
77.72987406193602,13.080818009706412
77.74065384534545,13.080818009706412
77.75772183574372,13.080818009706412
77.41815865834654,13.081716324990532
77.47924409766668,13.081716324990532
77.49631208806494,13.081716324990532
77.56099078852155,13.081716324990532
77.56997394136275,13.081716324990532
77.58973687761338,13.081716324990532
77.609499813864,13.081716324990532
77.64004253352407,13.081716324990532
77.64543242522879,13.081716324990532
77.66699199204766,13.081716324990532
77.68046672130944,13.081716324990532
77.68136503659356,13.081716324990532
77.72628080079954,13.081716324990532
77.75862015102784,13.081716324990532
77.40737887493711,13.082614640274652
77.41456539721007,13.082614640274652
77.41905697363066,13.082614640274652
77.42175191948303,13.082614640274652
77.42354855005127,13.082614640274652
77.46037947670017,13.082614640274652
77.46487105312076,13.082614640274652
77.46936262954137,13.082614640274652
77.47475252124607,13.082614640274652
77.55919415795331,13.082614640274652
77.57805877891983,13.082614640274652
77.58075372477218,13.082614640274652
77.58255035534042,13.082614640274652
77.6598054697747,13.082614640274652
77.68855155886652,13.082614640274652
77.73167069250425,13.082614640274652
77.7379588994931,13.082614640274652
77.7801797178467,13.082614640274652
77.78107803313083,13.082614640274652
77.79455276239263,13.082614640274652
77.40109066794828,13.08351295555877
77.40468392908475,13.08351295555877
77.4253451806195,13.08351295555877
77.45409126971133,13.08351295555877
77.48553230465551,13.08351295555877
77.49002388107611,13.08351295555877
77.5034986103379,13.08351295555877
77.53493964528208,13.08351295555877
77.58614361647689,13.08351295555877
77.60231329159105,13.08351295555877
77.64722905579703,13.08351295555877
77.6642970461953,13.08351295555877
77.68855155886652,13.08351295555877
77.70741617983303,13.08351295555877
77.71011112568539,13.08351295555877
77.71460270210599,13.08351295555877
77.774789826142,13.08351295555877
77.7801797178467,13.08351295555877
77.79006118597202,13.08351295555877
77.4019889832324,13.08441127084289
77.40378561380064,13.08441127084289
77.41905697363066,13.08441127084289
77.41995528891478,13.08441127084289
77.42265023476715,13.08441127084289
77.4253451806195,13.08441127084289
77.47744746709843,13.08441127084289
77.49092219636023,13.08441127084289
77.51517670903145,13.08441127084289
77.56099078852155,13.08441127084289
77.56817731079451,13.08441127084289
77.57985540948806,13.08441127084289
77.58883856232926,13.08441127084289
77.65261894750174,13.08441127084289
77.66699199204766,13.08441127084289
77.7110094409695,13.08441127084289
77.71550101739011,13.08441127084289
77.77568814142612,13.08441127084289
77.40378561380064,13.08530958612701
77.46307442255252,13.08530958612701
77.50529524090614,13.08530958612701
77.53493964528208,13.08530958612701
77.56548236494214,13.08530958612701
77.58255035534042,13.08530958612701
77.58614361647689,13.08530958612701
77.59333013874985,13.08530958612701
77.60141497630693,13.08530958612701
77.63914421823995,13.08530958612701
77.64273747937642,13.08530958612701
77.68855155886652,13.08530958612701
77.6966363964236,13.08530958612701
77.71550101739011,13.08530958612701
77.73256900778838,13.08530958612701
77.79185781654027,13.08530958612701
77.79365444710851,13.08530958612701
77.4163620277783,13.08620790141113
77.42354855005127,13.08620790141113
77.43522664874482,13.08620790141113
77.46127779198429,13.08620790141113
77.47295589067784,13.08620790141113
77.47385420596196,13.08620790141113
77.5358379605662,13.08620790141113
77.55919415795331,13.08620790141113
77.57805877891983,13.08620790141113
77.57985540948806,13.08620790141113
77.59512676931809,13.08620790141113
77.63465264181934,13.08620790141113
77.6876532435824,13.08620790141113
77.68944987415064,13.08620790141113
77.72628080079954,13.08620790141113
77.72987406193602,13.08620790141113
77.73256900778838,13.08620790141113
77.40378561380064,13.087106216695249
77.41815865834654,13.087106216695249
77.42893844175597,13.087106216695249
77.44600643215425,13.087106216695249
77.45858284613192,13.087106216695249
77.47834578238255,13.087106216695249
77.4945154574967,13.087106216695249
77.50619355619025,13.087106216695249
77.54122785227092,13.087106216695249
77.59512676931809,13.087106216695249
77.61129644443224,13.087106216695249
77.61219475971636,13.087106216695249
77.65890715449058,13.087106216695249
77.6966363964236,13.087106216695249
77.69843302699184,13.087106216695249
77.70202628812831,13.087106216695249
77.7056195492648,13.087106216695249
77.72358585494719,13.087106216695249
77.75412857460725,13.087106216695249
77.7568235204596,13.087106216695249
77.75772183574372,13.087106216695249
77.77928140256259,13.087106216695249
77.78107803313083,13.087106216695249
77.44151485573366,13.088004531979369
77.49631208806494,13.088004531979369
77.55110932039624,13.088004531979369
77.61309307500048,13.088004531979369
77.6184829667052,13.088004531979369
77.62656780426228,13.088004531979369
77.62836443483052,13.088004531979369
77.64094084880819,13.088004531979369
77.64453410994466,13.088004531979369
77.66160210034293,13.088004531979369
77.68405998244593,13.088004531979369
77.68585661301417,13.088004531979369
77.69573808113948,13.088004531979369
77.69843302699184,13.088004531979369
77.70651786454891,13.088004531979369
77.7244841702313,13.088004531979369
77.73256900778838,13.088004531979369
77.73975553006133,13.088004531979369
77.74873868290253,13.088004531979369
77.77209488028964,13.088004531979369
77.78467129426731,13.088004531979369
77.41546371249419,13.088902847263489
77.42624349590362,13.088902847263489
77.48193904351903,13.088902847263489
77.49721040334906,13.088902847263489
77.51697333959969,13.088902847263489
77.52236323130441,13.088902847263489
77.53673627585032,13.088902847263489
77.53763459113445,13.088902847263489
77.53943122170269,13.088902847263489
77.54212616755504,13.088902847263489
77.549312689828,13.088902847263489
77.57356720249922,13.088902847263489
77.58614361647689,13.088902847263489
77.62836443483052,13.088902847263489
77.63375432653523,13.088902847263489
77.65172063221762,13.088902847263489
77.67417851432062,13.088902847263489
77.68405998244593,13.088902847263489
77.69753471170772,13.088902847263489
77.71011112568539,13.088902847263489
77.72089090909482,13.088902847263489
77.72268753966306,13.088902847263489
77.78197634841496,13.088902847263489
77.4109721360736,13.089801162547609
77.42804012647186,13.089801162547609
77.42983675704009,13.089801162547609
77.43343001817658,13.089801162547609
77.47205757539372,13.089801162547609
77.47565083653019,13.089801162547609
77.489125565792,13.089801162547609
77.50170197976966,13.089801162547609
77.53314301471384,13.089801162547609
77.54212616755504,13.089801162547609
77.549312689828,13.089801162547609
77.55739752738508,13.089801162547609
77.57087225664687,13.089801162547609
77.5726688872151,13.089801162547609
77.5771604636357,13.089801162547609
77.60410992215928,13.089801162547609
77.6508223169335,13.089801162547609
77.67687346017297,13.089801162547609
77.70022965756007,13.089801162547609
77.77838308727847,13.089801162547609
77.7837729789832,13.089801162547609
77.40109066794828,13.090699477831727
77.52595649244088,13.090699477831727
77.55560089681683,13.090699477831727
77.57356720249922,13.090699477831727
77.60141497630693,13.090699477831727
77.63734758767171,13.090699477831727
77.64902568636526,13.090699477831727
77.65172063221762,13.090699477831727
77.68046672130944,13.090699477831727
77.70472123398068,13.090699477831727
77.71370438682187,13.090699477831727
77.71639933267423,13.090699477831727
77.72089090909482,13.090699477831727
77.73256900778838,13.090699477831727
77.74694205233429,13.090699477831727
77.75951846631196,13.090699477831727
77.77838308727847,13.090699477831727
77.78287466369908,13.090699477831727
77.44061654044954,13.091597793115847
77.49541377278082,13.091597793115847
77.50260029505378,13.091597793115847
77.51338007846321,13.091597793115847
77.51427839374733,13.091597793115847
77.56009247323743,13.091597793115847
77.59153350818161,13.091597793115847
77.62117791255756,13.091597793115847
77.65890715449058,13.091597793115847
77.67956840602533,13.091597793115847
77.69124650471888,13.091597793115847
77.7244841702313,13.091597793115847
77.72538248551542,13.091597793115847
77.73616226892486,13.091597793115847
77.75502688989137,13.091597793115847
77.42085360419891,13.092496108399967
77.46576936840488,13.092496108399967
77.49002388107611,13.092496108399967
77.50888850204262,13.092496108399967
77.52775312300912,13.092496108399967
77.53314301471384,13.092496108399967
77.53943122170269,13.092496108399967
77.549312689828,13.092496108399967
77.58524530119277,13.092496108399967
77.62207622784167,13.092496108399967
77.62566948897816,13.092496108399967
77.66160210034293,13.092496108399967
77.68046672130944,13.092496108399967
77.69573808113948,13.092496108399967
77.6966363964236,13.092496108399967
77.7056195492648,13.092496108399967
77.71280607153774,13.092496108399967
77.72807743136778,13.092496108399967
77.73526395364074,13.092496108399967
77.74694205233429,13.092496108399967
77.75412857460725,13.092496108399967
77.7837729789832,13.092496108399967
77.4019889832324,13.093394423684087
77.41366708192595,13.093394423684087
77.43073507232423,13.093394423684087
77.4343283334607,13.093394423684087
77.43702327931305,13.093394423684087
77.46127779198429,13.093394423684087
77.47565083653019,13.093394423684087
77.47924409766668,13.093394423684087
77.56907562607863,13.093394423684087
77.57536383306746,13.093394423684087
77.58255035534042,13.093394423684087
77.58524530119277,13.093394423684087
77.6274661195464,13.093394423684087
77.64633074051291,13.093394423684087
77.6553138933541,13.093394423684087
77.67507682960473,13.093394423684087
77.69753471170772,13.093394423684087
77.72089090909482,13.093394423684087
77.74784036761841,13.093394423684087
77.75143362875488,13.093394423684087
77.77029824972139,13.093394423684087
77.41187045135771,13.094292738968205
77.42983675704009,13.094292738968205
77.47744746709843,13.094292738968205
77.49721040334906,13.094292738968205
77.49900703391731,13.094292738968205
77.51427839374733,13.094292738968205
77.52865143829325,13.094292738968205
77.54122785227092,13.094292738968205
77.61758465142108,13.094292738968205
77.64543242522879,13.094292738968205
77.66160210034293,13.094292738968205
77.67238188375237,13.094292738968205
77.67687346017297,13.094292738968205
77.67956840602533,13.094292738968205
77.71909427852658,13.094292738968205
77.75053531347076,13.094292738968205
77.75502688989137,13.094292738968205
77.78197634841496,13.094292738968205
77.78467129426731,13.094292738968205
77.78736624011967,13.094292738968205
77.79724770824498,13.094292738968205
77.41276876664183,13.095191054252325
77.41456539721007,13.095191054252325
77.41726034306242,13.095191054252325
77.42265023476715,13.095191054252325
77.42804012647186,13.095191054252325
77.44420980158601,13.095191054252325
77.45139632385897,13.095191054252325
77.4711592601096,13.095191054252325
77.489125565792,13.095191054252325
77.58794024704514,13.095191054252325
77.59512676931809,13.095191054252325
77.61938128198932,13.095191054252325
77.6553138933541,13.095191054252325
77.66968693790001,13.095191054252325
77.68136503659356,13.095191054252325
77.70292460341243,13.095191054252325
77.70831449511715,13.095191054252325
77.7244841702313,13.095191054252325
77.7424504759137,13.095191054252325
77.74514542176605,13.095191054252325
77.74694205233429,13.095191054252325
77.74873868290253,13.095191054252325
77.7613150968802,13.095191054252325
77.77029824972139,13.095191054252325
77.77748477199435,13.095191054252325
77.79455276239263,13.095191054252325
77.40468392908475,13.096089369536445
77.40827719022123,13.096089369536445
77.44241317101778,13.096089369536445
77.44780306272249,13.096089369536445
77.4487013780066,13.096089369536445
77.46936262954137,13.096089369536445
77.489125565792,13.096089369536445
77.50619355619025,13.096089369536445
77.56548236494214,13.096089369536445
77.58344867062453,13.096089369536445
77.64004253352407,13.096089369536445
77.6642970461953,13.096089369536445
77.68136503659356,13.096089369536445
77.7110094409695,13.096089369536445
77.73167069250425,13.096089369536445
77.73616226892486,13.096089369536445
77.73706058420898,13.096089369536445
77.74424710648194,13.096089369536445
77.41187045135771,13.096987684820565
77.42893844175597,13.096987684820565
77.44151485573366,13.096987684820565
77.44510811687013,13.096987684820565
77.45588790027956,13.096987684820565
77.52595649244088,13.096987684820565
77.52954975357737,13.096987684820565
77.57087225664687,13.096987684820565
77.60680486801165,13.096987684820565
77.61129644443224,13.096987684820565
77.61578802085285,13.096987684820565
77.66070378505881,13.096987684820565
77.67058525318413,13.096987684820565
77.68136503659356,13.096987684820565
77.71819596324247,13.096987684820565
77.74155216062957,13.096987684820565
77.75233194403901,13.096987684820565
77.76850161915316,13.096987684820565
77.774789826142,13.096987684820565
77.78197634841496,13.096987684820565
77.78467129426731,13.096987684820565
77.78556960955143,13.096987684820565
77.40827719022123,13.097886000104683
77.45498958499545,13.097886000104683
77.48283735880315,13.097886000104683
77.48373567408727,13.097886000104683
77.49900703391731,13.097886000104683
77.50080366448555,13.097886000104683
77.55021100511212,13.097886000104683
77.56907562607863,13.097886000104683
77.58075372477218,13.097886000104683
77.59782171517045,13.097886000104683
77.6364492723876,13.097886000104683
77.63914421823995,13.097886000104683
77.64094084880819,13.097886000104683
77.64453410994466,13.097886000104683
77.64543242522879,13.097886000104683
77.65800883920646,13.097886000104683
77.67328019903648,13.097886000104683
77.70741617983303,13.097886000104683
77.70831449511715,13.097886000104683
77.71280607153774,13.097886000104683
77.71819596324247,13.097886000104683
77.7289757466519,13.097886000104683
77.73526395364074,13.097886000104683
77.77748477199435,13.097886000104683
77.40648055965299,13.098784315388803
77.41007382078946,13.098784315388803
77.41456539721007,13.098784315388803
77.41546371249419,13.098784315388803
77.42714181118774,13.098784315388803
77.44600643215425,13.098784315388803
77.44780306272249,13.098784315388803
77.46127779198429,13.098784315388803
77.50978681732674,13.098784315388803
77.53763459113445,13.098784315388803
77.5582958426692,13.098784315388803
77.56099078852155,13.098784315388803
77.5726688872151,13.098784315388803
77.58344867062453,13.098784315388803
77.59961834573869,13.098784315388803
77.61668633613696,13.098784315388803
77.61938128198932,13.098784315388803
77.62926275011463,13.098784315388803
77.65800883920646,13.098784315388803
77.692144820003,13.098784315388803
77.73167069250425,13.098784315388803
77.7379588994931,13.098784315388803
77.76850161915316,13.098784315388803
77.7801797178467,13.098784315388803
77.79545107767674,13.098784315388803
77.41726034306242,13.099682630672923
77.45678621556368,13.099682630672923
77.4945154574967,13.099682630672923
77.50888850204262,13.099682630672923
77.53224469942973,13.099682630672923
77.56458404965802,13.099682630672923
77.57446551778334,13.099682630672923
77.61309307500048,13.099682630672923
77.61668633613696,13.099682630672923
77.65800883920646,13.099682630672923
77.67687346017297,13.099682630672923
77.68405998244593,13.099682630672923
77.7056195492648,13.099682630672923
77.70741617983303,13.099682630672923
77.70921281040127,13.099682630672923
77.72089090909482,13.099682630672923
77.73436563835662,13.099682630672923
77.74514542176605,13.099682630672923
77.77029824972139,13.099682630672923
77.77658645671023,13.099682630672923
77.78467129426731,13.099682630672923
77.40558224436887,13.100580945957041
77.41276876664183,13.100580945957041
77.41995528891478,13.100580945957041
77.42444686533538,13.100580945957041
77.42714181118774,13.100580945957041
77.43253170289246,13.100580945957041
77.4343283334607,13.100580945957041
77.45049800857485,13.100580945957041
77.45588790027956,13.100580945957041
77.46127779198429,13.100580945957041
77.47565083653019,13.100580945957041
77.51427839374733,13.100580945957041
77.52775312300912,13.100580945957041
77.55290595096447,13.100580945957041
77.55649921210095,13.100580945957041
77.5582958426692,13.100580945957041
77.56009247323743,13.100580945957041
77.5726688872151,13.100580945957041
77.59243182346573,13.100580945957041
77.62297454312579,13.100580945957041
77.6274661195464,13.100580945957041
77.67777177545709,13.100580945957041
77.68675492829828,13.100580945957041
77.70651786454891,13.100580945957041
77.74065384534545,13.100580945957041
77.74155216062957,13.100580945957041
77.75772183574372,13.100580945957041
77.76670498858492,13.100580945957041
77.78107803313083,13.100580945957041
77.79904433881322,13.100580945957041
77.43881990988129,13.101479261241161
77.45049800857485,13.101479261241161
77.46397273783664,13.101479261241161
77.466667683689,13.101479261241161
77.47565083653019,13.101479261241161
77.48732893522374,13.101479261241161
77.53853290641857,13.101479261241161
77.56458404965802,13.101479261241161
77.57356720249922,13.101479261241161
77.59961834573869,13.101479261241161
77.62387285840991,13.101479261241161
77.64453410994466,13.101479261241161
77.67777177545709,13.101479261241161
77.69933134227595,13.101479261241161
77.71729764795835,13.101479261241161
77.71909427852658,13.101479261241161
77.77389151085788,13.101479261241161
77.47834578238255,13.102377576525281
77.48104072823492,13.102377576525281
77.5403295369868,13.102377576525281
77.57177057193098,13.102377576525281
77.60590655272753,13.102377576525281
77.63375432653523,13.102377576525281
77.6364492723876,13.102377576525281
77.67328019903648,13.102377576525281
77.73077237722013,13.102377576525281
77.74514542176605,13.102377576525281
77.75592520517549,13.102377576525281
77.76760330386904,13.102377576525281
77.79095950125615,13.102377576525281
77.42893844175597,13.103275891809401
77.4576845308478,13.103275891809401
77.48373567408727,13.103275891809401
77.50170197976966,13.103275891809401
77.50260029505378,13.103275891809401
77.51427839374733,13.103275891809401
77.52326154658853,13.103275891809401
77.53314301471384,13.103275891809401
77.55290595096447,13.103275891809401
77.57626214835157,13.103275891809401
77.5771604636357,13.103275891809401
77.57895709420394,13.103275891809401
77.62297454312579,13.103275891809401
77.6364492723876,13.103275891809401
77.69483976585536,13.103275891809401
77.70292460341243,13.103275891809401
77.72268753966306,13.103275891809401
77.76490835801668,13.103275891809401
77.77838308727847,13.103275891809401
77.40109066794828,13.10417420709352
77.4163620277783,13.10417420709352
77.42175191948303,13.10417420709352
77.42354855005127,13.10417420709352
77.44241317101778,13.10417420709352
77.44420980158601,13.10417420709352
77.46576936840488,13.10417420709352
77.4711592601096,13.10417420709352
77.53763459113445,13.10417420709352
77.59692339988634,13.10417420709352
77.60860149857989,13.10417420709352
77.61488970556871,13.10417420709352
77.61758465142108,13.10417420709352
77.62027959727344,13.10417420709352
77.62387285840991,13.10417420709352
77.63465264181934,13.10417420709352
77.6364492723876,13.10417420709352
77.63734758767171,13.10417420709352
77.64722905579703,13.10417420709352
77.65172063221762,13.10417420709352
77.66339873091117,13.10417420709352
77.66878862261589,13.10417420709352
77.68046672130944,13.10417420709352
77.70112797284419,13.10417420709352
77.72628080079954,13.10417420709352
77.74065384534545,13.10417420709352
77.774789826142,13.10417420709352
77.79545107767674,13.10417420709352
77.79634939296086,13.10417420709352
77.45049800857485,13.10507252237764
77.45139632385897,13.10507252237764
77.49092219636023,13.10507252237764
77.49541377278082,13.10507252237764
77.51338007846321,13.10507252237764
77.52236323130441,13.10507252237764
77.52415986187265,13.10507252237764
77.5358379605662,13.10507252237764
77.55380426624859,13.10507252237764
77.56009247323743,13.10507252237764
77.56188910380567,13.10507252237764
77.57626214835157,13.10507252237764
77.58075372477218,13.10507252237764
77.59512676931809,13.10507252237764
77.61488970556871,13.10507252237764
77.62297454312579,13.10507252237764
77.63914421823995,13.10507252237764
77.66339873091117,13.10507252237764
77.67507682960473,13.10507252237764
77.68046672130944,13.10507252237764
77.70292460341243,13.10507252237764
77.71909427852658,13.10507252237764
77.73526395364074,13.10507252237764
77.75412857460725,13.10507252237764
77.77838308727847,13.10507252237764
77.78646792483555,13.10507252237764
77.44780306272249,13.10597083766176
77.47924409766668,13.10597083766176
77.52775312300912,13.10597083766176
77.53314301471384,13.10597083766176
77.55739752738508,13.10597083766176
77.56997394136275,13.10597083766176
77.59692339988634,13.10597083766176
77.61309307500048,13.10597083766176
77.62566948897816,13.10597083766176
77.66160210034293,13.10597083766176
77.6786700907412,13.10597083766176
77.69843302699184,13.10597083766176
77.71370438682187,13.10597083766176
77.71639933267423,13.10597083766176
77.72358585494719,13.10597083766176
77.72628080079954,13.10597083766176
77.74424710648194,13.10597083766176
77.75143362875488,13.10597083766176
77.76490835801668,13.10597083766176
77.7981460235291,13.10597083766176
77.489125565792,13.10686915294588
77.50170197976966,13.10686915294588
77.51068513261086,13.10686915294588
77.52056660073617,13.10686915294588
77.53853290641857,13.10686915294588
77.54661774397563,13.10686915294588
77.56638068022626,13.10686915294588
77.5816520400563,13.10686915294588
77.59961834573869,13.10686915294588
77.61668633613696,13.10686915294588
77.64363579466054,13.10686915294588
77.68495829773005,13.10686915294588
77.68944987415064,13.10686915294588
77.70112797284419,13.10686915294588
77.70741617983303,13.10686915294588
77.73256900778838,13.10686915294588
77.74784036761841,13.10686915294588
77.40109066794828,13.107767468229998
77.40468392908475,13.107767468229998
77.44600643215425,13.107767468229998
77.45678621556368,13.107767468229998
77.48463398937139,13.107767468229998
77.50529524090614,13.107767468229998
77.52326154658853,13.107767468229998
77.53224469942973,13.107767468229998
77.60680486801165,13.107767468229998
77.62387285840991,13.107767468229998
77.62926275011463,13.107767468229998
77.64094084880819,13.107767468229998
77.66339873091117,13.107767468229998
77.7244841702313,13.107767468229998
77.7289757466519,13.107767468229998
77.73526395364074,13.107767468229998
77.74155216062957,13.107767468229998
77.74604373705017,13.107767468229998
77.76401004273256,13.107767468229998
77.79455276239263,13.107767468229998
77.40648055965299,13.108665783514118
77.42265023476715,13.108665783514118
77.43343001817658,13.108665783514118
77.45229463914309,13.108665783514118
77.5124817631791,13.108665783514118
77.52236323130441,13.108665783514118
77.52415986187265,13.108665783514118
77.53224469942973,13.108665783514118
77.53314301471384,13.108665783514118
77.56009247323743,13.108665783514118
77.58883856232926,13.108665783514118
77.59422845403397,13.108665783514118
77.60051666102281,13.108665783514118
77.71550101739011,13.108665783514118
77.73616226892486,13.108665783514118
77.75323025932313,13.108665783514118
77.75862015102784,13.108665783514118
77.7613150968802,13.108665783514118
77.77389151085788,13.108665783514118
77.40827719022123,13.109564098798238
77.40917550550535,13.109564098798238
77.42624349590362,13.109564098798238
77.44510811687013,13.109564098798238
77.49182051164435,13.109564098798238
77.526854807725,13.109564098798238
77.54302448283916,13.109564098798238
77.55110932039624,13.109564098798238
77.56727899551039,13.109564098798238
77.56817731079451,13.109564098798238
77.609499813864,13.109564098798238
77.61129644443224,13.109564098798238
77.64094084880819,13.109564098798238
77.65890715449058,13.109564098798238
77.66878862261589,13.109564098798238
77.67687346017297,13.109564098798238
77.70112797284419,13.109564098798238
77.70202628812831,13.109564098798238
77.7199925938107,13.109564098798238
77.72178922437894,13.109564098798238
77.78736624011967,13.109564098798238
77.40288729851652,13.110462414082358
77.41276876664183,13.110462414082358
77.45319295442721,13.110462414082358
77.47295589067784,13.110462414082358
77.47924409766668,13.110462414082358
77.4945154574967,13.110462414082358
77.49541377278082,13.110462414082358
77.5034986103379,13.110462414082358
77.52326154658853,13.110462414082358
77.54122785227092,13.110462414082358
77.54392279812328,13.110462414082358
77.56817731079451,13.110462414082358
77.609499813864,13.110462414082358
77.62387285840991,13.110462414082358
77.62926275011463,13.110462414082358
77.63734758767171,13.110462414082358
77.6418391640923,13.110462414082358
77.64273747937642,13.110462414082358
77.64992400164938,13.110462414082358
77.65621220863822,13.110462414082358
77.67507682960473,13.110462414082358
77.71639933267423,13.110462414082358
77.7334673230725,13.110462414082358
77.76041678159608,13.110462414082358
77.77209488028964,13.110462414082358
77.77299319557376,13.110462414082358
77.42265023476715,13.111360729366476
77.42624349590362,13.111360729366476
77.47295589067784,13.111360729366476
77.48104072823492,13.111360729366476
77.4945154574967,13.111360729366476
77.50080366448555,13.111360729366476
77.50170197976966,13.111360729366476
77.53763459113445,13.111360729366476
77.5403295369868,13.111360729366476
77.54302448283916,13.111360729366476
77.58704193176102,13.111360729366476
77.59961834573869,13.111360729366476
77.609499813864,13.111360729366476
77.61488970556871,13.111360729366476
77.63914421823995,13.111360729366476
77.65261894750174,13.111360729366476
77.6553138933541,13.111360729366476
77.66070378505881,13.111360729366476
77.6642970461953,13.111360729366476
77.68495829773005,13.111360729366476
77.692144820003,13.111360729366476
77.70472123398068,13.111360729366476
77.71460270210599,13.111360729366476
77.71639933267423,13.111360729366476
77.72987406193602,13.111360729366476
77.75502688989137,13.111360729366476
77.76939993443727,13.111360729366476
77.77299319557376,13.111360729366476
77.78736624011967,13.111360729366476
77.7981460235291,13.111360729366476
77.45139632385897,13.112259044650596
77.45319295442721,13.112259044650596
77.46756599897311,13.112259044650596
77.47475252124607,13.112259044650596
77.52146491602029,13.112259044650596
77.52595649244088,13.112259044650596
77.52954975357737,13.112259044650596
77.55290595096447,13.112259044650596
77.61668633613696,13.112259044650596
77.63195769596699,13.112259044650596
77.70202628812831,13.112259044650596
77.72178922437894,13.112259044650596
77.76760330386904,13.112259044650596
77.79634939296086,13.112259044650596
77.79904433881322,13.112259044650596
77.43792159459717,13.113157359934716
77.44690474743837,13.113157359934716
77.45858284613192,13.113157359934716
77.47205757539372,13.113157359934716
77.47475252124607,13.113157359934716
77.47924409766668,13.113157359934716
77.48463398937139,13.113157359934716
77.4945154574967,13.113157359934716
77.51697333959969,13.113157359934716
77.54212616755504,13.113157359934716
77.59961834573869,13.113157359934716
77.60770318329577,13.113157359934716
77.62117791255756,13.113157359934716
77.62207622784167,13.113157359934716
77.6364492723876,13.113157359934716
77.6418391640923,13.113157359934716
77.64722905579703,13.113157359934716
77.65711052392234,13.113157359934716
77.66699199204766,13.113157359934716
77.70022965756007,13.113157359934716
77.71729764795835,13.113157359934716
77.71909427852658,13.113157359934716
77.73975553006133,13.113157359934716
77.75323025932313,13.113157359934716
77.44241317101778,13.114055675218836
77.4433114863019,13.114055675218836
77.46487105312076,13.114055675218836
77.47026094482548,13.114055675218836
77.50709187147437,13.114055675218836
77.51158344789498,13.114055675218836
77.51966828545206,13.114055675218836
77.55649921210095,13.114055675218836
77.5636857343739,13.114055675218836
77.58344867062453,13.114055675218836
77.68855155886652,13.114055675218836
77.69933134227595,13.114055675218836
77.70292460341243,13.114055675218836
77.7199925938107,13.114055675218836
77.7613150968802,13.114055675218836
77.77209488028964,13.114055675218836
77.79006118597202,13.114055675218836
77.79455276239263,13.114055675218836
77.49631208806494,13.114953990502954
77.56458404965802,13.114953990502954
77.58075372477218,13.114953990502954
77.60141497630693,13.114953990502954
77.60770318329577,13.114953990502954
77.61039812914812,13.114953990502954
77.66250041562705,13.114953990502954
77.66339873091117,13.114953990502954
77.71011112568539,13.114953990502954
77.73167069250425,13.114953990502954
77.74694205233429,13.114953990502954
77.75412857460725,13.114953990502954
77.75502688989137,13.114953990502954
77.78197634841496,13.114953990502954
77.45858284613192,13.115852305787074
77.47475252124607,13.115852305787074
77.48283735880315,13.115852305787074
77.49271882692847,13.115852305787074
77.57446551778334,13.115852305787074
77.59782171517045,13.115852305787074
77.62836443483052,13.115852305787074
77.64902568636526,13.115852305787074
77.65261894750174,13.115852305787074
77.68495829773005,13.115852305787074
77.70022965756007,13.115852305787074
77.71190775625362,13.115852305787074
77.72268753966306,13.115852305787074
77.72358585494719,13.115852305787074
77.7244841702313,13.115852305787074
77.77748477199435,13.115852305787074
77.78287466369908,13.115852305787074
77.78646792483555,13.115852305787074
77.7891628706879,13.115852305787074
77.41815865834654,13.116750621071194
77.42085360419891,13.116750621071194
77.42444686533538,13.116750621071194
77.42804012647186,13.116750621071194
77.42983675704009,13.116750621071194
77.43253170289246,13.116750621071194
77.45409126971133,13.116750621071194
77.45948116141604,13.116750621071194
77.48643061993963,13.116750621071194
77.489125565792,13.116750621071194
77.55021100511212,13.116750621071194
77.58434698590865,13.116750621071194
77.59872003045457,13.116750621071194
77.60231329159105,13.116750621071194
77.63734758767171,13.116750621071194
77.64902568636526,13.116750621071194
77.66699199204766,13.116750621071194
77.67956840602533,13.116750621071194
77.68046672130944,13.116750621071194
77.68585661301417,13.116750621071194
77.74065384534545,13.116750621071194
77.75502688989137,13.116750621071194
77.75951846631196,13.116750621071194
77.76670498858492,13.116750621071194
77.78646792483555,13.116750621071194
77.7981460235291,13.116750621071194
77.44959969329072,13.117648936355312
77.45319295442721,13.117648936355312
77.45948116141604,13.117648936355312
77.48373567408727,13.117648936355312
77.49092219636023,13.117648936355312
77.51338007846321,13.117648936355312
77.5448211134074,13.117648936355312
77.55739752738508,13.117648936355312
77.5726688872151,13.117648936355312
77.58524530119277,13.117648936355312
77.60141497630693,13.117648936355312
77.62027959727344,13.117648936355312
77.6328560112511,13.117648936355312
77.66339873091117,13.117648936355312
77.66789030733177,13.117648936355312
77.74065384534545,13.117648936355312
77.7424504759137,13.117648936355312
77.79006118597202,13.117648936355312
77.41995528891478,13.118547251639432
77.4576845308478,13.118547251639432
77.46756599897311,13.118547251639432
77.47205757539372,13.118547251639432
77.4801424129508,13.118547251639432
77.48643061993963,13.118547251639432
77.5906351928975,13.118547251639432
77.60860149857989,13.118547251639432
77.6139913902846,13.118547251639432
77.63375432653523,13.118547251639432
77.65261894750174,13.118547251639432
77.67956840602533,13.118547251639432
77.70472123398068,13.118547251639432
77.70651786454891,13.118547251639432
77.72628080079954,13.118547251639432
77.73077237722013,13.118547251639432
77.75053531347076,13.118547251639432
77.75412857460725,13.118547251639432
77.76760330386904,13.118547251639432
77.79634939296086,13.118547251639432
77.41007382078946,13.119445566923552
77.43163338760834,13.119445566923552
77.46487105312076,13.119445566923552
77.47654915181431,13.119445566923552
77.48104072823492,13.119445566923552
77.50260029505378,13.119445566923552
77.51427839374733,13.119445566923552
77.5178716548838,13.119445566923552
77.54571942869151,13.119445566923552
77.55021100511212,13.119445566923552
77.57356720249922,13.119445566923552
77.58704193176102,13.119445566923552
77.58973687761338,13.119445566923552
77.5906351928975,13.119445566923552
77.6139913902846,13.119445566923552
77.62207622784167,13.119445566923552
77.62387285840991,13.119445566923552
77.64004253352407,13.119445566923552
77.6553138933541,13.119445566923552
77.67417851432062,13.119445566923552
77.67597514488885,13.119445566923552
77.67777177545709,13.119445566923552
77.67956840602533,13.119445566923552
77.76939993443727,13.119445566923552
77.77209488028964,13.119445566923552
77.77838308727847,13.119445566923552
77.41187045135771,13.120343882207672
77.4343283334607,13.120343882207672
77.45409126971133,13.120343882207672
77.46397273783664,13.120343882207672
77.49092219636023,13.120343882207672
77.4945154574967,13.120343882207672
77.50799018675849,13.120343882207672
77.50978681732674,13.120343882207672
77.51427839374733,13.120343882207672
77.55470258153271,13.120343882207672
77.60051666102281,13.120343882207672
77.60141497630693,13.120343882207672
77.60770318329577,13.120343882207672
77.6184829667052,13.120343882207672
77.6328560112511,13.120343882207672
77.64812737108115,13.120343882207672
77.66339873091117,13.120343882207672
77.67507682960473,13.120343882207672
77.6831616671618,13.120343882207672
77.68855155886652,13.120343882207672
77.76490835801668,13.120343882207672
77.77568814142612,13.120343882207672
77.79095950125615,13.120343882207672
77.42085360419891,13.12124219749179
77.50260029505378,13.12124219749179
77.57356720249922,13.12124219749179
77.5816520400563,13.12124219749179
77.58344867062453,13.12124219749179
77.59602508460222,13.12124219749179
77.60321160687516,13.12124219749179
77.62387285840991,13.12124219749179
77.63105938068287,13.12124219749179
77.65441557806997,13.12124219749179
77.66878862261589,13.12124219749179
77.68855155886652,13.12124219749179
77.692144820003,13.12124219749179
77.6966363964236,13.12124219749179
77.70112797284419,13.12124219749179
77.71190775625362,13.12124219749179
77.72268753966306,13.12124219749179
77.73616226892486,13.12124219749179
77.74334879119782,13.12124219749179
77.75233194403901,13.12124219749179
77.76221341216433,13.12124219749179
77.76311172744845,13.12124219749179
77.41276876664183,13.12214051277591
77.42714181118774,13.12214051277591
77.4621761072684,13.12214051277591
77.49900703391731,13.12214051277591
77.51068513261086,13.12214051277591
77.5358379605662,13.12214051277591
77.54661774397563,13.12214051277591
77.57805877891983,13.12214051277591
77.57895709420394,13.12214051277591
77.58883856232926,13.12214051277591
77.59961834573869,13.12214051277591
77.60410992215928,13.12214051277591
77.61758465142108,13.12214051277591
77.62207622784167,13.12214051277591
77.6553138933541,13.12214051277591
77.65890715449058,13.12214051277591
77.66519536147942,13.12214051277591
77.66789030733177,13.12214051277591
77.68675492829828,13.12214051277591
77.69483976585536,13.12214051277591
77.7568235204596,13.12214051277591
77.77209488028964,13.12214051277591
77.79006118597202,13.12214051277591
77.79095950125615,13.12214051277591
77.41187045135771,13.12303882806003
77.41366708192595,13.12303882806003
77.41546371249419,13.12303882806003
77.41726034306242,13.12303882806003
77.42085360419891,13.12303882806003
77.45319295442721,13.12303882806003
77.47295589067784,13.12303882806003
77.56278741908979,13.12303882806003
77.58973687761338,13.12303882806003
77.6050082374434,13.12303882806003
77.63375432653523,13.12303882806003
77.63824590295583,13.12303882806003
77.64722905579703,13.12303882806003
77.66339873091117,13.12303882806003
77.72178922437894,13.12303882806003
77.72538248551542,13.12303882806003
77.72987406193602,13.12303882806003
77.73706058420898,13.12303882806003
77.74694205233429,13.12303882806003
77.77389151085788,13.12303882806003
77.79904433881322,13.12303882806003
77.43612496402893,13.12393714334415
77.48822725050786,13.12393714334415
77.49182051164435,13.12393714334415
77.49361714221259,13.12393714334415
77.50080366448555,13.12393714334415
77.51158344789498,13.12393714334415
77.52415986187265,13.12393714334415
77.55110932039624,13.12393714334415
77.5816520400563,13.12393714334415
77.59782171517045,13.12393714334415
77.63734758767171,13.12393714334415
77.64722905579703,13.12393714334415
77.65351726278585,13.12393714334415
77.66789030733177,13.12393714334415
77.67328019903648,13.12393714334415
77.69933134227595,13.12393714334415
77.7110094409695,13.12393714334415
77.74694205233429,13.12393714334415
77.4163620277783,13.124835458628269
77.43612496402893,13.124835458628269
77.44151485573366,13.124835458628269
77.52505817715677,13.124835458628269
77.53493964528208,13.124835458628269
77.55290595096447,13.124835458628269
77.55649921210095,13.124835458628269
77.57805877891983,13.124835458628269
77.59602508460222,13.124835458628269
77.609499813864,13.124835458628269
77.62297454312579,13.124835458628269
77.62566948897816,13.124835458628269
77.6328560112511,13.124835458628269
77.69843302699184,13.124835458628269
77.70472123398068,13.124835458628269
77.72628080079954,13.124835458628269
77.74604373705017,13.124835458628269
77.774789826142,13.124835458628269
77.78736624011967,13.124835458628269
77.4253451806195,13.125733773912389
77.45678621556368,13.125733773912389
77.49092219636023,13.125733773912389
77.49361714221259,13.125733773912389
77.50439692562202,13.125733773912389
77.52415986187265,13.125733773912389
77.52505817715677,13.125733773912389
77.55380426624859,13.125733773912389
77.56907562607863,13.125733773912389
77.5906351928975,13.125733773912389
77.60680486801165,13.125733773912389
77.63914421823995,13.125733773912389
77.67328019903648,13.125733773912389
77.68046672130944,13.125733773912389
77.68136503659356,13.125733773912389
77.68495829773005,13.125733773912389
77.69394145057124,13.125733773912389
77.71190775625362,13.125733773912389
77.71280607153774,13.125733773912389
77.71460270210599,13.125733773912389
77.73526395364074,13.125733773912389
77.74604373705017,13.125733773912389
77.74694205233429,13.125733773912389
77.75862015102784,13.125733773912389
77.76670498858492,13.125733773912389
77.76760330386904,13.125733773912389
77.77389151085788,13.125733773912389
77.77568814142612,13.125733773912389
77.77658645671023,13.125733773912389
77.44690474743837,13.126632089196509
77.5034986103379,13.126632089196509
77.51517670903145,13.126632089196509
77.52056660073617,13.126632089196509
77.52595649244088,13.126632089196509
77.526854807725,13.126632089196509
77.56817731079451,13.126632089196509
77.5771604636357,13.126632089196509
77.59333013874985,13.126632089196509
77.59422845403397,13.126632089196509
77.59602508460222,13.126632089196509
77.62387285840991,13.126632089196509
77.64722905579703,13.126632089196509
77.64812737108115,13.126632089196509
77.6508223169335,13.126632089196509
77.65261894750174,13.126632089196509
77.6553138933541,13.126632089196509
77.66699199204766,13.126632089196509
77.67058525318413,13.126632089196509
77.67148356846825,13.126632089196509
77.71550101739011,13.126632089196509
77.73885721477721,13.126632089196509
77.7568235204596,13.126632089196509
77.76670498858492,13.126632089196509
77.79724770824498,13.126632089196509
77.42624349590362,13.127530404480629
77.43881990988129,13.127530404480629
77.44061654044954,13.127530404480629
77.45588790027956,13.127530404480629
77.51517670903145,13.127530404480629
77.51697333959969,13.127530404480629
77.56638068022626,13.127530404480629
77.56727899551039,13.127530404480629
77.60141497630693,13.127530404480629
77.60321160687516,13.127530404480629
77.6050082374434,13.127530404480629
77.61219475971636,13.127530404480629
77.6139913902846,13.127530404480629
77.62566948897816,13.127530404480629
77.64812737108115,13.127530404480629
77.70022965756007,13.127530404480629
77.70741617983303,13.127530404480629
77.71370438682187,13.127530404480629
77.76311172744845,13.127530404480629
77.77748477199435,13.127530404480629
77.40109066794828,13.128428719764747
77.43971822516541,13.128428719764747
77.47295589067784,13.128428719764747
77.48822725050786,13.128428719764747
77.5034986103379,13.128428719764747
77.50619355619025,13.128428719764747
77.50888850204262,13.128428719764747
77.5403295369868,13.128428719764747
77.54571942869151,13.128428719764747
77.55290595096447,13.128428719764747
77.55380426624859,13.128428719764747
77.59422845403397,13.128428719764747
77.59692339988634,13.128428719764747
77.60231329159105,13.128428719764747
77.61129644443224,13.128428719764747
77.62656780426228,13.128428719764747
77.63734758767171,13.128428719764747
77.65351726278585,13.128428719764747
77.66789030733177,13.128428719764747
77.66878862261589,13.128428719764747
77.69753471170772,13.128428719764747
77.75412857460725,13.128428719764747
77.76760330386904,13.128428719764747
77.774789826142,13.128428719764747
77.7891628706879,13.128428719764747
77.41546371249419,13.129327035048867
77.41995528891478,13.129327035048867
77.43971822516541,13.129327035048867
77.47475252124607,13.129327035048867
77.50529524090614,13.129327035048867
77.52415986187265,13.129327035048867
77.52595649244088,13.129327035048867
77.53224469942973,13.129327035048867
77.53493964528208,13.129327035048867
77.5771604636357,13.129327035048867
77.58704193176102,13.129327035048867
77.59243182346573,13.129327035048867
77.59782171517045,13.129327035048867
77.61488970556871,13.129327035048867
77.63195769596699,13.129327035048867
77.6598054697747,13.129327035048867
77.67507682960473,13.129327035048867
77.68495829773005,13.129327035048867
77.71460270210599,13.129327035048867
77.71639933267423,13.129327035048867
77.72358585494719,13.129327035048867
77.73077237722013,13.129327035048867
77.77029824972139,13.129327035048867
77.77119656500551,13.129327035048867
77.78197634841496,13.129327035048867
77.79275613182439,13.129327035048867
77.42354855005127,13.130225350332987
77.4801424129508,13.130225350332987
77.49810871863318,13.130225350332987
77.50709187147437,13.130225350332987
77.5178716548838,13.130225350332987
77.55470258153271,13.130225350332987
77.57626214835157,13.130225350332987
77.58973687761338,13.130225350332987
77.62027959727344,13.130225350332987
77.62387285840991,13.130225350332987
77.63105938068287,13.130225350332987
77.66519536147942,13.130225350332987
77.69843302699184,13.130225350332987
77.69933134227595,13.130225350332987
77.7110094409695,13.130225350332987
77.72628080079954,13.130225350332987
77.74694205233429,13.130225350332987
77.77119656500551,13.130225350332987
77.42354855005127,13.131123665617107
77.44600643215425,13.131123665617107
77.45858284613192,13.131123665617107
77.46397273783664,13.131123665617107
77.4711592601096,13.131123665617107
77.47295589067784,13.131123665617107
77.47654915181431,13.131123665617107
77.48193904351903,13.131123665617107
77.51427839374733,13.131123665617107
77.53853290641857,13.131123665617107
77.5582958426692,13.131123665617107
77.57177057193098,13.131123665617107
77.59782171517045,13.131123665617107
77.61578802085285,13.131123665617107
77.62117791255756,13.131123665617107
77.63555095710348,13.131123665617107
77.67597514488885,13.131123665617107
77.74694205233429,13.131123665617107
77.79545107767674,13.131123665617107
77.43253170289246,13.132021980901225
77.44420980158601,13.132021980901225
77.44690474743837,13.132021980901225
77.46037947670017,13.132021980901225
77.47744746709843,13.132021980901225
77.48104072823492,13.132021980901225
77.49002388107611,13.132021980901225
77.50978681732674,13.132021980901225
77.51607502431557,13.132021980901225
77.51876997016794,13.132021980901225
77.52056660073617,13.132021980901225
77.5582958426692,13.132021980901225
77.56907562607863,13.132021980901225
77.60770318329577,13.132021980901225
77.62387285840991,13.132021980901225
77.6553138933541,13.132021980901225
77.68675492829828,13.132021980901225
77.70112797284419,13.132021980901225
77.72089090909482,13.132021980901225
77.73436563835662,13.132021980901225
77.41726034306242,13.132920296185345
77.41995528891478,13.132920296185345
77.42085360419891,13.132920296185345
77.42354855005127,13.132920296185345
77.44061654044954,13.132920296185345
77.45948116141604,13.132920296185345
77.46487105312076,13.132920296185345
77.49990534920143,13.132920296185345
77.52236323130441,13.132920296185345
77.54751605925976,13.132920296185345
77.55560089681683,13.132920296185345
77.60231329159105,13.132920296185345
77.61578802085285,13.132920296185345
77.62207622784167,13.132920296185345
77.62926275011463,13.132920296185345
77.63105938068287,13.132920296185345
77.69394145057124,13.132920296185345
77.70112797284419,13.132920296185345
77.7289757466519,13.132920296185345
77.75502688989137,13.132920296185345
77.76760330386904,13.132920296185345
77.78467129426731,13.132920296185345
77.78646792483555,13.132920296185345
77.4019889832324,13.133818611469465
77.41456539721007,13.133818611469465
77.42804012647186,13.133818611469465
77.43881990988129,13.133818611469465
77.49900703391731,13.133818611469465
77.54571942869151,13.133818611469465
77.549312689828,13.133818611469465
77.56548236494214,13.133818611469465
77.6050082374434,13.133818611469465
77.63734758767171,13.133818611469465
77.69483976585536,13.133818611469465
77.70022965756007,13.133818611469465
77.70651786454891,13.133818611469465
77.71639933267423,13.133818611469465
77.71909427852658,13.133818611469465
77.75862015102784,13.133818611469465
77.76401004273256,13.133818611469465
77.7801797178467,13.133818611469465
77.7837729789832,13.133818611469465
77.40917550550535,13.134716926753585
77.41456539721007,13.134716926753585
77.43702327931305,13.134716926753585
77.44061654044954,13.134716926753585
77.489125565792,13.134716926753585
77.49092219636023,13.134716926753585
77.53493964528208,13.134716926753585
77.57805877891983,13.134716926753585
77.59872003045457,13.134716926753585
77.60321160687516,13.134716926753585
77.62297454312579,13.134716926753585
77.64543242522879,13.134716926753585
77.65351726278585,13.134716926753585
77.68855155886652,13.134716926753585
77.71639933267423,13.134716926753585
77.76939993443727,13.134716926753585
77.77838308727847,13.134716926753585
77.77928140256259,13.134716926753585
77.42085360419891,13.135615242037703
77.42804012647186,13.135615242037703
77.43792159459717,13.135615242037703
77.43881990988129,13.135615242037703
77.44420980158601,13.135615242037703
77.44780306272249,13.135615242037703
77.45678621556368,13.135615242037703
77.48373567408727,13.135615242037703
77.51697333959969,13.135615242037703
77.51966828545206,13.135615242037703
77.52146491602029,13.135615242037703
77.52775312300912,13.135615242037703
77.55560089681683,13.135615242037703
77.59602508460222,13.135615242037703
77.61219475971636,13.135615242037703
77.6184829667052,13.135615242037703
77.63105938068287,13.135615242037703
77.64273747937642,13.135615242037703
77.64453410994466,13.135615242037703
77.64722905579703,13.135615242037703
77.65890715449058,13.135615242037703
77.6642970461953,13.135615242037703
77.67148356846825,13.135615242037703
77.69753471170772,13.135615242037703
77.71819596324247,13.135615242037703
77.73167069250425,13.135615242037703
77.77119656500551,13.135615242037703
77.774789826142,13.135615242037703
77.78107803313083,13.135615242037703
77.79006118597202,13.135615242037703
77.43163338760834,13.136513557321823
77.44420980158601,13.136513557321823
77.45319295442721,13.136513557321823
77.46936262954137,13.136513557321823
77.4801424129508,13.136513557321823
77.48463398937139,13.136513557321823
77.51158344789498,13.136513557321823
77.526854807725,13.136513557321823
77.57356720249922,13.136513557321823
77.57536383306746,13.136513557321823
77.58255035534042,13.136513557321823
77.61488970556871,13.136513557321823
77.6274661195464,13.136513557321823
77.6364492723876,13.136513557321823
77.65351726278585,13.136513557321823
77.6786700907412,13.136513557321823
77.70202628812831,13.136513557321823
77.71639933267423,13.136513557321823
77.72358585494719,13.136513557321823
77.74155216062957,13.136513557321823
77.74873868290253,13.136513557321823
77.76939993443727,13.136513557321823
77.77119656500551,13.136513557321823
77.77209488028964,13.136513557321823
77.42354855005127,13.137411872605943
77.4487013780066,13.137411872605943
77.47924409766668,13.137411872605943
77.5124817631791,13.137411872605943
77.53224469942973,13.137411872605943
77.53493964528208,13.137411872605943
77.53853290641857,13.137411872605943
77.56907562607863,13.137411872605943
77.58883856232926,13.137411872605943
77.61039812914812,13.137411872605943
77.62477117369403,13.137411872605943
77.62566948897816,13.137411872605943
77.65172063221762,13.137411872605943
77.65621220863822,13.137411872605943
77.6598054697747,13.137411872605943
77.7289757466519,13.137411872605943
77.76041678159608,13.137411872605943
77.78556960955143,13.137411872605943
77.43702327931305,13.138310187890061
77.45409126971133,13.138310187890061
77.45588790027956,13.138310187890061
77.4801424129508,13.138310187890061
77.489125565792,13.138310187890061
77.5178716548838,13.138310187890061
77.54661774397563,13.138310187890061
77.56009247323743,13.138310187890061
77.56458404965802,13.138310187890061
77.62297454312579,13.138310187890061
77.63016106539875,13.138310187890061
77.64902568636526,13.138310187890061
77.66160210034293,13.138310187890061
77.66699199204766,13.138310187890061
77.692144820003,13.138310187890061
77.70022965756007,13.138310187890061
77.70202628812831,13.138310187890061
77.72178922437894,13.138310187890061
77.74065384534545,13.138310187890061
77.74963699818665,13.138310187890061
77.75502688989137,13.138310187890061
77.76670498858492,13.138310187890061
77.79365444710851,13.138310187890061
77.4019889832324,13.139208503174181
77.40378561380064,13.139208503174181
77.4253451806195,13.139208503174181
77.4487013780066,13.139208503174181
77.45678621556368,13.139208503174181
77.49361714221259,13.139208503174181
77.4945154574967,13.139208503174181
77.51697333959969,13.139208503174181
77.52326154658853,13.139208503174181
77.60231329159105,13.139208503174181
77.60321160687516,13.139208503174181
77.609499813864,13.139208503174181
77.61668633613696,13.139208503174181
77.72358585494719,13.139208503174181
77.77568814142612,13.139208503174181
77.40378561380064,13.140106818458301
77.40558224436887,13.140106818458301
77.44690474743837,13.140106818458301
77.44959969329072,13.140106818458301
77.45498958499545,13.140106818458301
77.50260029505378,13.140106818458301
77.5358379605662,13.140106818458301
77.53673627585032,13.140106818458301
77.55919415795331,13.140106818458301
77.57177057193098,13.140106818458301
77.5726688872151,13.140106818458301
77.59602508460222,13.140106818458301
77.60321160687516,13.140106818458301
77.67507682960473,13.140106818458301
77.67597514488885,13.140106818458301
77.7244841702313,13.140106818458301
77.7289757466519,13.140106818458301
77.73885721477721,13.140106818458301
77.74694205233429,13.140106818458301
77.76041678159608,13.140106818458301
77.7613150968802,13.140106818458301
77.78736624011967,13.140106818458301
77.78826455540379,13.140106818458301
77.79095950125615,13.140106818458301
77.79185781654027,13.140106818458301
77.42265023476715,13.141005133742421
77.4253451806195,13.141005133742421
77.466667683689,13.141005133742421
77.56188910380567,13.141005133742421
77.56278741908979,13.141005133742421
77.57356720249922,13.141005133742421
77.57446551778334,13.141005133742421
77.57895709420394,13.141005133742421
77.60680486801165,13.141005133742421
77.61129644443224,13.141005133742421
77.62477117369403,13.141005133742421
77.63195769596699,13.141005133742421
77.63375432653523,13.141005133742421
77.63465264181934,13.141005133742421
77.63914421823995,13.141005133742421
77.67148356846825,13.141005133742421
77.68136503659356,13.141005133742421
77.70382291869656,13.141005133742421
77.71011112568539,13.141005133742421
77.74065384534545,13.141005133742421
77.75053531347076,13.141005133742421
77.76490835801668,13.141005133742421
77.76850161915316,13.141005133742421
77.79365444710851,13.141005133742421
77.79904433881322,13.141005133742421
77.4343283334607,13.14190344902654
77.44600643215425,13.14190344902654
77.49361714221259,13.14190344902654
77.50080366448555,13.14190344902654
77.5034986103379,13.14190344902654
77.50439692562202,13.14190344902654
77.51966828545206,13.14190344902654
77.52865143829325,13.14190344902654
77.54122785227092,13.14190344902654
77.58255035534042,13.14190344902654
77.59961834573869,13.14190344902654
77.61309307500048,13.14190344902654
77.63555095710348,13.14190344902654
77.68226335187768,13.14190344902654
77.68405998244593,13.14190344902654
77.70651786454891,13.14190344902654
77.7110094409695,13.14190344902654
77.73256900778838,13.14190344902654
77.7334673230725,13.14190344902654
77.74065384534545,13.14190344902654
77.75143362875488,13.14190344902654
77.76311172744845,13.14190344902654
77.79545107767674,13.14190344902654
77.41007382078946,13.14280176431066
77.42444686533538,13.14280176431066
77.4253451806195,13.14280176431066
77.47205757539372,13.14280176431066
77.49182051164435,13.14280176431066
77.49271882692847,13.14280176431066
77.49900703391731,13.14280176431066
77.53224469942973,13.14280176431066
77.54751605925976,13.14280176431066
77.60141497630693,13.14280176431066
77.60231329159105,13.14280176431066
77.61129644443224,13.14280176431066
77.6184829667052,13.14280176431066
77.63375432653523,13.14280176431066
77.6364492723876,13.14280176431066
77.63734758767171,13.14280176431066
77.67058525318413,13.14280176431066
77.67238188375237,13.14280176431066
77.67956840602533,13.14280176431066
77.69483976585536,13.14280176431066
77.69843302699184,13.14280176431066
77.70022965756007,13.14280176431066
77.71011112568539,13.14280176431066
77.7244841702313,13.14280176431066
77.72987406193602,13.14280176431066
77.40827719022123,13.14370007959478
77.41366708192595,13.14370007959478
77.41546371249419,13.14370007959478
77.43971822516541,13.14370007959478
77.45139632385897,13.14370007959478
77.45588790027956,13.14370007959478
77.5034986103379,13.14370007959478
77.50709187147437,13.14370007959478
77.50799018675849,13.14370007959478
77.5448211134074,13.14370007959478
77.55110932039624,13.14370007959478
77.57805877891983,13.14370007959478
77.58704193176102,13.14370007959478
77.59333013874985,13.14370007959478
77.62926275011463,13.14370007959478
77.63914421823995,13.14370007959478
77.66609367676354,13.14370007959478
77.69034818943476,13.14370007959478
77.71011112568539,13.14370007959478
77.72089090909482,13.14370007959478
77.73077237722013,13.14370007959478
77.79634939296086,13.14370007959478
77.41546371249419,13.1445983948789
77.43522664874482,13.1445983948789
77.44600643215425,13.1445983948789
77.47385420596196,13.1445983948789
77.47924409766668,13.1445983948789
77.51158344789498,13.1445983948789
77.54841437454388,13.1445983948789
77.55200763568035,13.1445983948789
77.55919415795331,13.1445983948789
77.56548236494214,13.1445983948789
77.57177057193098,13.1445983948789
77.61129644443224,13.1445983948789
77.63105938068287,13.1445983948789
77.63734758767171,13.1445983948789
77.67238188375237,13.1445983948789
77.67956840602533,13.1445983948789
77.7056195492648,13.1445983948789
77.77838308727847,13.1445983948789
77.79904433881322,13.1445983948789
77.40648055965299,13.145496710163018
77.41366708192595,13.145496710163018
77.43073507232423,13.145496710163018
77.44061654044954,13.145496710163018
77.45588790027956,13.145496710163018
77.45948116141604,13.145496710163018
77.46487105312076,13.145496710163018
77.53314301471384,13.145496710163018
77.55290595096447,13.145496710163018
77.56099078852155,13.145496710163018
77.56458404965802,13.145496710163018
77.57446551778334,13.145496710163018
77.57895709420394,13.145496710163018
77.5906351928975,13.145496710163018
77.59961834573869,13.145496710163018
77.609499813864,13.145496710163018
77.63375432653523,13.145496710163018
77.63824590295583,13.145496710163018
77.64722905579703,13.145496710163018
77.66339873091117,13.145496710163018
77.70022965756007,13.145496710163018
77.70831449511715,13.145496710163018
77.71011112568539,13.145496710163018
77.72268753966306,13.145496710163018
77.73256900778838,13.145496710163018
77.75143362875488,13.145496710163018
77.78826455540379,13.145496710163018
77.79275613182439,13.145496710163018
77.79724770824498,13.145496710163018
77.40109066794828,13.146395025447138
77.42624349590362,13.146395025447138
77.46127779198429,13.146395025447138
77.49182051164435,13.146395025447138
77.49271882692847,13.146395025447138
77.49721040334906,13.146395025447138
77.5178716548838,13.146395025447138
77.52236323130441,13.146395025447138
77.53763459113445,13.146395025447138
77.53853290641857,13.146395025447138
77.54392279812328,13.146395025447138
77.55290595096447,13.146395025447138
77.55560089681683,13.146395025447138
77.57087225664687,13.146395025447138
77.58794024704514,13.146395025447138
77.60680486801165,13.146395025447138
77.6274661195464,13.146395025447138
77.64004253352407,13.146395025447138
77.66789030733177,13.146395025447138
77.69843302699184,13.146395025447138
77.73706058420898,13.146395025447138
77.75592520517549,13.146395025447138
77.76760330386904,13.146395025447138
77.79006118597202,13.146395025447138
77.41187045135771,13.147293340731258
77.41456539721007,13.147293340731258
77.4253451806195,13.147293340731258
77.44420980158601,13.147293340731258
77.45319295442721,13.147293340731258
77.45948116141604,13.147293340731258
77.49361714221259,13.147293340731258
77.50260029505378,13.147293340731258
77.51068513261086,13.147293340731258
77.51876997016794,13.147293340731258
77.52236323130441,13.147293340731258
77.52595649244088,13.147293340731258
77.56278741908979,13.147293340731258
77.56727899551039,13.147293340731258
77.57177057193098,13.147293340731258
77.60141497630693,13.147293340731258
77.6184829667052,13.147293340731258
77.63105938068287,13.147293340731258
77.63195769596699,13.147293340731258
77.6328560112511,13.147293340731258
77.64004253352407,13.147293340731258
77.64453410994466,13.147293340731258
77.67597514488885,13.147293340731258
77.6876532435824,13.147293340731258
77.69394145057124,13.147293340731258
77.71460270210599,13.147293340731258
77.72268753966306,13.147293340731258
77.7289757466519,13.147293340731258
77.75053531347076,13.147293340731258
77.75772183574372,13.147293340731258
77.79185781654027,13.147293340731258
77.44151485573366,13.148191656015378
77.44600643215425,13.148191656015378
77.49990534920143,13.148191656015378
77.51158344789498,13.148191656015378
77.52326154658853,13.148191656015378
77.5726688872151,13.148191656015378
77.57446551778334,13.148191656015378
77.5771604636357,13.148191656015378
77.57895709420394,13.148191656015378
77.60051666102281,13.148191656015378
77.61129644443224,13.148191656015378
77.64273747937642,13.148191656015378
77.6508223169335,13.148191656015378
77.65441557806997,13.148191656015378
77.66160210034293,13.148191656015378
77.68495829773005,13.148191656015378
77.75233194403901,13.148191656015378
77.774789826142,13.148191656015378
77.79185781654027,13.148191656015378
77.40378561380064,13.149089971299496
77.41007382078946,13.149089971299496
77.42804012647186,13.149089971299496
77.42893844175597,13.149089971299496
77.4343283334607,13.149089971299496
77.44510811687013,13.149089971299496
77.44959969329072,13.149089971299496
77.47385420596196,13.149089971299496
77.49541377278082,13.149089971299496
77.51158344789498,13.149089971299496
77.52236323130441,13.149089971299496
77.5582958426692,13.149089971299496
77.57805877891983,13.149089971299496
77.57895709420394,13.149089971299496
77.58794024704514,13.149089971299496
77.59872003045457,13.149089971299496
77.60321160687516,13.149089971299496
77.609499813864,13.149089971299496
77.64992400164938,13.149089971299496
77.66968693790001,13.149089971299496
77.7110094409695,13.149089971299496
77.72538248551542,13.149089971299496
77.72628080079954,13.149089971299496
77.73436563835662,13.149089971299496
77.77389151085788,13.149089971299496
77.78287466369908,13.149089971299496
77.40378561380064,13.149988286583616
77.43253170289246,13.149988286583616
77.49631208806494,13.149988286583616
77.52415986187265,13.149988286583616
77.53224469942973,13.149988286583616
77.55919415795331,13.149988286583616
77.56997394136275,13.149988286583616
77.57087225664687,13.149988286583616
77.57985540948806,13.149988286583616
77.59961834573869,13.149988286583616
77.63824590295583,13.149988286583616
77.68136503659356,13.149988286583616
77.68855155886652,13.149988286583616
77.69573808113948,13.149988286583616
77.70472123398068,13.149988286583616
77.72538248551542,13.149988286583616
77.73885721477721,13.149988286583616
77.75323025932313,13.149988286583616
77.76401004273256,13.149988286583616
77.76850161915316,13.149988286583616
77.79095950125615,13.149988286583616
77.40648055965299,13.150886601867736
77.42085360419891,13.150886601867736
77.44151485573366,13.150886601867736
77.46576936840488,13.150886601867736
77.47295589067784,13.150886601867736
77.5178716548838,13.150886601867736
77.52505817715677,13.150886601867736
77.58344867062453,13.150886601867736
77.58883856232926,13.150886601867736
77.59422845403397,13.150886601867736
77.60051666102281,13.150886601867736
77.61668633613696,13.150886601867736
77.66070378505881,13.150886601867736
77.67417851432062,13.150886601867736
77.67507682960473,13.150886601867736
77.68675492829828,13.150886601867736
77.69394145057124,13.150886601867736
77.74334879119782,13.150886601867736
77.74424710648194,13.150886601867736
77.76760330386904,13.150886601867736
77.77748477199435,13.150886601867736
77.78556960955143,13.150886601867736
77.40288729851652,13.151784917151856
77.43792159459717,13.151784917151856
77.51068513261086,13.151784917151856
77.51697333959969,13.151784917151856
77.52865143829325,13.151784917151856
77.55110932039624,13.151784917151856
77.57087225664687,13.151784917151856
77.57177057193098,13.151784917151856
77.5771604636357,13.151784917151856
77.58075372477218,13.151784917151856
77.60321160687516,13.151784917151856
77.62566948897816,13.151784917151856
77.64992400164938,13.151784917151856
77.70022965756007,13.151784917151856
77.70292460341243,13.151784917151856
77.72807743136778,13.151784917151856
77.75412857460725,13.151784917151856
77.7613150968802,13.151784917151856
77.77748477199435,13.151784917151856
77.79185781654027,13.151784917151856
77.40917550550535,13.152683232435974
77.41007382078946,13.152683232435974
77.47295589067784,13.152683232435974
77.49541377278082,13.152683232435974
77.50619355619025,13.152683232435974
77.51697333959969,13.152683232435974
77.56009247323743,13.152683232435974
77.56638068022626,13.152683232435974
77.58434698590865,13.152683232435974
77.58704193176102,13.152683232435974
77.65890715449058,13.152683232435974
77.68136503659356,13.152683232435974
77.68585661301417,13.152683232435974
77.74604373705017,13.152683232435974
77.75862015102784,13.152683232435974
77.76401004273256,13.152683232435974
77.78556960955143,13.152683232435974
77.40917550550535,13.153581547720094
77.41815865834654,13.153581547720094
77.41905697363066,13.153581547720094
77.42444686533538,13.153581547720094
77.42714181118774,13.153581547720094
77.42893844175597,13.153581547720094
77.45498958499545,13.153581547720094
77.5313463841456,13.153581547720094
77.53314301471384,13.153581547720094
77.55200763568035,13.153581547720094
77.55470258153271,13.153581547720094
77.56727899551039,13.153581547720094
77.57805877891983,13.153581547720094
77.64812737108115,13.153581547720094
77.66339873091117,13.153581547720094
77.69034818943476,13.153581547720094
77.69394145057124,13.153581547720094
77.71639933267423,13.153581547720094
77.71909427852658,13.153581547720094
77.7334673230725,13.153581547720094
77.75143362875488,13.153581547720094
77.78736624011967,13.153581547720094
77.42265023476715,13.154479863004214
77.42624349590362,13.154479863004214
77.5448211134074,13.154479863004214
77.59243182346573,13.154479863004214
77.62207622784167,13.154479863004214
77.65172063221762,13.154479863004214
77.69394145057124,13.154479863004214
77.69573808113948,13.154479863004214
77.72178922437894,13.154479863004214
77.72717911608366,13.154479863004214
77.7289757466519,13.154479863004214
77.79904433881322,13.154479863004214
77.41276876664183,13.155378178288332
77.41546371249419,13.155378178288332
77.44600643215425,13.155378178288332
77.46487105312076,13.155378178288332
77.46756599897311,13.155378178288332
77.549312689828,13.155378178288332
77.60410992215928,13.155378178288332
77.61578802085285,13.155378178288332
77.63824590295583,13.155378178288332
77.65261894750174,13.155378178288332
77.65441557806997,13.155378178288332
77.66609367676354,13.155378178288332
77.67058525318413,13.155378178288332
77.68855155886652,13.155378178288332
77.69753471170772,13.155378178288332
77.74784036761841,13.155378178288332
77.75592520517549,13.155378178288332
77.75862015102784,13.155378178288332
77.76760330386904,13.155378178288332
77.42085360419891,13.156276493572452
77.43343001817658,13.156276493572452
77.46487105312076,13.156276493572452
77.49721040334906,13.156276493572452
77.52865143829325,13.156276493572452
77.56907562607863,13.156276493572452
77.5771604636357,13.156276493572452
77.58704193176102,13.156276493572452
77.59153350818161,13.156276493572452
77.60770318329577,13.156276493572452
77.61129644443224,13.156276493572452
77.62926275011463,13.156276493572452
77.64543242522879,13.156276493572452
77.65890715449058,13.156276493572452
77.66070378505881,13.156276493572452
77.67058525318413,13.156276493572452
77.67328019903648,13.156276493572452
77.69034818943476,13.156276493572452
77.70921281040127,13.156276493572452
77.71819596324247,13.156276493572452
77.7289757466519,13.156276493572452
77.41995528891478,13.157174808856572
77.42265023476715,13.157174808856572
77.43343001817658,13.157174808856572
77.45858284613192,13.157174808856572
77.5034986103379,13.157174808856572
77.51158344789498,13.157174808856572
77.5124817631791,13.157174808856572
77.5178716548838,13.157174808856572
77.52775312300912,13.157174808856572
77.53404132999796,13.157174808856572
77.55560089681683,13.157174808856572
77.5636857343739,13.157174808856572
77.60860149857989,13.157174808856572
77.62117791255756,13.157174808856572
77.66250041562705,13.157174808856572
77.68585661301417,13.157174808856572
77.71639933267423,13.157174808856572
77.75053531347076,13.157174808856572
77.76041678159608,13.157174808856572
77.76850161915316,13.157174808856572
77.77658645671023,13.157174808856572
77.79006118597202,13.157174808856572
77.41905697363066,13.158073124140692
77.45319295442721,13.158073124140692
77.45409126971133,13.158073124140692
77.48104072823492,13.158073124140692
77.48553230465551,13.158073124140692
77.50260029505378,13.158073124140692
77.50439692562202,13.158073124140692
77.50799018675849,13.158073124140692
77.51607502431557,13.158073124140692
77.51697333959969,13.158073124140692
77.52595649244088,13.158073124140692
77.52775312300912,13.158073124140692
77.53044806886149,13.158073124140692
77.54841437454388,13.158073124140692
77.55290595096447,13.158073124140692
77.5771604636357,13.158073124140692
77.57985540948806,13.158073124140692
77.58075372477218,13.158073124140692
77.58614361647689,13.158073124140692
77.62117791255756,13.158073124140692
77.62656780426228,13.158073124140692
77.66609367676354,13.158073124140692
77.66968693790001,13.158073124140692
77.68046672130944,13.158073124140692
77.68226335187768,13.158073124140692
77.68495829773005,13.158073124140692
77.71909427852658,13.158073124140692
77.74514542176605,13.158073124140692
77.75412857460725,13.158073124140692
77.41007382078946,13.15897143942481
77.41276876664183,13.15897143942481
77.42804012647186,13.15897143942481
77.43612496402893,13.15897143942481
77.5034986103379,13.15897143942481
77.50799018675849,13.15897143942481
77.52326154658853,13.15897143942481
77.52415986187265,13.15897143942481
77.52505817715677,13.15897143942481
77.57626214835157,13.15897143942481
77.61758465142108,13.15897143942481
77.63105938068287,13.15897143942481
77.64094084880819,13.15897143942481
77.66250041562705,13.15897143942481
77.6642970461953,13.15897143942481
77.67058525318413,13.15897143942481
77.68046672130944,13.15897143942481
77.7334673230725,13.15897143942481
77.73975553006133,13.15897143942481
77.74604373705017,13.15897143942481
77.78736624011967,13.15897143942481
77.41995528891478,13.15986975470893
77.43163338760834,13.15986975470893
77.4711592601096,13.15986975470893
77.50170197976966,13.15986975470893
77.50529524090614,13.15986975470893
77.54392279812328,13.15986975470893
77.5582958426692,13.15986975470893
77.56099078852155,13.15986975470893
77.63824590295583,13.15986975470893
77.64273747937642,13.15986975470893
77.65351726278585,13.15986975470893
77.67417851432062,13.15986975470893
77.69843302699184,13.15986975470893
77.70921281040127,13.15986975470893
77.7110094409695,13.15986975470893
77.74694205233429,13.15986975470893
77.75412857460725,13.15986975470893
77.7613150968802,13.15986975470893
77.79185781654027,13.15986975470893
77.40917550550535,13.16076806999305
77.43253170289246,13.16076806999305
77.48553230465551,13.16076806999305
77.55380426624859,13.16076806999305
77.56188910380567,13.16076806999305
77.56278741908979,13.16076806999305
77.56638068022626,13.16076806999305
77.59872003045457,13.16076806999305
77.62656780426228,13.16076806999305
77.63914421823995,13.16076806999305
77.64363579466054,13.16076806999305
77.6553138933541,13.16076806999305
77.68944987415064,13.16076806999305
77.69573808113948,13.16076806999305
77.69843302699184,13.16076806999305
77.70921281040127,13.16076806999305
77.71011112568539,13.16076806999305
77.71819596324247,13.16076806999305
77.74065384534545,13.16076806999305
77.74873868290253,13.16076806999305
77.76221341216433,13.16076806999305
77.76311172744845,13.16076806999305
77.76401004273256,13.16076806999305
77.77029824972139,13.16076806999305
77.77209488028964,13.16076806999305
77.77928140256259,13.16076806999305
77.4019889832324,13.16166638527717
77.40917550550535,13.16166638527717
77.4163620277783,13.16166638527717
77.46936262954137,13.16166638527717
77.50439692562202,13.16166638527717
77.51338007846321,13.16166638527717
77.56458404965802,13.16166638527717
77.57805877891983,13.16166638527717
77.5816520400563,13.16166638527717
77.58614361647689,13.16166638527717
77.60141497630693,13.16166638527717
77.61219475971636,13.16166638527717
77.61578802085285,13.16166638527717
77.62387285840991,13.16166638527717
77.64453410994466,13.16166638527717
77.67597514488885,13.16166638527717
77.67777177545709,13.16166638527717
77.68585661301417,13.16166638527717
77.69933134227595,13.16166638527717
77.72358585494719,13.16166638527717
77.72807743136778,13.16166638527717
77.77928140256259,13.16166638527717
77.79365444710851,13.16166638527717
77.40558224436887,13.162564700561289
77.41366708192595,13.162564700561289
77.43612496402893,13.162564700561289
77.55290595096447,13.162564700561289
77.56188910380567,13.162564700561289
77.58344867062453,13.162564700561289
77.6184829667052,13.162564700561289
77.63375432653523,13.162564700561289
77.65261894750174,13.162564700561289
77.66609367676354,13.162564700561289
77.67148356846825,13.162564700561289
77.69843302699184,13.162564700561289
77.70022965756007,13.162564700561289
77.71011112568539,13.162564700561289
77.7110094409695,13.162564700561289
77.72089090909482,13.162564700561289
77.77389151085788,13.162564700561289
77.40109066794828,13.163463015845409
77.40468392908475,13.163463015845409
77.40648055965299,13.163463015845409
77.43073507232423,13.163463015845409
77.43971822516541,13.163463015845409
77.48104072823492,13.163463015845409
77.48373567408727,13.163463015845409
77.48463398937139,13.163463015845409
77.51966828545206,13.163463015845409
77.55470258153271,13.163463015845409
77.6418391640923,13.163463015845409
77.64902568636526,13.163463015845409
77.66519536147942,13.163463015845409
77.66699199204766,13.163463015845409
77.67417851432062,13.163463015845409
77.67687346017297,13.163463015845409
77.6966363964236,13.163463015845409
77.69753471170772,13.163463015845409
77.7334673230725,13.163463015845409
77.75592520517549,13.163463015845409
77.76939993443727,13.163463015845409
77.77658645671023,13.163463015845409
77.40378561380064,13.164361331129529
77.40917550550535,13.164361331129529
77.41726034306242,13.164361331129529
77.42444686533538,13.164361331129529
77.42714181118774,13.164361331129529
77.46487105312076,13.164361331129529
77.46576936840488,13.164361331129529
77.4711592601096,13.164361331129529
77.53314301471384,13.164361331129529
77.58614361647689,13.164361331129529
77.59782171517045,13.164361331129529
77.59961834573869,13.164361331129529
77.60051666102281,13.164361331129529
77.63555095710348,13.164361331129529
77.64004253352407,13.164361331129529
77.6418391640923,13.164361331129529
77.65621220863822,13.164361331129529
77.67148356846825,13.164361331129529
77.68405998244593,13.164361331129529
77.70831449511715,13.164361331129529
77.74694205233429,13.164361331129529
77.75951846631196,13.164361331129529
77.78467129426731,13.164361331129529
77.78826455540379,13.164361331129529
77.41905697363066,13.165259646413649
77.45139632385897,13.165259646413649
77.45948116141604,13.165259646413649
77.46037947670017,13.165259646413649
77.4621761072684,13.165259646413649
77.47385420596196,13.165259646413649
77.47924409766668,13.165259646413649
77.52236323130441,13.165259646413649
77.53853290641857,13.165259646413649
77.55021100511212,13.165259646413649
77.55290595096447,13.165259646413649
77.56099078852155,13.165259646413649
77.5771604636357,13.165259646413649
77.58344867062453,13.165259646413649
77.59512676931809,13.165259646413649
77.61758465142108,13.165259646413649
77.62027959727344,13.165259646413649
77.64094084880819,13.165259646413649
77.65172063221762,13.165259646413649
77.67238188375237,13.165259646413649
77.68046672130944,13.165259646413649
77.6876532435824,13.165259646413649
77.6966363964236,13.165259646413649
77.70472123398068,13.165259646413649
77.71909427852658,13.165259646413649
77.75233194403901,13.165259646413649
77.75412857460725,13.165259646413649
77.47744746709843,13.166157961697767
77.50080366448555,13.166157961697767
77.51427839374733,13.166157961697767
77.52595649244088,13.166157961697767
77.53314301471384,13.166157961697767
77.55470258153271,13.166157961697767
77.64273747937642,13.166157961697767
77.64812737108115,13.166157961697767
77.68855155886652,13.166157961697767
77.71729764795835,13.166157961697767
77.73077237722013,13.166157961697767
77.73436563835662,13.166157961697767
77.75143362875488,13.166157961697767
77.75772183574372,13.166157961697767
77.77658645671023,13.166157961697767
77.40558224436887,13.167056276981887
77.42624349590362,13.167056276981887
77.42714181118774,13.167056276981887
77.45678621556368,13.167056276981887
77.45948116141604,13.167056276981887
77.51517670903145,13.167056276981887
77.52326154658853,13.167056276981887
77.52595649244088,13.167056276981887
77.5403295369868,13.167056276981887
77.5726688872151,13.167056276981887
77.58344867062453,13.167056276981887
77.58973687761338,13.167056276981887
77.59961834573869,13.167056276981887
77.60680486801165,13.167056276981887
77.6139913902846,13.167056276981887
77.62207622784167,13.167056276981887
77.6553138933541,13.167056276981887
77.68944987415064,13.167056276981887
77.69843302699184,13.167056276981887
77.72538248551542,13.167056276981887
77.75053531347076,13.167056276981887
77.76850161915316,13.167056276981887
77.76939993443727,13.167056276981887
77.78826455540379,13.167056276981887
77.79545107767674,13.167056276981887
77.41007382078946,13.167954592266007
77.48553230465551,13.167954592266007
77.48643061993963,13.167954592266007
77.49810871863318,13.167954592266007
77.5178716548838,13.167954592266007
77.53224469942973,13.167954592266007
77.5448211134074,13.167954592266007
77.62297454312579,13.167954592266007
77.64902568636526,13.167954592266007
77.6642970461953,13.167954592266007
77.66878862261589,13.167954592266007
77.67956840602533,13.167954592266007
77.68136503659356,13.167954592266007
77.71819596324247,13.167954592266007
77.72987406193602,13.167954592266007
77.73077237722013,13.167954592266007
77.76401004273256,13.167954592266007
77.77928140256259,13.167954592266007
77.78107803313083,13.167954592266007
77.78197634841496,13.167954592266007
77.78646792483555,13.167954592266007
77.40109066794828,13.168852907550127
77.40737887493711,13.168852907550127
77.43702327931305,13.168852907550127
77.44420980158601,13.168852907550127
77.46756599897311,13.168852907550127
77.49900703391731,13.168852907550127
77.50529524090614,13.168852907550127
77.51966828545206,13.168852907550127
77.5358379605662,13.168852907550127
77.56458404965802,13.168852907550127
77.61938128198932,13.168852907550127
77.65261894750174,13.168852907550127
77.6642970461953,13.168852907550127
77.75951846631196,13.168852907550127
77.76490835801668,13.168852907550127
77.43971822516541,13.169751222834245
77.48283735880315,13.169751222834245
77.50799018675849,13.169751222834245
77.5358379605662,13.169751222834245
77.53943122170269,13.169751222834245
77.54661774397563,13.169751222834245
77.56188910380567,13.169751222834245
77.58344867062453,13.169751222834245
77.61129644443224,13.169751222834245
77.64453410994466,13.169751222834245
77.65261894750174,13.169751222834245
77.6598054697747,13.169751222834245
77.6642970461953,13.169751222834245
77.67597514488885,13.169751222834245
77.69573808113948,13.169751222834245
77.70651786454891,13.169751222834245
77.72178922437894,13.169751222834245
77.73167069250425,13.169751222834245
77.7379588994931,13.169751222834245
77.74065384534545,13.169751222834245
77.7981460235291,13.169751222834245
77.46487105312076,13.170649538118365
77.46936262954137,13.170649538118365
77.47744746709843,13.170649538118365
77.50170197976966,13.170649538118365
77.52056660073617,13.170649538118365
77.53314301471384,13.170649538118365
77.54661774397563,13.170649538118365
77.56638068022626,13.170649538118365
77.56727899551039,13.170649538118365
77.59333013874985,13.170649538118365
77.60141497630693,13.170649538118365
77.6050082374434,13.170649538118365
77.63914421823995,13.170649538118365
77.6508223169335,13.170649538118365
77.65351726278585,13.170649538118365
77.66609367676354,13.170649538118365
77.66968693790001,13.170649538118365
77.6786700907412,13.170649538118365
77.70022965756007,13.170649538118365
77.71909427852658,13.170649538118365
77.73256900778838,13.170649538118365
77.75412857460725,13.170649538118365
77.76670498858492,13.170649538118365
77.7801797178467,13.170649538118365
77.79365444710851,13.170649538118365
77.40827719022123,13.171547853402485
77.4163620277783,13.171547853402485
77.42624349590362,13.171547853402485
77.43881990988129,13.171547853402485
77.45139632385897,13.171547853402485
77.47385420596196,13.171547853402485
77.51068513261086,13.171547853402485
77.53943122170269,13.171547853402485
77.58794024704514,13.171547853402485
77.61758465142108,13.171547853402485
77.6508223169335,13.171547853402485
77.6786700907412,13.171547853402485
77.68046672130944,13.171547853402485
77.68944987415064,13.171547853402485
77.69394145057124,13.171547853402485
77.71370438682187,13.171547853402485
77.74514542176605,13.171547853402485
77.75412857460725,13.171547853402485
77.76850161915316,13.171547853402485
77.42085360419891,13.172446168686603
77.46127779198429,13.172446168686603
77.52775312300912,13.172446168686603
77.53493964528208,13.172446168686603
77.53853290641857,13.172446168686603
77.54212616755504,13.172446168686603
77.59243182346573,13.172446168686603
77.60051666102281,13.172446168686603
77.61129644443224,13.172446168686603
77.63824590295583,13.172446168686603
77.64992400164938,13.172446168686603
77.66968693790001,13.172446168686603
77.69124650471888,13.172446168686603
77.70382291869656,13.172446168686603
77.71460270210599,13.172446168686603
77.7289757466519,13.172446168686603
77.73436563835662,13.172446168686603
77.77658645671023,13.172446168686603
77.77838308727847,13.172446168686603
77.78467129426731,13.172446168686603
77.79095950125615,13.172446168686603
77.79455276239263,13.172446168686603
77.79904433881322,13.172446168686603
77.41366708192595,13.173344483970723
77.44151485573366,13.173344483970723
77.44510811687013,13.173344483970723
77.45588790027956,13.173344483970723
77.47295589067784,13.173344483970723
77.47385420596196,13.173344483970723
77.49721040334906,13.173344483970723
77.5124817631791,13.173344483970723
77.5313463841456,13.173344483970723
77.53673627585032,13.173344483970723
77.54841437454388,13.173344483970723
77.55200763568035,13.173344483970723
77.55470258153271,13.173344483970723
77.55919415795331,13.173344483970723
77.56278741908979,13.173344483970723
77.56817731079451,13.173344483970723
77.67417851432062,13.173344483970723
77.67687346017297,13.173344483970723
77.68495829773005,13.173344483970723
77.68585661301417,13.173344483970723
77.71460270210599,13.173344483970723
77.71729764795835,13.173344483970723
77.72538248551542,13.173344483970723
77.72717911608366,13.173344483970723
77.74604373705017,13.173344483970723
77.77748477199435,13.173344483970723
77.7801797178467,13.173344483970723
77.78107803313083,13.173344483970723
77.78826455540379,13.173344483970723
77.45948116141604,13.174242799254843
77.48104072823492,13.174242799254843
77.49721040334906,13.174242799254843
77.50888850204262,13.174242799254843
77.51966828545206,13.174242799254843
77.54751605925976,13.174242799254843
77.55470258153271,13.174242799254843
77.56188910380567,13.174242799254843
77.56638068022626,13.174242799254843
77.5726688872151,13.174242799254843
77.58524530119277,13.174242799254843
77.59782171517045,13.174242799254843
77.60231329159105,13.174242799254843
77.61938128198932,13.174242799254843
77.62566948897816,13.174242799254843
77.63555095710348,13.174242799254843
77.73885721477721,13.174242799254843
77.74424710648194,13.174242799254843
77.76311172744845,13.174242799254843
77.76939993443727,13.174242799254843
77.77389151085788,13.174242799254843
77.774789826142,13.174242799254843
77.7837729789832,13.174242799254843
77.44420980158601,13.175141114538963
77.466667683689,13.175141114538963
77.49990534920143,13.175141114538963
77.51427839374733,13.175141114538963
77.5178716548838,13.175141114538963
77.57356720249922,13.175141114538963
77.61578802085285,13.175141114538963
77.61758465142108,13.175141114538963
77.61938128198932,13.175141114538963
77.66070378505881,13.175141114538963
77.71819596324247,13.175141114538963
77.71909427852658,13.175141114538963
77.7199925938107,13.175141114538963
77.75323025932313,13.175141114538963
77.75862015102784,13.175141114538963
77.76760330386904,13.175141114538963
77.78556960955143,13.175141114538963
77.7981460235291,13.175141114538963
77.40648055965299,13.176039429823081
77.45948116141604,13.176039429823081
77.46756599897311,13.176039429823081
77.47475252124607,13.176039429823081
77.48283735880315,13.176039429823081
77.52954975357737,13.176039429823081
77.5313463841456,13.176039429823081
77.56638068022626,13.176039429823081
77.59961834573869,13.176039429823081
77.61578802085285,13.176039429823081
77.62117791255756,13.176039429823081
77.63914421823995,13.176039429823081
77.64633074051291,13.176039429823081
77.64812737108115,13.176039429823081
77.66878862261589,13.176039429823081
77.70022965756007,13.176039429823081
77.7379588994931,13.176039429823081
77.76939993443727,13.176039429823081
77.77389151085788,13.176039429823081
77.78107803313083,13.176039429823081
77.78287466369908,13.176039429823081
77.43163338760834,13.176937745107201
77.4433114863019,13.176937745107201
77.47385420596196,13.176937745107201
77.48104072823492,13.176937745107201
77.48193904351903,13.176937745107201
77.54571942869151,13.176937745107201
77.64543242522879,13.176937745107201
77.67507682960473,13.176937745107201
77.71819596324247,13.176937745107201
77.7424504759137,13.176937745107201
77.75502688989137,13.176937745107201
77.75862015102784,13.176937745107201
77.7801797178467,13.176937745107201
77.40109066794828,13.177836060391321
77.41546371249419,13.177836060391321
77.43163338760834,13.177836060391321
77.47026094482548,13.177836060391321
77.47475252124607,13.177836060391321
77.47924409766668,13.177836060391321
77.49092219636023,13.177836060391321
77.50170197976966,13.177836060391321
77.5313463841456,13.177836060391321
77.53763459113445,13.177836060391321
77.55200763568035,13.177836060391321
77.56638068022626,13.177836060391321
77.59422845403397,13.177836060391321
77.59602508460222,13.177836060391321
77.59872003045457,13.177836060391321
77.67597514488885,13.177836060391321
77.67687346017297,13.177836060391321
77.7056195492648,13.177836060391321
77.71550101739011,13.177836060391321
77.7244841702313,13.177836060391321
77.73975553006133,13.177836060391321
77.74963699818665,13.177836060391321
77.77568814142612,13.177836060391321
77.7837729789832,13.177836060391321
77.41187045135771,13.178734375675441
77.41815865834654,13.178734375675441
77.51158344789498,13.178734375675441
77.52146491602029,13.178734375675441
77.52236323130441,13.178734375675441
77.52775312300912,13.178734375675441
77.54661774397563,13.178734375675441
77.56009247323743,13.178734375675441
77.62836443483052,13.178734375675441
77.63824590295583,13.178734375675441
77.72268753966306,13.178734375675441
77.74784036761841,13.178734375675441
77.75143362875488,13.178734375675441
77.75951846631196,13.178734375675441
77.76490835801668,13.178734375675441
77.78107803313083,13.178734375675441
77.79006118597202,13.178734375675441
77.41726034306242,13.17963269095956
77.51158344789498,13.17963269095956
77.51876997016794,13.17963269095956
77.53853290641857,13.17963269095956
77.5582958426692,13.17963269095956
77.5636857343739,13.17963269095956
77.6050082374434,13.17963269095956
77.61039812914812,13.17963269095956
77.61758465142108,13.17963269095956
77.62656780426228,13.17963269095956
77.63375432653523,13.17963269095956
77.65711052392234,13.17963269095956
77.67328019903648,13.17963269095956
77.69394145057124,13.17963269095956
77.72807743136778,13.17963269095956
77.75233194403901,13.17963269095956
77.40288729851652,13.18053100624368
77.45139632385897,13.18053100624368
77.45588790027956,13.18053100624368
77.46756599897311,13.18053100624368
77.51427839374733,13.18053100624368
77.56548236494214,13.18053100624368
77.58255035534042,13.18053100624368
77.58883856232926,13.18053100624368
77.6050082374434,13.18053100624368
77.62656780426228,13.18053100624368
77.67417851432062,13.18053100624368
77.68226335187768,13.18053100624368
77.70651786454891,13.18053100624368
77.7424504759137,13.18053100624368
77.74784036761841,13.18053100624368
77.76670498858492,13.18053100624368
77.77389151085788,13.18053100624368
77.77748477199435,13.18053100624368
77.78736624011967,13.18053100624368
77.44690474743837,13.1814293215278
77.46037947670017,13.1814293215278
77.48373567408727,13.1814293215278
77.51517670903145,13.1814293215278
77.52326154658853,13.1814293215278
77.52595649244088,13.1814293215278
77.56817731079451,13.1814293215278
77.58344867062453,13.1814293215278
77.67328019903648,13.1814293215278
77.68944987415064,13.1814293215278
77.69843302699184,13.1814293215278
77.70202628812831,13.1814293215278
77.70921281040127,13.1814293215278
77.7289757466519,13.1814293215278
77.76760330386904,13.1814293215278
77.79545107767674,13.1814293215278
77.4343283334607,13.18232763681192
77.4487013780066,13.18232763681192
77.47924409766668,13.18232763681192
77.55919415795331,13.18232763681192
77.58614361647689,13.18232763681192
77.62117791255756,13.18232763681192
77.64992400164938,13.18232763681192
77.6642970461953,13.18232763681192
77.67956840602533,13.18232763681192
77.7056195492648,13.18232763681192
77.70741617983303,13.18232763681192
77.73077237722013,13.18232763681192
77.74155216062957,13.18232763681192
77.74694205233429,13.18232763681192
77.76850161915316,13.18232763681192
77.40558224436887,13.183225952096038
77.4343283334607,13.183225952096038
77.43702327931305,13.183225952096038
77.44600643215425,13.183225952096038
77.46487105312076,13.183225952096038
77.47654915181431,13.183225952096038
77.49002388107611,13.183225952096038
77.49631208806494,13.183225952096038
77.49990534920143,13.183225952096038
77.54122785227092,13.183225952096038
77.54212616755504,13.183225952096038
77.57177057193098,13.183225952096038
77.57805877891983,13.183225952096038
77.57895709420394,13.183225952096038
77.60590655272753,13.183225952096038
77.61668633613696,13.183225952096038
77.64004253352407,13.183225952096038
77.64722905579703,13.183225952096038
77.6642970461953,13.183225952096038
77.66519536147942,13.183225952096038
77.7244841702313,13.183225952096038
77.72987406193602,13.183225952096038
77.73077237722013,13.183225952096038
77.73256900778838,13.183225952096038
77.73526395364074,13.183225952096038
77.78736624011967,13.183225952096038
77.7981460235291,13.183225952096038
77.41276876664183,13.184124267380158
77.42804012647186,13.184124267380158
77.42983675704009,13.184124267380158
77.43073507232423,13.184124267380158
77.44241317101778,13.184124267380158
77.46936262954137,13.184124267380158
77.48193904351903,13.184124267380158
77.50439692562202,13.184124267380158
77.51427839374733,13.184124267380158
77.56638068022626,13.184124267380158
77.58614361647689,13.184124267380158
77.58794024704514,13.184124267380158
77.6139913902846,13.184124267380158
77.6553138933541,13.184124267380158
77.65890715449058,13.184124267380158
77.69483976585536,13.184124267380158
77.6966363964236,13.184124267380158
77.73256900778838,13.184124267380158
77.74065384534545,13.184124267380158
77.74334879119782,13.184124267380158
77.77568814142612,13.184124267380158
77.4487013780066,13.185022582664278
77.45049800857485,13.185022582664278
77.4621761072684,13.185022582664278
77.46576936840488,13.185022582664278
77.49541377278082,13.185022582664278
77.50080366448555,13.185022582664278
77.5034986103379,13.185022582664278
77.57985540948806,13.185022582664278
77.58075372477218,13.185022582664278
77.61309307500048,13.185022582664278
77.6184829667052,13.185022582664278
77.63016106539875,13.185022582664278
77.63375432653523,13.185022582664278
77.65711052392234,13.185022582664278
77.68675492829828,13.185022582664278
77.71639933267423,13.185022582664278
77.72178922437894,13.185022582664278
77.72628080079954,13.185022582664278
77.7424504759137,13.185022582664278
77.75233194403901,13.185022582664278
77.75951846631196,13.185022582664278
77.7613150968802,13.185022582664278
77.76939993443727,13.185022582664278
77.7837729789832,13.185022582664278
77.79904433881322,13.185022582664278
77.40109066794828,13.185920897948398
77.40468392908475,13.185920897948398
77.40558224436887,13.185920897948398
77.41726034306242,13.185920897948398
77.46037947670017,13.185920897948398
77.46127779198429,13.185920897948398
77.48283735880315,13.185920897948398
77.49541377278082,13.185920897948398
77.50709187147437,13.185920897948398
77.526854807725,13.185920897948398
77.55290595096447,13.185920897948398
77.5636857343739,13.185920897948398
77.56817731079451,13.185920897948398
77.57626214835157,13.185920897948398
77.60680486801165,13.185920897948398
77.60860149857989,13.185920897948398
77.64543242522879,13.185920897948398
77.64722905579703,13.185920897948398
77.67417851432062,13.185920897948398
77.68046672130944,13.185920897948398
77.69573808113948,13.185920897948398
77.71550101739011,13.185920897948398
77.72987406193602,13.185920897948398
77.78736624011967,13.185920897948398
77.42893844175597,13.186819213232516
77.45678621556368,13.186819213232516
77.48104072823492,13.186819213232516
77.48553230465551,13.186819213232516
77.48732893522374,13.186819213232516
77.51338007846321,13.186819213232516
77.53763459113445,13.186819213232516
77.55021100511212,13.186819213232516
77.56638068022626,13.186819213232516
77.57087225664687,13.186819213232516
77.57177057193098,13.186819213232516
77.57446551778334,13.186819213232516
77.57895709420394,13.186819213232516
77.59153350818161,13.186819213232516
77.63465264181934,13.186819213232516
77.6598054697747,13.186819213232516
77.67777177545709,13.186819213232516
77.69394145057124,13.186819213232516
77.71550101739011,13.186819213232516
77.74065384534545,13.186819213232516
77.75862015102784,13.186819213232516
77.40648055965299,13.187717528516636
77.43163338760834,13.187717528516636
77.47205757539372,13.187717528516636
77.48643061993963,13.187717528516636
77.49721040334906,13.187717528516636
77.5448211134074,13.187717528516636
77.55200763568035,13.187717528516636
77.57446551778334,13.187717528516636
77.60680486801165,13.187717528516636
77.6139913902846,13.187717528516636
77.62566948897816,13.187717528516636
77.65261894750174,13.187717528516636
77.66160210034293,13.187717528516636
77.66968693790001,13.187717528516636
77.69124650471888,13.187717528516636
77.70741617983303,13.187717528516636
77.71011112568539,13.187717528516636
77.71460270210599,13.187717528516636
77.71909427852658,13.187717528516636
77.73526395364074,13.187717528516636
77.74784036761841,13.187717528516636
77.76760330386904,13.187717528516636
77.79365444710851,13.187717528516636
77.42714181118774,13.188615843800756
77.45498958499545,13.188615843800756
77.4711592601096,13.188615843800756
77.47565083653019,13.188615843800756
77.47834578238255,13.188615843800756
77.48283735880315,13.188615843800756
77.48553230465551,13.188615843800756
77.51158344789498,13.188615843800756
77.51338007846321,13.188615843800756
77.51966828545206,13.188615843800756
77.52146491602029,13.188615843800756
77.53763459113445,13.188615843800756
77.5403295369868,13.188615843800756
77.54751605925976,13.188615843800756
77.5582958426692,13.188615843800756
77.60141497630693,13.188615843800756
77.60770318329577,13.188615843800756
77.61129644443224,13.188615843800756
77.61668633613696,13.188615843800756
77.64453410994466,13.188615843800756
77.64543242522879,13.188615843800756
77.65172063221762,13.188615843800756
77.68046672130944,13.188615843800756
77.68405998244593,13.188615843800756
77.68495829773005,13.188615843800756
77.74604373705017,13.188615843800756
77.74784036761841,13.188615843800756
77.77838308727847,13.188615843800756
77.43522664874482,13.189514159084874
77.46487105312076,13.189514159084874
77.46576936840488,13.189514159084874
77.48283735880315,13.189514159084874
77.49002388107611,13.189514159084874
77.49361714221259,13.189514159084874
77.50260029505378,13.189514159084874
77.56278741908979,13.189514159084874
77.56727899551039,13.189514159084874
77.57985540948806,13.189514159084874
77.58075372477218,13.189514159084874
77.60321160687516,13.189514159084874
77.60590655272753,13.189514159084874
77.6274661195464,13.189514159084874
77.6508223169335,13.189514159084874
77.68226335187768,13.189514159084874
77.70831449511715,13.189514159084874
77.74784036761841,13.189514159084874
77.774789826142,13.189514159084874
77.78287466369908,13.189514159084874
77.40378561380064,13.190412474368994
77.41456539721007,13.190412474368994
77.44241317101778,13.190412474368994
77.45858284613192,13.190412474368994
77.46307442255252,13.190412474368994
77.46487105312076,13.190412474368994
77.46936262954137,13.190412474368994
77.52236323130441,13.190412474368994
77.52865143829325,13.190412474368994
77.54571942869151,13.190412474368994
77.55200763568035,13.190412474368994
77.5726688872151,13.190412474368994
77.59422845403397,13.190412474368994
77.60141497630693,13.190412474368994
77.62117791255756,13.190412474368994
77.65441557806997,13.190412474368994
77.68855155886652,13.190412474368994
77.692144820003,13.190412474368994
77.73975553006133,13.190412474368994
77.74873868290253,13.190412474368994
77.74963699818665,13.190412474368994
77.75323025932313,13.190412474368994
77.75502688989137,13.190412474368994
77.75951846631196,13.190412474368994
77.76490835801668,13.190412474368994
77.78646792483555,13.190412474368994
77.79634939296086,13.190412474368994
77.41187045135771,13.191310789653114
77.43702327931305,13.191310789653114
77.47475252124607,13.191310789653114
77.48553230465551,13.191310789653114
77.5124817631791,13.191310789653114
77.5313463841456,13.191310789653114
77.56548236494214,13.191310789653114
77.59422845403397,13.191310789653114
77.60770318329577,13.191310789653114
77.61129644443224,13.191310789653114
77.61219475971636,13.191310789653114
77.6364492723876,13.191310789653114
77.66339873091117,13.191310789653114
77.69394145057124,13.191310789653114
77.73526395364074,13.191310789653114
77.74424710648194,13.191310789653114
77.74514542176605,13.191310789653114
77.77838308727847,13.191310789653114
77.78287466369908,13.191310789653114
77.40288729851652,13.192209104937234
77.41276876664183,13.192209104937234
77.42085360419891,13.192209104937234
77.45229463914309,13.192209104937234
77.45409126971133,13.192209104937234
77.45588790027956,13.192209104937234
77.45678621556368,13.192209104937234
77.47565083653019,13.192209104937234
77.49271882692847,13.192209104937234
77.50080366448555,13.192209104937234
77.50709187147437,13.192209104937234
77.52595649244088,13.192209104937234
77.53044806886149,13.192209104937234
77.54392279812328,13.192209104937234
77.549312689828,13.192209104937234
77.57356720249922,13.192209104937234
77.57985540948806,13.192209104937234
77.60410992215928,13.192209104937234
77.609499813864,13.192209104937234
77.63824590295583,13.192209104937234
77.6508223169335,13.192209104937234
77.65621220863822,13.192209104937234
77.67058525318413,13.192209104937234
77.69304313528711,13.192209104937234
77.69483976585536,13.192209104937234
77.69573808113948,13.192209104937234
77.70292460341243,13.192209104937234
77.72178922437894,13.192209104937234
77.72358585494719,13.192209104937234
77.72987406193602,13.192209104937234
77.73436563835662,13.192209104937234
77.75772183574372,13.192209104937234
77.76041678159608,13.192209104937234
77.78736624011967,13.192209104937234
77.41905697363066,13.193107420221352
77.45678621556368,13.193107420221352
77.48732893522374,13.193107420221352
77.48822725050786,13.193107420221352
77.50439692562202,13.193107420221352
77.52865143829325,13.193107420221352
77.5403295369868,13.193107420221352
77.54841437454388,13.193107420221352
77.55290595096447,13.193107420221352
77.55380426624859,13.193107420221352
77.55470258153271,13.193107420221352
77.56548236494214,13.193107420221352
77.56727899551039,13.193107420221352
77.59243182346573,13.193107420221352
77.60590655272753,13.193107420221352
77.62027959727344,13.193107420221352
77.63375432653523,13.193107420221352
77.6418391640923,13.193107420221352
77.65172063221762,13.193107420221352
77.6786700907412,13.193107420221352
77.68495829773005,13.193107420221352
77.68855155886652,13.193107420221352
77.75502688989137,13.193107420221352
77.76939993443727,13.193107420221352
77.77838308727847,13.193107420221352
77.79545107767674,13.193107420221352
77.40558224436887,13.194005735505472
77.43612496402893,13.194005735505472
77.46846431425723,13.194005735505472
77.48463398937139,13.194005735505472
77.50619355619025,13.194005735505472
77.52326154658853,13.194005735505472
77.57536383306746,13.194005735505472
77.57626214835157,13.194005735505472
77.58344867062453,13.194005735505472
77.58973687761338,13.194005735505472
77.62387285840991,13.194005735505472
77.65621220863822,13.194005735505472
77.66519536147942,13.194005735505472
77.67238188375237,13.194005735505472
77.68136503659356,13.194005735505472
77.6966363964236,13.194005735505472
77.71011112568539,13.194005735505472
77.7199925938107,13.194005735505472
77.73885721477721,13.194005735505472
77.75772183574372,13.194005735505472
77.76041678159608,13.194005735505472
77.77748477199435,13.194005735505472
77.45229463914309,13.194904050789592
77.48104072823492,13.194904050789592
77.49721040334906,13.194904050789592
77.50619355619025,13.194904050789592
77.51158344789498,13.194904050789592
77.51966828545206,13.194904050789592
77.5403295369868,13.194904050789592
77.54302448283916,13.194904050789592
77.58434698590865,13.194904050789592
77.62656780426228,13.194904050789592
77.64453410994466,13.194904050789592
77.66968693790001,13.194904050789592
77.68855155886652,13.194904050789592
77.70651786454891,13.194904050789592
77.72268753966306,13.194904050789592
77.74334879119782,13.194904050789592
77.75053531347076,13.194904050789592
77.40378561380064,13.195802366073712
77.4433114863019,13.195802366073712
77.45678621556368,13.195802366073712
77.48193904351903,13.195802366073712
77.50170197976966,13.195802366073712
77.51068513261086,13.195802366073712
77.51158344789498,13.195802366073712
77.54302448283916,13.195802366073712
77.58794024704514,13.195802366073712
77.60141497630693,13.195802366073712
77.60231329159105,13.195802366073712
77.6139913902846,13.195802366073712
77.61668633613696,13.195802366073712
77.62656780426228,13.195802366073712
77.68495829773005,13.195802366073712
77.68944987415064,13.195802366073712
77.70022965756007,13.195802366073712
77.70472123398068,13.195802366073712
77.73436563835662,13.195802366073712
77.74065384534545,13.195802366073712
77.74784036761841,13.195802366073712
77.75502688989137,13.195802366073712
77.76670498858492,13.195802366073712
77.76760330386904,13.195802366073712
77.79365444710851,13.195802366073712
77.42085360419891,13.19670068135783
77.45409126971133,13.19670068135783
77.49361714221259,13.19670068135783
77.50170197976966,13.19670068135783
77.50799018675849,13.19670068135783
77.51517670903145,13.19670068135783
77.51876997016794,13.19670068135783
77.56817731079451,13.19670068135783
77.6050082374434,13.19670068135783
77.60590655272753,13.19670068135783
77.62297454312579,13.19670068135783
77.6328560112511,13.19670068135783
77.63555095710348,13.19670068135783
77.63734758767171,13.19670068135783
77.64094084880819,13.19670068135783
77.66609367676354,13.19670068135783
77.67777177545709,13.19670068135783
77.692144820003,13.19670068135783
77.70202628812831,13.19670068135783
77.70741617983303,13.19670068135783
77.74065384534545,13.19670068135783
77.75233194403901,13.19670068135783
77.7568235204596,13.19670068135783
77.78736624011967,13.19670068135783
77.41905697363066,13.19759899664195
77.41995528891478,13.19759899664195
77.42265023476715,13.19759899664195
77.42804012647186,13.19759899664195
77.4343283334607,13.19759899664195
77.44061654044954,13.19759899664195
77.44600643215425,13.19759899664195
77.4487013780066,13.19759899664195
77.46756599897311,13.19759899664195
77.47295589067784,13.19759899664195
77.47654915181431,13.19759899664195
77.48463398937139,13.19759899664195
77.49900703391731,13.19759899664195
77.49990534920143,13.19759899664195
77.52954975357737,13.19759899664195
77.53224469942973,13.19759899664195
77.56458404965802,13.19759899664195
77.56907562607863,13.19759899664195
77.58794024704514,13.19759899664195
77.59153350818161,13.19759899664195
77.59782171517045,13.19759899664195
77.59961834573869,13.19759899664195
77.61219475971636,13.19759899664195
77.63195769596699,13.19759899664195
77.6328560112511,13.19759899664195
77.64543242522879,13.19759899664195
77.6508223169335,13.19759899664195
77.66339873091117,13.19759899664195
77.66519536147942,13.19759899664195
77.66968693790001,13.19759899664195
77.68855155886652,13.19759899664195
77.74604373705017,13.19759899664195
77.75323025932313,13.19759899664195
77.7801797178467,13.19759899664195
77.78287466369908,13.19759899664195
77.78467129426731,13.19759899664195
77.79634939296086,13.19759899664195
77.79724770824498,13.19759899664195
77.41726034306242,13.19849731192607
77.42893844175597,13.19849731192607
77.43163338760834,13.19849731192607
77.43792159459717,13.19849731192607
77.47924409766668,13.19849731192607
77.49092219636023,13.19849731192607
77.50888850204262,13.19849731192607
77.549312689828,13.19849731192607
77.55560089681683,13.19849731192607
77.57985540948806,13.19849731192607
77.59692339988634,13.19849731192607
77.61758465142108,13.19849731192607
77.62836443483052,13.19849731192607
77.70741617983303,13.19849731192607
77.72178922437894,13.19849731192607
77.7424504759137,13.19849731192607
77.74784036761841,13.19849731192607
77.76311172744845,13.19849731192607
77.76670498858492,13.19849731192607
77.76850161915316,13.19849731192607
77.77209488028964,13.19849731192607
77.77389151085788,13.19849731192607
77.77748477199435,13.19849731192607
77.41007382078946,13.19939562721019
77.42085360419891,13.19939562721019
77.42624349590362,13.19939562721019
77.46397273783664,13.19939562721019
77.46756599897311,13.19939562721019
77.50888850204262,13.19939562721019
77.53224469942973,13.19939562721019
77.54122785227092,13.19939562721019
77.5448211134074,13.19939562721019
77.5636857343739,13.19939562721019
77.57446551778334,13.19939562721019
77.5771604636357,13.19939562721019
77.59512676931809,13.19939562721019
77.60141497630693,13.19939562721019
77.61758465142108,13.19939562721019
77.63465264181934,13.19939562721019
77.68046672130944,13.19939562721019
77.69304313528711,13.19939562721019
77.70831449511715,13.19939562721019
77.71011112568539,13.19939562721019
77.72807743136778,13.19939562721019
77.75772183574372,13.19939562721019
77.79095950125615,13.19939562721019
77.79365444710851,13.19939562721019
