Aspect,Elevation,LandCover,NDBI,NDVI,NDWI,Population,Slope,Vegetation_Deficit,Builtup_Green_Ratio,Water_Cooling_Index,Surface_Dryness,Urbanization_Score,Population_Heat_Exposure,Elevation_Cooling,Terrain_Heat_Index,Aspect_Heat_Index,Vegetation_Cooling_Potential,Water_Influence,Relative_Elevation,Population_Normalized,Building_Density,Road_Length,Park_Distance,Water_Distance,Forest_Distance,Hospital_Distance,School_Distance,Bus_Stop_Distance,Metro_Distance,Commercial_Density,Industrial_Density,Residential_Density,Nighttime_Lights,Emissivity,Albedo,Actual_LST,Predicted_LST,Error
9.708268,880,40,0.11753297,0.3350939,-0.44490314,104.318535,2.8206184,0.6649061,0.3497027765,-0.08274539548,0.56243611,0.391219535,4118.40839,111,111.355652,383.2742895,0.2957093187,-46.41164378,0.4397111913,0.1714467303,1,1494.833184,288.1301103,634.4220314,895.2327083,900.6429479,1390.673892,1271.948653,1387.644711,0,0,0,14.98887,0.9880833568,0.1665383,39.47916245,39.547577,-0.06841445429687809
225.75803,879,50,0.11785898,0.17103165,-0.2702569,4.3685427,0.664657,0.82896835,0.6851005614,-0.08913774001,0.38811588,0.473413665,141.9906719,112,21.60333559,7337.809553,0.1508740342,-1.180628808,-0.5602888087,0.006160777308,2,1559.189325,48.58173011,48.58173011,1443.549031,1634.287048,2317.876622,294.2369426,12371.45098,0,0,0,5.4945197,0.9872633762,0.2519954,32.50298363,32.780735,-0.27775138586913783
27.158266,874,10,-0.053482912,0.3317942,-0.37440437,2.7452855,2.0839176,0.6682058,-0.1607086662,-0.1116144058,0.320921458,0.307361444,93.452518,117,70.93883205,924.4970486,0.34953952,-1.027846888,-5.560288809,0.003476418789,75,5598.32823,11.23613603,0.0,3180.845097,572.5921823,381.3475671,322.2215603,3854.380842,2,0,3,62.85569,0.9881893466,0.0795498,34.04109263,33.54591,0.49518274840820453
123.02101,910,40,0.093707964,0.47434962,-0.5383054,10.420667,1.7014848,0.52565038,0.1971348247,-0.1298028583,0.632013364,0.309679172,383.5280826,81,62.62240247,4527.734365,0.4298992829,-5.609501318,30.43971119,0.01616909356,1,665.8449368,0.0,676.579343,5031.633053,2241.618044,371.8640765,598.4819141,5747.781909,0,0,1,6.5265293,0.9884460584,0.1575357,36.8045618,36.617577,0.18698520087890813
90.0,876,10,-0.39415503,0.8135537,-0.697401,12.025494,0.95104545,0.1864463,-0.4838907858,-0.2954638769,0.30324597,-0.103854365,336.1352855,115,26.5835178,2515.6701,1.134219983,-8.386591541,-3.560288809,0.01882297431,1,2767.788994,0.0,0.0,9128.316376,1362.635515,2100.367093,1573.737196,5140.514299,0,0,1,7.316557,0.9892690352,0.1360461,27.95189,28.863548,-0.911658278808595
332.83325,877,40,0.1524643,0.18965517,-0.30991933,2.018896,1.0423826,0.81034483,0.7996861559,-0.08034491577,0.46238363,0.481404565,72.53112148,114,37.44877349,11957.41083,0.1607395273,-0.6256948957,-2.560288809,0.002275198278,9,1956.095736,0.0,486.1657641,1017.675343,1854.139115,289.8228766,422.3844733,3219.026437,0,0,2,14.43295,0.9879160481,0.2017995,35.92613066,36.11008,-0.1839500589941423
18.878057,908,50,0.0548419,0.13869047,-0.1725406,14.635562,1.4700036,0.86130953,0.3925958585,-0.05546133907,0.2273825,0.458075715,481.6523647,83,48.37741865,621.2717212,0.1310844211,-2.525228649,28.43971119,0.02313920853,269,5288.075903,181.8651302,103.5790457,1834.63497,582.1375808,156.6705462,376.6306976,907.811899,0,0,1,68.777374,0.987217981,0.1885353,32.90972801,32.87724,0.032488782705080155
173.499,893,40,0.07381339,0.41572413,-0.52284867,5.2469263,4.1932178,0.58427587,0.177127708,-0.1255782911,0.59666206,0.32904463,193.3529336,98,154.5230324,6393.560479,0.3850381227,-2.743348438,13.43971119,0.007613348409,1,897.3789352,500.4956605,443.9381804,5316.259866,3768.482153,1708.275331,832.4209692,9048.123225,0,0,0,6.473462,0.9878103703,0.1995992,36.85070507,36.72906,0.12164394329101214
64.0412,919,50,0.059359,0.19144848,-0.25824454,78.66732,2.1179256,0.80855152,0.3084409916,-0.07760457396,0.31760354,0.43395526,2668.779387,72,71.85037172,2172.590022,0.1800842897,-20.31540587,39.43971119,0.1290276623,5,4188.468419,17.18839942,625.3019927,1647.964999,143.5008386,393.9750699,170.7107713,335.8843112,0,0,3,12.039801,0.9874856758,0.2096574,33.92487995,34.04674,-0.12186153559570556
45.72221,917,50,0.06357424,0.19471598,-0.2402633,30.284388,3.3175907,0.80528402,0.3248290712,-0.06492846786,0.30383754,0.43442913,1071.852908,74,117.4192207,1618.2425,0.1823370596,-7.276226999,37.43971119,0.04901746083,24,3271.146334,0.0,309.9302092,3338.978728,2281.995709,673.0507662,802.5895076,2697.458466,0,2,0,38.31353,0.987543914,0.1616147,35.39291954,35.314957,0.07796287496093868
291.2985,807,50,-0.005063804,0.23771514,-0.30441642,14.249308,5.093491,0.76228486,-0.02121274755,-0.1056177436,0.299352616,0.378610528,451.3098507,184,161.3231086,9226.124001,0.2389188829,-4.337723329,-72.56028881,0.0225004655,199,4825.857968,47.1095872,78.73316009,2248.286667,267.1850067,406.5263213,306.5333785,331.6242762,2,0,2,40.94795,0.987735575,0.2320307,31.67240477,31.828377,-0.15597200001953127
150.75192,892,40,-0.070598364,0.58206105,-0.5597366,1.7190331,5.8263984,0.41793895,-0.1210822846,-0.157613646,0.489138236,0.173670293,59.89561418,99,203.0069756,5252.59161,0.6231536079,-0.9622057427,12.43971119,0.001779319049,1,394.1622127,4.247107157,269.4071509,1069.035291,3662.928629,1135.461245,437.14028,7687.651207,0,0,1,11.219987,0.9889670507,0.1344233,34.84261832,34.88006,-0.03743996857421905
207.1564,885,50,0.07990012,0.08355795,-0.11497731,2.5211442,1.0422862,0.91644205,0.9449155283,-0.03615602555,0.19487743,0.498171085,83.8232847,106,34.6540483,6887.559187,0.07688165977,-0.2898743782,5.439711191,0.003105759347,47,2993.240177,0.0,191.3704049,2318.483529,459.2819061,373.5394105,854.0995475,3893.308126,0,0,3,27.269072,0.9877742697,0.1855088,33.24811199,32.64413,0.6039812832128888
295.95935,890,20,0.17277487,0.22021998,-0.4118603,22.01032,2.1178827,0.77978002,0.7810093374,-0.09106943473,0.58463517,0.476277445,831.4459894,101,80.0036109,11179.94716,0.1821715016,-9.065176998,10.43971119,0.03533474628,1,1287.317361,53.94781493,391.1508439,3150.408568,5335.536371,3820.368021,604.9515326,5532.383431,0,0,1,2.0446398,0.9876350567,0.17755,37.77527948,37.85631,-0.08103231809570133
0.0,863,40,0.08284123,0.4123149,-0.50790566,19.771984,0.0,0.5876851,0.2004312692,-0.116512634,0.59074689,0.335263165,738.9514497,128,0.0,0.0,0.3781582265,-10.04230258,-16.56028881,0.03163324025,1,3045.081782,348.754424,1193.679773,5523.001495,2964.49953,3984.910749,1102.301918,7714.141805,0,0,0,5.32158,0.9879782292,0.2045457,37.37366213,37.320927,0.05273546374023397
152.82735,890,10,0.09177108,0.25591198,-0.35352007,1.5483263,1.0424378,0.74408802,0.3572082547,-0.09068896242,0.44529115,0.41792955,55.82912305,101,37.58793493,5510.606472,0.2324266612,-0.547364422,10.43971119,0.001497023518,2,1895.609009,139.5686155,391.3634902,795.7997022,3062.765928,1242.853881,340.1635019,9859.695929,0,0,0,8.638344,0.9885216794,0.184348,36.05772443,36.06452,-0.006797359550780868
258.98105,922,40,0.09056524,0.4157671,-0.51699966,79.50391,2.4248421,0.5842329,0.217304197,-0.1386020777,0.6075649,0.33739907,2822.163741,69,86.07503019,9193.094138,0.3781130528,-41.10349444,42.43971119,0.1304111199,4,249.9610737,54.91629013,842.665528,2468.703837,4065.470043,1849.485528,871.5534528,3253.513475,0,0,1,19.880209,0.9886377304,0.131321,35.49716915,35.64738,-0.15021167885742415
76.31272,869,50,0.07304786,0.24615785,-0.3311074,9.3135605,1.9590901,0.75384215,0.2955514462,-0.09155488446,0.40415526,0.413445005,326.8008771,122,68.74195567,2677.715341,0.2281765458,-3.083788802,-10.56028881,0.01433828649,3,3843.258954,72.86327778,279.2572122,1544.959301,1878.409523,286.6029685,187.859394,6507.352483,0,0,1,15.04514,0.9883228636,0.1578695,35.08871576,34.924164,0.16455194164062448
0.0,892,40,0.1368861,0.31864622,-0.4455723,2.6078472,2.3174627,0.68135378,0.4282425114,-0.11571633,0.5824584,0.40911994,93.63192037,99,83.20598039,0.0,0.2750279817,-1.161984475,12.43971119,0.003249138927,1,1474.176699,20.18795657,468.135135,109.7315826,838.8989282,797.0880953,1127.383319,1299.842747,0,0,0,10.77643,0.9883753967,0.1577768,35.90391353,35.826607,0.07730677951171572
314.24637,908,40,0.09836815,0.2835432,-0.36127102,1.1104511,3.3194532,0.7164568,0.3457055027,-0.1048730484,0.45963917,0.407412475,38.22227415,83,114.2572151,10816.51493,0.25565158,-0.4011738016,28.43971119,0.0007729152106,1,1934.362144,38.33746437,316.4383398,1773.977565,3746.954573,351.1119265,750.2618751,8921.627224,0,1,1,6.448098,0.9874684247,0.2371778,34.42049285,34.44129,-0.020798959082029
337.67838,864,20,0.0671272,0.21875612,-0.25015095,6.245158,2.5049553,0.78124388,0.3054622552,-0.0768648211,0.31727815,0.42418554,209.8170122,127,84.15835705,11344.89612,0.2040716342,-1.562232207,-15.56028881,0.009264110696,1,1562.114905,0.0,197.6997369,2332.336814,1907.886597,229.3434915,853.8566955,4069.627206,0,0,0,6.112493,0.9883494137,0.175821,33.59675003,33.561543,0.03520751901367447
256.3188,881,40,0.186515,0.20896131,-0.38983846,6.3800282,1.9599416,0.79103869,0.888330331,-0.0938378281,0.57635346,0.488776845,234.9449846,110,72.17498646,9438.957732,0.1699868913,-2.487180368,1.439711191,0.009487143725,1,588.4102639,0.0,302.2320015,1248.009438,3684.205197,647.1293956,624.6540406,7579.152841,0,0,1,6.916739,0.9877760154,0.2179462,36.82506992,36.981503,-0.15643261295898725
314.23672,892,10,0.007587789,0.41129234,-0.4699425,24.38512,3.9820724,0.58870766,0.01840390486,-0.1287520344,0.477530289,0.2981477245,858.6431023,99,140.2157955,11064.82938,0.4081715405,-11.45960426,12.43971119,0.03926192098,1,1807.415383,210.5762567,438.6152137,2880.757952,5037.241288,3698.081348,382.5000755,5228.648779,0,0,0,2.4800556,0.987901709,0.1708498,35.21176448,35.156044,0.05572047365234312
244.03406,884,40,0.12791951,0.26968348,-0.42262602,72.4591,2.1173837,0.73031652,0.4725796713,-0.1064956796,0.55054553,0.429118015,2628.684759,107,76.81484123,8853.113195,0.2351857014,-30.62310105,4.439711191,0.1187612127,1,3797.949292,1656.498638,397.4402516,5318.754904,1036.366641,1803.0587,919.1074857,3279.049401,0,0,0,9.182653,0.9881571101,0.1621335,36.27818672,36.31636,-0.038173753632811724
180.0,921,50,0.07242897,0.17874396,-0.26805252,89.04708,0.46373534,0.82125604,0.4029563497,-0.08606817313,0.34048149,0.446842505,2932.037006,70,15.26932919,5926.82726,0.1657977191,-23.86929419,41.43971119,0.1461925313,222,5701.059212,76.25950327,657.9199681,1715.579629,180.30986,428.0277673,113.0675532,4613.872874,0,0,1,41.810898,0.9877689414,0.2097433,32.92681811,33.237682,-0.3108642325292976
134.274,931,50,0.000259,0.24596514,-0.30273372,8.346868,0.664276,0.75403486,0.001048731007,-0.09593440144,0.30299272,0.37714693,276.5333252,60,22.00759029,4448.523172,0.245901435,-2.5268784,51.43971119,0.01273968015,36,4792.285339,15.69156007,336.9232015,1924.491336,186.221688,748.1705567,122.4599985,560.9352185,8,0,0,45.144604,0.987217268,0.1472355,33.1301903,33.150093,-0.019902778613278826
0.0,906,50,0.010548159,0.23080233,-0.29106498,62.388893,0.92740995,0.76919767,0.045504974,-0.09408282046,0.301613139,0.3898729145,2047.763714,85,30.43997661,0.0,0.2283677903,-18.15922189,26.43971119,0.1021082474,83,5239.767171,0.0,309.8991549,2709.939973,1363.01735,75.87445094,240.8894386,4634.531592,0,0,4,43.51603,0.9873119724,0.248205,32.8225685,32.77842,0.04414900537109645
180.0,921,40,0.072133,0.30055293,-0.38071278,0.9289837,0.46373534,0.69944707,0.2392051041,-0.09742326485,0.45284578,0.385790035,33.52561582,70,16.73550661,6495.92759,0.2788731455,-0.353675967,41.43971119,0.0004728250209,1,746.0244651,39.214022,935.3830225,39.214022,3908.775776,1684.300124,557.6146261,9992.196205,0,0,1,5.2040777,0.9876219782,0.265084,36.08848661,36.012886,0.07560056263671555
111.30684,931,40,0.099061124,0.16414954,-0.25587606,14.150181,2.550836,0.83585046,0.5998268236,-0.07391737712,0.354937184,0.467455792,488.023516,60,87.97540847,3838.84527,0.1478887021,-3.620692563,51.43971119,0.02233654052,59,3810.264945,1.439276939,715.0322639,2244.801449,1497.045559,653.898476,816.9152043,2957.163241,0,0,4,23.550192,0.9877103076,0.1665698,34.48885325,34.415115,0.07373789355468574
45.745834,902,50,0.07904412,0.12584269,-0.19749029,8.316504,2.6562622,0.87415731,0.623166538,-0.06361337472,0.27653441,0.476600715,273.4238379,89,87.33061453,1503.997533,0.1158955653,-1.642428787,22.43971119,0.01268946761,541,6542.040635,55.05692898,251.3275046,4117.943881,506.7363689,55.05692898,331.7918712,934.6430038,0,0,1,59.69285,0.9871117264,0.226652,32.87725682,32.87295,0.004305312431640118
99.225204,887,50,-0.0027672956,0.19305597,-0.24445832,267.05066,2.890252,0.80694403,-0.01426029614,-0.07894893418,0.2416910244,0.4020883672,8768.939719,104,94.90501001,3258.18267,0.1935902129,-65.2827557,7.439711191,0.4405546487,540,6697.108901,188.4621407,1324.868576,6359.766919,347.4744981,435.5075903,220.0681721,720.2708356,0,0,0,58.512333,0.9875461893,0.1311529,32.83624058,32.63807,0.19817142716797065
314.24503,891,40,0.0031141234,0.529511,-0.55396914,77.25245,0.6646208,0.470489,0.005870044919,-0.1737924577,0.5570832634,0.2368015617,2571.270639,100,22.1212395,10459.33196,0.5278620374,-42.79547329,11.43971119,0.1266879109,9,1988.573346,83.92035282,216.5531753,2802.07813,846.2650084,1099.121059,775.5916002,1845.424485,0,1,2,28.329998,0.9884528217,0.1491967,33.2840012,33.184517,0.09948429326171748
0.0,867,40,0.043186896,0.33680105,-0.45156735,5.8913946,0.46373534,0.66319895,0.1278471337,-0.1177665403,0.494754246,0.353192923,211.2120003,124,16.62534517,0.0,0.3222556581,-2.660361447,-12.56028881,0.008679096937,1,1790.280952,0.0,2028.538523,413.6582789,2585.870295,468.9938934,929.0778007,5290.452216,0,0,2,7.9563975,0.9892568709,0.2000973,35.85093422,35.85219,-0.0012538903515633137
134.27083,918,50,0.086862884,0.21606119,-0.2639947,6.2065043,0.6643137,0.78393881,0.4001769455,-0.07224396498,0.350857584,0.435400847,218.6374305,73,23.40187541,4729.978074,0.1972934919,-1.638484241,38.43971119,0.009200189594,65,5597.346284,0.0,528.8661866,678.4070481,299.7483997,216.5105614,373.8828338,497.4075279,0,1,0,59.67982,0.9880723372,0.1574858,35.22714557,35.156662,0.07048358269531008
0.0,922,10,-0.1579664,0.6054122,-0.60946375,369.8212,1.3909631,0.3945878,-0.2604934399,-0.2173603294,0.45149735,0.1183107,11539.319,69,43.40142462,0.0,0.7010469858,-225.3926154,42.43971119,0.6105049033,43,6751.349171,0.0,1043.784327,3918.850548,615.8561296,289.4151442,249.2350076,362.5291027,3,0,1,61.80538,0.9876064101,0.1457783,31.20242702,31.06235,0.14007770054199042
332.8424,880,30,0.06122449,0.07981221,0.15904936,1.6965638,1.0422972,0.92018779,0.7576143506,0.05758116753,-0.09782487,0.49070614,52.49329315,111,32.24966398,10298.45955,0.07492574815,0.2698373866,0.4397111913,0.00174216187,52,3052.897486,35.78211545,0.0,953.8927897,1543.00456,534.3496172,1512.942997,1930.671089,0,0,1,49.095585,0.9874424921,0.0389831,30.94094849,30.360699,0.5802497900488284
225.72202,902,40,0.10667406,0.45105106,-0.5266983,9.369498,2.6551313,0.54894894,0.2359779004,-0.1383439859,0.63337236,0.3278115,335.0565905,89,94.94844235,8071.899948,0.4029356122,-4.934898668,22.43971119,0.01443078958,1,0.0,487.2208359,459.2245179,1111.734507,2441.988487,1619.897886,2291.363441,5568.022188,0,0,0,8.280636,0.9879591479,0.1686574,35.76035669,35.845806,-0.08544943182617004
115.96752,883,20,-0.016689846,0.3382151,-0.37664783,1.6375159,1.0589937,0.6617849,-0.04920136515,-0.1457956311,0.359957984,0.322547527,48.67653954,108,31.47947981,3447.232221,0.3438598579,-0.6167668103,3.439711191,0.001644515155,1,933.5404923,81.12061572,59.76957832,1212.179192,3629.468446,1109.675002,615.5770345,7473.574674,0,0,0,10.438022,0.9875947029,0.1931124,29.72584238,31.212387,-1.486544704960938
225.74944,911,50,0.0998703,0.17860176,-0.2519543,391.06796,1.3289307,0.82139824,0.5560652635,-0.07824462691,0.3518246,0.46063427,13076.45696,80,44.43653504,7548.567356,0.1607647486,-98.53125411,31.43971119,0.6456403835,286,4831.718083,37.1322008,401.0213528,2438.500815,1074.215016,138.4751518,28.43794698,796.7458448,0,1,4,41.779755,0.9873516844,0.1748956,33.4378121,33.748318,-0.31050561850585723
207.16101,835,40,0.0021969974,0.37210473,-0.425582,63.00515,2.0839689,0.62789527,0.005888420123,-0.1037313443,0.4277789974,0.3150461337,2310.908881,156,76.43600942,7598.271218,0.3712872169,-26.81385775,-44.56028881,0.1031273432,4,4198.442469,0.0,433.2794724,2775.3399,2444.557253,1650.914886,394.9220153,5896.623752,0,0,3,8.085517,0.987962635,0.1962241,36.67809506,36.607788,0.07030697406249686
225.76575,911,20,0.02,0.5048574,-0.55959725,52.383286,0.664749,0.4951426,0.0395368339,-0.1661127274,0.57959725,0.2575713,1786.407139,80,22.66968054,7699.202902,0.494760252,-29.31354279,31.43971119,0.08556211014,1,1772.084874,25.89164031,701.1157506,3307.478346,1595.143528,570.6894994,607.6257472,1675.388058,0,0,0,5.979493,0.9877864667,0.1642362,34.10261699,33.888813,0.21380397120117323
0.0,905,40,0.15717952,0.24849027,-0.40959597,40.192207,0.46373534,0.75150973,0.6300026049,-0.09007802112,0.56677549,0.454344625,1520.607274,86,17.54467804,0.0,0.2094326886,-16.46256601,25.43971119,0.06540188737,1,499.4143984,72.66814058,1029.637183,3515.000697,3189.129768,1984.842442,1119.201756,5917.240744,0,0,0,7.8101177,0.9877017624,0.2184648,37.83338582,37.89718,-0.06379282990234714
34.376446,858,40,0.09600319,0.17278208,-0.29775068,8.798785,3.367399,0.82721792,0.5524343477,-0.08724167491,0.39375387,0.461610555,301.7006509,133,115.4644045,1178.730488,0.1561944491,-2.619844217,-21.56028881,0.01348700919,1,1177.677743,96.07325362,379.1662411,1162.339346,2494.533117,1373.788643,955.0377534,3089.894199,0,0,0,12.084704,0.9889860078,0.1901544,34.28889908,34.494576,-0.20567642048828105
214.37543,879,50,0.08777726,0.10710195,-0.16305655,525.9415,1.6851344,0.89289805,0.8119859077,-0.05012023526,0.25083381,0.490337655,17667.22859,112,56.60639947,7201.218625,0.09770083429,-85.75820649,-0.5602888087,0.8686789359,40,8394.941504,150.5920714,598.6975735,6626.956039,282.6961602,426.1126936,198.5845293,1799.659293,0,0,0,65.54527,0.987420723,0.1701262,33.591623,33.613823,-0.022199937011720294
134.23906,904,40,-0.01855951,0.37961254,-0.44492754,58.037437,1.99336,0.62038746,-0.04876221367,-0.1375455034,0.42636803,0.300913975,1944.612376,87,66.78986401,4497.837101,0.3866579627,-25.82245407,24.43971119,0.09491230332,1,3459.644,60.22044426,292.980738,1191.690854,1345.779679,964.8325216,344.7428449,7093.156929,0,0,1,9.2728815,0.9878095043,0.18083,33.5061725,33.8511,-0.34492842163086124
225.73988,875,50,-0.004378889,0.41815814,-0.4808019,2.4249482,0.664441,0.58184186,-0.01044686619,-0.1529052387,0.476423011,0.2887314855,80.20637899,116,21.97671961,7466.459848,0.4199892081,-1.165919702,-4.560288809,0.00294668132,314,4738.022323,9.563110198,8.396924234,4815.690495,790.0376028,748.9212549,531.8562909,2696.365553,0,2,2,44.623653,0.988940349,0.1348932,33.07550198,33.091072,-0.015570102519532725
237.00894,895,50,0.15234822,0.16627266,-0.23093984,94.74494,1.7028543,0.83372734,0.9107777685,-0.06835765028,0.38328806,0.49303778,3234.936482,96,58.14163266,8092.34632,0.1409413162,-21.88038128,15.43971119,0.1556150055,11,1980.603731,0.0,534.6851491,3403.512872,3559.474543,1026.016869,732.4853454,7396.55063,0,3,0,22.331448,0.9871171846,0.3827507,34.14363323,34.793484,-0.6498505041308604
90.0,898,40,0.19960861,0.19097306,-0.3943182,5.395153,0.47630966,0.80902694,1.03977407,-0.08681541044,0.59392681,0.504317775,204.0523624,93,18.01470901,3403.928048,0.1528531929,-2.12740702,18.43971119,0.007858468902,1,1014.731323,0.0,150.9616728,424.6057871,6340.27298,2805.276651,650.3387577,7493.684197,0,0,0,8.714419,0.9873789825,0.2076983,37.82142275,37.867954,-0.04653150415038709
180.0,897,50,0.08975175,0.107668474,-0.17181098,101.02873,0.92740995,0.892331526,0.825922613,-0.04816150816,0.26156273,0.491041638,3526.321207,94,32.37044922,6282.745682,0.09800504004,-17.35784511,17.43971119,0.1660064242,429,5820.952592,75.10748939,376.2429286,2930.737911,1803.805177,1261.907443,70.72700412,3907.676742,0,0,0,69.70804,0.9872265865,0.186433,34.90414268,34.93939,-0.03524559514648473
68.72151,913,10,0.12472487,0.28556034,-0.46785605,60.84429,2.5540726,0.71443966,0.4352481924,-0.1496454665,0.59258092,0.419582265,2007.048292,78,84.25025669,2266.891261,0.2499438637,-28.46636918,33.43971119,0.09955395823,1,907.4466256,0.0,199.3582321,2731.346067,4434.175582,2009.964198,1101.282584,2990.400723,0,0,2,14.244119,0.988026751,0.1487822,32.98663346,33.322884,-0.33625014595703107
230.12228,868,50,-0.006090134,0.18028101,-0.19768004,10.372385,4.3315363,0.81971899,-0.03359499155,-0.06092299882,0.191589906,0.406814428,348.0175368,123,145.3330737,7721.135404,0.1813789455,-2.050413482,-11.56028881,0.01608925027,319,5566.823134,416.5580809,315.5301181,2587.043096,629.5432008,215.3574254,291.1749595,3200.310513,0,0,0,54.409367,0.9876637935,0.1683357,33.55231577,33.52639,0.025925694316406123
134.27171,759,50,0.09876718,0.28640777,-0.38140747,4.7616405,0.6643031,0.71359223,0.3436482598,-0.09729191473,0.48017465,0.406179705,172.0275663,232,23.99980544,4850.940657,0.2581200822,-1.816125256,-120.5602888,0.006810837833,2,2074.711331,291.7801482,338.8702816,1999.825368,677.8178781,0.0,265.6907369,2876.768678,0,0,0,18.870459,0.9875256043,0.2446773,36.12779384,36.0551,0.07269435269531499
236.98311,889,10,0.09218834,0.22343788,-0.33086485,2.1708019,3.4003496,0.77656212,0.4107521422,-0.09795853648,0.42305319,0.43437523,74.11164404,102,116.0886671,8090.654377,0.2028395127,-0.718242045,9.439711191,0.002526403015,68,2882.233755,122.4904719,589.4104003,615.0782336,864.5555601,641.2038137,1053.679189,1937.268998,0,0,3,16.054144,0.9886258577,0.1814314,34.14021521,34.125378,0.014837554970704048
90.0,928,50,-0.06068496,0.4434451,-0.4517544,83.6937,1.4276664,0.5565549,-0.1365409586,-0.1576601742,0.39106944,0.24793497,2642.484808,63,45.07611412,2841.595397,0.4703555482,-37.80899723,48.43971119,0.1373397191,48,2387.565226,0.0,405.4987693,660.7200487,529.4158344,609.1954879,334.880404,2474.900073,0,1,1,31.489542,0.9875839155,0.2025664,31.57328219,31.602417,-0.02913480218749953
14.380644,871,30,-0.20149785,0.6478357,-0.62753624,8.328103,1.9142712,0.3521643,-0.3105529643,-0.2173266263,0.42603839,0.075333225,264.0272398,120,60.68845944,455.9119576,0.7783732007,-5.226186443,-8.560288809,0.01270864872,1,716.9626778,701.4474136,299.8057888,8179.643002,4081.968172,1512.530645,1900.046976,3097.348219,0,0,0,5.099721,0.9887779464,0.1714705,31.70316695,31.964737,-0.26156998847656254
101.400986,851,50,0.07216914,0.37180644,-0.449349,3.8989534,13.802695,0.62819356,0.1935834048,-0.1283035278,0.52151814,0.35018135,135.1034499,140,478.280072,3513.666779,0.344973489,-1.751990811,-28.56028881,0.005384223821,138,4265.13461,156.7418046,193.0319241,2297.103345,880.3907567,231.6180085,105.6049603,1632.440677,0,0,1,50.97491,0.9878003304,0.1651514,34.6512092,34.469273,0.1819365864746061
345.60437,878,40,-0.12924589,0.6365325,-0.6125686,1.3967799,1.9143996,0.3634675,-0.2027283158,-0.191377747,0.48332271,0.117110805,46.57874697,113,63.83993252,11524.94999,0.7188017095,-0.8556235079,-1.560288809,0.001246413282,1,1391.913677,167.4799242,225.1953149,1670.926508,4285.41623,560.3381955,299.6265565,11023.41131,0,0,1,5.2397404,0.9883973179,0.1636497,33.34723457,33.346725,0.0005091061328101887
161.12779,912,30,0.077265374,0.4957377,-0.54644066,11.855559,4.402142,0.5042623,0.155545621,-0.15958855,0.623706034,0.290763837,407.0611203,79,151.147732,5532.329493,0.4574343412,-6.478359485,32.43971119,0.01854195509,1,2958.261381,376.5571086,237.3804117,2017.647997,2592.813971,1369.205219,1000.595955,8114.868541,0,0,0,7.921877,0.9881273774,0.1730982,34.33504235,34.504982,-0.16993964462890432
270.0,825,20,0.06774558,0.5140587,-0.56179065,8.878045,2.3766463,0.4859413,0.1315298237,-0.1388708717,0.62953623,0.27684344,324.142857,166,86.77281111,9857.865262,0.4792334952,-4.987602671,-54.56028881,0.01361808039,1,2365.19257,814.1521398,833.1858203,1464.933021,3219.570398,2857.838511,430.2972247,5266.229688,0,0,0,7.5839796,0.988503322,0.1475579,36.51061208,36.547947,-0.03733484993163927
107.998436,863,20,0.106764466,0.39395866,-0.4977793,5.8053193,1.5004948,0.60604134,0.2703180784,-0.1371854644,0.604543766,0.356402903,203.9591539,128,52.71710891,3794.325254,0.351897874,-2.889767777,-16.56028881,0.008536755376,8,855.6477321,238.8966431,570.8052717,2583.3228,4472.270176,545.2708184,698.5502266,7894.980921,0,0,0,5.45615,0.9882549118,0.1373312,35.13315002,35.17202,-0.03886993849609155
207.1681,870,40,0.10258085,0.246936,-0.3522028,95.372246,1.0423954,0.753064,0.4137392311,-0.07955359555,0.45478365,0.427822425,3580.709311,121,39.1362799,7778.035809,0.2216050952,-33.59037208,-9.560288809,0.156652373,1,5827.795353,390.1757396,436.880474,914.1379186,1213.582327,1101.14916,1073.274305,2376.429077,0,0,0,13.931968,0.987991923,0.1707957,37.54456313,37.6874,-0.14283768787109352
157.66522,913,40,0.08363511,0.3738366,-0.48394305,46.826134,2.5051908,0.6261634,0.2231241826,-0.1290748835,0.56757816,0.354899255,1665.316226,78,89.09415603,5607.177589,0.3425707348,-22.66118211,33.43971119,0.07637232289,5,1840.074019,0.0,47.07831915,3129.608487,3149.101445,1075.323508,472.5233763,6277.249634,0,0,2,7.215597,0.9887033721,0.1753943,35.56382054,35.52425,0.03957050948242369
123.00931,915,10,0.000835,0.6680614,-0.59360427,6.6422844,1.7020196,0.3319386,0.001248016998,-0.2059100768,0.59443927,0.1663868,210.3998236,76,53.91287123,3896.421105,0.6675035687,-3.942888382,35.43971119,0.009920833263,81,1803.062558,0.0,595.1237378,3103.303268,266.2905125,276.816033,244.0363626,1034.135971,0,1,3,42.63911,0.9894225376,0.1415376,31.67582279,31.741926,-0.06610340323730313
90.0,903,50,0.006314932,0.27763227,-0.32915533,484.45404,1.427644,0.72236773,0.02266403672,-0.1091787028,0.335470262,0.364341331,15702.32108,88,46.27337709,2917.116549,0.2758790411,-159.4606294,23.43971119,0.8000716834,486,7576.740927,0.0,1704.242399,2735.662923,113.7367084,884.2802461,128.1639061,999.7007936,1,2,4,57.647125,0.9873952244,0.2132549,32.4124061,32.33506,0.07734598037109208
165.60347,871,40,0.022800075,0.3643778,-0.48002282,6.192554,1.9144074,0.6356222,0.06240136921,-0.1376031641,0.502822895,0.3292111375,214.2408238,120,66.23183559,5729.303908,0.3560699588,-2.972567234,-8.560288809,0.009177120172,1,1647.028227,0.0,2.397901268,3791.42374,3948.667358,2462.595525,549.8775431,12756.75319,0,0,1,6.5871506,0.9882178495,0.1731385,34.59652088,34.526142,0.0703787596386718
102.2208,910,10,-0.081,0.51347566,-0.4900069,9.704112,4.373067,0.48652434,-0.1574418506,-0.1499791886,0.4090069,0.20276217,326.5904956,81,147.1749418,3440.226342,0.5550671885,-4.755081838,30.43971119,0.01498413623,40,5119.630135,0.0,660.1321921,4125.120327,15.13043651,516.054692,243.8178351,1480.02237,0,0,0,40.09311,0.9876999517,0.1460252,33.65485637,33.391937,0.2629191141406224
64.04181,898,40,0.09519762,0.34704208,-0.4617233,65.048615,1.059348,0.65295792,0.273523305,-0.1176329714,0.55692092,0.37407777,2351.063471,93,38.28820008,2314.674342,0.3140044999,-30.03446118,18.43971119,0.1065065937,1,835.0867124,103.6373253,307.8975326,3381.022181,1890.147808,1128.163416,704.2982525,5740.376026,0,0,0,13.777986,0.9881830285,0.1609819,36.14317493,36.02129,0.12188510456054757
152.85262,811,20,0.1372871,0.43481228,-0.5220854,5.0849185,4.1619325,0.56518772,0.3150142993,-0.1324410762,0.6593725,0.35123741,184.0544943,180,150.6459507,5532.67701,0.375118163,-2.654761709,-68.56028881,0.007345438297,1,1234.013473,0.0,1020.357035,1650.195555,2306.200073,2210.103102,977.5116134,5444.062585,0,0,0,3.269077,0.9883984102,0.1459245,36.19615424,36.229,-0.032845851552735894
174.14374,838,20,0.104,0.45887607,-0.5223301,2.091615,4.6515384,0.54112393,0.2261478837,-0.1607376049,0.6263301,0.322561965,70.22499663,153,156.173229,5846.794728,0.4111529587,-1.092513472,-41.56028881,0.002395452707,1,98.44021942,118.0409209,276.8362681,2124.981312,2952.811288,423.9275812,325.1407538,1500.587448,0,0,0,7.641249,0.9885572446,0.1138466,33.5745329,33.363403,0.21112957968750123
134.2776,921,40,-0.016916197,0.4719955,-0.55793864,13.737578,1.9919858,0.5280045,-0.03576397027,-0.1536274513,0.541022443,0.2555441515,482.8087324,70,70.00856621,4719.201437,0.4799798689,-7.664725586,41.43971119,0.02165422451,1,996.914832,72.28144505,79.84464369,2163.971453,2700.066926,258.9764141,1098.290126,3538.378968,0,0,0,12.59481,0.9886259065,0.1442213,35.14511309,35.091595,0.05351839395508051
134.23972,908,20,-0.0670349,0.6765286,-0.6371341,24.576841,2.656949,0.3234714,-0.09894032518,-0.205765376,0.5700992,0.12821825,807.0110638,83,87.24421657,4407.927741,0.721879627,-15.65874347,28.43971119,0.03957896741,1,2084.654194,0.0,378.0919102,0.0,1814.578802,718.4293832,794.2204646,4032.084298,0,0,0,3.6264167,0.9884515794,0.1771753,32.83624058,32.86421,-0.027967641435544977
256.30005,841,50,0.075736545,0.3562698,-0.48390293,8.651849,1.9573132,0.6437302,0.2119869773,-0.1286378908,0.559639475,0.3597333725,308.0624576,150,69.69316208,9125.959466,0.3292871563,-4.186655081,-38.56028881,0.01324402311,1,2238.791261,753.5651555,722.2649343,1377.764461,3152.211384,2988.388796,197.2209192,5708.525611,0,0,0,6.509026,0.9876657384,0.2360204,35.60654579,35.670918,-0.0643717209863297
260.77484,887,50,-0.020905923,0.26996905,-0.30470738,333.8904,2.8902647,0.73003095,-0.07715243863,-0.1048919265,0.283801457,0.3545625135,10619.04979,104,91.9219743,8293.682631,0.2756130022,-101.738869,7.439711191,0.5510866244,479,8067.256882,0.680986924,1033.736816,6375.083349,99.44276547,155.2262635,89.53013394,317.9672933,4,0,17,58.096188,0.9881133073,0.1437739,31.80399854,31.637104,0.16689450557617036
145.60918,872,20,-0.049867775,0.49851713,-0.5244103,8.505675,1.6854441,0.50148287,-0.09983196172,-0.1589939482,0.474542525,0.2258075475,287.4492457,119,56.95957525,4920.861538,0.5233770701,-4.460463578,-7.560288809,0.01300229714,1,1334.46013,0.0,78.78593564,4470.509833,2846.520688,2645.076954,277.0570248,11552.33161,0,0,1,6.7464333,0.98810116,0.1622321,33.79499519,33.819077,-0.024081348085935872
248.7083,876,40,0.11644619,0.19690265,-0.28320682,1.8859025,2.5525634,0.80309735,0.588401368,-0.0767530245,0.39965301,0.45977177,66.67668887,115,90.2466992,8793.161861,0.1739740866,-0.5341004499,-3.560288809,0.002055268723,3,2121.941835,10.8093271,36.55504751,810.8372374,1165.907819,944.0977357,531.616107,2614.239091,0,0,2,16.300924,0.9886983371,0.1520222,35.35532132,35.436874,-0.0815530696484359
90.0,896,40,0.15561807,0.31309816,-0.45868772,41.722336,0.9522213,0.68690184,0.4954440675,-0.09397257341,0.61430579,0.421259955,1608.943996,95,36.72063672,3470.681978,0.2643744286,-19.13752317,16.43971119,0.06793224104,1,3012.339954,1362.667308,1500.072621,3891.373466,1932.826948,1711.869713,593.3698921,1831.828452,0,0,0,10.534581,0.9881747381,0.1689267,38.56313309,38.630684,-0.06755080892578036
309.86942,882,50,0.073798515,0.1305842,-0.20104302,382.96295,4.3322845,0.8694158,0.560846325,-0.05546311684,0.274841535,0.4716071575,13449.45887,109,152.1475699,10882.45226,0.12094728,-76.99202802,2.439711191,0.6322372379,264,5214.47989,307.5105211,521.2748342,2617.149658,576.5700299,376.6393332,48.23523669,5925.569321,0,0,0,72.08077,0.9878389253,0.1696458,35.11947794,34.737427,0.382051182187503
134.2381,909,60,0.08493078,0.07827451,-0.16508475,5.935353,1.3292278,0.92172549,1.071350425,-0.05038299428,0.25001553,0.503328135,200.0070422,82,44.79176228,4523.499331,0.07162659481,-0.9798362662,29.43971119,0.00875179035,14,2748.703097,0.0,899.7520213,3209.918974,4228.087379,1874.384109,836.949371,7007.069596,0,5,0,19.264921,0.9871463803,0.4100242,33.69758162,33.898354,-0.20077195666015513
171.65898,914,40,0.12902299,0.20636816,-0.36316618,1.8189691,3.2773442,0.79363184,0.622192867,-0.103478021,0.49218917,0.461327415,63.08232563,77,113.6591567,5953.178465,0.179741923,-0.6605880596,34.43971119,0.001944581863,1,1536.1936,0.0,667.0369778,3741.732014,615.333185,617.7898661,626.6750358,1086.992376,0,0,0,35.108128,0.9876723008,0.2465944,34.68026237,34.79393,-0.11366768371093627
90.0,897,40,0.12399174,0.4242147,-0.53517425,26.08107,1.9040071,0.5757853,0.2915979622,-0.1262945144,0.65916599,0.34988852,966.4099828,94,70.55122619,3334.866953,0.3716155812,-13.95791708,17.43971119,0.0420664906,13,4045.879377,13.85328988,1022.51142,1126.801931,3898.897016,1919.158663,1228.354661,10262.56429,0,0,2,4.4126644,0.9885486826,0.1341971,37.05407726,36.921303,0.13277446458984343
14.386235,893,50,0.1276482,0.24207859,-0.34726423,2.2097147,1.9143192,0.75792141,0.5251313989,-0.07891533551,0.47491243,0.442784805,82.8154925,98,71.74468602,539.1660456,0.2111776937,-0.7673548738,13.43971119,0.002590752587,1,731.1294052,124.1032817,616.2823454,124.1032817,1377.374944,614.052973,374.1341508,2196.54577,0,0,1,15.882142,0.987549457,0.2642325,37.47791174,37.41013,0.06778219288086262
115.98006,836,10,-0.025153244,0.4845424,-0.5146783,5.948521,4.2268705,0.5154576,-0.05180442326,-0.1731275834,0.489525056,0.245152178,191.4537895,155,136.0422826,3732.83073,0.4967302132,-3.061574676,-43.56028881,0.008773566094,9,2135.213994,88.82057167,610.7535924,3154.178783,1315.752424,334.9675285,290.7978181,752.9473589,0,0,0,22.32907,0.989163147,0.1444952,32.18510777,32.136436,0.04867130759765814
180.0,880,50,0.12752613,0.26177877,-0.38648948,2.7236702,0.92740995,0.73822123,0.4852984509,-0.09989569544,0.51401561,0.43287368,97.95333663,111,33.35312,6473.471198,0.2283951365,-1.052669879,0.4397111913,0.003440673859,3,3900.076351,0.0,261.4415576,419.2851825,2764.085526,943.3811623,148.1440674,6778.562255,0,0,3,12.365511,0.9873494028,0.2804224,35.96372888,36.039406,-0.07567694275390835
152.81966,892,50,0.14504386,0.17435898,-0.2725757,29.735102,2.0843294,0.82564102,0.8271253631,-0.06991459315,0.41761956,0.48534244,1072.230931,99,75.15973727,5510.590358,0.1490692805,-8.105066242,12.43971119,0.04810911399,1,961.097879,0.0,210.2639462,2349.716007,4580.106707,3161.846671,75.61166039,4802.365017,0,0,1,3.3601174,0.9872938859,0.2149336,36.05943344,35.9442,0.1152348316015619
314.23425,881,40,-0.040980607,0.523835,-0.59786576,3.383583,0.664749,0.476165,-0.07808283937,-0.1667491314,0.556885153,0.2175921965,118.3323669,110,23.24793645,10989.55828,0.5453020763,-2.022928422,1.439711191,0.004531962748,1,441.4564221,793.4700664,1001.610839,3292.404783,10720.87366,3769.032608,279.5094666,5207.016031,0,0,0,1.7138104,0.9891855638,0.139827,34.97250308,34.97123,0.0012735267773464898
225.73784,830,50,0.026188979,0.22090885,-0.2836233,173.97156,3.3185165,0.77909115,0.1180168299,-0.08609060354,0.309812279,0.4026400645,5876.394842,161,112.0925354,7624.951335,0.2151234728,-49.34238795,-49.56028881,0.2866309975,8,2580.387254,96.29744909,296.0606324,4044.484755,963.2448613,795.1384452,452.107522,943.3916461,0,0,0,34.69935,0.9873439067,0.1916681,33.77790509,33.794086,-0.016181366298830824
225.76399,869,40,-0.011937558,0.40830672,-0.42056075,3.0206215,0.6647281,0.59169328,-0.02916531153,-0.1399418811,0.408623192,0.289877861,97.75074256,122,21.51135631,7305.979139,0.4131809052,-1.270354844,-10.56028881,0.003931738215,1,607.8683481,0.0,76.47439938,4989.951827,2325.786509,680.5880074,1225.879163,12349.86236,0,0,0,3.689291,0.9882579571,0.1718952,32.3611358,32.68895,-0.32781378496093794
129.07413,850,10,-0.08536285,0.68461245,-0.6580233,59.18718,3.6735785,0.31538755,-0.12450598,-0.2146912454,0.57266045,0.11501235,1933.976242,141,120.0363583,4217.573821,0.7430529199,-38.9465435,-29.56028881,0.0968136178,7,556.6547818,806.1206551,218.9585316,1836.414036,1812.957019,1802.444546,378.7418045,4955.164738,0,0,0,8.553105,0.9890289013,0.1400677,32.67559364,32.61119,0.06440284410156494
194.39185,877,40,0.104273506,0.20349105,-0.28274173,2.733325,1.9143672,0.79650895,0.5099172115,-0.07231291257,0.387015236,0.450391228,98.66024778,114,69.09970175,7016.636546,0.1822723248,-0.7728250392,-2.560288809,0.003456639871,206,4807.107633,42.05901302,155.4015655,3598.60587,905.036686,348.2415541,283.302293,4118.117362,0,3,1,54.75416,0.987692497,0.248871,36.09532265,36.005283,0.09003929428710933
180.0,901,40,0.11979675,0.115127504,-0.22125813,94.37623,0.92740995,0.884872496,1.031596701,-0.05974575345,0.34105488,0.502334623,3341.218054,90,32.83325546,6372.571248,0.1013356032,-20.88150817,21.43971119,0.1550052748,123,5257.918141,11.4423183,460.3107591,3525.406735,1266.547481,452.1762196,153.1147193,2496.818577,0,0,1,36.28317,0.9879712548,0.1420513,35.4031736,35.119347,0.2838269813476586
145.6117,891,50,0.109551564,0.17261904,-0.29091224,69.35444,1.6853932,0.82738096,0.6309881912,-0.09052756906,0.400463804,0.468466262,2316.927239,100,56.30401477,4864.457331,0.1537083542,-20.17605549,11.43971119,0.1136270784,76,5069.665327,23.43905526,175.618082,3306.648629,1570.851077,446.1833129,565.1384245,3978.525339,0,0,4,28.608046,0.9879212028,0.2071036,33.40704992,33.763878,-0.35682794865234513
270.0,914,50,0.077020735,0.3278539,-0.3504644,5.1271906,2.8519175,0.6721461,0.2342095836,-0.101896549,0.427485135,0.3745834175,176.3665159,77,98.1010445,9287.534444,0.3026023516,-1.796897777,34.43971119,0.007415343099,64,6410.279233,34.83231235,202.4257729,2078.307523,116.5744745,304.2428332,217.8261166,237.1853042,0,1,3,47.85373,0.9872854483,0.2197831,34.39827572,34.53525,-0.13697589743163974
80.77857,916,10,0.06888818,0.31851178,-0.42625767,102.85573,2.8914247,0.68148822,0.2156045076,-0.1052028059,0.49514585,0.3751882,3757.259254,75,105.6220418,2950.793599,0.2965700832,-43.84304382,36.43971119,0.1690277094,104,3382.900753,98.25538512,320.3174726,1555.007607,506.2129939,441.0318298,332.1505075,3286.880956,2,3,6,51.757317,0.9882268994,0.1595977,36.52941119,35.693592,0.8358191184667945
314.23373,913,40,0.05121951,0.48150164,-0.5631458,28.623718,1.3293315,0.51849836,0.1061540641,-0.1519060335,0.61436531,0.284858935,1013.761803,78,47.08072859,11129.16752,0.4568393619,-16.11932657,33.43971119,0.04627123327,1,164.30721,94.30679903,94.30679903,2894.421549,2919.899538,1921.359622,1148.445165,2889.832605,0,0,0,5.716555,0.9885811977,0.1601721,35.41684568,35.49022,-0.07337343621093595
45.756336,912,20,0.05155619,0.5207619,-0.57227254,25.699493,1.3290951,0.4792381,0.09881171853,-0.2159941087,0.62382873,0.265397145,775.9733474,79,40.13084514,1381.571894,0.4939134005,-14.70711414,32.43971119,0.04143548187,1,1376.881542,0.0,1992.556559,0.0,4517.796094,2570.563547,996.8814806,12070.71046,0,0,0,2.6374035,0.9887107172,0.1210708,30.19411112,30.145828,0.04828287292968625
71.99757,769,50,0.064950496,0.2666309,-0.32417274,2.2565756,1.5001726,0.7333691,0.2426868347,-0.08605050799,0.389123236,0.399159798,80.39128404,222,53.44416628,2564.938263,0.2493130908,-0.7315202953,-110.5602888,0.002668245824,101,3441.67764,390.1644188,1418.729236,2566.349885,2391.635145,1568.813487,208.5475352,3719.25254,0,0,0,10.600354,0.9874010698,0.2072461,35.6253449,35.80361,-0.178266855371092
101.026276,919,50,0.07868931,0.094940305,-0.15571557,524.8862,2.4232516,0.905059695,0.8201903256,-0.04698034942,0.23440488,0.4918745025,17776.20211,72,82.06771334,3421.434018,0.08746951791,-81.73295382,39.43971119,0.8669338006,448,6635.375191,66.09327777,1436.769861,1793.056376,324.8076657,607.1612386,257.5044618,2228.839899,0,0,9,39.293873,0.9872253751,0.1760468,33.86677361,33.42508,0.44169426429687775
207.16248,898,50,0.054247156,0.14551282,-0.17257218,13.131355,1.0423428,0.85448718,0.3702553538,-0.05521000426,0.226819336,0.454367168,433.114311,93,34.37981713,6832.884709,0.1376191634,-2.266106559,18.43971119,0.02065172172,31,9656.657842,0.0,299.23947,1659.138892,72.69926823,272.7843473,120.0139339,115.8655417,8,3,0,66.5839,0.987236933,0.0493285,32.98321544,32.344063,0.6391526348242209
216.2614,872,40,0.08291966,0.41865757,-0.5485874,27.63676,4.019327,0.58134243,0.197588858,-0.143590829,0.63150706,0.332131045,989.5284143,119,143.911163,7743.194218,0.3839426266,-15.16117831,-7.560288809,0.04463911415,1,517.6767796,31.10207452,31.10207452,3931.590568,7855.588469,1095.246915,1657.449413,5548.747805,0,0,0,2.1773286,0.9877647912,0.2112123,35.80479095,35.689606,0.11518523710937245
103.68651,849,50,0.06538462,0.2338505,-0.2857143,69.87803,1.9591981,0.7661495,0.2784095414,-0.08310084142,0.35109892,0.41576706,2403.325476,142,67.38299157,3566.105556,0.2185602739,-19.96515243,-30.56028881,0.1144929321,47,2341.209442,174.9259326,1278.102157,2957.206667,3240.603379,1467.489196,510.5257423,2168.839501,0,2,0,28.23361,0.9881762486,0.1542764,34.39314869,34.639267,-0.24611827777344075
225.73744,885,50,0.05532537,0.16501352,-0.22387117,2.6490977,3.9802363,0.83498648,0.333258219,-0.07042270181,0.27919654,0.445155925,88.063915,106,132.3149355,7504.186323,0.155884086,-0.5930566015,5.439711191,0.003317354322,45,4615.098461,5.15924722,204.5023352,4318.694932,1624.0497,75.62210534,400.5528593,5233.751612,0,0,10,35.38839,0.9881483818,0.117262,33.24298496,33.500847,-0.2578619027929676
161.11282,885,50,0.087843835,0.050319284,-0.11045098,11.10674,1.4700836,0.949680716,1.711712015,-0.03344439658,0.198294815,0.5187622755,375.5610217,106,49.70910445,5447.835755,0.04589904512,-1.226750318,5.439711191,0.01730364322,364,7863.844055,56.05599813,213.2805232,3693.677294,339.9404248,294.5334827,162.8608184,2718.830259,0,0,5,59.262672,0.98737623,0.1960085,33.8137943,32.982845,0.8309489936035135
239.68513,846,10,0.05529412,0.36448598,-0.3773585,1.9613271,2.7541564,0.63551402,0.1512893053,-0.1196889006,0.43265262,0.34540407,64.95232464,145,91.2080706,7937.536975,0.3443320485,-0.7401234525,-33.56028881,0.002179997366,1,2412.931479,255.1788147,364.5658976,3371.764008,3887.348227,942.9249412,1055.328755,8202.432222,0,0,0,9.111193,0.9879465373,0.2155171,33.11651822,33.52432,-0.40780047506835615
124.85283,778,40,0.14514782,0.24193157,-0.38548997,1.6919692,4.0507126,0.75806843,0.5974843862,-0.09125613299,0.53063779,0.451608125,62.63363402,213,149.9500408,4621.82554,0.20681573,-0.6522371561,-101.5602888,0.001734563842,77,3167.743868,648.8829639,2146.069384,2018.671956,3059.028703,2354.92002,618.0311526,4485.334671,0,0,0,8.010105,0.9882550435,0.1575202,37.01818805,37.04131,-0.023121306689454002
270.0,940,10,0.04054878,0.20344168,-0.36558905,396.30005,0.47596785,0.79655832,0.1983391058,-0.1326645982,0.40613783,0.41855355,12245.6447,51,14.70737432,8342.981708,0.1951923681,-144.8829588,60.43971119,0.6542926201,145,7167.120968,11.92369446,856.8308075,588.3688794,308.2591446,78.94986636,38.72399772,842.8043033,0,1,2,56.388,0.9887010059,0.1340629,30.89993225,31.354494,-0.4545618448486337
0.0,899,50,0.026486581,0.18463181,-0.27939144,2.7359488,2.3174627,0.81536819,0.1426834172,-0.09142200773,0.305878021,0.4209273855,89.27250558,92,75.61753415,0.0,0.1797415446,-0.764400675,19.43971119,0.003460978814,35,4839.967356,0.0,221.4658017,840.605633,329.723805,379.9148279,972.0635084,2033.382746,0,0,7,24.029728,0.9876500686,0.181158,32.62945037,32.755764,-0.12631363756835867
145.64085,742,10,-0.0956807,0.6748851,-0.61939394,3.0218625,1.6848072,0.3251149,-0.1415635587,-0.2119968071,0.52371324,0.1147171,96.39651656,249,53.74484946,4645.899874,0.7394585788,-1.87172332,-137.5602888,0.00393379044,1,702.1311209,0.0,1105.696113,2891.303934,510.2176592,1002.223036,804.5916071,6528.873537,0,0,0,6.7812343,0.9887922964,0.1159311,31.8997031,31.947538,-0.04783527585449221
270.0,828,10,-0.020342117,0.3854363,-0.38674206,10.081272,0.47580412,0.6145637,-0.05264028509,-0.1168868878,0.366399943,0.2971107915,341.1617216,163,16.1017531,9137.107384,0.3932768903,-3.898851901,-51.56028881,0.01560784063,147,6808.189994,0.0,485.7364248,2500.395011,454.8415168,553.627483,154.1300224,1362.525504,0,0,2,72.562805,0.9882678778,0.1542962,33.84113846,33.89328,-0.05214156929687164
325.61115,868,10,0.09212451,0.262638,-0.3314951,68.4218,1.6854042,0.737362,0.3494356276,-0.1054458604,0.42361961,0.414743255,2262.851514,123,55.73982921,10768.63929,0.2384426029,-22.68149143,-11.56028881,0.1120847842,1,4044.788975,848.4929687,589.3254199,5707.970965,737.2845779,2235.378022,335.0040119,4372.709415,0,0,0,26.716295,0.988682388,0.1197729,33.07208396,33.257206,-0.18512200313476512
307.93848,873,30,0.10511786,0.15420432,-0.22109534,68.641426,3.014355,0.84579568,0.6772869467,-0.04761029277,0.3262132,0.47545677,2612.187708,118,114.7129589,11718.77042,0.1379946919,-15.17629942,-6.560288809,0.1124479768,2,989.2697257,0.0,985.9041478,1913.606897,4156.29109,834.3539365,192.9722809,8358.460719,0,2,0,15.018804,0.9872149594,0.1475209,38.05555712,37.451878,0.6036795260058625
64.033035,884,50,0.09153776,0.17597173,-0.24271844,67.84806,1.0590149,0.82402827,0.517245099,-0.06885058454,0.3342562,0.457783015,2357.162831,107,36.7920698,2224.622046,0.159863672,-16.46797528,4.439711191,0.1111359981,17,4636.480218,282.2780899,862.1509888,988.48591,910.1457511,679.0211609,470.4928116,1926.098647,0,0,0,12.308225,0.9875728033,0.224033,34.74178673,34.922638,-0.18085120945312383
66.580414,893,10,-0.097114064,0.50062656,-0.52015233,464.63437,4.6567907,0.49937344,-0.1935983294,-0.1704599968,0.423038266,0.201129688,15149.64721,98,151.837102,2170.889302,0.5492444398,-241.6806502,13.43971119,0.7672961626,298,5546.945824,0.0,271.4069263,6144.644927,552.480572,648.4786453,93.51360938,1697.00654,0,0,1,61.919857,0.9884308028,0.1514827,32.60552423,32.42436,0.18116586208007845
0.0,900,50,-0.0093800975,0.27118644,-0.3535685,99.39494,1.3909631,0.72881356,-0.03446203088,-0.1236304747,0.3441884025,0.3597167313,3134.997017,91,43.87210425,0.0,0.2737301952,-35.14291984,20.43971119,0.1633046477,162,4925.094233,0.0,365.0853263,2237.847491,768.3900429,272.3839852,376.1784672,2142.454244,0,0,15,39.30084,0.9883707761,0.1673152,31.540811,31.355057,0.18575423730468898
252.01025,886,10,-0.004021164,0.43757576,-0.5127551,2.0646834,1.5011958,0.56242424,-0.009168687298,-0.1728058877,0.508733936,0.279201538,66.38854358,105,48.26996855,8103.224671,0.4393353239,-1.058676943,6.439711191,0.002350916284,92,3648.374844,0.0,292.56472,2518.01157,1702.324856,1133.706641,512.8930633,4474.911521,0,0,1,19.888168,0.9884962089,0.1603505,32.15434559,31.98731,0.16703518045409993
45.76685,910,60,0.06998814,0.20306906,-0.28630024,54.354115,1.9935712,0.79693094,0.3429630146,-0.06958104026,0.35628838,0.43345954,1995.463231,81,73.18853464,1680.205195,0.1888566342,-15.56159617,30.43971119,0.08882124345,12,3003.742964,14.57383702,0.0,3638.304756,3918.360331,959.2435971,893.4391872,5355.917906,0,0,1,8.536862,0.9876746876,0.18746,36.71227526,36.0618,0.6504771642968734
322.4342,772,20,0.13161466,0.4312337,-0.5244145,0.82869023,2.3389173,0.5687663,0.3044988394,-0.1188029149,0.65602916,0.35019048,31.0859041,219,87.7376808,12095.18136,0.3744770232,-0.4345771726,-107.5602888,0.0003069710635,1,411.1338051,203.9191087,940.2387009,4275.749988,3938.302525,2873.013217,1588.071196,7177.59727,0,0,0,2.2548518,0.9889823799,0.1618627,37.51209194,37.470303,0.04178935821288832
283.68774,899,50,0.038544826,0.15594897,-0.21944521,483.74026,1.9590236,0.84405103,0.2455882699,-0.06935521284,0.257990036,0.441297928,16046.24808,92,64.98317645,9410.264616,0.1499379441,-106.1544829,19.43971119,0.798891315,378,8536.002176,204.6906709,360.9602847,2449.498155,373.7616957,596.6279888,325.766493,345.1106428,0,0,1,76.91686,0.9873607904,0.1636803,33.17120654,32.95659,0.21461779488281252
90.0,872,50,0.08138481,0.21186036,-0.29682702,3.2588832,0.4757967,0.78813964,0.3823389663,-0.09132220718,0.37821183,0.434762225,109.4266201,119,15.97627824,3022.015583,0.1946181449,-0.9673245888,-7.560288809,0.004325748372,19,3040.233433,0.0,756.528889,1048.835484,1065.045337,946.9532164,1130.658066,3470.456307,0,0,5,30.82881,0.9873608958,0.19858,33.57795092,33.584446,-0.0064950333691413675
165.59894,908,60,0.20516641,0.16335434,-0.33481646,4.592864,1.9144462,0.83664566,1.248317568,-0.08396779435,0.53998287,0.520906035,166.8876523,83,69.56387817,6017.251614,0.1298395165,-1.537766466,28.43971119,0.006531734413,2,1011.256216,0.0,357.3355847,126.6626416,6145.261108,2575.147229,930.5513594,6635.663016,1,0,0,15.359418,0.9874179548,0.2284433,36.33629306,36.37744,-0.0411483462499973
34.386436,901,50,0.072670534,0.16853933,-0.24216184,249.31073,1.6853558,0.83146067,0.4286352553,-0.08181684201,0.314832374,0.452065602,8006.197583,90,54.12238588,1104.262944,0.1562914869,-60.37354511,21.43971119,0.4112183659,360,5351.95422,187.1330996,184.8984395,2590.642262,517.566878,178.2112116,218.027439,2182.609584,1,0,0,57.623684,0.9875270238,0.1880861,32.11332935,32.384216,-0.2708869585937492
180.0,888,50,0.041652557,0.08741595,-0.13700281,1.9920495,1.3909631,0.91258405,0.4710977714,-0.04224219793,0.178655367,0.4771183035,66.82425612,103,46.66052448,6038.186351,0.08377485216,-0.2729163792,8.439711191,0.002230802584,13,4068.586534,0.0,576.7832544,205.6434128,861.7592152,1111.465127,765.7694476,3700.961723,0,0,6,27.70634,0.9871974585,0.2350675,33.54547973,33.553623,-0.008143469462893904
270.0,885,20,0.08962264,0.38890556,-0.52218205,45.15529,1.4283353,0.61109444,0.2298573019,-0.1241853445,0.61180469,0.35035854,1669.174721,106,52.79871252,9980.60636,0.354050817,-23.5792819,5.439711191,0.07360927073,1,1344.835765,280.6120595,490.5558745,2733.793999,3311.678812,1311.418319,603.0712755,6554.316119,0,0,0,5.211783,0.9883935335,0.1469528,36.96520874,36.857502,0.10770675635742322
314.26938,839,10,-0.009080841,0.6008433,-0.5902269,3.2260036,1.3284836,0.3991567,-0.01508838098,-0.1594814158,0.581146059,0.1950379295,114.1831991,152,47.02118356,11123.44797,0.6062994625,-1.904074104,-40.56028881,0.004271375821,6,1934.604352,0.0,588.5130182,0.0,2380.111712,1464.719822,651.9348876,3395.09033,0,0,2,20.757063,0.9891326553,0.1431353,35.39462855,35.464592,-0.06996342998046856
103.68205,901,40,0.13698874,0.35312238,-0.49274018,60.00803,1.9598243,0.64687762,0.3868401088,-0.1209339053,0.62972892,0.39193318,2196.057621,90,71.72185273,3794.35479,0.3047485901,-29.5683675,21.43971119,0.09817104636,2,2424.888146,0.0,220.3246032,3668.331301,1793.296953,1185.167983,646.3211835,6503.611937,1,2,0,7.217631,0.987684822,0.1969327,36.59606258,36.654827,-0.0587645379199202
189.70587,909,50,0.009962049,0.18849659,-0.2508241,402.6575,2.8205984,0.81150341,0.05257112542,-0.08924226784,0.260786149,0.4107327295,12580.40675,82,88.12520607,5927.064585,0.1866187777,-100.996205,29.43971119,0.6648058494,214,5390.974282,75.94747688,1220.530357,5148.587741,100.5561757,169.2196705,192.4989004,1349.068163,2,1,1,64.98384,0.9885424768,0.1346122,31.24344326,31.672167,-0.42872356434082093
145.63483,765,10,-0.026161239,0.4883841,-0.5205696,3.9592736,1.684928,0.5116159,-0.05345747645,-0.1360738307,0.494408361,0.2427273305,141.8286279,226,60.35729039,5216.913557,0.5011608332,-2.061077474,-114.5602888,0.005483974522,10,2390.743881,0.7434564414,73.99662811,2030.932838,502.5479686,389.0988657,437.8847796,2421.872275,0,0,0,19.829882,0.9886376163,0.1908594,35.82188105,35.85925,-0.0373680649902326
323.7378,913,40,0.03282365,0.40771514,-0.4565551,57.32532,4.0193686,0.59228486,0.08030935678,-0.1317929325,0.48937875,0.312554255,1977.672366,78,138.6646286,11168.6651,0.3943324409,-26.17216721,33.43971119,0.09373468505,1,2301.738114,74.53671907,538.1303118,2355.584709,2525.504168,784.7187694,356.4911053,5904.682097,0,0,1,9.250587,0.987777985,0.1868241,34.49910731,34.466206,0.03290171307617129
45.74269,869,10,0.005929919,0.57405037,-0.5450356,4.4823203,0.6644745,0.42594963,0.01031199928,-0.1862200573,0.550965519,0.2159397745,143.1149124,122,21.21584436,1460.5072,0.5706462978,-2.443024134,-10.56028881,0.006348929789,75,1761.635737,0.0,585.9339145,660.8862794,1120.66322,606.573245,831.3309614,899.6293686,0,1,0,32.456013,0.9884700419,0.1308164,31.92875627,32.12542,-0.1966633466992178
295.95844,891,40,0.046210106,0.44062266,-0.49778125,3.207103,1.0593382,0.55937734,0.1046370809,-0.1157512372,0.543991356,0.302793723,119.3733775,100,39.43022063,11016.0349,0.4202614402,-1.59643574,11.43971119,0.004240120154,1,784.2115667,375.8133334,375.8133334,2892.048386,9463.174728,2193.517879,277.6817441,4446.249289,0,0,0,2.8671818,0.9885192822,0.184898,37.22156024,37.17389,0.047671079843752295
134.23686,928,40,0.17037348,0.32329318,-0.45154184,59.08401,1.3292571,0.67670682,0.5253686803,-0.08234122652,0.62191532,0.42354015,2342.987671,63,52.7119435,5323.188253,0.2682125959,-26.67890259,48.43971119,0.09664300696,3,2520.364364,99.00902034,225.1532951,202.0196663,2118.950294,170.5418842,526.6388053,3784.907617,1,0,0,8.591034,0.9881186556,0.1811387,39.65519048,39.52434,0.13084889674804856
142.43016,898,40,0.065438494,0.40467262,-0.5119528,9.516707,2.3390439,0.59532738,0.1613086286,-0.1338755702,0.577391294,0.330382937,340.8575537,93,83.77696001,5101.386006,0.3781914532,-4.872104795,18.43971119,0.01467422711,19,1391.115016,0.0,548.1811383,4788.692176,1909.797861,266.4717997,1645.825741,6959.162656,0,0,1,8.188532,0.9882269253,0.1881753,35.81675402,35.676937,0.13981691672851326
126.147964,902,20,0.11093215,0.4521539,-0.5097436,0.8165305,2.3572066,0.5478461,0.2448001661,-0.1628816921,0.62067575,0.329389125,26.94715144,89,77.79256651,4163.136943,0.4019954957,-0.4162211966,22.43971119,0.0002868626821,1,30.54970839,0.0,385.5671966,0.0,4370.446141,2019.463612,1121.308563,11397.72507,0,0,0,3.2798462,0.9885466956,0.1534077,33.00201455,32.87219,0.12982598188476402
0.0,822,40,0.12824623,0.27323812,-0.42207113,0.90035033,1.3909631,0.72676188,0.4676455264,-0.09352057306,0.55031736,0.427504055,33.99098215,169,52.51311664,0.0,0.2381963612,-0.3800118812,-57.56028881,0.0004254744035,1,1301.090993,930.2213335,732.2187304,2189.909715,1671.122039,2400.404212,724.6068452,5335.098786,0,0,0,8.231586,0.9878768984,0.2142348,37.75306235,37.775784,-0.02272118881835894
37.5827,879,50,0.062173706,0.14153668,-0.1939577,499.1868,2.3394473,0.85846332,0.4361944308,-0.06110173236,0.256131406,0.460318513,16583.36879,112,77.7182356,1248.526151,0.1327368201,-96.8211236,-0.5602888087,0.8244350497,121,7812.893323,169.4982469,510.9312247,5902.545949,129.4557273,276.105101,194.0621077,1097.531815,0,0,1,73.12347,0.9872099618,0.1672375,33.22076783,33.292866,-0.07209792317382835
239.70815,895,60,0.06505233,0.10288066,-0.21493334,113.43604,2.7560458,0.89711934,0.6262217625,-0.06708855576,0.27998567,0.481085835,3784.329141,96,91.94418666,7996.881215,0.09618803336,-24.38118695,15.43971119,0.1865242253,1,3124.04399,0.0,237.082315,3129.018558,5742.016909,2236.928059,495.0280539,1927.969963,1,0,0,50.339287,0.9877911834,0.1623613,33.36090665,33.42881,-0.06790346962890936
152.84819,924,50,0.07645658,0.18940029,-0.25301206,4.07256,1.0422432,0.81059971,0.4015570565,-0.07888516093,0.32946864,0.443528145,135.9338944,67,34.78799014,5101.766389,0.1749193916,-1.030406795,44.43971119,0.005671314712,19,5832.385443,21.35610378,266.8552112,3145.955786,1429.366885,222.5999195,754.988742,4050.214289,0,0,8,43.467064,0.9885151634,0.1571435,33.37799675,33.46254,-0.08454292285156129
270.0,906,40,0.08690055,0.15985282,-0.26173005,6.7181816,1.9022648,0.84014718,0.5402488436,-0.06609055079,0.3486306,0.463523865,243.5512249,85,68.96195276,9788.188924,0.145961522,-1.758350006,26.43971119,0.01004634344,4,2346.521409,15.24240359,874.7650444,3347.041082,2306.650858,952.0439148,1773.326788,6965.889797,0,0,2,12.901111,0.987995395,0.1282874,36.25255157,35.942722,0.30982924944336077
299.11963,785,10,0.0539285,0.4368098,-0.5070785,3.324673,3.8062496,0.5631902,0.1231779188,-0.1417316626,0.561007,0.30855935,116.1755444,206,133.0034922,10452.27181,0.4132533027,-1.685870198,-94.56028881,0.004434544076,20,2278.188954,0.0,790.5545731,1462.812488,2577.482618,244.1561691,254.5502155,2749.036911,0,1,1,23.61605,0.9885663712,0.1412657,34.94344991,34.884365,0.05908482821288885
37.566593,926,50,0.06801673,0.21318051,-0.27722475,15.154083,2.338942,0.78681949,0.3175673174,-0.0897752227,0.34524148,0.42741811,496.9556532,65,76.70213033,1231.940643,0.1986806688,-4.201086871,46.43971119,0.0239966797,13,4731.990543,0.0,622.7256321,3487.548563,1528.251579,340.8390232,382.6594619,1920.547567,0,0,2,36.042747,0.9878550927,0.1318764,32.79351533,33.07917,-0.28565489705078306
180.0,915,20,-0.07055151,0.4751936,-0.540581,1.3721225,1.8543341,0.5248064,-0.1481571991,-0.1238178086,0.47002949,0.227127445,51.30469243,76,69.33494688,6730.335401,0.508719226,-0.7417433532,35.43971119,0.001205637672,2,1392.483835,0.0,831.6316629,0.0,3612.010728,1652.169208,262.6976463,9539.59738,0,1,0,6.5483794,0.9884381953,0.1517527,37.39075223,37.168724,0.22202816994140306
64.02362,843,20,0.033444162,0.4604019,-0.5281385,2.1259255,2.1165931,0.5395981,0.07248379775,-0.1635299987,0.561582662,0.286521131,71.18076133,148,70.86829162,2143.654618,0.4450041443,-1.122783105,-36.56028881,0.002452191518,1,1278.176225,515.3242743,560.7212086,3703.610193,5533.955994,1036.789436,763.5631684,9727.543636,0,0,0,7.472662,0.9880310937,0.1985621,33.48224636,33.597733,-0.11548618394531474
39.37021,931,40,0.10200364,0.24468757,-0.33846155,2.9400754,2.9966655,0.75531243,0.4151762338,-0.09730950231,0.44046519,0.428658035,101.5957891,60,103.5512886,1360.457474,0.2197285472,-0.995102477,51.43971119,0.003798540217,1,1787.231714,0.0,307.8014123,2256.657325,2481.353226,698.1087133,476.4483724,4730.337739,0,0,0,14.718446,0.9873072416,0.3201027,34.55550464,34.647026,-0.09152142201171642
225.74892,869,40,0.1395579,0.3089084,-0.4436756,24.348864,1.3289185,0.6910916,0.4503198364,-0.09977720276,0.5832335,0.41532475,915.3326102,122,49.9572563,8486.447179,0.2657977924,-10.80299684,-10.56028881,0.03920196492,1,953.1870318,1081.547063,1002.66063,6502.700035,3899.776577,1960.525696,779.2411891,6660.901747,0,0,0,3.3177934,0.9875826383,0.2255538,37.59241541,37.64187,-0.049453181308592775
258.9672,937,50,0.014187643,0.21694915,-0.27568847,5.5865417,2.4218383,0.78305085,0.06509611531,-0.0946402127,0.289876113,0.3986192465,177.9321454,54,77.1358933,8248.142044,0.2138711529,-1.540145134,57.43971119,0.008174965812,329,6323.024905,221.866895,239.3633914,2479.93689,1059.161996,92.6560402,178.8912487,2825.728897,0,0,2,53.039894,0.9878975145,0.1457241,31.85014181,32.124626,-0.27448434966796853
0.0,861,40,0.060988814,0.2311332,-0.2792527,73.34251,0.0,0.7688668,0.2627319746,-0.08002095499,0.340241514,0.414927807,2537.771708,130,0.0,0.0,0.2170366603,-20.48109394,-18.56028881,0.1202220959,1,4531.85469,913.0210565,459.1699837,5493.318665,703.827562,2176.901168,263.516864,4213.03466,0,0,0,17.157347,0.9880161733,0.1886437,34.60164791,34.471386,0.13026195418945008
314.27704,886,40,0.037092265,0.44463086,-0.54116946,10.327822,0.6642399,0.55536914,0.08323540475,-0.1407910759,0.578261725,0.2962307025,370.5797735,105,23.83405443,11276.79333,0.4281384943,-5.589101855,6.439711191,0.01601555704,1,886.4594581,521.917103,667.1689364,8712.767102,3425.131389,1929.870229,1399.830821,3073.208603,0,0,0,6.253245,0.9878938001,0.1685472,35.8816964,35.947918,-0.06622153823241916
244.03491,883,40,0.06447235,0.3778111,-0.45296443,6.7585006,1.0590863,0.6221889,0.1701965703,-0.1328154508,0.51743678,0.343330625,231.6722429,108,36.30404332,8365.186052,0.3534527305,-3.061360372,3.439711191,0.01011301842,1,621.5369753,21.58560838,21.58560838,4656.868996,3403.140125,3221.826379,363.0216469,12171.23029,0,0,1,6.3546605,0.9877374911,0.2117426,34.27864502,34.388424,-0.10977889967773535
328.3949,753,40,0.12166071,0.38280204,-0.4820557,0.8738415,2.7204862,0.61719796,0.3169881796,-0.1092577462,0.60371641,0.369429335,32.77514248,238,102.0371804,12317.09599,0.336230072,-0.421240276,-126.5602888,0.0003816371092,1,185.5121091,635.1948038,250.4251742,4242.737982,4624.714583,2978.507962,895.9040748,6498.14243,0,0,0,2.487871,0.9880985655,0.1482905,37.50696491,37.586987,-0.08002163174804622
0.0,892,50,0.09257143,0.08568824,-0.15574963,2.2062922,0.46373534,0.91431176,1.067866068,-0.04953169767,0.24832106,0.503441595,72.97422203,99,15.33827916,0.0,0.07775595709,-0.3436291938,12.43971119,0.002585092845,87,3675.000419,0.0,331.548064,755.7711322,430.3596929,119.5652631,235.9034415,757.7319643,1,0,12,44.581345,0.9872523111,0.186047,33.07550198,33.088238,-0.01273578245117335
157.68484,817,10,-0.14992076,0.5989423,-0.5801394,163.75388,2.504839,0.4010577,-0.2498919646,-0.2161217598,0.43021864,0.12556847,4983.302975,174,76.22641759,4798.611992,0.6887361848,-95.00007769,-62.56028881,0.269734158,1,1818.014537,247.9639855,7.083104303,4146.167718,921.6525141,1171.305043,105.4753,1394.47759,0,0,0,21.767855,0.9887578095,0.1162267,30.43166351,30.495407,-0.06374359449218758
233.82999,899,50,0.014090709,0.25328857,-0.30744526,16.344822,2.355967,0.74671143,0.05541227826,-0.09644159203,0.321535969,0.3804010695,544.0490085,92,78.42003483,7783.197286,0.2497195545,-5.025138049,19.43971119,0.02596578871,199,5756.224911,79.00405584,510.8784366,2313.292416,433.1868639,182.7651596,400.5195059,1825.331121,0,0,2,60.777153,0.98815825,0.1987822,33.28571021,33.23838,0.047329777871091494
90.0,905,50,0.06450116,0.13577464,-0.2064632,274.49628,2.3785055,0.86422536,0.4715871305,-0.0681478492,0.27096436,0.46436326,8918.664277,86,77.2800711,2924.19185,0.1270170182,-56.67338036,25.43971119,0.4528673699,62,6951.002101,220.6406661,812.0205964,4641.559063,755.3203859,943.2188409,35.73403169,2296.602029,0,0,0,69.880035,0.9875046327,0.1670675,32.49102056,32.71348,-0.22246134307616927
134.24004,896,40,0.10404041,0.34055415,-0.4552912,3.2866466,1.3291814,0.65944585,0.30460883,-0.1326794752,0.55933161,0.38174313,112.9482546,95,45.67838818,4613.266975,0.3051227566,-1.496381274,16.43971119,0.004371660332,1,192.2786851,250.8937634,1649.527692,3715.161646,4760.614584,4777.902977,510.6788806,1425.523195,0,0,0,2.9625149,0.9883695191,0.1850017,34.36580453,34.50101,-0.13520636477539227
225.7393,885,10,-0.09501364,0.63058734,-0.6186285,2.3465424,0.66443413,0.36941266,-0.1504362643,-0.2152226826,0.52361486,0.13719951,74.21236356,106,21.01356754,7139.290133,0.6905017385,-1.451638005,5.439711191,0.002817022707,11,3363.603343,0.0,514.2418764,3993.764896,744.4825714,28.4178947,554.5667975,2695.156934,0,1,1,39.713142,0.9892099585,0.1424407,31.6262615,31.599895,0.026366022705076375
211.63362,899,50,0.061269548,0.24926543,-0.36017063,108.003204,2.721319,0.75073457,0.2448182636,-0.0900217051,0.421440178,0.406002059,3928.865957,92,98.99426297,7698.661653,0.2339930498,-38.89958203,19.43971119,0.1775400177,2,5033.640132,93.93998963,82.749052,2284.627849,979.1126154,140.1807563,114.6752538,3106.11793,0,0,1,12.283571,0.9874465211,0.2407013,36.3773093,36.28922,0.08809039741210967
194.39482,909,40,0.073730804,0.27761877,-0.416843,62.97524,1.9143927,0.72238123,0.2646297089,-0.1080349236,0.490573804,0.398056017,2262.671951,82,68.78326571,6984.518148,0.2571497149,-26.25078797,29.43971119,0.1030778815,21,3014.449764,79.59017375,239.1010889,2340.857736,1393.75412,66.08245951,468.9085986,4230.297938,0,0,3,32.288437,0.9883861147,0.1844717,35.92954868,35.513115,0.4164337508007847
64.02165,856,10,-0.20896785,0.66890514,-0.6491633,6.9819307,1.0585833,0.33109486,-0.3119364781,-0.2361396232,0.44019545,0.061063505,215.4428809,135,32.66492401,1975.529307,0.808684809,-4.532413174,-23.56028881,0.01048250176,1,1251.833016,45.59428243,1107.886166,704.1735636,1390.716998,1171.820948,369.2727354,4920.312663,0,0,1,7.4541016,0.988742103,0.1624151,30.857207,30.457945,0.39926213000488175
270.0,900,40,0.07118055,0.32017273,-0.47230822,1.2396822,1.4279133,0.67982727,0.2216270043,-0.1337107457,0.54348877,0.37550391,43.10267267,91,49.64730443,9387.66534,0.297382659,-0.5855120932,20.43971119,0.0009866229362,1,1814.399714,0.0,669.7457457,3394.00638,1974.931669,742.6269956,1327.360412,7143.973683,0,1,2,13.333426,0.9882136005,0.1462784,34.76913089,34.872925,-0.10379391468750043
345.60754,863,50,0.060192022,0.2073055,-0.27091137,66.65799,1.9143724,0.7926945,0.2889603107,-0.07722022224,0.331103392,0.426443261,2311.374825,128,66.38112206,11983.98822,0.1948273628,-18.05840739,-16.56028881,0.1091679954,69,4602.116708,306.7569597,67.75312749,306.7569597,829.8861366,1027.875641,316.4079245,1564.591193,0,0,0,61.557755,0.9877936921,0.1974544,34.67513534,34.795143,-0.12000778744140916
134.2523,846,50,0.016776076,0.4078329,-0.4616427,31.97458,2.6563506,0.5921671,0.04103406551,-0.1257298099,0.478418776,0.304471588,1128.395045,145,93.74361927,4737.814541,0.4009910643,-14.76083144,-33.56028881,0.05181250853,1,2399.120802,1105.56476,2026.819308,5886.681945,3843.689141,3190.711569,246.1326809,6467.246356,0,0,0,5.0121326,0.9882020882,0.1731449,35.29037894,35.365643,-0.07526360760742534
281.03418,855,50,0.16516198,0.15164836,-0.2295659,10.968959,4.8344584,0.84835164,1.081976773,-0.05502410468,0.39472788,0.50675681,404.4763179,136,178.2688706,10363.03174,0.1266018166,-2.518098945,-24.56028881,0.01707579664,3,2075.058488,0.0,695.5051037,3326.267464,3241.964241,660.3979152,334.0016448,3083.855902,0,1,0,5.254259,0.9874970498,0.119367,36.87463121,37.03734,-0.16270704683594062
0.0,883,40,0.0775428,0.35670206,-0.46442845,39.54961,1.3909631,0.64329794,0.2167804122,-0.1382716373,0.54197125,0.36042037,1347.055435,108,47.3760526,0.0,0.3290423835,-18.36796407,3.439711191,0.06433923338,1,0.0,0.0,339.7573505,2495.12052,3823.702181,1239.769212,868.4407264,8277.073854,0,0,0,11.651918,0.9889376749,0.1626344,34.05989174,34.160595,-0.10070320018554924
0.0,884,50,-0.04300894,0.3027175,-0.33765954,2.1858532,1.3909631,0.6972825,-0.1416083696,-0.1143434762,0.2946506,0.32713678,70.11283953,107,44.61615841,0.0,0.3157370588,-0.738074186,4.439711191,0.002551293146,125,4968.648745,100.6914815,353.9200221,4258.58546,1276.108385,325.1293332,420.0468793,3936.529173,0,0,1,61.21409,0.9882292338,0.1593192,32.07573113,32.05456,0.021169515009766826
0.0,780,10,0.090647995,0.27929294,-0.39252338,1.6845356,2.7802885,0.72070706,0.3234044889,-0.1062825254,0.483171375,0.4056775275,59.57744963,211,98.33125407,0.0,0.253975595,-0.6612196074,-99.56028881,0.001722270999,1,2083.532508,43.27710254,907.6681381,1388.485572,2373.830088,1444.225069,662.1056713,4152.59902,0,0,0,7.266204,0.9880530127,0.1703956,35.36728439,35.378872,-0.011587527724607583
180.0,799,40,0.1939303,0.32076502,-0.4560241,0.83885,0.92740995,0.67923498,0.6027078394,-0.1069732846,0.6499544,0.43658264,31.14015683,192,34.42771805,6682.038779,0.2585589634,-0.3825358163,-80.56028881,0.000323772138,1,524.5198663,0.0,794.5840078,387.500665,2865.087118,2369.70913,506.1983704,3485.048549,0,0,0,4.7058463,0.9881947783,0.1643709,37.12243766,37.34603,-0.22359352896484097
111.30324,924,50,0.105562255,0.041925777,-0.20594381,15.109756,2.551247,0.958074223,2.459180995,-0.06167007108,0.311506065,0.531818239,513.3713401,67,86.6815514,3781.655606,0.03749999744,-3.111760719,44.43971119,0.02392337674,69,5886.183096,0.0,621.7457011,2196.86996,404.9800784,79.87517921,163.5095588,3772.691794,0,0,8,37.169186,0.9877701677,0.1822532,33.97615025,33.900497,0.07565281347656594
14.396471,911,20,-0.035657506,0.566472,-0.5833333,24.779808,1.9144068,0.433528,-0.06283570996,-0.2333036912,0.547675794,0.198935247,721.1433038,80,55.71316955,418.9668726,0.5866709787,-14.45488717,31.43971119,0.0399146112,1,959.4718125,0.0,2185.320444,0.0,4308.481899,2791.996657,1202.194037,11920.2148,0,0,0,2.6374035,0.9890848052,0.119573,29.10205373,29.00759,0.09446438979004057
248.70834,894,50,0.09253483,0.12735727,-0.20552486,4.32192,2.5525684,0.87264273,0.7209161585,-0.06485432304,0.29805969,0.48258878,143.4667078,97,84.73284671,8255.906345,0.1155722867,-0.8882620029,14.43971119,0.006083677978,30,4937.499779,3.639206384,337.4589858,4412.905434,146.5015033,136.3348805,127.9704867,2761.405238,0,0,1,58.18136,0.9873982922,0.1760052,33.19513268,33.36757,-0.1724362897265621
72.002235,876,10,-0.016932435,0.45381904,-0.49528643,97.581116,1.5005492,0.54618096,-0.03722894934,-0.1815441496,0.478353995,0.2646242625,2997.906095,115,46.10016544,2212.066719,0.4615033014,-48.33060258,-3.560288809,0.1603051515,1,1961.026443,0.0,31.64094533,5384.952239,1053.752523,1058.242017,999.0820608,3660.837872,0,0,0,10.592726,0.9891194909,0.1526292,30.72219521,30.68254,0.039654316445311366
134.27551,741,40,0.10346275,0.31042945,-0.39243808,0.80681545,1.9920601,0.68957055,0.3322189022,-0.09608153468,0.49590083,0.39651665,29.54970925,250,72.95943174,4917.856096,0.2783115654,-0.3166251061,-138.5602888,0.0002707970351,1,1106.171369,423.9781324,1395.184217,3239.857891,4294.641857,2697.71882,585.2049033,4545.101637,0,0,0,3.696847,0.9880972809,0.1613789,36.62511575,36.52773,0.09738671557617096
314.23633,892,40,0.067428574,0.40516606,-0.47826087,54.31462,0.66472423,0.59483394,0.16601233,-0.1716464644,0.545689444,0.331131257,1688.807216,99,20.66830397,9770.56604,0.3778462903,-25.97655741,12.43971119,0.0887559311,1,796.289592,0.0,135.323022,3130.134864,2509.941097,1348.743234,666.995612,5128.177949,0,0,0,10.7295685,0.9876177117,0.1789901,31.09305038,31.237768,-0.14471779321777234
45.754333,874,30,0.088947125,0.18650873,-0.34993148,4.65801,3.3194954,0.81349127,0.4743625803,-0.08449078539,0.438878605,0.4512191975,171.3643716,117,122.1215161,1683.264425,0.1699193147,-1.629984333,-5.560288809,0.006639465474,1,2392.675329,0.0,219.1724764,2460.775611,3496.106174,1221.845111,491.1711988,10562.15853,0,0,1,6.413787,0.9875066802,0.2271571,36.78918071,36.3478,0.4413795015039028
180.0,896,10,-0.018867925,0.24488908,-0.29006085,2.4517314,2.7802885,0.75511092,-0.0767334808,-0.09561849117,0.271192925,0.3681214975,79.70953573,95,90.39142931,5852.075162,0.2495096288,-0.7111512939,16.43971119,0.002990972336,18,5966.327019,0.0,373.0120564,2224.452568,675.0784702,105.7144769,771.4130125,812.8792104,3,0,1,56.75846,0.9884752758,0.2099555,32.51152868,32.678825,-0.1672966984179709
12.84125,764,40,0.14619048,0.35218704,-0.43785083,6.221397,4.2728343,0.64781296,0.4139180192,-0.06893635573,0.58404131,0.39700172,254.2278109,227,174.6027959,524.7379128,0.3007006476,-2.72404384,-115.5602888,0.009224817451,1,4725.807548,27.95999646,175.0363758,1927.158737,1304.852668,285.3148775,110.5568379,3518.245656,0,1,1,14.0269375,0.9881741721,0.1549909,40.86346055,40.747524,0.11593628852538984
189.70285,798,50,0.048662703,0.24653201,-0.3259125,8.056929,2.8205729,0.75346799,0.196591556,-0.0903136723,0.374575203,0.4010653465,282.4732123,193,98.88833418,6650.917913,0.234535096,-2.625853873,-81.56028881,0.01226021194,77,5150.355893,80.50776664,259.4385502,977.6221243,1006.725829,200.1083179,171.279609,1299.784862,0,0,3,50.8868,0.988093756,0.1770178,35.05966259,34.890617,0.16904521939453332
149.61346,910,50,0.10674723,0.058788422,-0.1310169,566.37103,3.7577555,0.941211578,1.785416414,-0.03967634409,0.23776413,0.523979404,19150.18557,81,127.0575495,5058.74307,0.0525129208,-74.2041766,30.43971119,0.9355367039,375,8263.875871,225.1915024,507.0505476,4140.766196,282.4940808,271.6402587,364.722078,868.0016881,1,0,0,67.86269,0.9872613657,0.1308956,33.81208529,33.563507,0.24857820992187385
283.6833,898,40,0.20488721,0.17733598,-0.3705161,2.8970335,1.9596486,0.82266402,1.148883192,-0.08568769641,0.57540331,0.513775615,108.0103451,93,73.06174454,10576.58847,0.1410021058,-1.073397554,18.43971119,0.003727362408,1,0.0,0.0,260.4123094,5812.595682,5283.467615,4153.046268,2043.281113,15104.35588,0,0,0,3.442646,0.987578341,0.2354516,37.2830846,37.32818,-0.04509380576171651
162.8997,772,20,0.13084823,0.39883685,-0.5197872,0.90375876,4.8404036,0.60116315,0.3272540537,-0.1307041573,0.65063543,0.36600569,32.80989704,219,175.7251501,5913.881691,0.3466497541,-0.4697622353,-107.5602888,0.0004311108782,1,764.6188353,378.6594545,1197.108691,5186.68745,2880.529745,2554.986649,737.1670305,8547.733764,0,0,0,2.538242,0.9880889995,0.1633042,36.30382187,36.32593,-0.022109679072265465
270.0,897,10,-0.11579913,0.6422545,-0.5975049,263.3273,4.274882,0.3577455,-0.1800207072,-0.1962093785,0.48170577,0.120973185,8577.37411,94,139.2459581,8794.724321,0.7166270123,-157.3393521,17.43971119,0.4343973785,47,6388.38807,0.0,953.3286645,6331.035801,301.6537161,293.2670736,102.7193251,1586.661448,0,0,3,68.753105,0.9890374653,0.1432596,32.57305304,32.51207,0.06098333785156029
45.75111,867,40,0.029454172,0.52838147,-0.537859,8.675063,1.3289707,0.47161853,0.05563884206,-0.1501075722,0.567313172,0.250536351,303.3145386,124,46.46607578,1599.63989,0.5128184313,-4.66596071,-12.56028881,0.01328241179,1,966.4005146,0.0,62.93485876,1206.357872,1427.114974,968.0626989,576.3473955,7486.466389,0,0,1,12.738179,0.9886721516,0.1153915,34.96395803,35.03999,-0.0760314414355463
134.26949,908,50,0.06905117,0.11084766,-0.15679012,16.397165,4.6403427,0.88915234,0.6173680343,-0.04429345476,0.22584129,0.479101755,570.5915657,83,161.4754994,4672.334427,0.1031934994,-2.570913468,28.43971119,0.02605234763,250,6050.082666,11.02243759,131.6112182,1159.466858,258.9551651,108.719574,617.4631327,3523.305342,0,0,3,70.97762,0.9873655345,0.1468792,34.79818406,33.838703,0.9594809044824189
348.3994,885,10,0.0023735622,0.36429462,-0.44818446,75.67235,2.3657339,0.63570538,0.006497665364,-0.1319666538,0.4505580222,0.3190394711,2589.419255,106,80.95264537,11921.81973,0.3634299441,-33.91517132,5.439711191,0.1240749209,47,2546.363037,15.47164406,0.1823157888,2522.974192,1063.997162,276.9995322,543.1838324,2569.286042,0,1,1,36.007874,0.9886938349,0.1697524,34.21882967,33.65024,0.5685878181933575
107.99389,898,50,0.028026583,0.2594534,-0.33757454,9.627657,1.500861,0.7405466,0.1076069001,-0.1139221444,0.365601123,0.3842865915,309.3571115,93,48.22585845,3470.073546,0.2521818078,-3.250051883,18.43971119,0.01485770363,97,7710.047356,0.0,656.6036122,1633.867034,947.3830356,280.3529796,105.8672718,513.6817272,3,1,13,62.97554,0.9874694654,0.1595723,32.13212846,32.066868,0.06526063163085638
18.875143,892,50,0.09664102,0.2086367,-0.2615304,9.536974,1.4699781,0.7913633,0.460992851,-0.06607699937,0.35817142,0.44400216,345.6744466,99,53.28040805,684.1430638,0.1884738365,-2.494208625,12.43971119,0.01470774238,67,1510.02916,0.0,337.0327009,4942.826397,2202.303558,43.97366703,1898.047162,6789.513656,0,0,1,8.188532,0.9874088941,0.2251828,36.24571553,35.985455,0.26026097067382636
319.47247,845,50,-0.037704233,0.314407,-0.35837674,4.4407086,3.655727,0.685593,-0.1195415225,-0.1066090668,0.320672507,0.3239443835,151.3031787,146,124.5573996,10885.01961,0.3262614748,-1.591446671,-34.56028881,0.006280117082,90,4400.352268,48.39515547,576.1302826,859.2616392,1392.723715,29.46020108,472.678298,3127.832862,0,0,1,54.90807,0.9881117962,0.1826663,34.07185481,33.871887,0.19996760296874783
252.0164,893,40,0.1098344,0.27092883,-0.42532468,32.866177,3.0013237,0.72907117,0.4039086257,-0.1070408155,0.53515908,0.419452785,1192.830824,98,108.9287452,9146.574303,0.2411715245,-13.97879622,13.43971119,0.05328693045,1,2189.163265,183.2756064,504.4300243,2583.957565,3319.831197,1724.271109,711.3884323,6159.474516,0,0,0,5.211783,0.9877998645,0.2283242,36.29356781,36.278984,0.014583740175780235
295.95895,886,40,0.06370324,0.2703334,-0.35155898,45.072815,2.117914,0.7296666,0.2347784681,-0.09195738984,0.41526222,0.39668492,1614.207868,105,75.8495657,10599.27732,0.2531122865,-15.84575287,6.439711191,0.07347288293,1,728.5433989,13.79929142,90.0579725,2735.539391,3924.140184,2357.16805,353.2775096,4739.831984,0,0,1,15.273774,0.9874867938,0.236675,35.813336,35.78676,0.026577577148437115
108.004074,802,50,0.10939378,0.2170852,-0.2919781,1.6343839,1.5000407,0.7829148,0.5016102881,-0.06964401037,0.40137188,0.44615429,60.35947846,189,55.3980459,3988.701539,0.1933374294,-0.4772043058,-77.56028881,0.001639335809,4,6230.475628,0.0,1264.01181,402.3631589,2625.850431,925.9148307,688.3396272,3594.514884,0,0,0,9.6492195,0.9880014189,0.2055451,36.93102854,36.970905,-0.03987676395507833
27.17386,899,40,0.15958816,0.21206497,-0.34535155,73.65705,1.0424491,0.78793503,0.7490117216,-0.08824056779,0.50493971,0.473761595,2659.55615,92,37.6400075,981.1743271,0.1782219116,-25.43757639,19.43971119,0.1207422465,3,4397.695636,0.0,216.8637894,2802.630399,1513.074131,71.15366597,177.9787038,3310.356895,0,0,2,10.946854,0.9878000759,0.2451525,36.10728572,36.202187,-0.09490086447265611
285.5562,877,50,0.07652968,0.13694626,-0.21480058,63.534695,3.4542232,0.86305374,0.5547789407,-0.06023492359,0.29133026,0.46979171,2217.298315,114,120.5489895,9965.630293,0.1264658065,-13.64728934,-2.560288809,0.1040030447,202,5387.980434,288.1093996,565.6855176,2496.315274,1618.761689,1517.910464,306.621015,4810.635197,0,0,0,67.31294,0.9876115738,0.2539277,34.89901565,34.706047,0.19296859189453386
57.000263,894,40,0.0029188558,0.40153173,-0.48049697,1.7976576,3.401913,0.59846827,0.00725124402,-0.1407359883,0.4834158258,0.3006935629,61.64891667,97,116.6652932,1954.768508,0.4003597168,-0.8637690299,14.43971119,0.001909339323,4,2282.162434,0.0,824.4810511,1376.187845,2575.92971,401.2056853,491.8522064,8340.312706,0,1,1,21.677761,0.988290569,0.1802709,34.29402611,34.33717,-0.04314353721679964
236.99568,882,40,0.062296152,0.30919853,-0.40965924,5.898394,1.7022473,0.69080147,0.2008267157,-0.1129144558,0.471955392,0.376548811,207.2190809,109,59.8024006,8325.999752,0.2899366514,-2.416331603,2.439711191,0.00869067175,26,1189.382485,0.0,113.3253705,3860.141367,4001.678704,853.0613722,158.6473665,4948.53904,0,0,1,6.220738,0.9878158031,0.2378335,35.13144101,35.156548,-0.02510653638671556
256.3139,891,10,-0.11537002,0.5419727,-0.5570861,1.5421177,1.9592564,0.4580273,-0.2124784911,-0.1833292143,0.44171608,0.17132864,50.17877174,100,63.75199486,8340.165399,0.6045001012,-0.8590923352,11.43971119,0.00148675644,1,1513.568761,0.0,721.9300188,1856.326586,3985.335657,406.9786934,498.8766792,7625.069416,0,1,1,12.340833,0.9889738038,0.1515027,32.53887284,32.54354,-0.0046681145898404
140.61159,874,50,0.033512063,0.3401487,-0.41326365,3.3588183,2.9974453,0.6598513,0.09823300807,-0.1293878864,0.446775713,0.3466816815,111.8982369,117,99.85918091,4684.441849,0.3287496153,-1.38807751,-5.560288809,0.004491009698,112,4925.494218,3.969625373,238.2345753,1279.844744,2038.110724,714.8700145,566.3742502,2266.84423,0,0,6,28.616488,0.9876962663,0.1646256,33.31476338,33.53406,-0.21929805188476337
69.12342,854,50,0.04978232,0.10208562,-0.15935335,3.6953247,11.553023,0.89791438,0.4829220603,-0.04990285091,0.20913567,0.47384835,123.0962373,137,384.8467391,2302.594116,0.097003561,-0.5888623703,-25.56028881,0.005047485789,279,5947.768784,80.50322887,460.7856411,2764.480904,975.0283723,678.5592752,324.3867929,2620.699867,1,0,2,69.27275,0.9872571359,0.2153913,33.31134536,33.14418,0.16716506214843463
300.3287,930,40,0.11826146,0.27565196,-0.40547797,14.483893,2.7530193,0.72434804,0.4274737833,-0.1216922413,0.52373943,0.42130475,491.6366155,61,93.44760357,10194.26101,0.2430529568,-5.872899531,50.43971119,0.02288839555,1,3777.629721,10.93529021,104.6922542,284.5570655,3248.787323,279.6671201,1057.563214,5609.782808,0,0,0,16.848913,0.9878932712,0.1790336,33.94367906,33.890038,0.05364152337890715
180.0,909,50,-0.02323765,0.3778596,-0.40181917,262.5583,0.46373534,0.6221404,-0.06133578244,-0.1216277843,0.37858152,0.299451375,8879.438492,82,15.68302898,6087.405839,0.3866401691,-105.5009582,29.43971119,0.4331256936,25,6240.490996,0.0,2018.261135,2586.883777,558.8451862,406.402268,239.7451899,308.9320962,1,2,0,47.618755,0.9884678955,0.1929035,33.81892133,33.572998,0.245923283125002
142.4139,914,50,0.06095185,0.20199502,-0.27465054,350.1052,2.3395543,0.79800498,0.3002627848,-0.07856669483,0.33560239,0.429478415,12122.59353,77,81.00841066,4931.16304,0.1896830498,-96.15658224,34.43971119,0.5779008203,308,8237.306294,0.0,837.0570312,2355.48833,243.1864353,191.4598683,161.8029685,346.0471566,3,0,7,51.49364,0.9874867574,0.1262056,34.62557405,33.69855,0.9270228720214817
303.0045,918,50,0.08108108,0.05976301,-0.12281659,526.8563,1.7022392,0.94023699,1.334382217,-0.03856924985,0.20389767,0.510659035,17527.7821,73,56.63114928,10080.5416,0.05491736061,-64.70669419,38.43971119,0.8701917283,559,7389.361734,236.4772253,997.8443001,1135.235384,166.6562927,178.2494805,207.2971811,623.7744463,0,0,0,63.91528,0.9872386192,0.1798026,33.26862011,32.873802,0.3948179249414068
180.0,900,50,0.11801242,0.16609271,-0.24631937,2.6607924,4.1663504,0.83390729,0.7062691125,-0.06265916255,0.36433179,0.475959855,96.21950569,91,150.663455,6509.155327,0.1464917073,-0.6554047077,20.43971119,0.00333669369,6,5091.325938,0.0,296.6815673,2835.639154,1360.79168,179.0910894,73.36944598,1352.333128,0,0,2,33.816307,0.987531717,0.2333409,36.16197404,35.972004,0.1899701032324188
303.02182,890,40,0.08702175,0.29502526,-0.3541029,18.81207,1.7014477,0.70497474,0.2939673121,-0.09350872848,0.44112465,0.395998245,671.4403326,101,60.728065,10815.45368,0.2693516456,-6.661408542,10.43971119,0.03004584343,170,4098.571763,81.99729685,702.8876625,2575.370362,306.7176106,356.350814,338.1207754,9157.792616,1,0,1,33.10821,0.9880059552,0.1676114,35.69199629,35.580334,0.11166258028320186
306.16934,900,50,0.101908244,0.16820702,-0.20775321,17.690344,2.3560045,0.83179298,0.6022695985,-0.06147982072,0.309661454,0.466850612,604.0730832,91,80.45060641,10454.78014,0.151065338,-3.675225752,20.43971119,0.02819086028,392,6237.265945,0.472614856,262.119129,2404.261723,758.3292712,215.1997058,318.5855036,603.1675306,0,5,9,72.13313,0.9873546077,0.1570054,34.14705125,34.296852,-0.14980086181640928
277.9267,882,10,-0.22508551,0.8032897,-0.7390741,85.62549,3.3589082,0.1967103,-0.2798562632,-0.2859560587,0.51398859,-0.014187605,2546.021494,109,99.87507776,8263.980175,0.9840985718,-63.28358196,2.439711191,0.1405342941,1,193.0622113,0.0,210.373734,4476.348475,399.7509294,735.9915645,646.5405129,3714.491771,0,0,0,13.290396,0.989588602,0.1472329,29.73438743,28.696102,1.0382852876660174
126.17189,819,40,0.07356322,0.3818271,-0.48944035,0.8814432,2.3558617,0.6181729,0.1921578175,-0.1052227807,0.56300357,0.34586806,33.558876,172,89.6938914,4803.697857,0.353738669,-0.4314138683,-60.56028881,0.0003942079378,1,1221.938319,82.47473672,926.3421778,270.688994,3229.943312,2926.768651,681.1687563,3446.650527,0,0,0,5.569733,0.987911433,0.1931024,38.07264722,37.832405,0.2402421296679691
244.03197,916,50,0.10840046,0.09126761,-0.1757208,248.02792,2.117226,0.90873239,1.174848465,-0.06094183286,0.28412126,0.508566425,7857.336205,75,67.0721123,7730.747543,0.08137415909,-43.58366452,36.43971119,0.4090970003,381,6074.246099,113.0354369,129.6045019,1617.120959,1095.953945,241.3841312,183.8548007,3286.040156,0,0,5,53.248447,0.9878444295,0.1783568,31.67924081,32.69976,-1.0205196270117192
90.0,899,50,0.09164353,0.20374708,-0.24455206,398.38016,0.47589967,0.79625292,0.4475938314,-0.07356743025,0.33619559,0.443948225,13508.87158,92,16.13751932,3051.854897,0.1850749784,-97.42468879,19.43971119,0.65773247,242,5896.011963,0.0,401.2331194,2094.336588,99.58901455,131.0464906,78.7099196,544.8620088,20,1,19,34.0473,0.9873967746,0.1818275,33.90949886,33.856792,0.05270641004882748
332.83862,912,50,-0.0022271716,0.3586045,-0.4106583,537.74945,1.0423325,0.6413955,-0.006193391907,-0.132189858,0.4084311284,0.3195841642,17685.24089,79,34.27972143,10946.23374,0.3594031738,-220.831275,32.43971119,0.8882055834,204,6875.148387,0.0,412.208408,3764.949231,166.2952485,52.78139979,82.76436905,1228.642483,8,0,0,60.467106,0.9874008495,0.1529973,32.88751088,32.81305,0.07446156359375067
0.0,852,50,0.0018859028,0.2604942,-0.31124187,10.894177,0.92740995,0.7395058,0.007212025353,-0.09890476746,0.3131277728,0.3706958514,360.4607007,139,30.68564431,0.0,0.2600029333,-3.390724022,-27.56028881,0.01695213066,318,7122.05736,339.3649255,321.2844969,2982.672268,696.3960509,546.1671099,133.9054323,2454.256935,0,0,0,73.400406,0.9876625874,0.138947,33.08746505,33.21214,-0.12467407963867316
9.707691,878,50,0.12272647,0.23336643,-0.34890035,68.27181,2.8206134,0.76663357,0.5236520862,-0.08377462907,0.47162682,0.44468002,2516.097689,113,103.9512334,357.768439,0.2047261918,-23.8200584,-1.560288809,0.1118367478,43,3847.462221,60.2089608,448.9219984,1511.52589,830.685479,929.9810515,393.0884023,3049.746762,0,0,0,15.738294,0.987498375,0.188948,36.85412309,36.775616,0.07850739786132976
0.0,861,40,0.008502773,0.5334477,-0.5739437,31.020227,0.46373534,0.4665523,0.01590945756,-0.208595723,0.582446473,0.2375275365,957.6746906,130,14.31671013,0.0,0.5289119153,-17.80386386,-18.56028881,0.05023430786,1,0.0,110.693382,0.0,4721.823156,6122.784592,946.3169423,395.9780176,8142.654893,0,0,0,2.1870134,0.9877786659,0.0597156,30.87258809,30.472433,0.40015499979003977
9.701768,820,40,0.11312559,0.39803514,-0.5085127,2.4772904,2.8205638,0.60196486,0.2834978143,-0.1389071328,0.62163829,0.357545225,87.32714154,171,99.42789678,341.9977195,0.3530071799,-1.25973363,-59.56028881,0.00303323891,1,1013.722339,0.0,139.3867144,54.58037374,3143.566549,2108.123672,681.2884958,3319.0324,0,0,1,15.177327,0.9877404002,0.1788284,35.25107171,35.310493,-0.0594217592382833
134.24127,889,40,0.084449984,0.33758253,-0.4726817,2.860414,1.3291521,0.66241747,0.2494221542,-0.1190756786,0.557131684,0.373433727,103.7804101,102,48.22377113,4870.488698,0.3090736907,-1.352065352,9.439711191,0.003666805235,1,1351.690609,0.0,823.368748,709.4716059,1780.153147,3534.734141,830.9815881,10778.0995,0,0,1,3.2558208,0.9882590082,0.1649674,36.28160474,36.280754,0.0008506506445300488
295.98407,897,40,0.08292492,0.42361534,-0.51440597,6.887471,3.1722147,0.57638466,0.1952942162,-0.1344445675,0.59733089,0.32965479,246.7339377,94,113.640119,10603.21199,0.3884870718,-3.542956201,17.43971119,0.01032629503,1,1686.349908,85.2740695,864.301676,3693.863057,2222.067558,669.1692001,1807.185285,6638.820515,0,0,1,8.655096,0.9881129263,0.1692087,35.82359006,35.92392,-0.10032961773437421
90.0,743,40,0.12375285,0.19162104,-0.28161803,7.354294,0.951079,0.80837896,0.6424679775,-0.05697141186,0.40537088,0.466065905,284.5221233,248,36.79524051,3481.910174,0.1679073902,-2.071101788,-136.5602888,0.01109827393,1,3216.707019,99.06287575,991.8207027,2019.673534,3830.762174,2198.037007,99.09639893,3135.828997,0,1,0,16.516342,0.9876529905,0.2068081,38.68789082,38.437412,0.25047855803710917
256.30133,883,20,-0.006857413,0.44534963,-0.44780686,7.221553,1.9574925,0.55465037,-0.0153633218,-0.1359897612,0.440949447,0.2738964785,243.879565,108,66.10661438,8655.569913,0.4484035763,-3.233860973,3.439711191,0.01087876193,1,824.5275848,131.922344,717.5731194,5551.743537,3099.526484,655.9005295,2354.167205,6250.952309,0,0,1,7.528912,0.9870283184,0.0429821,33.77106905,33.815876,-0.04480695708007687
225.73712,868,10,-0.06403941,0.47189096,-0.5026087,1.9575913,1.328638,0.52810904,-0.1354210916,-0.1442193108,0.43856929,0.232034815,67.69908394,123,45.94808706,7806.63269,0.5021105787,-0.9839024184,-11.56028881,0.002173819524,8,3276.546739,62.42365378,0.0,1289.605647,1433.425389,471.7463706,510.1125478,3888.639687,0,3,4,27.671856,0.988352767,0.1042633,34.5828488,34.13305,0.44979978876953197
302.99484,906,10,-0.118994,0.6061422,-0.6061422,26.01613,1.702681,0.3938578,-0.1959903298,-0.1908010824,0.4871482,0.1374319,864.5870473,85,56.58473948,10069.34598,0.6782694849,-15.76947427,26.43971119,0.0419591002,1,0.0,0.0,599.6260998,313.8753416,4298.179788,2227.712961,1230.413152,10985.69696,0,0,0,4.1062646,0.9885320476,0.1757155,33.2327309,33.242535,-0.009803737451171912
207.15413,821,50,0.08063888,0.26102057,-0.34396356,3.5139968,1.0422649,0.73897943,0.3077578222,-0.08412856069,0.42460244,0.409809155,128.7425777,170,38.18554129,7589.522189,0.2399721636,-1.208686849,-58.56028881,0.004747626289,50,5099.515869,0.0,714.8649812,241.4520393,1815.914372,803.2218858,321.2804498,3106.769707,0,0,3,26.810432,0.9878364389,0.1684149,36.63707882,36.3735,0.2635779960253899
303.025,781,10,0.07667984,0.4446506,-0.5267974,1.3856691,1.7013024,0.5553494,0.1720626877,-0.1561349883,0.60347724,0.31601462,47.28572818,210,58.05666219,10340.67786,0.4105548631,-0.7299668791,-98.56028881,0.001228039502,1,986.9935597,10.15430852,910.5956035,3236.394015,982.0893429,432.8960471,518.6152815,3789.850848,0,0,0,3.844909,0.9889074714,0.1248863,34.12483412,34.194164,-0.06933015612304416
180.0,907,40,0.003054601,0.5242265,-0.5881995,19.94537,1.3909631,0.4757735,0.005815778526,-0.1331286574,0.591254101,0.2394140505,748.3970742,84,52.19219871,6754.02228,0.5226251972,-11.73185666,27.43971119,0.03191996634,1,1640.995677,0.0,440.0509638,1527.296076,3391.96548,1543.136268,934.9211123,4384.942796,0,0,3,3.2560594,0.9885225823,0.1785228,37.522346,37.47804,0.04430721215820199
307.17398,920,50,0.105668575,0.12917706,-0.17427386,4.4304876,5.3567586,0.87082294,0.8117296166,-0.05019678047,0.279942435,0.4882457575,152.9841586,71,184.9681753,10606.67744,0.1155271041,-0.7721181757,40.43971119,0.006263214752,1,7276.001095,0.0,1113.592196,1057.939903,647.4167265,716.5845307,211.3079026,5486.763491,0,0,1,32.93812,0.9872405635,0.2016127,34.52986949,34.29732,0.23254817041992482
68.71989,877,10,0.04410751,0.43100336,-0.5031157,5.628606,2.5538864,0.56899664,0.1020999235,-0.1394007547,0.54722321,0.306552075,197.3466466,114,89.54276009,2409.4136,0.411992875,-2.831840048,-2.560288809,0.008244526977,1,765.021256,0.0,32.51950584,1674.55648,3878.00734,1213.988675,602.810757,7197.797701,0,0,0,6.4758954,0.9878102711,0.1964238,35.0613716,35.00408,0.05728987392578233
74.446465,926,50,0.09895338,0.25154185,-0.37047756,98.08387,3.4548047,0.74845815,0.3918296314,-0.119934631,0.46943094,0.423705765,3217.017773,65,113.3129038,2441.742981,0.2266509337,-36.33787283,46.43971119,0.161136549,27,2971.203943,0.0,1330.672693,521.9084939,288.5587545,454.8974421,100.0443745,2036.898412,0,0,3,27.636232,0.9877279561,0.1590121,32.79864236,32.930733,-0.13209036705077892
180.0,864,40,0.025898414,0.50123763,-0.57942706,24.713556,0.92740995,0.49876237,0.05156605649,-0.1763888898,0.605325474,0.262330392,833.7162561,127,31.28634145,6072.332371,0.4882563703,-14.3197031,-15.56028881,0.03980505116,22,558.0388441,763.001781,1212.708045,1001.388661,4371.048437,3394.94731,181.1184521,5592.194291,0,0,0,3.335133,0.9885135414,0.1529152,33.73517984,33.830505,-0.0953255310937493
115.96217,877,40,0.16843204,0.21623391,-0.36350295,51.601734,2.1176698,0.78376609,0.7753487473,-0.0886898618,0.53193499,0.476099065,1892.03599,114,77.6467604,4251.884231,0.1798131914,-18.75738253,-2.560288809,0.08426966815,38,4215.195383,156.6305879,351.3297184,2616.929063,5902.519411,2371.723365,618.0120939,5736.77948,0,0,0,4.35281,0.9876780279,0.2045607,36.66613199,36.769592,-0.10346029515625332
115.960594,913,10,0.11985192,0.40993327,-0.5095238,51.585136,1.0592567,0.59006673,0.2916578645,-0.1212108682,0.62937572,0.354959325,1906.679001,78,39.15202446,4286.111207,0.3608019805,-26.28385452,33.43971119,0.08424222026,1,710.3921853,10.90344662,359.8276106,1779.839698,1562.823113,1012.505121,660.4707795,6468.325042,0,0,2,8.583419,0.9880931044,0.1435996,36.96179072,36.906597,0.055193582548831444
270.0,908,50,-0.074157305,0.4623327,-0.47587803,456.81256,1.4273504,0.5376673,-0.1600519562,-0.1715458705,0.401720725,0.2317549975,14168.56457,83,44.27090687,8374.359131,0.496618047,-217.3870611,28.43971119,0.754361341,244,9435.978883,3.223823348,64.78309384,3396.44033,84.53783029,160.5350388,89.88649305,969.6783608,9,0,0,45.6012,0.9892514681,0.1105258,31.01614493,30.968555,0.047589479560546266
295.97308,895,50,0.031020408,0.17670384,-0.23549311,460.28845,3.173459,0.82329616,0.1745623955,-0.07531503316,0.266513518,0.427158284,15184.15302,96,104.6871523,9763.661325,0.1712224148,-108.3947586,15.43971119,0.7601093734,321,8142.553209,97.51428799,1761.649409,2928.75378,37.14399209,664.0243147,218.7198844,1212.702006,0,1,2,57.647125,0.9877991635,0.1970644,32.98834247,32.790745,0.19759768850585857
0.0,902,10,-0.1691042,0.59228134,-0.56261456,416.33548,1.8543341,0.40771866,-0.2850320558,-0.2130031108,0.39351036,0.11930723,12547.39954,89,55.88539038,0.0,0.6924386022,-234.2364029,22.43971119,0.6874249403,240,6578.030597,0.0,69.66649243,1789.434867,739.6057134,78.67692402,193.071556,554.3782226,1,0,21,43.446186,0.9889998074,0.1152054,30.13771379,30.261269,-0.12355482572265686
207.16643,827,40,-0.053001054,0.5661707,-0.5471893,40.65557,2.08407,0.4338293,-0.09344815238,-0.1459050452,0.494188246,0.190414123,1446.006357,164,74.12461487,7368.337837,0.5961783438,-22.24629289,-52.56028881,0.0661681445,1,815.3369626,708.9075231,1520.175215,3532.505759,4616.492909,2773.173224,526.3462752,6180.746146,0,0,0,4.855757,0.9879874118,0.1975838,35.56723856,35.412663,0.1545760538964842
134.24231,896,40,0.084851936,0.19257885,-0.35411838,51.615562,2.656826,0.80742115,0.4383326794,-0.1182948357,0.438970316,0.446136543,1667.074385,95,85.80990692,4335.74503,0.1762381617,-18.2780192,16.43971119,0.08429253532,1,728.3338947,321.7010897,87.42474599,2167.778759,2687.590825,453.2348996,569.8942217,7941.962831,0,0,0,7.545295,0.9886982018,0.1833613,32.29790243,32.738804,-0.44090143352539
126.17292,913,50,0.009336845,0.21705882,-0.2654434,15.105976,2.3558037,0.78294118,0.04281801121,-0.08806457329,0.274780245,0.3961390125,489.5693961,78,76.34921403,4089.13666,0.2150321754,-4.00978163,33.43971119,0.02391712581,221,5448.435696,86.88592744,224.2645374,2605.078826,801.3641422,191.627705,385.8662822,4196.675381,0,0,5,45.60597,0.9875405884,0.1934012,32.40898808,32.276608,0.13238056657226593
180.0,925,50,0.11809045,0.14759459,-0.21483313,149.74255,1.3909631,0.85240541,0.7947156757,-0.06935106237,0.33292358,0.48524793,4918.006043,66,45.68350767,5911.753792,0.1301650784,-32.16966071,45.43971119,0.2465638107,125,2683.630666,37.11487844,37.11487844,672.806018,445.3146423,687.022389,235.7966655,6331.69493,0,0,0,17.2695,0.9873649448,0.2314423,32.84307662,32.99875,-0.15567215929687706
341.1157,904,10,0.021238543,0.23185143,-0.24304372,10.899208,1.4700584,0.76814857,0.09121070461,-0.08628562275,0.264282263,0.3946935565,340.9385775,87,45.98495779,10670.45436,0.2269272434,-2.648984057,24.43971119,0.01696045035,120,3855.147555,7.500237308,102.7158487,3753.794979,908.2505739,303.7540908,107.2705861,1465.399082,1,3,8,60.50524,0.9887484445,0.1442547,31.28104148,31.650236,-0.36919464976074323
157.67628,853,50,0.09078969,0.19224973,-0.27222607,82.68645,2.5049925,0.80775027,0.4698050031,-0.07277945127,0.36301576,0.44926998,2938.102453,138,89.01004469,5602.720459,0.1747954366,-22.50940733,-26.56028881,0.1356740434,149,4801.116605,259.2113486,1444.602112,2802.996762,2448.269797,0.0,248.6256467,1555.532135,0,0,0,14.742314,0.9874079282,0.2211867,35.53305836,35.36329,0.16976948060546704
232.05367,800,20,0.0985325,0.41137856,-0.45379415,5.500449,3.0138254,0.58862144,0.2389370097,-0.08690953387,0.55232665,0.34357697,215.677269,191,118.1746493,9099.021154,0.370844402,-2.496071579,-79.56028881,0.008032595476,4,2810.694482,34.02733009,906.9051608,2833.84989,1286.905547,1033.928001,758.3089783,1103.964514,0,0,1,14.43603,0.9880490154,0.1312445,39.21084788,39.36854,-0.157693837529294
64.02306,899,50,-0.127169,0.6911555,-0.6200888,438.51123,1.0586367,0.3088445,-0.1837289453,-0.2150533574,0.4929198,0.09083775,13891.70285,92,33.53680695,2028.201935,0.7790490538,-271.9159024,19.43971119,0.7240966787,64,6049.709625,54.66713047,305.0408402,4731.749153,49.20513649,303.6499532,59.61647886,117.892235,1,0,6,69.2503,0.9892761675,0.1355645,31.67924081,31.8615,-0.18225897637695354
180.0,873,50,-0.000967,0.21004966,-0.24160671,9.097784,5.0877852,0.78995034,-0.004581860023,-0.07432453734,0.24063971,0.39449167,305.5004928,118,170.8460968,6044.338787,0.210252778,-2.198085661,-6.560288809,0.0139814598,367,6678.306112,41.08047801,301.1116214,2471.53375,261.1910744,280.3463436,184.7489815,2469.652635,0,0,3,53.845894,0.9874136279,0.1567173,33.57965993,33.270393,0.309266558417967
57.013878,930,40,0.12335432,0.23982999,-0.4193698,25.193834,1.7030798,0.76017001,0.5122049791,-0.08717350898,0.54272412,0.441762165,967.8933699,61,65.42869366,2190.351596,0.2102459247,-10.56553313,50.43971119,0.0405992804,2,647.4803914,0.0,315.704686,3169.442654,3983.421325,1198.206047,360.7875332,5749.061529,0,0,0,3.9222193,0.9878437539,0.2265235,38.41786724,38.252266,0.1656013098242184
198.87573,915,40,0.10126019,0.21118881,-0.31926006,2.5085268,1.4699831,0.78881119,0.4772173896,-0.0960414817,0.42052025,0.44503569,85.06288666,76,49.84639025,6743.77634,0.189803791,-0.8008724167,35.43971119,0.003084894123,2,2247.959263,105.5570483,119.891421,2111.106852,949.041464,294.3491883,948.586296,5083.163114,0,0,2,34.670216,0.987766819,0.2061703,33.90949886,33.857018,0.052481342910155604
211.62282,905,50,0.010648596,0.22615477,-0.319561,9.843472,2.7210033,0.77384523,0.04687815272,-0.1047801771,0.330209596,0.392246913,320.8674518,86,88.69648792,6898.264658,0.2237465392,-3.145589756,25.43971119,0.01521459398,80,5059.665158,0.0,557.6523757,2936.248145,469.5486258,300.3451991,543.0981359,571.3378054,1,2,5,81.591576,0.9879651646,0.1283923,32.59697918,32.467224,0.12975505890624817
161.1101,894,50,0.024936602,0.2132527,-0.28990775,6.97849,1.4701074,0.7867473,0.116388741,-0.08569964028,0.314844352,0.405841951,238.4021925,97,50.22244459,5503.912891,0.2079349023,-2.023118334,14.43971119,0.01047681193,135,5294.459616,0.0,545.5223365,949.429126,111.5428909,461.2009633,7.201363276,5093.413869,0,0,3,51.85112,0.9874727612,0.1519263,34.16243234,33.74626,0.4161707433203148
37.566288,735,10,0.0320244,0.49661067,-0.56246156,0.81720185,2.3389325,0.50338933,0.06435633705,-0.1443880936,0.59448596,0.267706865,29.45945608,256,84.31659725,1354.233855,0.4807070113,-0.4596446274,-144.5602888,0.0002879728845,1,1465.450692,692.4271274,1254.005391,4676.035385,5479.935683,3825.955945,144.0311172,5080.940853,0,0,0,3.6208801,0.9887018797,0.1679969,36.04917938,36.072803,-0.023624117314454907
125.33859,919,30,0.12594514,0.3127839,-0.3927711,2.958199,6.387509,0.6872161,0.4013754052,-0.07613601629,0.51871624,0.40658062,115.6598219,72,249.7391668,4900.494862,0.2733902879,-1.161895075,39.43971119,0.00382851097,16,4035.781725,0.0,656.4804428,2795.787636,2191.389067,489.8799361,556.8522927,3550.224289,0,1,1,21.787436,0.9881320308,0.1422825,39.09805322,39.205345,-0.1072919338085967
107.989174,882,50,0.12898639,0.12339534,-0.19944055,2.162013,3.0004249,0.87660466,1.036906929,-0.05750186326,0.32842694,0.502795525,74.62446751,109,103.5632582,3727.375648,0.1074790206,-0.4311930618,2.439711191,0.002511868929,2,3982.717853,119.2796994,535.4095606,2588.88701,394.0183542,907.9666099,22.66504594,7496.628479,0,0,0,16.926287,0.9886140683,0.1785903,34.51619741,34.021378,0.49481984652343414
2.1758087,910,10,-0.088831894,0.6472663,-0.62547857,3.0174751,12.335947,0.3527337,-0.1370299428,-0.2243281942,0.536646676,0.131950903,93.85860357,81,383.7097974,67.67855888,0.7047641914,-1.887366011,30.43971119,0.003926535056,1,939.7948524,0.0,1505.945726,0.0,2113.212567,1229.564745,1040.018758,1809.780803,0,0,0,10.795129,0.9887791275,0.1460735,31.10501345,31.086458,0.018555243823243472
332.82214,928,50,0.08813161,0.24825737,-0.30274203,107.281136,1.0424864,0.75174263,0.3535767468,-0.07046192761,0.39087364,0.41993712,3992.071199,63,38.79228062,12384.74656,0.2263780483,-32.47850889,48.43971119,0.1763459436,2,890.1105618,0.0,569.2401905,1539.021566,1189.489623,865.3646325,876.3893993,4240.584441,0,0,0,18.686085,0.9882615908,0.2045594,37.21130618,36.90017,0.31113680744140737
236.9982,900,50,0.022032375,0.17631152,-0.23439273,243.46077,1.7023628,0.82368848,0.1242580008,-0.07330295432,0.256425105,0.4228604275,8114.998714,91,56.74290742,7899.589277,0.1724269585,-57.06543453,20.43971119,0.401544366,402,6569.176115,35.02004016,525.7637869,1826.168657,214.698023,50.17477233,323.5049065,562.2160717,0,0,3,77.22633,0.9873035827,0.195338,33.33185348,33.122578,0.20927581276367135
90.0,883,50,0.038035627,0.2715316,-0.32904658,1.7234164,0.4757491,0.7284684,0.1395640983,-0.1117978593,0.367082207,0.3832520135,55.18559032,108,15.2339823,2881.893853,0.2612037253,-0.5670842723,3.439711191,0.001786567653,10,2227.333173,27.86248302,573.4061881,937.3869323,426.5640042,332.1595277,789.8886554,1586.434543,0,0,5,18.912712,0.987320467,0.2685633,32.02104281,32.12718,-0.10613538213867457
45.76327,895,40,0.10640608,0.3382114,-0.47535107,53.679173,2.6570911,0.6617886,0.3136866273,-0.144505126,0.58175715,0.38409734,1811.977414,96,89.69193805,1544.770662,0.3022236507,-25.51645232,15.43971119,0.08770510098,1,2041.096649,0.0,111.4190875,4121.441452,2878.338852,2043.560041,171.5638281,4741.820154,0,0,3,6.3475456,0.9875001105,0.1996678,33.75568796,33.652378,0.10330987772461242
165.60915,921,50,0.0036024582,0.23121236,-0.29674572,12.7349615,1.9143587,0.76878764,0.01551363674,-0.101889802,0.3003481782,0.3861950491,405.5668014,70,60.96605275,5274.108857,0.2303794271,-3.779045319,41.43971119,0.01999621114,464,5178.408051,0.0,700.9626616,4173.957444,137.5953918,163.3613359,253.8235766,843.8098084,0,1,20,60.043056,0.9881393796,0.135815,31.84672379,31.85536,-0.008636241127931044
244.0268,866,20,0.14189756,0.08868176,-0.19427402,1.9259158,1.0587784,0.91131824,1.582234336,-0.06194757274,0.33617158,0.5266079,63.62163803,125,34.97619996,8061.299845,0.07609803464,-0.3741554046,-13.56028881,0.002121438177,17,3874.735889,0.0,410.3437248,1078.629791,872.9639792,937.0416183,734.4206285,2280.242053,0,0,1,21.07878,0.9875584041,0.2155451,33.03448574,33.24826,-0.21377475804687407
90.0,862,40,0.013921533,0.35908297,-0.41735968,10.372295,0.4759348,0.64091703,0.03866201448,-0.1242287068,0.431281213,0.3274192815,353.3146975,129,16.21191452,3065.697878,0.3540839846,-4.328977722,-17.56028881,0.01608910144,1,941.089718,15.61140238,76.75562633,1563.309073,2810.389197,1288.313029,451.3398258,2571.950404,0,0,2,10.792299,0.9872299874,0.3775498,34.06330976,33.9968,0.06651029100586214
270.0,928,40,0.17307693,0.21179275,-0.40240842,37.712948,0.47627178,0.78820725,0.8133591487,-0.09504849792,0.57548535,0.48064209,1397.031778,63,17.64292761,10001.83226,0.175136311,-15.17600782,48.43971119,0.06130197023,1,2753.806505,0.0,734.0890346,1687.648197,1983.754538,1678.530576,1300.682103,5445.069617,0,0,2,4.587477,0.9874874715,0.2129253,37.0438232,37.06493,-0.021106762158204617
45.735535,887,10,-0.11551325,0.63869995,-0.6251874,10.946291,4.6407585,0.36130005,-0.1805741113,-0.2146626425,0.50967415,0.1228934,348.603506,104,147.7929541,1456.526951,0.712478257,-6.84348321,7.439711191,0.01703831088,250,6387.115772,32.71540116,797.5040625,3653.150552,240.7097073,370.0475851,201.1762536,2465.428355,0,0,1,51.710243,0.9890562617,0.1136262,31.84672379,31.83563,0.011093373129881456
171.65486,904,40,0.14285715,0.25970477,-0.40402195,29.858404,3.2773788,0.74029523,0.5479652329,-0.08937895055,0.5468791,0.44157619,1127.756471,87,123.7870969,6483.430231,0.2226040867,-12.06345061,24.43971119,0.04831301684,1,3026.718474,0.0,1157.192747,1473.342029,3426.682873,1505.177446,739.9397082,9803.303192,0,0,1,4.1121125,0.9878254068,0.1976172,37.77015245,37.717144,0.05300843754882578
123.02448,898,50,0.06418219,0.24556032,-0.29019982,13.737682,1.7013263,0.75443968,0.2603102965,-0.08094907743,0.35438201,0.409310935,480.4176482,93,59.49673168,4302.263756,0.2297997209,-3.986672844,18.43971119,0.02165439649,70,3457.623016,53.33079061,743.3503037,4590.291282,3024.794271,488.3678326,230.1105583,8378.707905,0,0,1,11.746232,0.9872736507,0.1781627,34.97079407,35.15203,-0.18123687482422213
185.32928,852,50,0.08876474,0.16047432,-0.28172293,13.6313925,5.1097565,0.83952568,0.5497142827,-0.08451111063,0.37048767,0.46414521,462.7927969,139,173.4788652,6292.024519,0.1462298587,-3.840275835,-27.56028881,0.02147862698,463,8324.283906,45.49562874,476.4439541,4750.320542,457.4713825,170.6938269,65.21240074,769.4663696,0,0,1,77.2535,0.9873414727,0.2319344,33.9505151,33.964752,-0.014237097265628051
295.98468,926,50,0.031026253,0.18748172,-0.25463536,14.596272,1.0583435,0.81251828,0.16461147,-0.08945875494,0.285661613,0.4217722665,459.2058332,65,33.29600248,9311.822334,0.1816648647,-3.716726975,46.43971119,0.02307423518,561,7582.394008,0.0,472.2461873,224.5225854,820.9117137,216.5525407,152.5484552,2529.857271,1,0,2,49.814457,0.9873400966,0.1645713,31.46048753,31.793652,-0.3331640508105451
165.60222,925,50,0.0714482,0.067445904,-0.12035809,126.07787,1.914418,0.932554096,1.043863779,-0.0325551149,0.19180629,0.502001148,4460.75563,66,67.73393992,5859.164937,0.06262701556,-15.17449162,45.43971119,0.2074298489,1,866.8811995,0.0,1278.83743,2082.526844,1586.87368,1042.624447,1181.360531,3492.356277,0,0,0,27.395441,0.98722591,0.3604222,35.38095647,33.682293,1.6986635317675791
189.7012,916,40,0.03910052,0.28789923,-0.40171358,2.8532228,5.627513,0.71210077,0.1353431091,-0.1358362651,0.4408141,0.375600645,91.58747399,75,180.6412386,6089.343504,0.2766422204,-1.146178346,36.43971119,0.003654913245,11,3058.218219,56.66378025,195.2829309,303.8463535,384.5978008,228.4420578,741.1873393,764.1404412,0,0,1,27.088701,0.9881297946,0.1770672,32.09965727,32.27477,-0.17511155934570155
202.33276,879,40,-0.086697765,0.49237907,-0.5337117,7.6965294,2.5051548,0.50762093,-0.1757224217,-0.159425536,0.447013935,0.2104615825,261.7746617,112,85.20542391,6881.749817,0.5350672349,-4.10772779,-0.5602888087,0.01166422399,1,2541.296534,0.0,369.2696265,1286.225181,3353.067573,236.8298504,248.0214287,8008.381183,0,0,1,9.119422,0.9882589774,0.2297178,34.01203946,34.23288,-0.2208401786718781
165.60359,868,50,0.1294901,0.18201284,-0.33548388,51.174816,1.9144063,0.81798716,0.7075465306,-0.0788981534,0.46497398,0.47373863,1898.247126,123,71.01180896,6142.797637,0.1584439791,-17.16832583,-11.56028881,0.08356367961,25,3417.202029,410.5346551,981.8089045,1727.920861,2186.29279,1152.779909,32.95277556,4142.17215,0,0,0,7.0352097,0.9879311403,0.2096588,37.09338449,37.06276,0.030625090585935766
18.879929,917,50,-0.07009646,0.2892562,-0.32836616,22.900126,1.47002,0.7107438,-0.2414985795,-0.1108261397,0.2582697,0.32032367,735.7906538,74,47.2323592,606.620038,0.3095320357,-7.519626438,37.43971119,0.03680620645,495,8690.675489,22.53529756,866.6734247,1849.410722,88.35862411,148.5618684,113.1250938,450.7725191,0,0,3,54.078224,0.9884221341,0.1702633,32.13041945,32.037,0.09342070122070112
270.0,920,30,0.12645714,0.23487693,-0.34149104,16.1706,1.4265208,0.76512307,0.5361149138,-0.08134577261,0.46794818,0.445790105,597.4456116,71,52.70482182,9975.5306,0.2051750652,-5.522115011,40.43971119,0.02567768015,1,2128.341906,102.0177944,679.520354,102.0177944,3750.135517,197.8503029,1721.575846,6199.75045,0,0,0,11.736371,0.9873602375,0.3093555,36.94640963,37.008614,-0.06220395642578325
53.85839,877,40,0.11942058,0.35651273,-0.48607165,20.988533,2.3575642,0.64348727,0.3340316861,-0.1252064344,0.60549223,0.381453925,755.7226507,114,84.88752723,1939.249649,0.313937773,-10.20193087,-2.560288809,0.03364503091,1,829.0723185,3.602287714,14.64835955,3072.944298,4274.738742,2715.246461,718.8148703,5806.414359,0,0,2,2.6014767,0.9889226998,0.1446601,36.00645413,35.993526,0.012927671259767237
126.1604,899,50,0.012728535,0.23330443,-0.2791604,353.0607,2.3565068,0.76669557,0.05432477312,-0.09160216927,0.291888935,0.3897120525,11504.4886,92,76.78681204,4110.938666,0.2303348064,-98.56056624,19.43971119,0.5827882907,533,7309.926995,85.27575522,753.240828,4195.141928,195.7402662,80.96144372,231.7718604,927.1785783,2,2,4,50.765182,0.9877463031,0.1480471,32.58501611,32.60281,-0.017793796005861395
123.005615,899,50,0.006079712,0.2672983,-0.3275188,7.602934,1.7021883,0.7327017,0.0226602703,-0.1091436824,0.333598512,0.369390706,245.8576708,92,55.04401994,3977.658362,0.2656732033,-2.49010382,19.43971119,0.01150944654,448,6309.752212,10.24333109,55.82326906,3661.15887,371.8011922,240.6616183,189.6755972,1452.232776,1,0,5,73.46206,0.9889946888,0.1335453,32.33720966,32.31887,0.01833911556640544
252.01805,886,20,0.112639725,0.33333334,-0.4721826,19.643522,1.5018243,0.66666666,0.3369084429,-0.1057221944,0.584822325,0.3896531925,739.3874265,105,56.52906868,9486.026865,0.2957867642,-9.275329291,6.439711191,0.03142080437,1,1211.164935,26.75281675,314.7240481,3232.0975,5440.865457,3819.701023,743.6034955,5644.391804,0,0,1,2.0446398,0.9879739847,0.1658513,37.64026769,37.627792,0.012475331601564221
251.99492,794,10,0.017249206,0.5311174,-0.532201,2.1515963,2.9978664,0.4688826,0.03241616606,-0.1498225162,0.549450206,0.243065903,74.97460286,197,104.4637615,8781.02414,0.5219560466,-1.145081702,-85.56028881,0.002494642973,9,2316.677664,0.0,828.2927067,2295.661392,906.5567316,1404.692919,40.52615276,4466.675311,0,0,0,15.745063,0.9889806843,0.1174408,34.84603634,34.9003,-0.05426273226562728
134.25719,918,50,0.05582061,0.11934389,-0.18361244,511.45914,1.3287734,0.88065611,0.4638424934,-0.0606377895,0.23943305,0.46823836,16613.45899,73,43.16184942,4361.005886,0.1126820413,-93.91026066,38.43971119,0.8447296527,524,9409.272593,0.0,608.1335838,2812.67789,121.4731536,38.62261697,225.2623335,544.7701187,13,0,25,48.65183,0.9873392675,0.1846006,32.48247551,32.502075,-0.01959968531249956
97.92721,786,40,0.19536483,0.25430426,-0.38571873,1.8133166,3.3586962,0.74569574,0.7652235415,-0.07404859222,0.58108356,0.470530285,71.06139467,205,131.6227052,3837.633273,0.2046221515,-0.699430176,-93.56028881,0.0019352344,4,4895.922748,144.2693567,429.3423043,1685.310565,1841.13995,641.8633475,328.4980142,1750.98642,0,0,0,8.39686,0.9873674249,0.1474967,39.18863075,39.37882,-0.1901877619628891
207.18076,914,40,0.025809994,0.4376013,-0.4920101,51.292328,1.0425135,0.5623987,0.05884614113,-0.1567124079,0.517820094,0.294104347,1695.292269,77,34.45671401,6847.650602,0.4263068131,-25.23634343,34.43971119,0.08375800762,1,608.7636072,0.0,107.7189448,1265.636673,2086.870157,1069.851811,332.2361926,2010.794088,0,0,1,6.373944,0.9881996381,0.177356,33.05157584,33.17799,-0.12641411971679872
180.0,892,50,0.10236221,0.15267947,-0.2720375,3.4933894,2.3174627,0.84732053,0.6660760217,-0.07284406929,0.37439971,0.47484137,124.0591666,99,82.29901056,6392.259043,0.137050862,-0.9503329189,12.43971119,0.004713548109,64,4474.027893,0.0,416.6742605,1453.01441,1405.904964,12.49330266,375.9908889,498.8442655,0,1,3,57.533848,0.9872815321,0.2296895,35.51255024,35.563324,-0.05077373460937196
31.640444,894,40,0.08846631,0.45881575,-0.5424974,3.6828945,2.7215183,0.54118425,0.1923951278,-0.1433731753,0.63096371,0.31482528,131.4120922,97,97.10851445,1128.986167,0.4182260136,-1.997960691,14.43971119,0.005026930135,1,770.7680548,48.56110973,893.8163323,3876.906884,7783.271125,673.9148323,531.4467098,4209.217269,0,0,0,2.9879682,0.9879005168,0.1479029,35.68174223,35.57135,0.11039213234374756
0.0,884,40,0.19928874,0.19664758,-0.39947405,2.376368,1.8543341,0.80335242,1.008303466,-0.07806878441,0.59876279,0.50132058,92.72860688,107,72.35824493,0.0,0.1574579316,-0.9492973493,4.439711191,0.002866344899,1,0.0,0.0,198.6840015,1931.871996,3886.402922,1324.311392,660.4961661,9501.459971,0,0,0,3.986571,0.9875909443,0.1888383,39.02114777,38.947956,0.07319168479492077
180.0,859,10,0.012867647,0.3929961,-0.4367893,63.147076,1.3909631,0.6070039,0.03265932582,-0.1406937091,0.449656947,0.3099357735,2076.102635,132,45.73105107,5917.906228,0.3879391649,-27.58196712,-20.56028881,0.1033620444,68,4524.33735,13.97813053,595.3411444,1405.724073,4095.280528,1516.955209,323.5580997,8280.481383,0,0,1,15.984529,0.9883103309,0.1630555,32.87725682,32.974606,-0.09734874030273488
152.8263,881,40,0.1394534,0.28183717,-0.42170766,41.978683,1.0424477,0.71816283,0.4930518856,-0.08962100246,0.56116106,0.428808115,1603.261528,110,39.81345228,5836.784523,0.2425340184,-17.70273218,1.439711191,0.06835615861,1,4087.43306,1065.19568,758.9635905,4177.55838,274.2384886,2963.970634,848.3920111,4289.755994,0,0,0,8.245945,0.9878550577,0.1914661,38.19227792,38.090897,0.10138131355468971
256.30716,880,40,0.09282544,0.27727154,-0.35674778,5.9532404,1.9583124,0.72272846,0.3335786333,-0.09675908327,0.44957322,0.40777695,210.4176824,111,69.21668349,9059.193809,0.2515336873,-2.123805297,0.4397111913,0.008781370502,121,3646.307999,17.8600653,1472.261554,57.4430151,2970.881595,168.3847129,1033.989419,4619.26591,0,0,4,11.603386,0.9879949282,0.1458169,35.34506726,35.497463,-0.15239596631835894
37.588085,911,50,0.09676062,0.08161209,-0.13748345,492.3077,2.3396165,0.91838791,1.171264642,-0.0415716539,0.23424407,0.507574265,16656.88761,80,79.15929221,1271.766635,0.07371525357,-67.68416106,31.43971119,0.8130591749,443,7928.468699,420.5566881,438.1652479,3111.398518,833.4195603,682.20989,305.064166,1535.350141,0,0,0,84.79035,0.9873262538,0.1641348,33.83430242,33.499332,0.3349699920214846
107.98466,865,40,0.104900315,0.24198553,-0.32743853,3.4182136,1.501606,0.75801447,0.4317142465,-0.07950986409,0.432338845,0.4314573925,125.5254491,126,55.14277036,3965.469843,0.2166011717,-1.119254836,-14.56028881,0.004589230904,1,0.0,26.64977246,391.4636897,2545.472912,1785.452931,2846.372808,1374.719278,12771.30777,0,0,0,4.3211184,0.9868138876,0.0515902,36.72252932,36.487553,0.23497667717773396
22.321095,904,50,0.06376751,0.16736184,-0.24181919,10.683682,2.5049455,0.83263816,0.3787527506,-0.08381432687,0.3055867,0.448202835,338.5604859,87,79.38045757,707.3442255,0.1566895922,-2.583519327,24.43971119,0.01660403792,489,6283.733812,0.0,817.5292127,2754.527714,361.0218185,313.3628509,384.1660973,1562.995392,0,0,8,58.675667,0.9873355174,0.1987414,31.68949487,31.830433,-0.14093802184570237
64.03385,940,10,-0.015511391,0.6813804,-0.6190108,85.12649,2.1173685,0.3186196,-0.02273129621,-0.2346162015,0.603499409,0.1515541045,2563.772007,51,63.76922259,1928.52063,0.6919495578,-52.69421668,60.43971119,0.1397091046,1,2884.274692,49.86215406,227.756333,173.5338525,549.5643933,1015.47476,500.4475498,2789.639548,0,0,1,31.124605,0.9890470585,0.1114403,30.11720567,30.061296,0.05590920698730528
180.0,907,20,0.05393457,0.43662727,-0.5155807,108.517136,0.46373534,0.56337273,0.1232431654,-0.1470876233,0.56951527,0.30865365,3761.548179,84,16.07453798,6239.371009,0.4130779659,-55.94934094,27.43971119,0.1783899001,6,1227.017169,57.89113562,120.9484313,1760.006149,859.2643643,102.5212341,361.559017,4206.851928,0,0,3,27.350466,0.9880436592,0.1902308,34.66317227,34.640865,0.022306944072262525
260.77777,853,40,0.16237071,0.24926543,-0.39819127,43.907063,2.891178,0.75073457,0.6487940024,-0.09249492663,0.56056198,0.45655264,1634.814654,138,107.6487435,9709.675178,0.2087920252,-17.48340918,-26.56028881,0.07154509459,1,2102.831042,455.9989662,1366.785119,5401.93955,4462.548562,2976.310788,735.0054219,4555.570888,0,0,0,6.758584,0.9877856018,0.210702,37.23352331,37.247406,-0.013882695859372518
180.0,897,40,0.17482759,0.2917679,-0.43379268,3.3244803,0.92740995,0.7082321,0.5971542304,-0.09194472754,0.60862027,0.441529845,127.0603807,94,35.4452578,6879.531974,0.2407588212,-1.442135219,17.43971119,0.004434225411,1,374.2612789,666.1759189,0.0,5818.62932,10418.07595,5932.158241,617.5488418,5065.931299,0,0,0,1.5664594,0.987658393,0.1676911,38.21962208,38.272453,-0.05283122810546814
18.888317,849,10,0.08591707,0.37279102,-0.4848301,41.707756,2.938254,0.62720898,0.2298532212,-0.1382978431,0.57074717,0.356563025,1445.79441,142,101.8542261,654.7612664,0.3407619078,-20.22117551,-30.56028881,0.06790813029,1,1571.923696,63.20766086,901.6213947,3491.834749,3016.600562,651.106872,870.7189924,3605.746997,0,0,0,5.1474347,0.9873511826,0.2581988,34.66488128,34.6201,0.04478316598633114
244.03105,909,50,0.055935614,0.31391767,-0.37273258,145.57007,5.280302,0.68608233,0.1776198014,-0.1187339088,0.428668194,0.371008972,4811.071428,82,174.5132779,8065.193705,0.2963584924,-54.25870776,29.43971119,0.2396638369,156,5219.690041,0.0,1050.039692,152.3563981,773.0060016,711.300788,362.9856573,3023.703829,0,0,4,25.561678,0.9873712175,0.1796226,33.04986683,33.52948,-0.47961315046875086
295.9576,902,40,0.04749596,0.32078853,-0.394183,62.857117,2.1180148,0.67921147,0.147599916,-0.1283449665,0.44167896,0.363353715,2055.934658,89,69.27616539,9680.200368,0.3055523708,-24.77720695,22.43971119,0.1028825431,1,1090.035577,20.48177654,532.3851739,3332.242815,4772.731555,2591.371326,424.0951076,2746.866649,0,0,2,17.520061,0.9879744229,0.169255,32.70806483,32.495388,0.2126767989941385
115.961105,898,40,0.10672615,0.27660617,-0.4341598,50.744354,2.1177511,0.72339383,0.3844516496,-0.1182294587,0.54088595,0.41505999,1790.874204,93,74.73985808,4092.509516,0.2470850584,-22.03115858,18.43971119,0.08285183041,9,2936.883041,0.0,453.3948373,3406.698196,1452.785769,1067.726788,529.9746571,6980.768473,1,1,1,11.5393505,0.9873835459,0.2155693,35.29208795,35.228363,0.06372491289062765
90.0,767,20,0.12639245,0.39228407,-0.48129314,5.2969627,1.9020625,0.60771593,0.3213769884,-0.1166150275,0.60768559,0.36705419,194.6536565,224,69.89730558,3307.334802,0.3427023253,-2.54939181,-112.5602888,0.007696092929,1,2190.02327,23.37221568,472.9271447,2238.005101,1025.841272,286.9712663,479.3468881,3229.035621,0,1,0,17.161228,0.9885530516,0.1394295,36.74816447,36.58741,0.16075449685546772
78.979645,861,40,0.01920391,0.5345534,-0.5780899,26.590576,2.4245348,0.4654466,0.03585806756,-0.1950691081,0.59729381,0.242325255,854.4572474,130,77.9096072,2537.919076,0.5242878846,-15.37174342,-18.56028881,0.04290905379,1,0.0,89.18581907,56.59609717,3732.522191,7425.056999,2226.335635,697.4251084,7519.131486,0,0,0,1.8623263,0.9884757069,0.071385,32.13383747,32.151096,-0.017258873994137502
142.41805,848,10,0.034647033,0.30733138,-0.354192,390.20255,2.3394241,0.69266862,0.1123694676,-0.1038040811,0.388839033,0.3636578265,13378.28214,143,80.20828067,4882.871356,0.2966832595,-138.2066216,-31.56028881,0.6442092667,180,6257.521936,481.7369693,723.1427236,5146.26966,619.4976309,1174.783403,79.74376285,2950.976892,0,0,0,78.43144,0.9887916172,0.1544477,34.28548106,34.317696,-0.032214557675779076
134.23958,893,20,0.12769918,0.45392492,-0.5419546,22.383625,1.9933414,0.54607508,0.2807038577,-0.1145837777,0.66965378,0.33688713,856.0674959,98,76.23585459,5134.027268,0.3959590799,-12.13090853,13.43971119,0.03595207572,1,696.4233391,419.8152567,419.8152567,4573.467563,5786.74814,2899.909898,977.2279307,2438.817776,0,0,0,2.481991,0.9881273152,0.1449617,38.24525723,38.163715,0.08154186745117187
281.03116,888,50,0.055975795,0.11770727,-0.17545748,2.6164083,2.4221952,0.88229273,0.4715447925,-0.05621345695,0.231433275,0.4691342625,86.23942955,103,79.83797189,9263.06759,0.111118512,-0.459068407,8.439711191,0.003263296303,261,5372.197662,0.0,260.9990884,1712.897644,211.6239987,465.1594124,492.4254757,3354.092734,1,0,10,37.26805,0.9872590087,0.2544157,32.96099831,32.731304,0.22969414129882892
134.25981,871,40,0.10675883,0.28366446,-0.3670291,7.1084175,0.6644448,0.71633554,0.3750339259,-0.09289992095,0.47378793,0.411547185,257.4917499,120,24.06851515,4863.360013,0.2533807741,-2.608996077,-8.560288809,0.01069167128,1,2352.207466,71.14946398,258.6700669,1916.126666,470.6254431,93.61311177,381.0761103,4352.44094,0,0,1,7.5427847,0.9875920148,0.1949649,36.2234984,36.278263,-0.05476469204101875
314.27203,914,50,0.11101418,0.100134954,-0.1615845,3.123491,1.9921842,0.899865046,1.097683596,-0.04782863252,0.27259868,0.505439613,106.6473311,77,68.02040665,10730.38893,0.08901855419,-0.5047077315,34.43971119,0.004101852119,196,4694.587219,0.0,502.7171468,212.8685308,752.6023065,99.28564659,1277.550531,1335.632984,0,0,2,30.413818,0.9873018785,0.1731208,34.14363323,33.985157,0.15847621706054582
72.00788,859,10,-0.05792812,0.6482214,-0.61837,65.545456,1.5010039,0.3517786,-0.08922706491,-0.2060027363,0.56044188,0.14692524,2119.893206,132,48.54597351,2328.903099,0.685771647,-40.53134363,-20.56028881,0.107328213,19,2419.987004,670.3108004,380.3121306,2316.246456,923.6636196,1729.185838,524.5851753,4443.286172,0,0,0,15.219577,0.9889314749,0.1359697,32.34233669,32.353607,-0.01127048773437167
165.6207,901,50,0.061269145,0.32271326,-0.3849879,12.6103325,1.9142598,0.67728674,0.1892698032,-0.1147559161,0.446257045,0.3692779425,429.2910479,90,65.16676666,5638.192638,0.3029408945,-4.854825427,21.43971119,0.01979011384,1,2589.556867,214.5438632,807.1751195,6069.640715,1018.217867,1772.724176,1574.421976,2104.241158,0,0,0,16.867678,0.9877511471,0.1809859,34.04280164,34.19779,-0.1549865985253902
90.0,893,20,-0.021256931,0.56238955,-0.58479744,71.47885,4.7482486,0.43761045,-0.03773043181,-0.1836906588,0.563540509,0.2081767595,2377.75839,98,157.9514493,2993.868188,0.5743442259,-41.80064849,13.43971119,0.1171401865,1,1032.69166,74.82745724,129.52305,4155.831121,1060.090488,1247.576234,452.6944899,4436.96747,0,0,0,47.836926,0.9889174971,0.141236,33.26520209,33.072464,0.19273810074219
134.26102,878,50,-0.026908023,0.27058113,-0.3528843,6.417513,1.3286821,0.72941887,-0.09907913337,-0.1190141591,0.325976277,0.3512554235,206.2741577,113,42.70700831,4315.469062,0.2778619333,-2.264639583,-1.560288809,0.009549131833,82,7922.411164,0.0,156.0642824,3133.758141,203.9198273,203.1176688,282.8989342,2276.187655,0,0,3,44.694923,0.9883333172,0.1091268,32.14238252,31.996632,0.14575089768554506
256.30417,796,20,0.10786309,0.2395887,-0.36330223,2.1501753,1.9578933,0.7604113,0.448329826,-0.08026839584,0.47116532,0.434137195,81.24184624,195,73.9766969,9684.151786,0.2137459225,-0.7811634814,-83.56028881,0.002492293085,92,3087.434361,19.84165841,945.1326902,2981.959124,2085.523039,214.8933999,115.5179155,2661.176015,0,0,1,11.578059,0.9882777577,0.1445209,37.78382453,37.659657,0.12416800534179373
145.60156,900,50,-0.08784089,0.5463697,-0.53063387,50.946995,1.6855973,0.4536303,-0.1604781741,-0.1726795254,0.44279298,0.182894705,1666.81296,91,55.14702928,4763.589436,0.5943633007,-27.03420112,20.43971119,0.0831869351,8,2862.488608,0.0,244.5478761,1167.070371,3081.282505,2556.761089,656.576899,3272.280499,0,1,1,6.8193736,0.9886294749,0.2332347,32.71660988,32.897903,-0.18129356238281247
225.74013,885,50,0.11465557,0.16982284,-0.23270035,1.6268493,0.664444,0.83017716,0.6711957839,-0.07507784525,0.34735592,0.472416365,53.44463772,106,21.82806291,7415.929346,0.1503517055,-0.3785684015,5.439711191,0.001626875943,210,5311.127215,27.21183039,382.2355328,2128.647598,931.6262911,265.5252361,1091.417839,1440.989548,0,0,7,40.261734,0.9876577482,0.1771236,32.85162167,33.28549,-0.43386645866210927
270.0,856,20,0.10820313,0.41274753,-0.5389282,19.140034,2.3785427,0.58725247,0.2615197002,-0.1274462694,0.64713133,0.3477278,708.7583515,135,88.07779563,9998.140802,0.3680869554,-10.31510407,-23.56028881,0.03058819307,1,75.66415667,209.2061007,1543.756801,5313.23874,2210.059198,3945.590608,1169.084047,8488.203689,0,0,1,3.5053022,0.9885605559,0.1259562,37.03015112,36.88048,0.14966940002929618
115.986824,756,50,0.10437018,0.11905782,-0.1866485,4.1028266,3.1719027,0.88094218,0.8693326266,-0.0449346477,0.29101868,0.49265618,151.0798646,235,116.8001179,4271.024681,0.1066317339,-0.7657864307,-123.5602888,0.00572136618,1,2388.737706,258.1380841,566.6894696,2659.987547,1337.039197,515.4804765,855.5750218,3428.823535,0,0,0,16.183863,0.9875413317,0.2078545,36.82336091,36.731266,0.09209488827148249
191.59557,881,50,0.036452286,0.15470228,-0.22058824,11.080575,2.3656914,0.84529772,0.2341153,-0.06711249416,0.257040526,0.440875003,373.8998744,110,79.82723978,6465.148204,0.1490630282,-2.444244537,1.439711191,0.01726037451,535,6529.886162,227.2352652,518.3837833,3012.028063,617.3649726,523.8442942,104.3875815,2836.824882,0,0,0,59.915012,0.987466114,0.1616934,33.74372489,33.38447,0.359252996689456
115.96136,924,30,0.050259344,0.23920654,-0.33618522,67.54314,1.0592276,0.76079346,0.2092338702,-0.09802923149,0.386444564,0.405526402,2320.597187,67,36.3921575,3984.114535,0.2271841762,-22.70700538,44.43971119,0.110631756,61,3233.191549,110.1392632,243.0491003,1041.728124,2550.884285,301.1676704,551.9472286,3263.302599,0,0,0,12.298366,0.9875358045,0.1996344,34.35725948,34.407913,-0.05065372800780921
0.0,873,40,0.09769757,0.26748252,-0.34073046,6.316947,0.0,0.73251748,0.3638880103,-0.09094997332,0.43842803,0.415107525,224.5899951,118,0.0,0.0,0.2413501278,-2.152376257,-6.560288809,0.009382827196,6,1821.066274,0.0,1383.75929,179.7851287,2890.126743,213.9279652,1319.026665,4973.489497,0,1,3,11.536135,0.9877356558,0.2257401,35.55356648,35.59261,-0.03904292551757749
170.28616,921,40,0.12841727,0.17936237,-0.3305876,77.58209,2.8206651,0.82063763,0.7119959113,-0.0914577507,0.45900487,0.47452745,2721.72555,70,98.95423377,5973.958583,0.1563291441,-25.64767694,41.43971119,0.1272330321,12,3777.903717,135.6710349,1103.620305,2995.974686,3318.886604,1351.016666,115.638568,4130.588976,1,1,0,26.366264,0.9875094586,0.1960143,35.08187972,35.184044,-0.10216416427734032
134.25339,915,50,0.08445869,0.07526882,-0.13154173,542.2565,1.3288634,0.92473118,1.107381627,-0.0422965945,0.21600042,0.504594935,17842.73376,76,43.72571993,4417.554228,0.06891171406,-71.32935811,35.43971119,0.8956588312,714,7882.883286,0.0,1154.365541,1983.047039,207.7325761,598.981104,173.6022822,1937.578357,14,0,11,52.85525,0.987161645,0.230244,32.90460098,32.716934,0.1876667758984354
126.15257,901,50,0.03601108,0.34288865,-0.42999706,4.137309,2.3569472,0.65711135,0.1047172682,-0.1537640906,0.46600814,0.346561215,128.9031732,90,73.43371575,3930.445267,0.3305408594,-1.779030706,21.43971119,0.005778389259,192,4183.009734,0.0,726.3476786,393.9245824,914.5154085,549.2492896,648.88483,5266.646038,0,0,13,52.40338,0.9877731796,0.207325,31.15628375,31.374655,-0.21837101989746088
302.98938,919,40,-0.070510596,0.57929796,-0.6077204,33.090343,1.7029302,0.42070204,-0.1215075717,-0.1843594917,0.537209804,0.175095722,1118.005224,72,57.53596629,10236.93558,0.6201446044,-20.10967648,39.43971119,0.05365763074,1,0.0,0.0,476.6113822,414.9874987,1632.802675,1365.785224,540.5525206,1964.56242,0,0,0,5.271007,0.9884725096,0.1645121,33.78645014,33.649242,0.1372077388769526
270.0,869,40,0.0077405088,0.4461456,-0.5196161,9.24666,0.47584864,0.5538544,0.01731093586,-0.154976994,0.5273566088,0.2807974544,314.703199,122,16.19515471,9189.249279,0.4426922061,-4.804713407,-10.56028881,0.01422765404,1,1689.661721,125.4569511,1441.082984,580.0874184,2507.464145,468.7447798,421.3875159,3909.529389,0,0,0,13.393412,0.9890946874,0.1728251,34.03425659,34.060722,-0.026465761074220495
145.62404,856,50,0.1013236,0.10773558,-0.1713266,416.21674,3.36738,0.89226442,0.9318348235,-0.04861737147,0.2726502,0.49679401,14457.97926,135,116.9715331,5058.492722,0.09681942319,-71.30899893,-23.56028881,0.6872285815,433,6553.782251,267.0616398,688.4791865,5448.563938,605.7833978,853.4901216,249.3290135,3072.756337,0,0,0,75.78033,0.9872156433,0.1889996,34.7366597,34.699345,0.037315064990231406
214.40039,909,40,0.118801996,0.19981876,-0.3057199,57.523624,1.6856364,0.80018124,0.5915881365,-0.06952830614,0.424521896,0.459491618,2155.373761,82,63.15972838,8033.446831,0.1760798925,-17.58611658,29.43971119,0.0940626177,70,3733.705681,0.0,204.8528792,3301.758153,2752.627835,623.8539508,373.582709,6036.557687,0,0,3,10.415276,0.9877411692,0.2066703,37.46936669,37.2755,0.19386543877929796
314.23413,890,40,0.15565032,0.29291046,-0.43925235,44.044014,1.9935362,0.70708954,0.5295841461,-0.1128367584,0.59490267,0.43136993,1587.374203,101,71.84830921,11325.19737,0.2473188532,-19.34643665,10.43971119,0.07177156861,1,3051.835099,239.1900588,407.0287117,3179.965974,2164.821781,803.5690648,405.5981498,2285.374402,0,0,1,4.6737328,0.9877601654,0.229971,36.04063433,36.238544,-0.19791013411132496
90.0,919,10,-0.018963337,0.4474708,-0.48343557,2.8667676,1.9031041,0.5525292,-0.04228444082,-0.1710676139,0.464472233,0.2667829315,89.83715425,72,59.63840828,2820.369493,0.4559563396,-1.385897429,39.43971119,0.003677312098,15,2465.816041,0.0,875.369211,3207.109913,830.4408839,298.0585051,324.932652,709.1853786,0,0,0,39.55542,0.9892825301,0.1563395,31.33743881,31.528282,-0.19084335552734544
350.2946,899,10,-0.021448212,0.43349627,-0.4890433,472.3046,2.8205943,0.56650373,-0.0493633973,-0.1419811846,0.467595088,0.272527759,16256.14993,92,97.08142551,12056.71412,0.4427939899,-230.9774002,19.43971119,0.7799803185,86,4415.941271,77.01396317,393.9292667,5217.134228,303.6875092,427.5511627,36.22270862,624.1049796,1,1,3,73.337006,0.9883908989,0.1891149,34.41878384,34.334938,0.08384579068359699
314.24167,860,40,0.103943795,0.32608697,-0.36081475,52.48736,0.6646609,0.67391303,0.3177864132,-0.09670514566,0.464758545,0.3889284125,1863.332099,131,23.59585222,11155.7638,0.2921922528,-18.93821368,-19.56028881,0.08573421591,87,1709.684135,0.0,114.1361661,2548.911426,3961.145102,1309.635763,696.2883544,5872.352242,0,0,0,6.6182113,0.9876196704,0.2527868,35.50058717,35.67789,-0.17730360758788777
348.40155,855,50,0.0889979,0.16985376,-0.24760076,65.18771,4.723393,0.83014624,0.5209010326,-0.06863014157,0.33659866,0.45957207,2285.236305,136,165.5844202,12213.64995,0.1547371321,-16.14052654,-24.56028881,0.1067366133,145,4906.075997,378.7183517,371.2385766,2037.020024,891.325803,874.9698947,394.3824873,6327.011224,0,0,0,46.584183,0.9873546677,0.2021973,35.05624457,35.07518,-0.01893548371094056
0.0,926,10,-0.15422343,0.6916933,-0.6488906,9.08597,0.46373534,0.3083067,-0.2226431669,-0.2566193645,0.49466717,0.077041635,266.3924449,65,13.59630188,0.0,0.7983686132,-5.895800525,46.43971119,0.01396192315,1,1321.363337,0.0,272.2820115,0.0,1555.546201,1002.315379,357.4469155,8240.523084,0,0,0,6.0586586,0.9886226224,0.1246342,29.319098,29.451826,-0.13272809558105436
15.643741,926,40,0.07084426,0.14797865,-0.24637681,86.25819,5.282415,0.85202135,0.4755329707,-0.0699925153,0.31722107,0.461432805,2994.994647,65,183.4122029,543.1706898,0.137495212,-21.25201769,46.43971119,0.1415805816,3,2362.96907,0.0,314.8259272,2498.56168,368.2186389,879.0933083,590.8943352,4420.508121,0,1,2,25.983292,0.9877642711,0.2176101,34.72127861,34.63105,0.09022850013671757
134.26733,898,40,0.06318347,0.3168232,-0.4519774,1.3163322,0.6643553,0.6831768,0.1988006854,-0.1194342956,0.51516087,0.373180135,46.97127587,93,23.70648995,4791.121723,0.2968052108,-0.5949524053,18.43971119,0.001113378006,1,2277.196544,75.88284787,620.3326677,1116.78809,2047.254732,256.066298,1251.873942,3219.797315,0,0,1,8.733783,0.9874361506,0.2270535,35.68345124,35.513577,0.1698747324316372
281.03336,941,50,0.045591485,0.2339652,-0.2987155,3.1734903,2.4217145,0.7660348,0.1940350529,-0.08658754825,0.344306985,0.4058131425,109.2981825,50,83.40627144,9679.070224,0.2232983791,-0.9479707417,61.43971119,0.004184535286,29,4877.612345,38.11805263,254.8310337,2048.095816,1022.39021,328.01454,673.6182059,3899.657638,0,0,4,42.338932,0.9873876683,0.2152241,34.44100097,34.33471,0.10629180251952874
236.9989,897,40,0.16066298,0.23915172,-0.39019033,1.438337,1.702395,0.76084828,0.6690061599,-0.09169511486,0.55085331,0.46075563,53.36507803,94,63.16213934,8793.116489,0.200728892,-0.5612251887,17.43971119,0.001315135697,1,2087.690397,6.12615789,952.1222074,952.2216374,1354.397399,1352.516849,1187.746238,7260.211928,0,0,2,8.731925,0.9882341303,0.1389671,37.10192954,37.12082,-0.01888955179687457
90.0,918,10,0.03386498,0.4091778,-0.4642384,100.31648,0.47616825,0.5908222,0.08256170861,-0.1510239538,0.49810338,0.31234359,3282.529466,73,15.5810522,2944.956322,0.395321002,-46.57076217,38.43971119,0.164828586,74,4346.257712,0.0,698.349188,909.8857728,318.3403181,298.0863665,280.9360318,2418.752367,0,0,1,21.69437,0.9876591993,0.2058339,32.72173691,32.59641,0.12532806600585644
309.07608,879,40,0.042569082,0.45889047,-0.5140242,7.476951,3.6734252,0.54110953,0.09256352279,-0.1493786532,0.556593282,0.291839306,257.2453348,112,126.3846045,10633.79707,0.439355924,-3.843333756,-0.5602888087,0.01130111015,1,2861.218913,194.3019992,46.26248923,2566.144101,3030.486884,492.743621,762.3364266,3598.036346,0,0,1,8.288274,0.9884664767,0.1251934,34.40511176,34.458645,-0.05353310694336244
328.3961,918,30,0.12848671,0.4110953,-0.5203065,10.555523,2.7204516,0.5889047,0.3117888265,-0.1335849086,0.64879321,0.358695705,380.4999026,73,98.06539844,11837.84868,0.3582750174,-5.492107228,38.43971119,0.01639210311,1,722.0391961,696.3495668,569.5336311,2206.596704,2358.138904,1655.820424,2097.673896,4996.021961,0,0,0,7.826717,0.9881349068,0.1508021,36.04747037,36.176476,-0.12900515490234454
145.63483,922,50,0.051189344,0.34104356,-0.4168798,3.7269895,1.684928,0.65895644,0.1496573828,-0.105885041,0.468069144,0.355072892,134.8453616,69,60.96199774,5269.180747,0.3235857639,-1.553706637,42.43971119,0.005099849441,79,2600.794918,262.5276724,340.2274062,1220.697982,906.6121249,535.916679,523.3449696,356.5991208,0,0,0,47.258274,0.9888224073,0.1775158,36.18077315,35.989857,0.19091643002929715
30.400618,911,10,-0.04842615,0.4123403,-0.4715378,155.20503,3.758296,0.5876597,-0.1171580656,-0.167804601,0.42311165,0.269616775,4848.609055,80,117.4092619,949.7160736,0.4323083532,-73.1850384,31.43971119,0.2555970402,299,4685.381936,0.0,97.81147145,556.9465428,256.8022297,230.1124659,277.3925353,2380.70784,1,0,22,49.643528,0.9888166295,0.1391244,31.24002524,31.048944,0.1910807667333998
325.62885,891,40,0.094576426,0.3887934,-0.48857775,13.801777,1.6850483,0.6112066,0.2426321893,-0.1164001662,0.583154176,0.352891513,509.9025193,100,62.25360497,12030.26038,0.3520227098,-6.743241153,11.43971119,0.02176038953,34,1967.302072,5.522713562,398.4456097,1585.378177,3204.473341,641.7462786,304.0717557,6797.625449,0,0,1,8.457853,0.9880870332,0.1552207,36.94470062,36.87777,0.06693114978515524
0.0,864,50,0.043514643,0.21660458,-0.26964733,4.13716,0.92740995,0.78339542,0.1999711725,-0.08315010222,0.313161973,0.4134550315,138.7759465,127,31.10882673,0.0,0.207179109,-1.115574148,-15.56028881,0.00577814286,298,6021.737215,338.7487631,437.4983719,1937.401043,128.626827,679.2695545,127.2928242,1505.588369,0,0,0,52.105618,0.9875128337,0.1905282,33.54377072,33.636757,-0.09298617697265854
180.0,891,10,0.2684752,0.13333334,-0.055330634,16.829666,2.3174627,0.86666666,1.998574591,-0.02340846656,0.323805834,0.56757093,470.9099279,100,64.84479211,5036.569771,0.09753664488,-0.9311960898,11.43971119,0.02676756869,9,409.3872466,125.1556616,0.0,5428.908751,2830.788321,956.7988322,935.740627,3666.437844,0,0,1,10.520339,0.9886768189,0.0474078,27.98094317,27.373745,0.6071982054003904
348.40747,770,40,-0.10235935,0.595482,-0.6154255,1.2679871,2.3656657,0.404518,-0.1716050945,-0.1775887039,0.51306615,0.151079325,43.75092404,221,81.62548368,12021.53299,0.6564351505,-0.780351595,-109.5602888,0.001033430367,1,1259.444384,1401.799681,1679.655031,3340.696768,2154.109145,1966.718237,314.5022248,2706.135381,0,0,0,6.2342052,0.988302358,0.1651135,34.50423434,34.59121,-0.0869750716210973
14.391503,919,50,0.11373093,0.077874616,-0.13297872,507.45004,1.9143642,0.922125384,1.441920554,-0.04074372331,0.24670965,0.517928157,17070.35308,72,64.39820718,484.1226094,0.0690178635,-67.48005678,39.43971119,0.8380998581,447,6551.140669,100.4118905,1473.829331,1769.482309,415.1268663,605.7819828,194.4751665,2328.207158,1,0,7,39.293873,0.9872511331,0.192569,33.63947528,32.903263,0.7362121879589836
314.2752,773,30,0.11055694,0.21756941,-0.29948992,1.627145,4.639871,0.78243059,0.5058207368,-0.07816881597,0.41004686,0.446493765,58.31798352,218,166.2961325,11263.83693,0.1935156018,-0.4873135259,-106.5602888,0.001627364938,93,4495.807027,306.7351908,359.3997877,1847.659699,3674.572631,313.0381949,497.2761424,5844.783039,0,0,0,5.7008085,0.987883755,0.1856592,35.84068016,35.96832,-0.12763877920898636
207.1806,899,40,0.0016869728,0.52127963,-0.571555,60.309643,1.042512,0.47872037,0.003230018372,-0.1599949382,0.5732419728,0.2402036714,2106.190152,92,36.40758589,7235.356034,0.5204002454,-34.470278,19.43971119,0.09866981971,4,2223.354011,0.0,272.0364199,1388.284024,3482.131811,2950.295077,409.4758645,3691.877206,0,0,2,7.3789425,0.9879132071,0.2004371,34.92294179,34.83251,0.09042988814453423
45.721325,877,50,0.05733824,0.31442544,-0.36412078,15.315896,0.6642204,0.68557456,0.1817806452,-0.1116538037,0.42145902,0.3714564,515.0354797,114,22.33607961,1537.494415,0.2963968387,-5.576835998,-2.560288809,0.02426426768,4,3231.569668,65.14942389,1184.743963,7368.237067,380.6182894,272.9156421,222.2848745,1173.689027,0,0,0,24.069372,0.9873232128,0.2507873,33.62751221,33.980392,-0.3528802460546885
201.04845,885,50,0.092369474,0.1756426,-0.21968254,521.98157,3.9688408,0.8243574,0.5229173144,-0.06043502414,0.312052014,0.458363437,18351.34581,106,139.5328383,7068.275668,0.1594185854,-114.6702371,5.439711191,0.8621304531,265,5963.625741,158.1564307,231.723028,4167.780155,275.7886226,147.9024927,95.02138432,645.2159906,0,3,0,48.02423,0.9874624311,0.1797525,35.15707616,34.904587,0.2524893680078151
217.5993,895,20,0.122644864,0.3635359,-0.50121653,2.9441674,2.339969,0.6364641,0.3364411132,-0.1102977892,0.623861394,0.379554482,111.3676947,96,88.51295386,8231.030754,0.318950089,-1.475665368,15.43971119,0.003805307102,1,96.60772204,53.13573974,129.2211112,5233.559494,4272.337029,3444.890563,1706.536926,13391.54692,0,0,0,4.2550097,0.9880386099,0.1380464,37.82654978,37.77381,0.05273843966796932
225.7255,896,40,0.0,0.4113608,-0.4831092,5.0726795,0.66427,0.5886392,0.0,-0.1266564242,0.4831092,0.2943196,181.5221979,95,23.77042556,8077.425134,0.4113608,-2.450658135,16.43971119,0.007325198828,1,0.0,19.14623734,1192.065164,5977.866963,3096.634825,1089.116071,2909.039218,5755.855395,0,0,0,7.099537,0.9888828344,0.1199379,35.78428283,35.71402,0.0702630546093772
348.3977,891,50,0.09869159,0.14238332,-0.25540224,2.3269124,2.3657484,0.85761668,0.6883059341,-0.07805541329,0.35409383,0.478154135,78.36359992,100,79.67148275,11733.01495,0.1283312838,-0.5942986392,11.43971119,0.002784560841,127,3638.999774,104.4001134,401.6468505,3079.791638,470.185329,722.5356179,661.1907306,3027.477464,0,0,4,51.36928,0.9874387545,0.1707207,33.6770735,33.737053,-0.059979417480469976
270.0,887,50,0.15224166,0.12396694,-0.1869755,190.01349,5.6920886,0.87603306,1.218255484,-0.05351267581,0.33921716,0.51413736,6578.027229,104,197.052924,9347.059263,0.1050940073,-35.5278673,7.439711191,0.3131593206,259,7394.885783,142.0147989,704.3294989,5974.215479,345.6705483,750.0682019,469.4684352,1675.212934,0,1,0,67.9922,0.9871769393,0.1555172,34.61873801,34.680164,-0.06142632715820184
314.25366,896,50,0.061323393,0.2817511,-0.363661,365.83768,1.3288573,0.7182489,0.2168811828,-0.1104876474,0.424984393,0.3897861465,12352.22867,95,44.86784751,10610.5338,0.2644731666,-133.0408965,16.43971119,0.6039174101,130,5281.302433,9.253346754,0.0,3968.570353,207.2504714,791.0309912,256.3973602,2332.251275,0,1,0,68.62665,0.9880092072,0.1592248,33.76423301,33.985962,-0.2217289040625019
270.0,922,30,0.11678454,0.25459448,-0.38678223,54.724197,0.47616825,0.74540552,0.4569133887,-0.1051914076,0.50356677,0.43109503,1932.266416,69,16.81310952,9533.478074,0.2248617808,-21.16634695,42.43971119,0.08943324306,27,3233.348441,0.0,444.6502072,312.6130722,309.8975065,1713.016375,1338.882331,5265.688631,0,0,3,5.700539,0.9880517397,0.15726,35.30917805,35.367687,-0.058509175341797004
90.0,930,50,-0.0051282053,0.25750947,-0.31986532,422.2996,3.3277838,0.74249053,-0.01983759164,-0.1077428842,0.3147371147,0.3686811624,13582.37585,61,107.0311464,2894.660158,0.2588300314,-135.0789967,50.43971119,0.697287725,217,8546.570639,0.0,568.5867124,3224.631498,410.1239576,221.4259236,203.2786237,902.4291875,7,0,23,34.835403,0.9874562511,0.1527952,32.16289064,31.961206,0.20168420384277397
194.3793,710,10,-0.057426512,0.5804481,-0.5822895,5.0301805,1.9142598,0.4195519,-0.09876463953,-0.1815486618,0.524862988,0.181062694,167.8973484,281,63.89415738,6487.991644,0.6137812098,-2.929021288,-169.5602888,0.007254918806,1,0.0,593.2446757,1769.707404,3867.804248,5271.708973,3842.524557,453.2935836,4698.601731,0,0,0,10.216992,0.9885576618,0.1375135,33.37799675,33.38395,-0.005952529785155036
276.9489,779,20,0.119449064,0.4885588,-0.50731707,0.75933564,3.827404,0.5114412,0.2439932936,-0.1498250031,0.626766134,0.315445132,25.95113412,212,130.8057588,9465.034525,0.4302009086,-0.385223932,-100.5602888,0.0001922803142,1,810.4304296,386.2765403,872.7227473,2678.289458,4745.755728,1652.817004,1080.379762,5921.779969,0,0,0,3.8094857,0.9884653966,0.1202387,34.17610442,34.11318,0.06292616682617336
314.27316,924,50,0.09653679,0.11813555,-0.19667432,8.549639,1.9921435,0.88186445,0.8103105244,-0.05766763733,0.29321111,0.48920062,293.0700403,67,68.28797987,10772.85809,0.1067311232,-1.681494437,44.43971119,0.01307499982,341,5600.50413,113.2858959,398.3703372,1857.610338,254.9893013,167.6045516,175.981552,817.0706406,5,0,1,51.898834,0.9872528779,0.1839985,34.27864502,33.719433,0.5592121891894521
101.03265,917,10,-0.015478526,0.3580175,-0.4175289,7.9213457,2.4218693,0.6419825,-0.04311356967,-0.142346402,0.402050374,0.313251987,253.203007,74,77.41419357,3229.472839,0.3635590832,-3.307390757,37.43971119,0.01203599967,77,3897.188657,36.82245125,329.8030568,1815.718833,377.5353381,161.2808789,330.7160526,3283.847856,0,2,5,36.65166,0.987667189,0.1668104,31.96464548,31.975832,-0.011186505473631314
90.0,891,10,0.0026286144,0.47555557,-0.52424675,13.129918,0.47566578,0.52444443,0.005515861246,-0.1706933875,0.5268753644,0.2635365222,429.4542092,100,15.55810717,2943.725835,0.4743055178,-6.883316839,11.43971119,0.02064934537,7,2681.82409,34.85162327,1084.359841,4540.738365,977.7066294,714.5613198,1061.967131,7505.783782,0,0,4,18.437511,0.9884765128,0.1521036,32.70806483,32.647316,0.06074885099609162
56.973206,894,50,0.10802656,0.25502405,-0.27304047,70.2308,1.7012208,0.74497595,0.4219391108,-0.07546024608,0.38106703,0.426501255,2464.788679,97,59.70528271,1999.506102,0.2274746792,-19.17585064,14.43971119,0.1150763031,43,2239.108922,0.0,265.2030158,5757.132816,902.3827155,1104.666294,1034.898468,1029.060777,0,1,1,37.471397,0.9875918874,0.2278835,35.0955518,35.033688,0.061864208447268254
56.993973,870,50,0.03403014,0.20424242,-0.26038694,298.75366,3.4013395,0.79575758,0.1658046129,-0.08359767975,0.29441708,0.41489386,9837.517996,121,112.0011,1876.727586,0.1972920219,-77.79155134,-9.560288809,0.4929814718,1,7242.703151,271.5518649,507.8892033,4116.034805,697.3881812,583.1938129,94.75874434,2092.528881,0,0,0,76.06975,0.9878215451,0.1546219,32.92852712,33.408295,-0.47976755773437674
214.37877,891,10,-0.021978023,0.34670007,-0.36033756,2.3464937,1.6852015,0.65329993,-0.06320971693,-0.1269623876,0.338359537,0.3156609535,73.70554053,100,52.93374002,6733.835732,0.3543198521,-0.8455298144,11.43971119,0.002816942173,14,5651.869823,19.32984981,173.3334232,781.1814799,193.6799824,868.5743337,115.7250455,797.3719489,7,1,2,62.694206,0.9892243737,0.1445578,31.41092624,31.925423,-0.5144964284570328
252.01045,875,10,0.01852349,0.5944178,-0.5888744,1.7878292,1.501211,0.4055822,0.03111007095,-0.1821284336,0.60739789,0.212052845,59.8910919,116,50.28957239,8442.182856,0.5834071078,-1.052806847,-4.560288809,0.00189308623,1,1821.603853,0.0,1074.02774,2579.31667,86.33039616,1508.866242,241.8333144,6903.614865,0,1,0,13.321808,0.9891522694,0.1327373,33.49933646,33.624905,-0.12556817256835728
262.0795,911,10,0.1176307,0.17192982,-0.3807659,114.7966,3.3615122,0.82807018,0.6802221849,-0.1077682242,0.4983966,0.47285044,3991.770388,80,116.8883474,9113.172232,0.1517055949,-43.71063072,31.43971119,0.188774165,21,3661.305731,0.0,298.6498872,2625.886001,559.8336888,239.4221451,624.7684801,2451.318845,0,0,5,33.380234,0.9881305656,0.1497146,34.77254891,34.809723,-0.03717399039062741
207.14923,897,50,0.015625,0.2275574,-0.27733526,32.52564,3.1239038,0.7724426,0.06836357081,-0.0862146603,0.29296026,0.3940338,1087.085959,94,104.4084592,6923.430848,0.2240018156,-9.020506826,17.43971119,0.05272378901,1,3925.153984,0.0,717.1298834,4174.24204,277.7552282,417.7510613,66.92044574,1832.495769,0,0,1,26.922937,0.9881862026,0.1759903,33.42243101,33.52791,-0.10547731519531567
225.75401,895,10,0.06958175,0.3911313,-0.49435115,1.1421946,0.66460925,0.6088687,0.1774450293,-0.1452815881,0.5639329,0.339225225,39.11579482,96,22.7603239,7731.211069,0.3639156997,-0.564645214,15.43971119,0.000825409008,1,1316.651004,0.0,500.4363353,21.56489452,3648.709607,1947.019548,887.8176609,10722.74371,0,0,2,3.4639618,0.9887648608,0.1601675,34.24617383,34.41027,-0.16409686091797226
34.384876,910,50,0.07631823,0.09997246,-0.1788666,474.37204,1.6853243,0.90002754,0.7558321348,-0.05792966234,0.25518483,0.488172885,15555.51606,81,55.26482803,1127.542194,0.0923427388,-84.84931393,30.43971119,0.7833992161,278,5891.581319,0.0,314.9066666,2023.705551,846.458315,309.2224804,84.75064128,225.9473605,0,1,4,39.668285,0.9872559133,0.1938095,32.79180632,32.825043,-0.033236404609375825
156.25139,916,50,0.027660571,0.23562706,-0.2966552,154.28896,3.5420156,0.76437294,0.1168952148,-0.09939169973,0.324315771,0.3960167555,4975.826698,75,114.2301807,5039.115164,0.229109481,-45.77062229,36.43971119,0.2540821476,517,5816.667291,0.8981350202,327.6491504,1864.9777,438.4558512,109.5881669,460.5428377,3736.535627,0,0,9,45.592262,0.988473946,0.1459004,32.25005015,32.025352,0.2246976719726561
198.89468,913,40,0.17680013,0.21232711,-0.44560185,52.19678,1.4701495,0.78767289,0.8287747863,-0.07248059747,0.62240198,0.48223651,2119.738747,78,59.70354607,8077.217786,0.1747876493,-23.25898173,33.43971119,0.08525368768,4,1856.254211,141.7525454,525.2566339,2298.115944,1223.159892,330.4192968,1341.433126,2191.996367,1,0,1,19.458406,0.9876653986,0.2116408,40.61052707,40.021057,0.5894699410937534
337.69592,881,10,-0.000644,0.46528432,-0.5128122,13.412737,2.5046408,0.53471568,-0.001381131581,-0.154447553,0.5121682,0.26703584,454.589965,110,84.88830979,11445.32816,0.4655839631,-6.878215169,1.439711191,0.02111703933,1,929.6086948,456.3159643,275.7526962,7718.503663,1916.686626,852.032196,1532.719136,1170.111591,0,0,0,8.225737,0.9878223927,0.1639241,33.89240876,33.898724,-0.0063148422949197425
57.002857,915,40,-0.0036086608,0.49835378,-0.53794163,1.1013409,1.7025756,0.50164622,-0.007226661627,-0.1379609528,0.5343329692,0.2490187796,39.71561108,76,61.39682124,2055.588146,0.5001521698,-0.5924571189,35.43971119,0.0007578497959,1,704.6612967,0.0,1090.286384,1087.111539,4483.880375,850.1460583,370.3005228,9615.600809,0,0,0,6.5795937,0.988714089,0.16775,36.06114245,36.06561,-0.00446652827148597
283.68973,870,20,0.088111885,0.22154567,-0.32217997,68.63026,1.9587458,0.77845433,0.3959272045,-0.08757641247,0.410291855,0.4332831075,2423.747229,121,69.17509427,10018.7905,0.2020248634,-22.11129511,-9.560288809,0.1124295117,5,3142.375348,174.9523152,709.3438061,1278.91553,1975.917027,1915.501675,409.6960568,5467.68152,0,1,0,14.3530655,0.9873931035,0.2245707,35.31601409,35.16671,0.14930419009765927
238.18343,841,50,0.08024193,0.26091763,-0.3457227,2.2636492,6.1339107,0.73908237,0.3063632257,-0.1019432669,0.42596463,0.40966215,77.41300322,150,209.7694505,8145.473527,0.2399810958,-0.7825949133,-38.56028881,0.002679943341,78,3257.937322,22.02848928,531.7936873,1664.984228,3032.090896,0.0,183.3352879,1655.095234,0,0,0,15.701414,0.9877009694,0.1853146,34.19832155,34.398365,-0.20004347075195028
0.0,901,50,0.029645095,0.1988651,-0.27517146,103.520905,0.46373534,0.8011349,0.1483255206,-0.09235860225,0.304816555,0.4153899975,3335.546767,90,14.94201499,0.0,0.1929697252,-28.48599857,21.43971119,0.1701277004,157,5659.695555,10.53869262,285.738959,2486.488593,1102.684593,266.1018246,70.49676474,914.1659589,1,0,3,48.03399,0.9873224988,0.2169474,32.22099698,32.420513,-0.19951617307616942
152.84293,892,20,0.056,0.41836393,-0.53081083,2.6300914,1.0422925,0.58163607,0.1335355666,-0.1527231747,0.58681083,0.318818035,90.85716646,99,36.00625559,5279.997316,0.3949355499,-1.396080999,12.43971119,0.003285923861,2,2101.595442,152.033825,42.85164675,177.6250203,778.37426,635.8213033,1124.11958,1286.894196,0,0,2,11.934882,0.9880314762,0.1693777,34.54525058,34.617023,-0.07177288801757697
281.03387,920,50,0.08506468,0.12726395,-0.18447095,3.1697767,2.4216063,0.87273605,0.6632002211,-0.05566902592,0.26953563,0.478900365,107.3392755,71,82.00371524,9516.749873,0.1164382828,-0.5847317191,40.43971119,0.004178394156,1,5435.398986,337.8050104,215.9580618,1210.471121,1724.152384,390.5286975,403.3373926,5915.922544,0,0,0,30.68178,0.9874323502,0.1995251,33.86335559,34.136726,-0.27337078939453363
72.010826,892,40,0.102826856,0.29079816,-0.42760754,2.4296196,3.0004249,0.70920184,0.3523903509,-0.1242804983,0.530434396,0.406014348,83.58718163,99,103.2248263,2477.417449,0.2608962995,-1.03892366,12.43971119,0.002954406351,39,3272.266708,27.99530672,77.14008533,3052.60233,856.399187,44.50049259,450.6658336,3505.254328,0,0,2,44.378777,0.9876643809,0.2112968,34.40340275,34.513443,-0.11004024316406458
161.10619,879,40,0.08533078,0.33613446,-0.46731606,48.16907,1.4701418,0.66386554,0.2531060752,-0.114414086,0.55264684,0.37459816,1764.197764,112,53.84411359,5900.532857,0.3074518443,-22.51018001,-0.5602888087,0.07859311803,15,3184.026647,102.972755,616.6495538,2719.524266,2363.538473,1927.169195,324.577828,4093.985967,0,0,0,6.6889725,0.9877841602,0.2068216,36.62511575,36.649895,-0.024778964355469668
0.0,911,50,0.07162952,0.07788945,-0.13432047,16.696346,1.8543341,0.92211055,0.9079733729,-0.04123528958,0.20594999,0.496870035,561.1712368,80,62.32495183,0.0,0.07231026608,-2.242661042,31.43971119,0.02654709921,61,6385.796325,43.90629493,1070.00366,2836.170145,632.7902231,337.6910485,552.1480537,2083.616938,0,0,1,65.38679,0.9874956531,0.1705962,33.61042211,33.273575,0.3368472808984393
180.0,882,40,0.10033386,0.32745656,-0.42420027,36.714096,0.46373534,0.67254344,0.3054707143,-0.1117504325,0.52453413,0.38643865,1311.528784,109,16.56590554,6430.096525,0.2946015794,-15.57412944,2.439711191,0.05965018216,1,1306.046716,128.9616625,595.5710321,4100.701875,5698.202106,4954.118972,619.0199177,5821.634772,0,0,0,2.4560926,0.9878842319,0.1809178,35.72275847,35.799282,-0.07652360397460711
115.9636,872,40,0.13466519,0.38157117,-0.50369656,34.542446,2.1175613,0.61842883,0.3520003611,-0.1273147715,0.63836175,0.37654701,1251.838571,119,76.7416677,4202.589109,0.3301868159,-17.39891122,-7.560288809,0.05605895387,12,570.626849,118.5736428,274.7377034,3240.684806,3474.452562,1422.898092,775.3767545,5164.541712,0,0,0,5.08679,0.987869315,0.1852407,36.2405885,36.312836,-0.0722471933593738
14.394169,856,50,0.16187595,0.11543624,-0.20726392,152.16939,1.9143871,0.88456376,1.390254014,-0.04955443616,0.36913987,0.523219855,5615.611141,135,70.64793732,531.1978697,0.09674988899,-31.53922428,-23.56028881,0.2505770433,37,2363.278769,0.0,1567.129155,3204.25694,3493.219329,1529.309934,361.2792895,2409.562442,0,1,0,28.23361,0.9872927713,0.2204399,36.90368438,37.17788,-0.27419495349609235
202.32475,879,40,0.081232496,0.3057325,-0.38202247,76.053154,2.505011,0.6942675,0.2648317215,-0.09355837975,0.463254966,0.387749998,2785.195617,112,91.73775565,7409.475838,0.2808970859,-29.05401374,-0.5602888087,0.1247046513,2,4058.048122,64.27419031,1253.951503,5911.978401,2351.811979,3128.91627,445.822728,5287.277134,0,1,0,11.633264,0.9879235052,0.1690746,36.62169773,36.664238,-0.04254024607421769
122.98684,932,40,0.100867495,0.3284745,-0.4961789,30.961668,3.4030902,0.6715255,0.306146591,-0.1082275732,0.597046395,0.3861964975,1174.083335,59,129.0470362,4663.728041,0.2953421,-15.36252637,52.43971119,0.05013746963,1,772.1810594,0.0,220.2041272,2210.64553,3873.584709,1932.794434,659.1801461,4672.866948,0,0,2,4.9307113,0.987991819,0.1823855,37.92054533,37.732082,0.18846296305664367
0.0,903,10,-0.090004526,0.5513357,-0.54092073,17.731384,0.46373534,0.4486643,-0.1629525776,-0.1941730314,0.450916204,0.179329887,551.2622098,88,14.41736123,0.0,0.6009584083,-9.591273177,23.43971119,0.02825872758,39,6052.661989,0.0,86.79578575,1874.903603,1588.952008,310.2079359,424.6168169,2581.229942,0,0,3,37.283466,0.9891713306,0.1309884,31.08963236,31.117527,-0.027894648056641103
170.2892,881,40,0.1530837,0.28380635,-0.44639498,50.586452,2.8206396,0.71619365,0.5375010073,-0.1064133419,0.59947868,0.434638675,1868.555514,110,104.1884036,6290.119409,0.2403602239,-22.58153823,1.439711191,0.08259071001,11,2943.445474,92.83446706,308.1784491,2998.578899,2341.377154,1618.347725,493.3539577,3967.618274,0,1,0,6.016904,0.9880498197,0.1890601,36.93786458,36.974274,-0.036409101640622055
270.0,902,40,-0.040324137,0.62801933,-0.6255653,75.69486,3.3295016,0.37198067,-0.06410635584,-0.1983699489,0.585241163,0.1658282665,2507.008937,89,110.2728807,8942.382785,0.6533436675,-47.3520778,22.43971119,0.1241121454,4,1711.40337,245.9240757,278.239874,1378.439364,1102.995208,484.2516316,1288.19015,1925.380457,0,0,0,23.428017,0.9882899888,0.1387635,33.11993624,33.107704,0.012232077402344999
261.47034,759,10,0.14089936,0.2287902,-0.33688772,5.634497,6.228598,0.7712098,0.6131652264,-0.07584501613,0.47778708,0.45605458,211.746946,232,234.0735303,9826.173651,0.1965538072,-1.898192848,-120.5602888,0.008254268844,1,1705.78318,22.08776667,1006.352862,3083.47338,2033.68575,832.7462117,102.5776308,3129.327372,0,1,1,18.982506,0.9876815804,0.1583173,37.58045234,37.460285,0.12016715323242266
148.38942,938,50,0.015197569,0.22727273,-0.2763084,8.703456,2.7206461,0.77272727,0.06657636679,-0.0815919074,0.291505969,0.3939624195,297.4650954,53,92.98573481,5071.625912,0.223818737,-2.404838002,58.43971119,0.01332936491,340,6880.106013,112.9687119,513.8706279,2688.344073,1323.950641,84.21000365,198.0336185,3173.209792,1,1,1,52.328987,0.9873138195,0.2140148,34.17781343,33.715427,0.46238603131835987
236.99474,868,20,0.05350293,0.27322108,-0.32992908,67.16047,1.7022043,0.72677892,0.1951087422,-0.1074240561,0.38343201,0.390140925,2196.689007,123,55.6758086,7751.63932,0.2586029517,-22.15819208,-11.56028881,0.1099989398,22,3962.730937,0.0,207.6799757,2631.521263,921.2036247,1252.564306,325.0402723,4065.841344,0,0,0,63.02457,0.9882381176,0.1381018,32.70806483,32.835075,-0.12701054841797088
225.72334,752,40,0.085288234,0.22952823,-0.26002005,4.9126425,2.6551943,0.77047177,0.3699687192,-0.05944655036,0.345308284,0.427880002,183.7881476,239,99.33416524,8444.59464,0.2099521726,-1.277385548,-127.5602888,0.007060547802,1,1853.543244,439.0939702,441.2969297,504.6468815,3492.085926,2130.519078,629.3532235,2852.399892,0,0,0,8.231716,0.9881146515,0.1601565,37.41126035,37.614624,-0.20336367343750084
270.0,889,40,0.04969651,0.40257558,-0.5022489,13.834459,0.47564366,0.59742442,0.123140528,-0.1427356132,0.55194541,0.323560465,480.2791757,102,16.5125174,9373.360927,0.3825689787,-6.948341815,9.439711191,0.02181443531,1,888.2802271,227.2672366,971.1745317,3959.255459,1835.95048,435.0106061,961.6426007,3225.993852,0,0,0,8.781606,0.9880482354,0.1668705,34.71615158,34.743504,-0.02735199055663884
103.69666,898,50,0.07712193,0.2776618,-0.33208954,8.983407,1.9577745,0.7223382,0.2767581707,-0.08941582245,0.40921147,0.399730065,318.3788777,93,69.38503933,3675.089666,0.2562479861,-2.983295498,18.43971119,0.0137923161,171,5430.061162,83.30030177,402.3519677,2125.807355,577.78327,530.6629765,179.9815048,3676.137958,0,0,2,68.28809,0.9878563429,0.1666915,35.44077182,35.344967,0.09580493157226755
256.30548,878,80,-0.35021833,0.8552,-0.75482404,2.5726259,1.9580739,0.1448,-0.4090379935,-0.3500076926,0.40460571,-0.102709165,66.91516928,113,50.93039236,6666.622062,1.154706716,-1.941879875,-1.560288809,0.003190893939,1,1084.423077,0.0,0.0,2328.579307,497.3644331,339.6294715,550.009574,3004.91018,2,0,2,43.170406,0.9879575029,0.022428,26.01045464,27.877375,-1.8669200090478526
11.601105,848,60,0.060376115,0.21839572,-0.2854886,51.313286,2.3657384,0.78160428,0.2751927658,-0.07505762015,0.345864715,0.4209901975,1834.367546,143,84.57134753,414.720868,0.2052098349,-14.64935818,-31.56028881,0.08379266558,1,1486.852007,0.0,792.7769429,3556.11152,3191.907682,839.9129267,661.6410119,3537.652453,0,0,0,5.422621,0.9874798808,0.2789661,35.74839362,36.00236,-0.25396767760742023
225.73114,807,40,0.086085826,0.4135157,-0.464777,0.86572987,3.31812,0.5864843,0.2076780831,-0.1362790601,0.550862826,0.336285063,29.6760469,184,113.7406576,7737.757618,0.3779178594,-0.4023713318,-72.56028881,0.0003682230161,1,1354.473337,503.4380602,141.2166132,1621.520305,2203.450696,2824.861078,542.2211311,4776.458889,0,0,0,6.754456,0.9878464882,0.162015,34.27864502,34.387264,-0.10861923170898535
140.594,917,10,0.0819324,0.19072756,-0.2957043,3.2285643,2.9982007,0.80927244,0.4273376243,-0.09368598275,0.3776367,0.44560242,106.973985,74,99.34120766,4658.386528,0.1751007933,-0.9547003463,37.43971119,0.004275610416,1,119.0346665,13.88861846,865.8754031,5792.628595,7396.032979,4891.096994,576.9130676,1891.866499,0,1,0,3.3561952,0.9886891513,0.1160773,33.13360832,33.22314,-0.08953239655273393
90.0,880,10,-0.066057146,0.58208954,-0.5794108,2.8595028,3.326843,0.41791046,-0.1132881684,-0.1840812134,0.513353654,0.175926657,94.62347279,111,110.0881727,2978.179476,0.6205407137,-1.656826805,0.4397111913,0.003665298396,30,5522.345115,0.0,61.6033432,2951.379787,380.0724176,614.9517325,354.8254753,3454.061623,1,0,1,68.0945,0.9888248939,0.1327202,33.09088307,33.012604,0.07827931023437174
134.25443,903,50,0.036409434,0.12093767,-0.17541899,372.19556,0.6645089,0.87906233,0.298590534,-0.05718396518,0.211828424,0.457735882,12166.79956,88,21.72230801,4388.678736,0.1165343979,-65.29016922,23.43971119,0.6144313504,12,6812.363913,255.3681463,881.0832061,4603.59189,724.2887049,1005.598195,124.9244272,2261.256775,0,0,0,69.880035,0.9881006913,0.1501781,32.68926572,33.170326,-0.4810605129101546
221.32892,793,40,0.161482,0.17713444,-0.33240765,1.3940848,4.3147497,0.82286556,0.9065175718,-0.0670587541,0.49388965,0.49217378,53.97232061,198,167.0465485,8568.801146,0.1485304164,-0.4634044523,-86.56028881,0.001241956431,1,602.7380974,345.2317328,927.6699351,369.1935865,1855.434273,1567.698996,819.4798081,4886.597853,0,0,0,7.3782387,0.9875068484,0.2322309,38.71523498,38.683193,0.03204177321288881
293.42136,799,20,0.13029727,0.23097582,-0.35970333,1.3464206,4.6564603,0.76902418,0.5616847049,-0.09288356979,0.4900006,0.449660725,48.43841274,192,167.5193813,10556.03646,0.2008803012,-0.4843119734,-80.56028881,0.001163134787,1,686.2947738,135.9432361,993.5463857,344.2254589,2262.948782,1931.398988,1009.712669,5049.628828,0,0,0,7.3782387,0.9886366588,0.1791334,35.97569195,36.044647,-0.06895526679687691
198.89694,905,40,0.15331611,0.25249523,-0.4350365,90.05034,2.9384053,0.74750477,0.6048086585,-0.08750213303,0.58835261,0.45041044,3488.936321,86,113.8464216,7706.120356,0.2137836435,-39.17518474,25.43971119,0.1478516089,2,2764.226946,0.0,500.6491217,3925.251854,3027.855507,1375.475251,1179.980462,6544.205915,1,2,0,13.616749,0.9875367133,0.2327751,38.74428815,38.70346,0.0408274566406277
55.181297,903,40,0.16109227,0.20101781,-0.4013495,67.52856,4.0541697,0.79898219,0.7974161783,-0.1004837392,0.56244177,0.48003723,2455.12243,88,147.3966417,2006.215444,0.1686353947,-27.10255379,23.43971119,0.1106076453,17,2405.658333,206.7006244,674.0916956,3341.164071,3022.64583,2217.549172,611.1373927,4803.456642,0,0,0,9.31008,0.9875776195,0.2281107,36.35680118,36.31908,0.03772082721679482
270.0,881,40,0.124506265,0.2716388,-0.4409271,6.734238,0.95116293,0.7283612,0.4566711158,-0.1200412406,0.565433365,0.4264337325,237.6883375,110,33.57177687,9529.786612,0.2378180676,-2.969308032,1.439711191,0.01007289569,1,1053.985688,86.28893915,844.859853,7054.893943,4194.861396,775.1180367,2034.728328,4717.632664,0,0,1,6.9301143,0.9877685119,0.1890834,35.29550597,35.3179,-0.022395641328124327
152.84778,927,50,0.06717268,0.11727273,-0.17692123,8.857519,2.083805,0.88272727,0.5679473197,-0.05014261717,0.24409391,0.474949975,307.8319992,64,72.4200376,5312.033504,0.1093952064,-1.567083156,47.43971119,0.01358413682,10,3879.897827,0.0,360.3532239,1218.123549,465.5986181,377.1295528,401.5654467,518.3997992,0,1,6,51.749542,0.9882491771,0.1036726,34.7537498,34.381386,0.3723639967773451
291.29404,903,50,0.08609933,0.2272118,-0.2903453,9.135865,2.552296,0.7727882,0.3772781688,-0.0888676313,0.37644463,0.429443765,307.4662244,88,85.89715529,9803.459078,0.2076490163,-2.652555464,23.43971119,0.01404443384,197,6001.689314,58.40477192,381.8053385,3281.034591,572.1769646,439.5728612,446.2214605,527.8186972,1,1,5,82.13208,0.9874372093,0.1416414,33.65485637,33.970226,-0.31536991784179946
72.007614,888,80,-0.20899303,0.62260944,-0.51267827,2.3140888,1.5009826,0.37739056,-0.3351344874,-0.2202565556,0.30368524,0.084198765,64.01479424,103,41.52178269,1991.951473,0.7527304734,-1.186383043,8.439711191,0.002763354627,89,2246.839265,90.96373399,0.0,5330.290785,874.722192,130.2436934,358.4968409,1695.067261,0,0,0,51.67608,0.9876992645,0.0578755,27.66306731,28.616564,-0.9534964869970715
156.25684,878,10,-0.14211397,0.6105369,-0.5956392,269.18463,3.5418675,0.3894631,-0.2323882173,-0.2263876164,0.45352523,0.123674565,8093.287688,113,106.4895593,4698.008053,0.6973027227,-160.3369177,-1.560288809,0.444083566,79,5317.779819,0.0,1211.23454,3351.206336,491.2763435,473.6367662,220.4705369,1529.118015,0,1,13,63.39461,0.9886498616,0.1782967,30.06593537,30.367414,-0.3014791044873064
282.22638,846,30,0.17859446,0.2862191,-0.4585003,7.5569444,8.691929,0.7137809,0.6218056529,-0.1208509869,0.63709476,0.44618768,269.90324,145,310.4402619,10079.9755,0.2351019544,-3.464861274,-33.56028881,0.01143339416,1,1024.966486,721.734435,575.9881298,1056.142173,3119.70601,2747.645225,552.6498843,6061.407779,0,0,0,5.4770303,0.9881996437,0.1660037,35.71592243,35.77821,-0.062287256279297765
180.0,885,40,0.09301189,0.27297667,-0.40464178,4.518307,1.8543341,0.72702333,0.3394883586,-0.09546194596,0.49765367,0.41001761,167.4371403,106,68.71697716,6670.34915,0.247586594,-1.828295787,5.439711191,0.006408440509,1,999.3512797,9.333767216,212.9505106,2823.517492,3126.900072,1341.205706,160.8024976,6824.289927,0,0,0,4.946887,0.9877535769,0.190636,37.05749528,37.075413,-0.01791747024414292
314.27267,896,50,0.013034623,0.25219637,-0.2950294,14.819508,1.9921616,0.74780363,0.05148029176,-0.08279526998,0.308064023,0.3804191265,517.0342815,95,69.50405111,10964.58426,0.2489090854,-4.372190554,16.43971119,0.02344339754,39,3388.568077,3.884589575,1146.529509,4177.288203,1072.605114,379.6452858,853.8371059,7675.664582,0,0,5,16.199867,0.9879340351,0.1910291,34.88876159,34.820843,0.06791884708007956
34.377697,870,40,0.1513006,0.15452261,-0.26034287,1.7955683,1.68518,0.84547739,0.9728527576,-0.06487792024,0.41164347,0.498388995,65.38238495,121,61.36279387,1251.801905,0.1311432464,-0.4674634045,-9.560288809,0.001905884276,21,4288.045163,0.0,813.8151924,597.2300728,2003.954312,474.8785736,592.0920716,1635.928404,0,0,5,50.13094,0.9882115971,0.179684,36.41319851,36.7165,-0.3033008186132804
180.0,918,50,0.07214478,0.124148145,-0.19046125,19.009329,3.7047918,0.875851855,0.5764750249,-0.0637653764,0.26260603,0.4739983175,613.2792235,73,119.524042,5807.16238,0.1151915044,-3.620540563,38.43971119,0.03037204797,294,6977.11327,59.89226025,330.6312177,4398.219803,391.4918901,218.6013688,147.6849297,866.6169172,0,0,2,64.60874,0.9875142658,0.1635482,32.26201322,32.21994,0.04207303445312505
270.0,894,40,0.18474743,0.1764467,-0.3661872,2.5667279,0.95237845,0.8235533,1.041143228,-0.08393815901,0.55093463,0.504150365,95.94995413,97,35.60200853,10093.19594,0.1438486256,-0.9399029029,14.43971119,0.003181140496,1,609.4175029,0.0,273.2660407,5987.599178,4164.733813,2343.399265,849.5312833,14149.32376,0,0,0,2.8950796,0.98756166,0.2354921,37.38220718,37.444668,-0.06246063616210762
244.03731,929,40,0.1195795,0.18243988,-0.36874363,57.567593,1.0591773,0.81756012,0.6518729733,-0.09212547521,0.48832313,0.46856981,2094.449287,62,38.53545068,8878.671893,0.1606238104,-21.22768321,49.43971119,0.09413532864,17,3591.663491,0.0,767.1600202,509.1203153,1248.00191,146.782912,1255.893327,4652.445157,0,0,3,7.964511,0.9878285435,0.1958181,36.38243633,36.400665,-0.018228953203127674
90.0,829,10,-0.037346046,0.5454276,-0.5463429,0.8572141,0.9515024,0.4545724,-0.0683458266,-0.1577888215,0.508996854,0.208613177,29.56726127,162,32.81947889,3104.304414,0.5657971642,-0.4683328373,-50.56028881,0.0003541406022,1,1489.198174,182.1506368,613.8307215,1932.659707,1887.078127,2395.861647,745.0146667,6184.650613,0,0,0,3.9047892,0.988098917,0.1654046,34.49227127,34.544254,-0.051983032978512256
337.66788,894,10,0.034036435,0.5729899,-0.60429937,3.6584706,2.5051434,0.4270101,0.05929796848,-0.1955871333,0.638335805,0.2305232675,120.0053735,97,82.17386507,11076.20219,0.5534873665,-2.210811479,14.43971119,0.004986540661,1,585.7301233,19.95404668,899.0302266,3909.472878,7747.635618,749.8745953,434.0539228,4117.061318,0,0,0,2.9879682,0.9889094756,0.141155,32.80206038,32.931995,-0.12993501184570277
260.77438,873,50,-0.03305785,0.29050758,-0.31578946,359.37607,2.8901203,0.70949242,-0.1134030546,-0.1068818541,0.28273161,0.338217285,11530.32108,118,92.7274179,8366.757229,0.300111136,-113.4871751,-6.560288809,0.5932319329,446,7180.017435,39.54900382,711.1033222,5064.111479,190.4024867,380.4175069,195.8021346,847.6827383,0,0,1,78.92825,0.9881764952,0.1872511,32.08427618,32.359924,-0.27564813640624664
270.0,892,20,0.049551833,0.4206269,-0.5197404,51.552437,1.4285101,0.5793731,0.1175253121,-0.1497944297,0.569292233,0.3144624665,1779.658403,99,49.31406063,9320.757599,0.3997840661,-26.79388423,12.43971119,0.08418814636,1,2861.406433,0.0,70.78854502,4074.656982,2934.586338,2096.472653,125.5885444,4760.986602,0,0,3,6.3475456,0.9884333098,0.1722955,34.52132444,34.336094,0.18523053741211015
60.88553,817,50,0.07008737,0.16001855,-0.2250796,5.0468783,3.8068614,0.83998145,0.4352751282,-0.06421984503,0.29516697,0.45503441,174.9321868,174,131.9513866,2110.381561,0.1488032707,-1.135949349,-62.56028881,0.007282531732,135,8370.493251,166.3837753,444.5089427,3279.196834,566.3722843,376.8318109,328.1007318,2159.696133,0,0,0,73.05025,0.9880150362,0.1818549,34.66146326,34.699146,-0.03768301075195524
244.039,878,40,0.16645017,0.31000292,-0.45654994,4.815969,1.0592412,0.68999708,0.5352045248,-0.097138273,0.62300011,0.428223625,183.8752127,113,40.44216252,9317.485856,0.2584028813,-2.198730358,-1.560288809,0.00690068014,1,205.8231841,33.46976244,194.2771028,2585.804381,2458.835883,2220.955064,278.0153956,8658.371302,0,0,1,8.0501,0.9880324187,0.1573651,38.18031485,38.217857,-0.037542510839841725
59.683468,821,40,0.06664135,0.4069834,-0.47273818,1.3845592,2.7540193,0.5930166,0.163343288,-0.1150419494,0.53937953,0.329828975,50.80902243,170,101.0639548,2190.197909,0.3798614768,-0.6545339963,-58.56028881,0.001226204075,1,1247.363341,174.6993909,782.266306,1460.737003,2288.001657,984.3362734,868.3766066,6672.671855,0,0,1,4.64522,0.9877280556,0.1828769,36.69689417,36.832195,-0.13530111198242167
325.62732,886,10,-0.060008056,0.55234444,-0.56713307,1.7035606,1.6850793,0.44765556,-0.1084461172,-0.1816194138,0.507125014,0.193823752,56.16270367,105,55.55341523,10735.22755,0.5854895561,-0.966145553,6.439711191,0.001753732384,62,4486.535954,0.0,157.2043743,1152.092033,455.3040079,369.1542941,468.7500937,5212.829552,0,0,8,59.79857,0.9890525905,0.1510371,32.96783435,32.98443,-0.016594055761721904
105.56145,816,10,-0.019524818,0.34679925,-0.36589977,12.650415,3.4530954,0.65320075,-0.05613818316,-0.1248994182,0.346374952,0.316837966,404.1065944,175,110.3061538,3372.069459,0.3535704422,-4.628783939,-63.56028881,0.01985639773,253,6701.217153,0.0,338.9155259,2123.339628,79.44249463,648.0695284,114.625825,374.4714565,1,0,4,68.59515,0.9886820565,0.1639522,31.94413736,32.29302,-0.348880981064454
270.0,876,40,0.12236433,0.3141822,-0.46382242,2.7117586,0.4762437,0.6858178,0.3882336312,-0.1196877633,0.58618675,0.404091065,97.58056415,115,17.13726617,9715.74399,0.2757375056,-1.257774436,-3.560288809,0.003420975807,1,936.4545403,0.0,109.657488,3380.947184,3239.223363,1181.672456,821.0607001,10930.37695,0,0,0,2.8615227,0.9876821605,0.2216744,35.984237,35.92678,0.0574562993164065
78.972496,913,50,0.052497882,0.12745592,-0.17944664,446.1194,2.4229853,0.87254408,0.4086840217,-0.05344459601,0.231944522,0.462520981,15192.4912,78,82.51419429,2689.38977,0.1207647542,-80.05462737,33.43971119,0.7366782067,174,7462.735769,235.5934938,1048.102548,4792.998746,352.0932488,988.7519762,190.5320413,4279.673938,0,1,0,90.21448,0.9871872253,0.192797,34.05476471,33.609005,0.44575973563476623
39.37039,927,50,-0.1580046,0.40812182,-0.40633714,16.070063,2.9966733,0.59187818,-0.3862042851,-0.1421534051,0.24833254,0.21693679,506.7255003,64,94.49189946,1241.437608,0.4726069449,-6.529863439,47.43971119,0.02551142347,31,2752.798505,0.0,106.5084077,1643.852909,446.797715,484.0340365,316.7197118,583.638897,4,0,0,72.74949,0.9894176059,0.1656194,31.53226595,31.747347,-0.2150809280517585
348.40546,829,10,0.000656,0.5692202,-0.5537415,3.0778074,4.723327,0.4307798,0.001150432763,-0.1964727812,0.5543975,0.2157179,96.30858097,162,147.7990211,10902.05822,0.5688467915,-1.704309686,-50.56028881,0.004026305766,1,0.0,0.0,266.7137739,0.0,1382.154194,1299.32806,652.9858726,2996.265727,0,0,0,16.747355,0.9886180824,0.140757,31.29129554,31.08811,0.2031855699072267
236.97853,888,40,-0.014689761,0.15960912,-0.19958527,13.579678,1.7014637,0.84039088,-0.09146280734,-0.06647543349,0.184895509,0.4128505595,439.2449336,103,55.03512749,7665.249403,0.1619537398,-2.7103037,8.439711191,0.02139310741,115,3333.534933,0.0,701.4436788,4111.178461,610.543465,290.6956825,705.9595862,7927.110055,0,0,1,22.993618,0.9872664833,0.2528989,32.34575471,32.518345,-0.17259016915038927
130.43344,923,10,-0.12641367,0.6875,-0.6526549,33.17068,4.9925637,0.3125,-0.1836073638,-0.2029125279,0.52624123,0.093043165,1108.588075,68,166.8550835,4359.179738,0.7744093981,-21.64900684,43.43971119,0.05379048295,1,1431.830166,0.0,584.9454041,0.0,2017.390106,900.2440702,577.90958,3810.938169,0,0,0,3.6264167,0.9893605981,0.1411715,33.420722,33.59631,-0.17558766186523656
56.994442,911,50,0.0827031,0.14984709,-0.19062698,536.72473,1.7021909,0.85015291,0.5482578418,-0.06371338544,0.27333008,0.466428005,17330.49662,80,54.9626503,1840.313906,0.1374542711,-102.3142144,31.43971119,0.8865110178,861,7744.794212,353.2054632,689.0770511,3356.038882,207.5032616,419.2593767,235.2307358,1307.680419,0,0,0,73.17641,0.9874128811,0.1675228,32.28935738,32.582417,-0.2930591544238297
76.30541,803,50,0.08813928,0.16604824,-0.24240178,7.3589597,1.9580656,0.83395176,0.527627708,-0.06394323536,0.33054106,0.46104552,262.7565746,188,69.91404096,2724.535664,0.1514128677,-1.78382493,-76.56028881,0.01110598953,158,4910.209089,54.64775147,284.1101795,604.2549282,875.8832079,841.1417363,611.9745001,776.5344092,1,0,1,51.995552,0.987853263,0.2061611,35.70566837,35.554276,0.15139285730468544
30.374863,922,50,0.081769146,0.1017344,-0.16379546,9.119653,3.7573082,0.8982656,0.7959276153,-0.04811944845,0.245564606,0.490017373,312.3599786,69,128.6926936,1040.378571,0.09341566499,-1.493757758,42.43971119,0.01401762427,167,4599.028718,76.90953625,600.3324937,2510.623385,393.6565286,154.356943,666.4884667,1472.9984,0,0,4,37.52398,0.9874250092,0.1581751,34.25130086,33.70209,0.549209642958985
55.177948,909,10,0.056037217,0.52772075,-0.54624176,66.2805,4.05383,0.47227925,0.1059864153,-0.1863049388,0.602278977,0.2641582335,2118.179589,82,129.5515266,1763.366347,0.4981487478,-36.20517697,29.43971119,0.1085437453,1,3076.895953,0.0,73.82483631,73.82483631,1867.197501,927.8008079,578.3883547,4996.209661,0,0,1,39.432434,0.9883541242,0.1543541,31.95780944,32.282486,-0.32467652191406415
45.758408,906,50,0.12199735,0.21327758,-0.30760562,64.710335,1.3291444,0.78672242,0.5693425789,-0.08457944908,0.42960297,0.454359885,2275.468538,85,46.73791698,1609.044641,0.1872582804,-19.90526272,26.43971119,0.1059471847,14,3623.979398,0.0,261.4486259,1069.027033,1981.163457,1004.50265,215.3845675,6554.116308,0,1,4,13.800618,0.9875822776,0.1988134,35.1639122,35.093746,0.07016601469726425
225.75311,922,10,-0.03684938,0.38736516,-0.42108586,2.2681456,0.66459846,0.61263484,-0.09488333094,-0.153663839,0.38423648,0.28789273,69.86072093,69,20.47017067,6953.378574,0.401639326,-0.9550840406,42.43971119,0.002687378977,36,2962.629213,0.0,688.4316813,465.5045476,1848.602754,261.1017705,94.80757448,7112.516536,0,0,6,30.52838,0.9892989539,0.1339424,30.80080967,31.320562,-0.5197526926708989
298.43686,830,20,0.13876918,0.25150302,-0.38893524,3.5693927,4.857661,0.74849698,0.5495743378,-0.1047490598,0.52770442,0.44363308,126.489832,161,172.1426515,10575.81259,0.2166021521,-1.388262606,-49.56028881,0.004839233741,4,2876.764921,5.212942792,375.9316137,299.160075,170.3052159,130.8878239,634.0406634,1673.060383,0,0,1,23.067677,0.9878288689,0.1952932,35.4373538,35.399303,0.03805036372069992
233.85382,852,10,-0.2364659,0.7464416,-0.6425903,54.942455,2.357307,0.2535584,-0.316367058,-0.217852907,0.4061244,0.00854625,1761.286545,139,75.56803025,7496.63601,0.9229495847,-35.30548864,-27.56028881,0.08979417337,27,1694.91875,0.0,1643.341963,665.6117507,2874.633609,1300.589675,113.3751276,4858.745071,0,0,0,6.5088654,0.9891462713,0.1268013,32.05693202,31.818666,0.23826556187011505
332.8404,869,50,0.0641604,0.14364472,-0.18765904,334.08536,3.1241932,0.85635528,0.4435723613,-0.06057228306,0.25181944,0.46025784,10972.96203,122,102.6134559,10932.07159,0.1344284173,-62.69413794,-10.56028881,0.5514090271,51,6952.18586,430.9346271,681.7605834,5220.421438,353.39586,541.1203189,179.8138159,1537.593066,0,0,0,71.63022,0.987204249,0.1883298,32.84478563,33.150436,-0.30565077136719054
134.23347,929,50,0.078431375,0.1948232,-0.25454986,24.34904,1.3293377,0.8051768,0.4005213631,-0.06119184627,0.332981235,0.4418040875,897.0296153,62,48.97340041,4945.221575,0.1795429485,-6.198044723,49.43971119,0.03920225597,3,1902.624991,30.41521801,404.0044964,2844.897648,4657.398741,1904.715257,1335.853866,4621.332545,0,0,2,5.0812416,0.9872895226,0.2421396,36.84045101,36.570473,0.2699782927148462
303.00854,893,50,-0.0050609186,0.39490116,-0.44997296,1.9938393,1.7020543,0.60509884,-0.01278328813,-0.136045031,0.4449120414,0.3000189607,67.46356934,98,57.59072875,10252.60042,0.3968997226,-0.8971737716,13.43971119,0.002233762352,17,5166.46626,57.56414298,129.5473645,3700.224321,977.0058265,240.1058511,549.8693107,1176.174454,2,0,1,114.08833,0.9878281489,0.1982868,33.83601143,34.010975,-0.1749634540332039
244.03192,930,50,0.0934558,0.13742438,-0.20255864,145.42812,4.2286777,0.86257562,0.6751397406,-0.06665206686,0.29601444,0.47801571,4732.315642,61,137.6036328,7940.940667,0.1245812746,-29.4577222,50.43971119,0.2394290961,5,6300.254556,0.0,1120.412433,321.9488809,210.4090596,644.8951259,179.8771211,3777.589575,0,0,1,38.864902,0.9874357116,0.1975366,32.54058185,32.323986,0.2165957965332055
314.24753,915,10,-0.09349693,0.652819,-0.61801016,70.045,1.9930576,0.347181,-0.1430012435,-0.2039664549,0.52451323,0.126842035,2275.953243,76,64.75988161,10210.76001,0.7138555723,-43.28852166,35.43971119,0.1147690482,157,4950.200909,0.0,178.2258591,1526.941105,1047.242398,190.0765953,244.3771617,3580.452011,0,0,2,31.681444,0.9887227955,0.1193538,32.49272957,32.33416,0.15856971892578287
270.0,813,10,0.031631175,0.3784579,-0.43504903,5.371831,3.800564,0.6215421,0.08335885219,-0.1351201847,0.466680205,0.3265866375,179.6130951,178,127.0760497,9027.747834,0.3664868319,-2.337009866,-66.56028881,0.007819901626,4,2476.398513,17.59200118,64.72137591,437.1624746,626.8683489,568.8609108,365.2330718,1080.308183,0,0,0,27.590677,0.9880787194,0.1529431,33.43610309,33.338596,0.09750674600586251
270.0,876,10,0.0663256,0.31160164,-0.43660387,7.1944585,0.47612846,0.68839836,0.2121729112,-0.1220797107,0.50292947,0.37736198,251.362314,115,16.63512987,9433.347178,0.2909344743,-3.141128424,-3.560288809,0.01083395612,1,848.5069923,46.68775011,83.26265496,4166.620358,3112.463754,2702.992702,436.8541757,11711.83475,0,0,2,5.855222,0.9890068318,0.1680355,34.93832288,34.989147,-0.05082430627929568
45.73713,873,50,0.09505037,0.10955961,-0.17855105,8.965848,1.328638,0.89044039,0.8597205616,-0.05140358921,0.27360142,0.49274538,309.6508522,118,45.88677936,1579.609791,0.09914592853,-1.600861575,-6.560288809,0.01376327902,476,5313.956086,19.4469462,244.9614823,1852.584993,119.3854611,1.379475336,42.07262041,4476.615018,0,0,0,60.093124,0.988718074,0.1608298,34.53670553,34.18243,0.3542752626660146
27.164394,926,10,-0.095656805,0.7678418,-0.70339686,2.1218848,2.0840318,0.2321582,-0.1244167591,-0.2706897504,0.607740055,0.0682506975,63.30689774,65,62.1775452,810.4556445,0.8412910933,-1.492527106,46.43971119,0.002445509467,1,228.6013677,0.0,765.7158882,2920.609536,555.8488467,967.8822188,394.7840614,751.1400143,0,1,0,35.110764,0.9892245738,0.1094848,29.83521902,29.026653,0.8085657302050784
27.146414,872,40,0.0473825,0.41647726,-0.46431717,7.0706134,1.0421929,0.58352274,0.1134971998,-0.13537524,0.51169967,0.31545262,242.938983,119,35.80867301,932.7227832,0.3967435262,-3.283007204,-7.560288809,0.01062915515,1,4461.463015,0.0,185.2338213,8517.32937,1708.753715,1411.152865,1829.582864,5953.639385,0,0,1,8.408616,0.9881956976,0.1642921,34.35896849,34.557243,-0.19827485716796645
180.0,746,40,0.053640492,0.43534812,-0.4888889,0.8932513,2.7802885,0.56465188,0.1229304987,-0.1140624627,0.542529392,0.309146186,33.21462241,245,103.382142,6693.113164,0.4119958327,-0.4367006455,-133.5602888,0.0004137348334,1,1415.725003,859.6218428,1925.669132,3911.893198,3964.140097,3473.521791,214.0082259,3892.300961,0,0,0,3.9033656,0.9879857736,0.1733376,37.18396202,37.06157,0.12239280613281522
211.64381,910,60,0.11263561,0.32871476,-0.4544979,53.327236,2.7216167,0.67128524,0.3416153102,-0.09982469388,0.56713351,0.391960425,2018.278989,81,103.0051848,8010.095531,0.2916897725,-24.23711677,30.43971119,0.08712310751,2,543.0459572,0.0,277.1303478,2689.868402,5539.813028,2380.896217,710.3542664,2613.389048,1,0,0,16.096928,0.9879980235,0.1971297,37.8470579,37.89146,-0.04440251870116896
239.68748,916,50,0.10212336,0.15249838,-0.2040678,492.70764,2.7543488,0.84750162,0.6653057837,-0.05773576434,0.30619116,0.47481249,17135.22664,75,95.78984999,8335.773506,0.136924733,-100.5457641,36.43971119,0.8137205503,27,5979.016682,58.93144293,776.7241624,4720.346848,303.7829012,702.7153937,242.965368,4078.376174,0,2,0,85.27317,0.9872567275,0.1835881,34.77767594,34.663425,0.1142504944433611
134.27861,874,40,-0.09224431,0.48297665,-0.5135269,11.388466,0.66422117,0.51702335,-0.1905966125,-0.157901911,0.42128259,0.21238952,382.4986674,117,22.30886165,4509.947994,0.5275284978,-5.848283641,-5.560288809,0.0177695297,1,1117.72174,171.008434,318.6053857,7692.112005,2767.445894,587.6063066,365.429996,7563.290371,0,0,1,6.6311574,0.9878283467,0.1567193,33.58649597,33.804653,-0.21815719772460795
252.00603,870,50,0.06650709,0.079691514,-0.13090307,62.784454,2.999653,0.920308486,0.8242141794,-0.03407891019,0.19741016,0.493407788,2252.276221,121,107.6070061,9040.250455,0.07439146331,-8.218677777,-9.560288809,0.1027623813,237,5718.809312,0.0,1091.75025,185.7002532,2296.382447,496.1151571,184.8678923,7592.358628,0,2,0,20.734848,0.9871669842,0.263454,35.87315135,35.257236,0.6159148692871099
198.88094,894,10,0.07941972,0.16309413,-0.21479559,18.277899,2.938125,0.83690587,0.4839887935,-0.07150365719,0.29421531,0.458162795,591.3686232,97,95.06097698,6434.653549,0.1501412399,-3.9260121,14.43971119,0.02916249205,141,6291.516127,16.25923951,133.0161121,3232.726927,281.4511675,169.2163955,238.4667126,1479.958865,5,0,1,55.048717,0.9880407664,0.1232403,32.35429976,32.772762,-0.41846253858398086
27.162521,922,50,-0.07044231,0.35606286,-0.38522106,453.40274,2.083997,0.64393714,-0.1972826577,-0.1230378966,0.31477875,0.286747415,14966.3033,69,68.7903456,896.6035973,0.3811447504,-174.6602841,42.43971119,0.7487225677,38,8545.568292,0.0,500.7264195,3342.43117,471.2822306,710.4857931,107.6305611,384.1351275,8,0,0,48.691017,0.9882376027,0.1390306,33.00885059,32.935444,0.07340671182617342
67.32079,933,40,0.07476281,0.3828701,-0.44089836,13.11536,3.6034892,0.6171299,0.1947607016,-0.1192566014,0.51566117,0.345946355,464.0339812,58,127.4948945,2381.873941,0.3542456555,-5.782540715,53.43971119,0.020625271,1,3137.44394,0.4458053195,398.2369119,1335.178643,1409.986702,605.4546273,538.1364531,7804.090522,0,0,1,9.131451,0.988506584,0.2030813,35.38095647,35.344704,0.03625279568359474
320.58978,923,40,0.1493543,0.25830564,-0.43296286,26.229155,2.9983814,0.74169436,0.5759778306,-0.100556682,0.58231716,0.44552433,976.64868,68,111.645428,11937.23494,0.219726582,-11.35624996,43.43971119,0.04231137677,1,2546.546851,30.95262521,606.7729569,3232.49619,4811.040627,1759.772189,1308.678409,4755.25024,0,0,1,5.4481015,0.9874859226,0.2471898,37.23523232,37.19967,0.035563435722657744
165.60474,906,50,0.10380856,0.009874668,-0.022102633,1.145948,1.9143964,0.990125332,9.545906137,-0.006804799407,0.125911193,0.546966946,38.46683508,85,64.26187803,5558.969711,0.008849592934,-0.02532846808,26.43971119,0.000831615955,1,405.2500573,0.0,725.9106564,1509.519385,4041.162067,619.5390629,808.9660449,9324.586361,0,0,1,6.5795937,0.9871713019,0.2767906,33.56769686,31.853539,1.7141583468164043
99.224236,893,20,0.03715478,0.33278328,-0.37319353,10.439787,2.8905537,0.66721672,0.1113140838,-0.1117926114,0.41034831,0.35218575,354.6502466,98,98.19506686,3370.748825,0.3204187904,-3.896060963,13.43971119,0.01620071205,10,2895.364168,200.6342077,428.4553017,1976.241117,615.0003647,542.823083,459.2772658,642.6339795,1,0,1,58.081085,0.9878918766,0.1744901,33.97102322,33.922752,0.04827083962890555
0.0,838,40,-0.10728424,0.615829,-0.59010804,43.06686,0.46373534,0.384171,-0.1739286577,-0.1558311228,0.4828238,0.13844338,1537.142207,153,16.55164003,0.0,0.6818977462,-25.41410034,-41.56028881,0.07015566223,1,951.4293944,214.6824647,645.2806945,3721.239075,3457.677509,1115.831702,484.9584246,3558.807382,0,0,0,5.280839,0.9879391431,0.1837363,35.69199629,35.726044,-0.03404741117187626
239.68832,904,50,0.10496267,0.08317831,-0.14494382,7.1306834,2.7544177,0.91682169,1.246908735,-0.04619737015,0.24990649,0.51089218,235.6072047,87,91.00960154,7919.618908,0.0744476925,-1.033548491,24.43971119,0.0107284921,646,8142.499969,142.6080161,154.8986457,4918.387275,689.3616884,176.4801268,237.2865077,813.9853582,0,1,0,68.70359,0.9874588616,0.1579884,33.04132178,33.139816,-0.09849450417969052
325.62314,857,50,0.046961326,0.11470113,-0.16186066,2.0780265,1.6851631,0.88529887,0.4058847653,-0.0507678869,0.208821986,0.466130098,69.17213926,134,56.09473056,10839.15397,0.1093146128,-0.3363507408,-22.56028881,0.002372981588,6,1945.404582,36.13866575,441.7279748,1452.597732,2506.024424,1373.500877,568.8800587,2808.953088,0,0,4,17.49897,0.9873932506,0.2392447,33.28741922,33.54575,-0.25833044430664387
236.98457,882,10,0.08758421,0.2737044,-0.40414727,1.8533455,1.7017395,0.7262956,0.3188307504,-0.1173337988,0.49173148,0.406939905,63.78989815,109,58.571804,8156.720688,0.2497322164,-0.7490245242,2.439711191,0.002001429651,4,1578.083208,0.0,33.69304938,468.7839371,1453.445349,422.7929703,1371.419301,1939.687995,0,0,3,25.557095,0.9882349352,0.1635808,34.41878384,34.44882,-0.030034366787106137
257.7757,800,20,0.09297821,0.5252443,-0.5660535,1.3374927,4.3718386,0.4747557,0.1766825978,-0.1916458652,0.65903171,0.283866955,42.90562781,191,140.2448625,8269.225128,0.4764080252,-0.7570924241,-79.56028881,0.00114837084,1,0.0,0.0,497.2872693,0.0,4574.744475,1180.028291,1388.656498,3607.639238,0,0,0,3.805342,0.9889544618,0.1240978,32.07914915,32.156265,-0.07711610878906328
14.394697,856,20,0.05774705,0.47344992,-0.5319008,78.846825,1.9143916,0.52655008,0.121713689,-0.1748349124,0.58964785,0.292148565,2567.069063,135,62.3281337,468.6578227,0.4461095838,-41.93868929,-23.56028881,0.1293245073,8,1631.160844,37.75662818,378.3295865,592.7691609,2436.727992,1695.623685,635.6590087,2443.285464,0,0,0,8.563381,0.9883616977,0.1886518,32.55767195,32.728374,-0.1707025312011723
134.27368,897,40,-0.04622871,0.5123095,-0.54769045,11.382794,2.6553354,0.4876905,-0.09006010993,-0.1298850637,0.50146174,0.220730895,421.1369691,94,98.24124924,4967.814636,0.5359929073,-6.234247568,17.43971119,0.01776014999,24,4074.625092,27.07252822,510.9121783,6365.495985,3935.911641,414.2525221,505.7803988,4322.00803,1,0,3,10.192362,0.987916729,0.1733805,36.99767993,37.137306,-0.13962628337890948
134.2637,887,50,0.007340753,0.23803899,-0.28865662,20.371355,1.3286183,0.76196101,0.03070943782,-0.0989801195,0.295997373,0.3846508815,649.213509,104,42.34165811,4278.841923,0.2362916046,-5.880326479,7.439711191,0.03262441198,397,7533.02579,0.0,183.7043791,5090.756313,195.3662328,124.4376632,185.1121809,2171.137999,8,0,8,44.895004,0.9881867176,0.1268306,31.86894092,31.72792,0.1410203877734375
152.82256,892,40,0.1094711,0.28727457,-0.3946065,40.46224,1.0424825,0.71272543,0.3797459485,-0.1009925314,0.5040776,0.411098265,1460.151856,99,37.61983413,5514.873735,0.2558263068,-15.96666291,12.43971119,0.06584843729,1,2504.334424,0.0,39.95842248,930.4645434,1499.843621,527.5252259,270.8870656,5529.540989,0,0,1,10.507148,0.9875421605,0.253578,36.0867776,36.02621,0.060566815087888415
148.35542,877,50,0.0556104,0.3009973,-0.40034154,4.568013,2.721639,0.6990027,0.1841420437,-0.1052817454,0.45595194,0.37730655,163.2835132,114,97.28491965,5302.960868,0.2842587197,-1.828765359,-2.560288809,0.00649063865,1,2819.050991,0.0,94.39501718,4415.411753,2627.08634,446.2256996,334.3335764,11375.24682,0,0,1,9.597819,0.9878860999,0.2086757,35.7449756,35.565277,0.17969850039062152
90.0,877,10,0.06659078,0.5105926,-0.544741,9.811868,0.9511461,0.4894074,0.1301636888,-0.158631471,0.61133178,0.27799909,337.2933492,114,32.69665406,3093.845273,0.4765918405,-5.344926786,-2.560288809,0.01516233088,1,0.0,9.533545979,307.912865,6644.400604,3063.302925,960.3110715,1717.587188,2094.553889,0,0,0,5.3876443,0.9882753862,0.0955472,34.37605859,34.220814,0.1552448387792964
134.26848,901,40,0.090757355,0.44209132,-0.5525472,9.6520815,1.9923109,0.55790868,0.2048276527,-0.1381435975,0.643304555,0.3243330175,351.0837631,90,72.46810007,4883.867094,0.4019682811,-5.333230607,21.43971119,0.0148980941,1,501.2831855,113.212396,390.905631,3758.522872,1554.243455,0.0,907.4288087,5827.404478,0,0,0,9.985433,0.9881345793,0.1795654,36.37389128,36.238293,0.1355985859082054
279.2245,917,50,0.042558193,0.14157556,-0.18648018,188.04764,2.8904784,0.85842444,0.2984957099,-0.05698504928,0.229038373,0.4504913165,6333.215569,74,97.34779338,9403.941207,0.13555036,-35.06715776,37.43971119,0.309908421,223,8519.986121,38.49402194,479.3145183,3440.055623,107.1677298,47.94453814,73.2434723,1047.30191,8,0,7,42.372013,0.9872405245,0.1755232,33.67878251,33.437695,0.2410879604394509
18.87371,929,40,0.08207485,0.29644513,-0.369693,12.971518,1.4699655,0.70355487,0.2759327409,-0.1041783087,0.45176785,0.39281486,451.82864,62,51.20237375,657.4159417,0.2721144404,-4.795479404,49.43971119,0.02038740143,1,2504.425643,73.42561592,235.7313285,73.42561592,3554.154004,268.9620458,1284.694492,5907.34787,0,0,1,12.2560625,0.9882742941,0.1293651,34.83236426,35.03408,-0.20171624537109523
31.60374,886,50,0.11342507,0.16891395,-0.20984522,29.729198,2.7204466,0.83108605,0.6675441893,-0.05962914461,0.32327029,0.47225556,1032.134152,105,94.4480858,1097.214239,0.1497548734,-6.238530095,6.439711191,0.04809935063,2,5661.50911,253.7282189,1181.300236,7675.935178,151.4947095,163.3155639,257.676256,1401.765057,0,0,0,24.069372,0.9871052554,0.2226787,34.71786059,34.808475,-0.09061490438476483
108.00292,885,50,0.088440806,0.24958949,-0.32232842,21.162077,1.5001336,0.75041051,0.3529310268,-0.08954765022,0.410769226,0.419425658,741.2119553,106,52.54290299,3782.854373,0.2275155943,-6.821138843,5.439711191,0.03393201828,210,3080.68716,0.0,499.4012823,1609.130941,963.0206501,720.7830368,1444.312872,10631.82423,0,0,4,18.606358,0.9879944956,0.1545339,35.02548239,35.130394,-0.10491159193359323
180.0,910,50,0.09856084,0.06601341,-0.12275937,4.723427,2.7802885,0.93398659,1.470762941,-0.03602935541,0.22132021,0.516273715,161.8480983,81,95.26651022,6167.695129,0.05950707286,-0.5798449228,30.43971119,0.006747644684,203,7228.989197,86.71933278,306.3323206,2670.303296,861.5997668,121.4399938,831.846658,1313.248443,0,0,1,40.510944,0.9872634662,0.2364374,34.26497294,34.238274,0.026699319394531074
198.89583,866,40,0.14039905,0.30155212,-0.41233084,3.2160451,1.4701595,0.69844788,0.4640491364,-0.1036253791,0.55272989,0.419423465,116.7767134,125,53.38245868,7222.038443,0.2592144888,-1.326074578,-13.56028881,0.004254907584,1,0.0,0.0,426.8729699,3460.64965,1715.114855,2112.763193,1167.089582,12022.84788,0,0,0,2.8860438,0.988201991,0.1460548,36.31065791,36.345123,-0.03446538101562169
180.0,888,10,-0.022088708,0.6,-0.6013289,38.824955,0.46373534,0.4,-0.0367532579,-0.1722707726,0.579240192,0.188955646,1343.540128,103,16.04759201,6228.911867,0.6132532248,-23.34656748,8.439711191,0.06314088119,1,441.7653694,0.0,196.6843709,1179.338361,3442.757856,2541.164708,558.1221947,3698.752711,0,0,1,3.7404516,0.9890562859,0.1529782,34.60506593,34.399757,0.20530854474609583
225.75008,893,50,0.083167,0.42061856,-0.50765866,1.9084868,1.3289461,0.57938144,0.1972564965,-0.1513212093,0.59082566,0.33127422,64.97023756,98,45.24104847,7685.165194,0.3856369762,-0.9688598515,13.43971119,0.002092616075,1,1425.550165,10.71796751,1096.802151,10.71796751,2166.901473,1333.153317,750.1561725,6826.355739,0,2,0,14.370975,0.9886575033,0.1307587,34.04280164,34.187275,-0.1444732928613277
225.75381,872,40,0.04052815,0.26346293,-0.34949702,6.565755,0.6646069,0.73653707,0.1532469976,-0.1053838324,0.39002517,0.38853261,222.4170429,119,22.51377052,7647.482252,0.2527852649,-2.294711807,-7.560288809,0.009794277627,1,1264.67883,0.0,71.86269337,3717.370221,1394.29418,1231.472918,180.1646629,10266.28848,0,0,1,8.608602,0.9876990353,0.1678896,33.87531866,33.994503,-0.11918436124023657
22.329845,895,40,0.03590285,0.40353575,-0.4853579,46.68058,2.5051024,0.59646425,0.088750747,-0.1545080702,0.52126075,0.31618355,1543.265618,96,82.81898819,738.2273752,0.3890476665,-22.65678828,15.43971119,0.07613162221,4,3977.040902,2.604456653,1073.67269,2032.540136,3205.247737,1361.401096,421.9488006,9252.199057,0,0,2,6.185229,0.9878881419,0.1951562,33.06012089,33.064816,-0.0046946312402340595
76.30932,913,50,-0.025054945,0.5128122,-0.5714286,2.4362953,3.9126601,0.4871878,-0.04876284565,-0.1700476389,0.546373655,0.2310664275,82.99660878,78,133.2915265,2599.608832,0.5256606815,-1.392168812,33.43971119,0.002965445866,11,2804.46356,0.0,351.5604483,1159.35003,1137.205293,1256.891571,498.4767316,1384.683012,0,0,0,32.669643,0.9888827701,0.134815,34.06672778,33.86341,0.20331683029296954
212.65714,806,20,0.11787244,0.46263078,-0.50134254,5.185322,4.3979216,0.53736922,0.2542377363,-0.1291753714,0.61921498,0.32762083,186.6873352,185,158.3385302,7656.30269,0.4080993611,-2.599622502,-73.56028881,0.00751147421,1,1391.816281,149.204923,674.9592671,642.4179954,1256.856404,1422.924942,1280.863351,6653.831055,0,0,0,3.102526,0.98859541,0.127319,36.00303611,35.846474,0.15656241615234023
115.957115,906,50,0.15719883,0.19348128,-0.26823875,114.45516,1.0593888,0.80651872,0.8082980017,-0.05835755943,0.42543758,0.481858775,4343.331763,85,40.20156911,4400.327786,0.1630662492,-30.70130905,26.43971119,0.1882095302,1,385.4481705,0.0,427.7429646,2127.783455,5839.13403,1842.840382,832.0111485,2882.248809,1,0,0,19.218235,0.9871979396,0.1244884,37.94788949,37.65947,0.28841988550781394
45.730507,773,30,0.12911555,0.10687179,-0.15620312,2.3240721,1.9922746,0.89312821,1.196935269,-0.03887106115,0.28531867,0.51112188,84.66661735,218,72.57913867,1665.975568,0.09307298005,-0.3630273131,-106.5602888,0.002779863875,10,1555.976045,0.0,906.8763476,1668.903681,2474.397719,961.512059,1060.159468,3769.921923,0,2,0,9.417439,0.9875878215,0.2156433,36.43028861,36.971447,-0.5411583809667988
221.34358,913,10,0.009041592,0.50411713,-0.51660514,78.43733,4.3157187,0.49588287,0.01789999084,-0.1697708462,0.525646732,0.252462231,2554.004959,78,140.5245049,7207.188223,0.4995591086,-40.52112785,33.43971119,0.128647331,61,2862.758962,0.0,321.0945361,3103.743889,306.5460016,365.954639,270.9368333,1066.932863,0,0,0,38.59459,0.9887436082,0.1513623,32.56108997,32.578228,-0.01713802682617427
23.743727,853,30,0.09812458,0.35462776,-0.4780461,36.778145,3.5418828,0.64537224,0.2759193489,-0.1091743915,0.57617068,0.37174841,1376.356737,138,132.5486714,888.5668003,0.31983006,-17.58164878,-26.56028881,0.05975609912,1,1205.837121,847.9395583,762.5399394,4770.748032,3757.445314,4049.833622,308.580381,7170.935008,0,0,0,5.426875,0.9879855287,0.1830932,37.42322342,37.457985,-0.0347615043164069
303.00696,846,40,0.10129525,0.23167956,-0.3267958,62.963333,3.401254,0.76832044,0.4353422793,-0.0878638003,0.42809105,0.434807845,2232.652773,145,120.6070075,10744.49679,0.208211521,-20.57615278,-33.56028881,0.103058191,1,3903.681504,308.3011993,1307.761869,969.372468,3731.776004,1919.467013,498.9736548,6913.691657,0,0,0,14.060584,0.9888553431,0.1455622,35.45957093,35.551014,-0.09144301653320497
345.6165,862,50,0.093952075,0.2830595,-0.35533428,4.27457,1.9142958,0.7169405,0.3307478715,-0.0912670549,0.449286355,0.4054462875,154.0655196,129,68.99570648,12456.82856,0.2564654726,-1.518901253,-17.56028881,0.006005375922,51,5985.704251,0.0,449.7512767,640.8344522,3370.188224,2007.893481,266.4874738,2461.61765,0,0,1,30.968012,0.9883985765,0.1641925,36.04234334,36.079815,-0.0374715708886697
82.07951,910,10,0.09320388,0.2456655,-0.3177201,99.25279,3.3615198,0.7543345,0.3778553547,-0.1013552362,0.41092398,0.42376919,3278.08638,81,111.0230984,2710.893304,0.2227685222,-31.53460636,30.43971119,0.1630695762,25,4831.910713,0.0,318.4504127,1372.817066,1723.833801,709.5652042,316.5478274,6359.060848,0,0,3,11.440963,0.9874482696,0.1787459,33.0276497,33.245224,-0.21757429902343972
0.0,906,40,-0.046601113,0.5252336,-0.5819063,9.729772,0.46373534,0.4747664,-0.0885559436,-0.1648815648,0.535305187,0.2140826435,338.1793183,85,16.11812704,0.0,0.5497100703,-5.661815624,26.43971119,0.01502656983,5,1480.971483,0.0,576.8612046,4602.168346,1471.929636,766.2762432,948.1010639,5619.931973,0,0,0,5.2253647,0.9881312204,0.1624537,34.75716782,34.538845,0.21832275774414
345.6076,898,50,0.08102844,0.074225865,-0.15750736,288.64093,1.914372,0.925774135,1.077135371,-0.0544642629,0.2385358,0.5034012875,9158.230946,93,60.74073033,10965.71514,0.06821145895,-45.46307087,18.43971119,0.4762581867,275,4956.43144,33.5788506,263.8190743,3083.378173,826.0166828,237.2753776,400.6754241,3250.521137,6,0,2,79.06719,0.9874324292,0.2160734,31.7288021,32.570644,-0.84184227866211
115.98852,882,40,0.15674984,0.33265924,-0.42795232,11.617363,2.115674,0.66734076,0.4697901967,-0.09253152405,0.58470216,0.4120453,441.6088665,109,80.42276005,4409.05211,0.2805149574,-4.971677448,2.439711191,0.01814805358,1,1384.507195,199.1188892,436.7940337,3256.429098,1535.651302,695.9043054,485.5562652,8882.361408,0,0,0,9.332244,0.987803727,0.178845,38.01283187,38.029556,-0.016724404414063088
287.99588,860,40,0.07967771,0.40744796,-0.49158445,5.7737484,1.5007004,0.59255204,0.1950743248,-0.1361710895,0.57126216,0.336114875,202.455273,131,52.62174381,10098.51494,0.3749834396,-2.838284932,-19.56028881,0.008484547004,1,1476.564978,30.56707478,581.2997106,1214.109334,905.7808631,721.3848221,539.7691078,4863.028565,0,0,0,6.7083507,0.9885851695,0.1546035,35.06478962,35.102005,-0.037215384882813396
45.747055,918,50,0.09716355,0.15076923,-0.20580333,237.07867,2.65632,0.84923077,0.6402058573,-0.05748707807,0.30296688,0.47319716,8286.372479,73,92.84368325,1598.950836,0.1361199564,-48.79157976,38.43971119,0.3909903734,142,3998.847237,0.0,382.8798407,1977.5347,551.3439272,323.5210132,256.0500009,603.8672936,0,0,2,57.007717,0.9873222789,0.2748129,34.95199496,34.704014,0.24798113553710976
289.49817,924,40,0.08823063,0.31957817,-0.44877926,40.11165,5.5402193,0.68042183,0.2752234502,-0.1246933966,0.53700989,0.38432623,1404.861339,67,194.0393852,10139.3183,0.2913815867,-18.0012766,44.43971119,0.06526867134,1,859.9252786,19.35920121,471.9666626,170.8727237,1518.586507,1122.432799,899.1861225,1917.659638,0,0,0,4.873419,0.9876146926,0.2065525,35.02377338,35.023094,0.0006792027539077594
239.68047,904,50,-0.034327235,0.28238583,-0.33895555,21.383001,2.753773,0.71761417,-0.1211325033,-0.1176369798,0.304628315,0.3416434675,677.1414316,87,87.20449442,7590.028012,0.2920793547,-7.247886865,24.43971119,0.03429735731,323,5195.181094,178.3376632,739.3265061,3634.230435,164.1476481,619.0797584,245.7572793,1028.92367,0,0,1,56.612823,0.9874431116,0.1538342,31.66727774,31.756426,-0.08914811754394592
84.939995,914,40,0.032031104,0.3255578,-0.41833967,69.722015,5.243256,0.6744422,0.09808708902,-0.148991089,0.450370774,0.353236652,2177.164263,77,163.7277636,2652.366281,0.3151298243,-29.16748475,34.43971119,0.1142349322,16,1806.879368,41.67254465,652.4082279,862.273763,900.5819401,459.3253094,324.4702098,5187.150041,1,0,1,34.95023,0.9875301222,0.2218212,31.22635316,31.166239,0.06011437520995955
314.2728,915,50,0.0945487,0.14305054,-0.20935784,5.4757776,1.328402,0.85694946,0.6563578311,-0.05992591327,0.30390654,0.47574908,189.555152,76,45.98533056,10879.19063,0.1295252974,-1.146396971,35.43971119,0.007991796715,109,5273.989535,269.2325587,337.3351275,857.3662158,236.8274078,455.4128894,233.1758273,280.7872381,0,0,0,37.878094,0.9871662948,0.2778266,34.617029,34.52845,0.08857898779297102
306.14032,918,40,0.015143222,0.25185528,-0.28953654,2.5083323,2.3576372,0.74814472,0.0598888898,-0.0787031281,0.304679762,0.381643971,88.58429885,73,83.26234857,10811.65585,0.2480413796,-0.7262538553,38.43971119,0.003084572481,1,33.10518411,193.4674244,1698.140879,5182.907148,7321.928418,5967.84657,866.7362488,2521.405175,0,0,1,2.7717037,0.9879133104,0.2009175,35.31601409,34.856915,0.45909956973633115
90.0,769,50,0.09613175,0.17471379,-0.25033113,2.2956147,1.4268078,0.82528621,0.5470928036,-0.06111273468,0.34646288,0.46070898,84.15561867,222,52.3057694,3299.336636,0.1579182476,-0.5746638219,-110.5602888,0.002732804257,146,3999.88585,421.1622175,232.5861613,1950.326031,2341.794384,1910.978777,72.46466314,2762.6749,0,0,0,10.133301,0.9878232551,0.1695122,36.65929595,36.6539,0.00539580351562563
230.92311,876,50,0.054388132,0.18025199,-0.25822368,98.1958,3.673361,0.81974801,0.3000691579,-0.07980032107,0.312611812,0.437068071,3290.668866,115,123.0991008,7738.533508,0.170448421,-25.35648084,-3.560288809,0.1613216461,315,5405.385748,19.31443033,584.1788556,1835.191354,377.0440568,74.85557677,433.4441579,6751.484796,0,0,1,66.41341,0.9875638495,0.1817728,33.51129953,33.75521,-0.24391134646484147
72.00265,864,20,0.032808155,0.40193444,-0.46162465,1.8926821,1.5005823,0.59806556,0.08142305979,-0.1401208742,0.494432805,0.3154368575,63.93083634,127,50.68652651,2432.098678,0.3887477126,-0.873708712,-15.56028881,0.002066480056,3,2084.042513,10.59619706,164.8028286,1015.607958,776.5387741,365.2991066,478.201338,3630.661034,0,0,7,24.737955,0.9876055358,0.2078109,33.77790509,33.86677,-0.08886660799804957
53.827084,874,20,0.12763022,0.27469757,-0.4484536,14.055803,2.3558037,0.72530243,0.4629356,-0.1193248684,0.57608382,0.426466325,500.3104426,117,83.85384967,1915.952594,0.2396378587,-6.303375456,-5.560288809,0.02218046889,3,921.6957269,0.0,65.9261286,1860.57969,773.9514836,344.9793985,729.9679307,9612.578634,0,0,0,12.097335,0.9873897366,0.2327207,35.59458272,35.54905,0.04553334255859198
180.0,889,40,0.021469371,0.4366686,-0.48298508,2.894495,2.7802885,0.5633314,0.04905394401,-0.12543253,0.504454451,0.2924003855,103.9236982,102,99.82323789,6462.704435,0.4272935998,-1.397997899,9.439711191,0.003723164525,6,4271.704004,248.6885327,576.7350062,1765.117703,597.5689766,512.9546623,393.0847678,500.476931,0,0,0,60.660892,0.9878740784,0.1489855,35.90391353,35.57988,0.32403376925780947
157.67647,884,50,0.07233434,0.13406114,-0.24258374,1.9501522,2.5049891,0.86593886,0.5355673734,-0.07778790211,0.31491808,0.4691366,64.25230073,107,82.53269308,5195.018096,0.1243639159,-0.4730752142,4.439711191,0.002161517584,1,5861.026168,0.0,325.7009401,4391.093459,2725.252283,224.8693891,158.8629349,5444.874917,0,1,2,17.538754,0.9875828313,0.1675901,32.94732623,33.086025,-0.13869900803710777
22.30898,938,50,0.020467231,0.18331668,-0.24063891,3.737395,2.5047283,0.81668332,0.111043835,-0.08369354886,0.261106141,0.4185752755,118.2189933,53,79.22803402,705.6640141,0.1795646952,-0.899362659,58.43971119,0.005117056876,322,6281.001934,147.551971,216.9745605,2259.221385,842.9526946,226.8596402,228.5368248,2769.024555,0,1,2,58.354454,0.9875102836,0.2023885,31.63138853,31.897066,-0.265677586333009
221.32556,842,10,0.060388945,0.60069746,-0.5692308,2.4830306,4.314529,0.39930254,0.100364301,-0.1880479687,0.629619745,0.2298457425,80.64225008,149,140.1244619,7188.06734,0.5644219741,-1.413417495,-37.56028881,0.003042731401,2,285.5156891,0.0,573.2284059,0.0,1392.645218,1216.333288,931.1398552,3051.517556,0,0,0,10.702553,0.9890625353,0.1232924,32.47734848,32.341812,0.1355363462109409
72.01265,904,40,0.028659953,0.40464857,-0.45941228,2.0952573,1.5013883,0.59535143,0.07065217314,-0.1363896731,0.488072233,0.3120056915,71.45017638,87,51.19870426,2455.696751,0.393051361,-0.9625869334,24.43971119,0.002401475929,38,2783.03164,55.60785562,603.3510143,813.9602917,1611.835428,178.7655635,458.0575161,7536.661377,2,1,2,38.309383,0.9885435201,0.1302677,34.10090798,34.028126,0.07278221706054921
305.5634,740,10,-0.10270031,0.6254486,-0.6024445,1.467039,8.703366,0.3745514,-0.1639405212,-0.2004425962,0.49974419,0.135925545,47.47755549,251,281.6656832,9888.900894,0.6896823651,-0.8838095768,-139.5602888,0.001362599807,1,564.3556693,905.0353001,1039.520778,2891.989948,1441.837045,1330.66651,966.6261115,2331.885197,0,0,0,6.4878225,0.9889011567,0.1538036,32.36284481,32.466557,-0.10371173907226705
270.0,909,40,0.13731106,0.31474298,-0.45167336,19.566666,0.9523957,0.68525702,0.4348823844,-0.09436586081,0.58898442,0.41128404,750.7063879,82,36.54018195,10358.98117,0.2715252878,-8.837741776,29.43971119,0.03129370864,1,362.122797,641.7505646,419.778327,6087.280993,6815.816122,4006.142299,706.2374121,1114.726762,0,0,0,2.8093414,0.988049272,0.1796987,38.36659694,38.33937,0.02722621246093837
115.97507,911,50,-0.010096267,0.30561456,-0.33024117,331.73737,2.1166925,0.69438544,-0.03292820471,-0.1056172075,0.320144903,0.3421445865,10943.46597,80,69.82617709,3825.825327,0.3087001262,-109.5533372,31.43971119,0.5475261878,328,8663.931317,16.0961232,295.9072283,2412.087237,86.2116705,169.3565069,169.4259887,566.5308607,2,0,6,55.501972,0.9874858435,0.1457556,32.98834247,32.79231,0.19603366262695232
103.68929,901,50,0.11752908,0.10719678,-0.16003163,384.14093,1.958808,0.89280322,1.086253029,-0.04538400054,0.27756071,0.50516615,13347.05527,90,68.05918503,3602.705611,0.09459804107,-61.47469918,21.43971119,0.6341852475,104,7049.158422,132.5753827,326.3368782,3304.474619,774.6843092,761.9613429,508.2891447,1403.476905,0,1,0,72.528694,0.9873202516,0.1878647,34.74520475,34.58345,0.1617544326171867
306.16376,862,40,0.06286645,0.17428571,-0.24357034,2.101653,2.3563185,0.82571429,0.3586513128,-0.08191507105,0.30643679,0.44429037,67.64911179,129,75.84641881,9854.960085,0.1633289861,-0.5119003358,-17.56028881,0.002412052412,9,3248.386467,14.01283883,468.5491407,1575.937196,1471.336218,44.17135684,702.7251937,3895.160654,0,0,3,19.613932,0.987413697,0.2607813,32.18852579,32.42617,-0.23764455912109383
252.00287,826,50,0.11937612,0.08821349,-0.14241245,17.799385,2.9991453,0.91178651,1.338094945,-0.03786310112,0.26178857,0.515581315,633.7441977,165,106.7840789,8972.521054,0.07768290583,-2.534854026,-53.56028881,0.02837117991,284,6378.577486,112.3490826,262.4409871,3650.016482,73.71423336,178.1052438,48.34510792,209.5254649,0,0,2,68.388016,0.9874488862,0.1413356,35.60483678,35.36613,0.23870595114257753
242.53972,866,40,0.15654951,0.22492267,-0.36619025,65.718414,7.993051,0.77507733,0.6929340469,-0.08365497575,0.52273976,0.46581342,2459.170263,125,299.098413,9075.789124,0.1897111362,-24.06544245,-13.56028881,0.1076142313,290,4810.676038,125.1641397,724.0409146,362.13583,1799.480055,128.1081829,364.681349,7493.910476,0,2,0,25.679693,0.9878659416,0.2092614,37.4198054,37.488525,-0.06871999062499867
72.01242,901,20,0.09600998,0.17266478,-0.28148475,1.2996413,1.50137,0.82733522,0.5528465818,-0.07560191472,0.37749473,0.4616726,46.10249166,90,53.25846286,2554.514074,0.1560872379,-0.3658292064,21.43971119,0.00108577649,1,3019.984506,165.2050659,798.7743396,1388.69551,3013.341285,754.1177789,652.49302,9448.676838,0,0,0,9.914982,0.9881109645,0.2026134,35.47324301,35.40414,0.06910253758788798
90.0,888,50,0.071802184,0.21733707,-0.2871744,536.2371,0.95174855,0.78266293,0.3288593366,-0.07672527995,0.358976584,0.427232557,19058.72634,103,33.82666951,3198.744307,0.2017317937,-153.9935675,8.439711191,0.8857046307,205,6280.74283,36.83418145,130.8786035,3425.725737,504.494861,477.0548778,95.47713914,577.2305592,1,0,3,66.41056,0.9874269542,0.1610116,35.54160341,35.215424,0.32617982601562545
270.0,898,10,-0.15443037,0.7085762,-0.65550625,1.9357806,1.4271086,0.2914238,-0.2176374715,-0.2475246876,0.50107588,0.068496715,58.4326332,93,43.07808093,8150.102839,0.8180018847,-1.268916282,18.43971119,0.002137751463,1,1230.288335,0.0,753.2773834,0.0,1636.2934,332.520534,524.8872782,2211.250994,1,0,1,22.33957,0.9892032561,0.1145768,30.18556607,30.21838,-0.03281390436523424
37.593933,916,10,-0.020738974,0.7210611,-0.65073246,62.322792,2.3398001,0.2789389,-0.0287219101,-0.2600076975,0.629993486,0.129099963,1814.892854,75,68.13697439,1094.767391,0.7360151674,-40.55546375,36.43971119,0.101998937,1,396.2622337,0.0,1498.224864,0.0,458.5136489,392.6590411,377.741815,3613.301977,0,0,2,25.38527,0.9894239788,0.1278044,29.12085284,29.567587,-0.44673405880370964
119.12549,892,40,0.07011907,0.4298169,-0.5279503,5.343256,3.8055513,0.5701831,0.1627584015,-0.1281058725,0.59806937,0.320151085,196.2635335,99,139.7819878,4375.607233,0.3996785387,-2.820973608,12.43971119,0.007772647534,1,466.5907558,596.8976772,346.3453916,5301.594091,3736.257789,1789.781833,930.0111974,9144.901854,0,0,0,4.877171,0.9878929388,0.1794585,36.73107437,36.70855,0.022524870488283
236.99731,914,50,0.05296514,0.1274589,-0.17825964,242.97523,1.7023224,0.8725411,0.4123119535,-0.04670908776,0.23122478,0.46275312,8696.355339,77,60.92802337,8482.398894,0.1207080215,-43.31267703,34.43971119,0.4007414351,23,4069.36113,0.0,1120.797982,2145.204595,398.4756983,605.7318684,441.0439888,473.8027224,0,2,1,58.223724,0.9871218218,0.1901639,35.79111887,35.3784,0.4127199747363264
142.40807,934,10,-0.100731306,0.6628653,-0.6377676,67.90055,2.3397377,0.3371347,-0.1517345552,-0.2457256549,0.537036294,0.118201697,2024.319225,57,69.75460447,4245.61206,0.7296365874,-43.30477081,54.43971119,0.1112228001,6,4381.669571,12.1753469,1104.6127,1353.636533,163.2276981,4.881085638,184.4064454,983.2966633,0,1,1,26.766714,0.9891298293,0.1460182,29.81300189,30.143381,-0.33037922877441517
123.01374,909,10,-0.023443408,0.5064935,-0.5549598,15.54184,1.7018168,0.4935065,-0.04619449904,-0.1753156952,0.531516392,0.235031546,515.6478293,82,56.46295025,4081.355104,0.5183674338,-8.625096418,29.43971119,0.02463790822,15,7007.977006,61.08681687,270.4753829,3811.8167,341.4837942,432.8605632,88.96208752,2070.229833,2,1,1,56.558784,0.9889673742,0.144139,33.17804258,33.06632,0.11172406803711254
11.605378,885,40,0.12585083,0.30030158,-0.41756693,43.75318,2.3657744,0.69969842,0.4176905743,-0.106059568,0.54341776,0.412774625,1583.02388,106,85.59554689,419.8915487,0.2625083769,-18.26988105,5.439711191,0.07129062035,1,2819.121169,453.7977775,194.8915782,1394.371002,1515.238591,1189.327658,393.8613952,6183.315063,0,0,0,5.8374043,0.9886292818,0.1596956,36.18077315,36.20496,-0.024186719384765354
72.011246,892,40,0.057989456,0.2233239,-0.3036478,10.691356,1.5012752,0.7766761,0.2585077025,-0.08604847678,0.361637256,0.417332778,371.5829831,99,52.17750838,2502.783894,0.2103734685,-3.246406728,12.43971119,0.01661672831,23,4006.760908,0.0,497.6419797,3270.385819,1214.665967,1261.269376,1212.01908,8719.367679,0,0,1,30.453724,0.9873221536,0.2492652,34.75545881,34.60442,0.15103910174804724
126.14062,922,50,0.119082995,0.18673149,-0.26717559,308.59622,4.707283,0.81326851,0.6343261591,-0.07539279098,0.386258585,0.4661757525,10743.33461,69,163.8773034,4391.404692,0.1644949449,-82.44937715,42.43971119,0.5092579804,232,2387.201139,28.94331676,55.15939753,1225.17755,438.5187734,884.4015678,330.4376688,6482.768892,0,0,0,18.505129,0.9880287078,0.1857709,34.81356515,34.716377,0.09718789169922104
337.67838,884,30,0.04667057,0.19774288,-0.25824744,67.065895,2.5049553,0.80225712,0.2348288905,-0.07606753265,0.30491801,0.424463845,2294.572589,107,85.70379576,11553.22768,0.1885141071,-17.3195957,4.439711191,0.1098425424,164,4451.708578,277.2799534,155.1979589,1369.197782,589.0814577,25.48991711,146.0291203,2338.784716,0,0,0,55.223045,0.9874486837,0.2090288,34.21370264,34.43897,-0.22526601844726457
196.34135,924,50,0.04802127,0.10533963,-0.097961396,109.62031,3.3789554,0.89466037,0.4515839485,-0.03350113218,0.145982666,0.47134082,3498.35408,67,107.8338714,6265.915166,0.1002810872,-10.7385586,44.43971119,0.1802142041,9,9112.363661,41.80995567,209.9091351,2060.207733,435.3493317,482.9549568,72.34469253,308.1420038,2,0,0,61.36877,0.9876982521,0.1296832,31.91337518,33.301,-1.3876235077441414
295.9723,876,40,0.026723403,0.38483894,-0.5091053,5.6911354,3.1735508,0.61516106,0.06926051321,-0.1409885637,0.535828703,0.3209422315,199.5779179,115,111.2907384,10379.21807,0.3745547339,-2.897387195,-3.560288809,0.008347931001,1,1196.513205,0.0,158.1803872,3974.002688,3600.928191,925.9729002,507.3172528,4724.877256,0,0,0,8.0128975,0.9877250896,0.1961869,35.06820764,34.993877,0.07433022911132525
152.82367,929,50,0.16553351,0.17529802,-0.37525725,72.51238,1.0424721,0.82470198,0.9389414016,-0.08415273627,0.54079076,0.495117745,2728.14615,62,39.22111295,5749.712076,0.1462803235,-27.21079631,49.43971119,0.1188493212,10,3210.368511,0.0,629.2732076,1175.367824,1444.825255,150.841443,599.7669655,3735.878332,0,0,4,15.932967,0.9876670987,0.1604149,37.62317759,37.683613,-0.06043523348633073
332.8375,895,50,0.07227063,0.14015748,-0.20787454,369.6448,1.0423433,0.85984252,0.5119858331,-0.07083318244,0.28014517,0.466056575,11818.72362,96,33.32704093,10641.8768,0.1300282106,-76.83974276,15.43971119,0.610213193,358,8299.924228,26.06040071,19.92604645,535.5577966,306.2876153,240.8220741,193.1772262,598.0933427,2,1,14,57.054836,0.9872662251,0.1348051,31.97319053,31.764523,0.20866797750976573
53.837036,836,40,0.050983712,0.5237772,-0.5284498,1.562252,2.356363,0.4762228,0.09715306229,-0.1363832554,0.579433512,0.263603256,56.21377632,155,84.7878976,1937.192655,0.4970730941,-0.8255717569,-43.56028881,0.00152005226,1,4608.042495,156.4591215,338.7708221,3308.078888,4273.914177,682.6079124,602.4696175,8493.051458,0,0,0,6.6662054,0.9888630285,0.1644598,35.98252799,35.782215,0.20031287159179811
72.009544,879,30,0.12488187,0.13500263,-0.24486269,1.8585061,1.5011379,0.86499737,0.9182312871,-0.06415234977,0.36974456,0.49493962,66.52118895,112,53.72997048,2577.425214,0.1181432491,-0.455078803,-0.5602888087,0.002009963666,27,2620.017384,0.0,418.8086875,1478.686715,1232.466674,398.5084643,568.6175843,5005.719948,0,0,1,33.410957,0.987708324,0.2338817,35.79282788,35.602665,0.19016293249023164
306.16733,789,50,0.065920174,0.20812894,-0.303756,10.78092,2.356117,0.79187106,0.3152130642,-0.08256832585,0.369676174,0.428895617,380.7391226,202,83.20866117,10812.60974,0.1944090441,-3.274769136,-90.56028881,0.01676483909,187,6515.775916,9.917444618,0.0,2515.659475,464.3838825,656.6741869,186.7351558,609.4380673,3,0,4,57.89623,0.9878725427,0.1788801,35.31601409,34.99388,0.3221328644140655
337.6645,895,60,0.14642538,0.11484687,-0.30134058,5.6938024,2.505204,0.88515313,1.26395629,-0.09907138693,0.44776596,0.515789255,185.3574892,96,81.55504716,10992.41588,0.09803037342,-1.715773718,15.43971119,0.008352341383,1,150.7833344,0.0,480.2132789,846.0979453,7072.405513,2326.729871,1207.336674,5767.733909,1,0,0,31.995525,0.9873352837,0.2398318,32.55425393,33.24234,-0.6880861578906234
270.0,867,40,-0.014675907,0.5639334,-0.56197053,38.247887,0.47622102,0.4360666,-0.02597811884,-0.1542623626,0.547294623,0.2106953465,1345.795099,124,16.7563744,9500.254919,0.5722096341,-21.49418533,-12.56028881,0.06218659163,7,2512.40243,283.8872207,521.5895488,4056.52826,6952.627765,2065.387229,1157.485473,6140.340701,0,0,0,3.0055354,0.9884823395,0.1555845,35.18612933,35.070408,0.11572146256835936
295.9756,892,50,0.11128692,0.11257841,-0.18495077,520.34766,2.1166542,0.88742159,0.9798245987,-0.05648510229,0.29623769,0.499354255,17529.12207,99,71.30442337,9970.626987,0.1000499055,-96.23870038,12.43971119,0.8594284782,137,8240.620154,0.0,321.781956,3020.923799,340.1570706,167.9965193,78.49692512,280.106456,0,0,2,60.590042,0.9873417712,0.1327182,33.68732756,33.78477,-0.09744340557617193
9.7115755,868,10,-0.056247775,0.55748034,-0.5870554,35.10324,2.820646,0.44251966,-0.1007157656,-0.1831173403,0.530807625,0.1931359425,1171.435863,123,94.12823097,324.0865468,0.5888373687,-20.6075466,-11.56028881,0.05698633134,29,1094.441259,93.74408225,93.74408225,3982.296524,4230.936144,1042.476731,219.2004043,6150.383447,0,0,0,3.8688252,0.9884487137,0.2030927,33.37116071,33.387695,-0.016534602500001938
115.99151,897,50,0.12795143,0.18738519,-0.26154846,74.15871,1.0580845,0.81261481,0.6792011092,-0.05940889131,0.38949989,0.47028312,2779.693802,94,39.66022234,4347.714266,0.163408987,-19.3960964,17.43971119,0.1215718349,77,2619.994344,0.0,479.6555597,5609.189075,1016.198654,950.9358267,751.3465288,745.3395718,0,1,0,37.471397,0.987455975,0.2139102,37.48303877,37.290462,0.1925762761035159
291.28537,891,40,0.18223475,0.30081302,-0.44278607,51.65301,2.5532854,0.69918698,0.6038001608,-0.09589489429,0.62502082,0.440710865,1962.59443,100,97.01397272,11067.6037,0.2459944345,-22.8712333,11.43971119,0.08435446257,1,3992.985984,2122.661239,1050.76628,4944.628659,1104.827279,2248.749104,1005.327986,3243.385728,0,0,0,6.6873255,0.9880004723,0.1890832,37.99574177,38.163982,-0.16824062135741968
180.0,873,40,0.20028943,0.115912765,-0.23624161,2.7362413,1.3909631,0.884087235,1.713152794,-0.04703420641,0.43653104,0.5421883325,106.2849447,118,54.029751,6991.813931,0.09269666337,-0.6464140501,-6.560288809,0.003461462517,4,1606.6959,108.3685058,15.5219339,849.3830806,2647.162369,996.5392124,498.4325244,6424.187383,0,0,3,11.958011,0.9885292852,0.1418814,38.84341073,38.360397,0.4830133911328147
76.31017,854,40,0.06634078,0.32540274,-0.41219962,42.626904,3.9128993,0.67459726,0.2032482325,-0.100033773,0.4785404,0.37046902,1565.659131,137,143.718308,2802.824115,0.3038152684,-17.57079363,-25.56028881,0.06942811293,1,2427.228662,283.5743675,624.5435841,4735.380005,3525.339673,3783.111091,308.8845874,8567.452034,0,0,0,4.6753063,0.9884656418,0.1843084,36.72936536,36.552475,0.17689038441406524
270.0,883,10,0.0025482345,0.3507518,-0.42857143,11.2096,0.47561425,0.6492482,0.00724441069,-0.1296650941,0.4311196645,0.3258982172,379.1732098,108,16.08801222,9132.95449,0.3498580022,-4.804114302,3.439711191,0.01747374142,24,1024.759462,0.0,826.9948924,6212.152779,2789.076105,581.3416024,1343.303752,2417.153006,1,0,1,8.347442,0.987225469,0.2418328,33.82575737,33.793312,0.0324452972460918
180.0,868,30,0.020917136,0.41841492,-0.47649378,9.160085,0.46373534,0.58158508,0.04987217908,-0.1329815518,0.497410916,0.301251108,320.2728275,123,16.21402296,6293.512445,0.4096628782,-4.364723527,-11.56028881,0.01408448613,1,6402.654134,0.0,299.0993257,8738.738492,1490.309579,1175.236773,1547.018104,6111.486676,0,0,1,10.362031,0.9878580595,0.1924721,34.96395803,35.122307,-0.15834879373046817
207.1704,882,40,0.012249065,0.28936264,-0.35654205,7.0607495,1.0424168,0.71063736,0.04218540305,-0.09898988893,0.368791115,0.3614432125,247.3664917,109,36.52005878,7258.013478,0.2858182182,-2.517454101,2.439711191,0.01061284335,1,3305.447934,0.0,36.86935465,3762.234303,1398.241129,215.7728063,1157.530257,7752.660123,0,0,1,10.200636,0.987317335,0.2717672,35.03402744,34.81463,0.21939883892578393
256.31094,867,10,0.036511578,0.38346314,-0.43371624,64.33831,1.9588411,0.61653686,0.09496769443,-0.1300142922,0.470227818,0.326524219,2184.978494,124,66.52375042,8704.516667,0.3694622957,-27.9045699,-12.56028881,0.1053319719,46,3406.631106,948.7721682,515.1694029,2634.828501,1764.220136,983.4629174,244.6055158,4261.998676,0,0,0,11.8037,0.9887552762,0.1463855,33.96076916,33.89917,0.061599238124998124
8.346561,900,40,0.23490156,0.092945665,-0.3378063,31.099403,3.2773907,0.907054335,2.500398076,-0.07377824087,0.57270786,0.5709779475,1178.881128,91,124.2356339,316.3920299,0.0711125833,-10.50557426,20.43971119,0.05036524014,1,1596.800332,0.0,494.7771899,2773.881815,3868.368545,2433.258553,978.9924996,5397.775526,0,2,0,8.324754,0.9873391811,0.2380802,37.90687325,37.87944,0.027432942382809244
0.0,902,50,0.021671826,0.38313395,-0.37870854,13.863257,0.0,0.61686605,0.05641736691,-0.1237469027,0.400380366,0.319268938,452.658458,89,0.0,0.0,0.3748307377,-5.250133818,22.43971119,0.02186205817,142,3359.885989,0.0,822.3228121,5346.94335,677.3438062,803.9625707,302.2789348,4139.443419,0,2,2,61.103256,0.9876138692,0.1574683,32.6516675,32.74475,-0.09308347656249794
230.11522,838,10,0.029396595,0.4328131,-0.45609283,2.2859955,4.3308997,0.5671869,0.06776327179,-0.1431025509,0.485489425,0.2982917475,76.08317018,153,144.1422693,7658.761989,0.4200898686,-1.042626157,-41.56028881,0.002716897116,115,3492.925395,106.2737952,454.1614388,1644.286272,2932.743152,73.13032663,163.7973004,1734.50438,0,0,0,15.701414,0.9889055441,0.1171539,33.28229219,33.479256,-0.19696348626953153
210.4043,895,60,0.021683674,0.10918294,-0.18791947,37.942055,3.7584372,0.89081706,0.1967970178,-0.06630480075,0.209603144,0.456250367,1190.887284,96,117.9660688,6603.959785,0.1068154527,-7.130050866,15.43971119,0.06168084138,9,4044.940458,0.0,263.4618432,2987.375039,1038.774755,327.1101028,1052.627089,7640.072207,0,0,6,25.253437,0.9870370453,0.0989607,31.3870001,32.231457,-0.8444566565917953
64.01869,877,40,0.045062695,0.40785673,-0.46410334,10.813754,3.1725276,0.59214327,0.1102163464,-0.1119266935,0.509166035,0.3186029825,397.9769966,114,116.7580662,2356.070424,0.3894776066,-5.018699349,-2.560288809,0.01681913623,20,2939.412377,0.0,574.6079524,699.9918949,2370.964484,415.7521411,849.8219585,6748.619998,0,0,2,8.615921,0.9883349791,0.1562421,36.80285279,36.902645,-0.0997923210839815
287.99146,924,50,0.059510443,0.18238284,-0.23503391,423.78946,1.5010587,0.81761716,0.3245147856,-0.06103065926,0.294544353,0.4385638015,15216.42439,67,53.89644709,10340.51266,0.1715291564,-99.6048938,44.43971119,0.6997514864,97,4195.260084,0.0,692.6391809,3771.990228,975.115138,1085.528826,63.47391923,1504.129595,0,2,1,45.60298,0.9875149623,0.2015591,35.90562254,35.437973,0.4676495175390656
319.46738,903,50,0.014903846,0.20423156,-0.24257125,511.28326,3.6560044,0.79576844,0.07261965947,-0.08131408927,0.257475096,0.405336143,16484.54183,88,117.8750845,10300.10916,0.2011877243,-124.0226195,23.43971119,0.8444388023,536,6778.988498,179.2134382,572.5775648,6035.01768,394.2568589,652.3502976,232.0915105,1681.661491,0,0,0,61.919857,0.9878212602,0.1737231,32.2415051,32.21228,0.029224826562497697
291.29144,890,50,0.011917098,0.32522586,-0.3391854,12.295865,2.5525932,0.67477414,0.0365302064,-0.1088602059,0.351102498,0.343345619,404.9477654,101,84.06622163,9593.291542,0.3213501116,-4.170577888,10.43971119,0.01927008318,333,7873.957081,1.848073155,123.0542042,2491.708872,358.5747092,425.2223352,123.2287484,2193.851551,2,0,11,63.993343,0.9873318677,0.1799677,32.93365415,32.638382,0.2952721919921899
285.55615,911,50,0.089059584,0.2537143,-0.30906922,473.18027,3.4542375,0.7462857,0.3496450101,-0.07585528705,0.398128804,0.417672642,17316.53477,80,126.4114917,10450.23074,0.23111861,-146.245457,31.43971119,0.7814284021,29,5442.160954,0.0,907.823316,3895.716409,612.3519137,800.0947561,445.3451118,3863.490341,0,2,0,61.09671,0.9876685725,0.171334,36.59606258,36.458004,0.1380585821972673
64.03838,893,40,0.15671527,0.25548446,-0.39300203,3.1328638,2.1177123,0.74451554,0.6110127296,-0.08892143094,0.5497173,0.450615405,117.5631077,98,79.46877203,2403.089136,0.2154461439,-1.231221833,13.43971119,0.004117351791,1,985.7197648,411.4660752,1149.393031,4286.298169,5209.238465,5159.617015,254.7570244,857.8317427,0,0,0,3.294941,0.9878103488,0.2126025,37.52576402,37.545822,-0.02005812355469061
34.393723,877,40,0.044588655,0.45165396,-0.5315436,3.1462758,3.3680925,0.54834604,0.09850494846,-0.1792502667,0.576132255,0.2964673475,101.1341773,114,108.2642736,1105.55498,0.4315153174,-1.672382765,-2.560288809,0.004139531035,1,1060.903227,0.0,224.1626295,686.5061134,1380.380881,2884.842738,682.621542,11523.53263,0,0,1,3.9225307,0.9881483957,0.1486354,32.14409153,32.27973,-0.13564022048828406
228.76346,892,30,0.13896304,0.18164289,-0.32813177,4.3038745,6.306184,0.81835711,0.7608456042,-0.08581796471,0.46709481,0.478660075,154.1434589,99,225.8562638,8193.173617,0.1564012418,-1.412237958,12.43971119,0.006053836378,1,2031.048109,0.0,67.75345372,5115.453867,3373.198283,3000.895,996.6226107,12334.53427,0,0,1,6.678538,0.9874708566,0.2112947,35.81504501,35.821552,-0.006507266611329499
18.900097,911,50,0.02785096,0.23293556,-0.30191532,140.48349,1.470197,0.76706444,0.1190539822,-0.08548305039,0.32976628,0.3974577,4884.248764,80,51.11495935,657.107646,0.226448081,-42.41411784,31.43971119,0.2312522282,5,4586.589232,0.0,36.69933623,2548.266637,6638.105239,2340.17292,214.9213723,2215.409142,1,2,0,101.41287,0.9874325102,0.2367154,34.76742188,34.867134,-0.0997122142382807
270.0,883,40,0.05944798,0.41398022,-0.5062904,68.705505,1.4281644,0.58601978,0.1432549725,-0.1310746515,0.56573838,0.32273388,2469.497134,108,51.33282831,9704.669605,0.3893699322,-34.78493761,3.439711191,0.1125539434,1,695.2840087,604.344122,1121.541096,3494.179665,1874.171958,3889.087724,467.3239866,4457.025728,0,0,0,10.256487,0.9880218016,0.1731515,35.94322076,35.90493,0.038290645253908906
0.0,866,20,-0.51552796,-0.34496644,0.44324017,3.8336718,0.0,1.34496644,1.498774008,0.2100418295,-0.95876813,0.41471924,97.82208104,125,0.0,0.0,-0.5228062851,1.69923734,-13.56028881,0.005276268521,1,604.1332265,0.0,0.0,3140.308307,1127.323482,1278.380506,406.5931161,10895.72321,0,0,1,3.4115582,0.9863424446,0.0264181,25.51655075,26.709942,-1.1933911140136715
107.98656,878,40,0.10415201,0.42753014,-0.5038393,73.07335,1.5014527,0.57246986,0.2430447716,-0.1198230713,0.60799131,0.338310935,2701.171636,113,55.50151247,3991.745732,0.3830020166,-36.81722551,-1.560288809,0.1197769897,1,1569.098155,1675.470211,687.7639775,4953.666444,1453.707011,1635.787441,460.3439242,2815.847761,0,0,0,14.43714,0.9878158661,0.1988717,36.96520874,37.015568,-0.05035903954101428
295.96777,878,40,0.029940119,0.31493506,-0.36725342,123.7975,3.174063,0.68506494,0.09476668718,-0.1112426267,0.397193539,0.3575025295,4185.428486,113,107.3108399,10006.27586,0.3055058668,-45.46505526,-1.560288809,0.2036588318,41,3353.665171,55.71767087,1300.921319,1123.144365,1663.924831,649.7394343,146.6599646,1988.317176,0,0,0,12.521908,0.9878606626,0.2015529,33.80866727,33.890797,-0.0821293913769523
225.74013,870,40,0.016010074,0.44175014,-0.51902246,6.3888516,0.664444,0.55824986,0.03616051708,-0.1443933743,0.535032534,0.287129967,223.6525045,121,23.25998067,7902.413234,0.4346776876,-3.315957474,-9.560288809,0.009501734863,1,2253.799818,98.33707444,379.0810044,1778.63083,569.3392531,161.4309391,316.5882185,4481.918583,0,0,1,6.5988417,0.9882999285,0.1617319,35.00668328,34.794277,0.2124060888378878
27.167053,895,50,0.0723492,0.12599082,-0.20571811,7.8805847,2.0840816,0.87400918,0.5697199215,-0.06159523595,0.27806731,0.47317919,267.7653978,96,70.81263129,923.0783033,0.116875485,-1.62117899,15.43971119,0.01196859375,176,5263.153051,36.88415986,140.7659688,3267.336847,497.7824073,372.6334273,422.6395653,1491.122734,0,0,2,51.845783,0.9871691294,0.3050356,33.97785926,33.84682,0.13103842870117433
325.6076,912,20,-0.06750572,0.4928,-0.6012586,25.89832,1.6854757,0.5072,-0.1367066019,-0.1835856991,0.53375288,0.21984714,872.5337101,79,56.78493299,10969.96281,0.5260668188,-15.57158763,32.43971119,0.04176427939,1,355.6035103,0.0,984.6942515,443.6139518,4569.070659,2513.922586,1600.354809,11081.4098,0,0,0,3.3499014,0.9888965502,0.1575656,33.69074558,33.541008,0.14973758439452922
165.6188,912,50,0.0834104,0.23252922,-0.3354891,2.1694877,1.9142759,0.76747078,0.3571732908,-0.09553279863,0.4188995,0.42544059,75.25694103,79,66.40394804,5745.118658,0.2131338647,-0.7278394759,32.43971119,0.00252422974,1,3699.879541,14.8925347,1046.812167,1295.289958,1349.586265,1185.880733,182.098418,5783.003793,0,2,1,13.209939,0.9889154516,0.1835779,34.68880742,34.62306,0.06574910090820651
225.75362,867,40,-0.010329245,0.38189846,-0.46125117,76.2163,0.66460466,0.61810154,-0.02697646003,-0.1195281191,0.450921925,0.3038861475,2738.547515,124,23.8800813,8111.611495,0.3858431828,-35.15485755,-12.56028881,0.1249744437,1,2317.472551,77.34706032,0.0,2532.722907,1091.444566,1274.690405,623.9151638,1177.296158,0,1,0,15.986822,0.987331914,0.0506366,35.93125769,35.32277,0.60848852496094
180.0,854,50,-0.032161556,0.22739401,-0.28133705,4.2471795,2.3174627,0.77260599,-0.1408161098,-0.09282200217,0.249175494,0.370222217,138.0242303,137,75.3125705,5849.614188,0.2347073552,-1.194888951,-25.56028881,0.005960080622,79,6129.612057,0.0,864.1178351,1266.438122,1014.648779,396.2815159,74.73521729,3510.009841,0,0,1,54.90807,0.9873105631,0.2394326,32.4978566,32.63754,-0.13968230991211072
90.0,889,20,0.12973091,0.4646539,-0.54545456,22.155718,1.4282062,0.5353461,0.2785994276,-0.1608574293,0.67518547,0.332538505,757.650504,102,48.83981405,3077.695129,0.4043739267,-12.08493741,9.439711191,0.03557518899,1,1131.247032,0.0,1591.727551,0.0,3269.247396,2948.79017,2055.023217,11731.92105,0,0,0,2.3592374,0.9880532116,0.141809,34.19661254,33.991108,0.2055045993261686
350.28677,911,40,0.05239588,0.35786095,-0.45196706,50.790367,2.82066,0.64213905,0.1460060784,-0.1246554001,0.50436294,0.347267465,1783.904776,80,99.06974772,12303.08578,0.3391105106,-22.95557285,31.43971119,0.08292792149,1,2460.861244,100.7658444,364.8420162,1379.870492,1018.253147,474.4653011,418.7856207,1189.727645,0,0,2,6.5219994,0.9881852561,0.1943488,35.12289596,35.293858,-0.1709616144628896
207.16466,863,40,0.020046957,0.31794995,-0.38489026,68.84959,2.0840368,0.68205005,0.06285298681,-0.1157304511,0.404937217,0.3510485035,2335.125752,128,70.68289005,7026.265988,0.311576021,-26.4995366,-16.56028881,0.1127922148,22,4428.507237,280.6393617,1014.809243,1770.009409,4615.59766,2365.330676,429.2304662,7437.348638,0,0,0,13.9106455,0.9882656761,0.1632761,33.9163349,33.90099,0.01534536752929938
90.0,887,10,-0.01849346,0.3480597,-0.3797739,2.6329474,4.7457995,0.6519403,-0.05298079383,-0.1139645412,0.36128044,0.31672342,89.37642126,104,161.0980057,3055.084926,0.3544965281,-0.9999247026,7.439711191,0.003290646789,10,3092.537933,117.8647683,783.6025857,3609.150476,2806.493018,847.0437099,280.4225144,2579.7273,0,0,2,17.423555,0.9888393411,0.1360738,33.94538807,33.903435,0.041953316582031164
290.0736,855,20,0.13945682,0.16915423,-0.29032257,1.9627213,4.0466576,0.83084577,0.8195906737,-0.06633348048,0.42977939,0.485151295,73.44129479,136,151.4182241,10854.00192,0.145564519,-0.569822292,-24.56028881,0.002182302935,1,2512.727984,276.2660513,783.3732382,4944.39111,5719.809933,2168.471659,538.2628637,10122.174,0,0,0,5.881391,0.9873963106,0.2636495,37.41809639,37.341896,0.07620033287109607
107.986786,875,40,0.109899774,0.22744907,-0.35710457,91.96154,1.5014342,0.77255093,0.4810690365,-0.08420935087,0.467004344,0.441225352,3408.335824,116,55.64708868,4002.273464,0.2024524686,-32.8398862,-4.560288809,0.1510121345,13,6103.754547,1279.384927,308.2800578,5017.5336,1052.073352,1323.833759,618.8970594,2893.451694,0,0,0,19.80196,0.9877316993,0.1838847,37.06262231,36.969322,0.0933001054101581
90.0,914,40,0.11214333,0.2971401,-0.42075923,40.33267,1.428455,0.7028599,0.3761430616,-0.08501593187,0.53290256,0.407501615,1560.868436,77,55.28099979,3482.98685,0.2638178197,-16.97034317,34.43971119,0.06563416913,1,1477.046791,288.2531597,288.2531597,4794.713746,7372.14093,2479.159462,1409.159545,2501.59032,0,0,0,2.9045737,0.9875695605,0.2259696,38.69985389,38.550293,0.14956092124999998
295.95654,914,60,0.09647424,0.34525526,-0.4597809,116.022385,1.0594102,0.65474474,0.2786217313,-0.1541751355,0.55625514,0.37560949,3740.141467,77,34.15154774,9540.566916,0.3119470212,-53.3448766,34.43971119,0.1908012291,1,3292.040459,0.0,359.6577843,2894.106835,6301.080584,2578.829288,674.6192333,1973.96979,1,2,0,96.11755,0.9875122902,0.2227308,32.23637807,32.672554,-0.4361759461132806
90.0,868,50,0.12029417,0.18100612,-0.27318802,2.9557428,0.47587627,0.81899388,0.6609347532,-0.05985788223,0.39348219,0.469644025,111.9419398,123,18.0227159,3408.542375,0.159232139,-0.8074735232,-11.56028881,0.003824449185,2,3765.469674,1028.119213,1080.528364,4912.364354,5837.893899,2284.942838,480.4926878,10089.79112,0,0,0,11.013533,0.987685139,0.1918064,37.87269305,37.74522,0.12747286567383043
45.743332,899,50,0.08651087,0.2258597,-0.26160815,13.579502,1.3287855,0.7741403,0.3813408463,-0.07338847662,0.34811902,0.430325585,473.8416303,92,46.36649324,1596.162732,0.2063203809,-3.552508396,19.43971119,0.02139281636,217,6894.708597,0.0,469.1477588,3445.116955,159.7856438,334.5551901,385.2478968,620.7325269,1,3,0,79.963425,0.9875112,0.1521999,34.89388862,34.748425,0.1454640899707016
210.38068,803,50,0.065663755,0.2034564,-0.27242523,2.1831608,3.7575314,0.7965436,0.3211626293,-0.07745973751,0.338088985,0.4311036775,75.77601708,188,130.421343,7302.169406,0.1900966888,-0.5947480831,-76.56028881,0.002546840761,1,4241.112434,221.0362731,175.2553669,2047.800079,287.4102087,1205.664606,231.148597,5027.224907,0,0,0,5.2724566,0.9874407654,0.1960403,34.70931554,35.192844,-0.483528850869142
76.32007,901,30,0.19856273,0.25827813,-0.42460427,113.975266,1.9601222,0.74172187,0.7658290732,-0.0969994693,0.623167,0.4701423,4264.932274,90,73.34739128,2855.882168,0.2069937194,-48.39438462,21.43971119,0.187415936,3,2917.350433,0.0,444.7477988,1960.973525,6008.956036,1690.664686,827.0212874,2946.347606,1,0,0,86.00938,0.9874957372,0.2234945,37.4198054,37.217594,0.2022112532714857
247.34418,896,40,0.04396232,0.32214764,-0.39367458,88.91545,3.6070025,0.67785236,0.1360440695,-0.1265563751,0.4376369,0.36090734,2926.031318,95,118.6993068,8139.606975,0.3079852824,-35.00375243,16.43971119,0.1459748566,10,2473.394865,18.49350724,96.57528718,2277.808927,288.9844724,1206.965704,209.2628157,1019.504564,3,0,1,36.96772,0.988474964,0.1568434,32.908019,32.75584,0.15217869848633114
307.9572,922,30,-0.013480663,0.5317301,-0.5797451,14.2488165,3.0130925,0.4682699,-0.02530486451,-0.174565386,0.566264437,0.2273946185,482.9754159,69,102.1312615,10438.46391,0.5388981743,-8.260681547,42.43971119,0.02249965271,1,573.7078447,195.4680397,832.5222218,1854.021671,2256.960968,663.4238659,1196.120448,8242.126229,0,0,0,7.4183764,0.9882638711,0.1549273,33.89582678,33.931812,-0.03598550637695297
21.528643,822,20,0.18705338,0.42572796,-0.5109375,1.5881112,6.4534025,0.57427204,0.4383433886,-0.1472393407,0.69799088,0.38066271,54.82641608,169,222.7910304,743.2340624,0.3460941061,-0.8114255663,-57.56028881,0.00156281527,2,1390.796642,0.0,780.643061,0.0,3150.366881,410.2194182,730.808223,3308.731223,0,0,0,12.7190895,0.9883931784,0.1416501,34.52303345,34.52712,-0.004085232861328336
207.17659,862,20,0.10341054,0.46005347,-0.5343321,3.410548,1.0424746,0.53994653,0.2242918593,-0.1405185585,0.63774264,0.321678535,121.909955,129,37.26322914,7405.522154,0.4124790922,-1.822365275,-17.56028881,0.004576554404,1,0.0,186.9848123,589.3286585,2725.988144,1996.66353,2820.209778,1576.847715,12977.52057,0,0,0,3.2587051,0.9881194808,0.0665006,35.7449756,35.597294,0.1476817462402309
270.0,901,50,0.01080784,0.36363637,-0.46103895,71.72447,2.379173,0.63636363,0.02964004935,-0.1529398961,0.47184679,0.323585735,2324.640071,90,77.11065543,8750.888214,0.3597062463,-33.06777434,21.43971119,0.117546365,1,4854.349969,289.2779929,198.738906,1510.197422,456.2890593,729.5126239,466.7712608,3390.267227,0,0,0,32.71651,0.9885846092,0.1716447,32.41069709,32.560802,-0.15010536971679755
37.59624,910,50,0.0063990694,0.21393035,-0.27036074,104.47766,2.3398726,0.78606965,0.02977275848,-0.08780963931,0.2767598094,0.3962343597,3421.368804,81,76.62467861,1231.178059,0.2125613948,-28.24665747,30.43971119,0.1717098732,7,5569.977448,29.80026204,328.0188897,1218.571853,835.7327999,117.0511705,135.9643457,2012.311418,1,1,1,34.80422,0.9872693257,0.10508,32.74737206,32.64201,0.10536232489257458
58.644905,804,30,0.13990921,0.32275468,-0.48750892,3.5284615,4.4472203,0.67724532,0.4321457531,-0.09501566323,0.62741813,0.408577265,137.7750702,187,173.6496457,2289.894875,0.2775983277,-1.720156455,-75.56028881,0.004771546368,1,1260.781247,0.0,240.8972608,0.0,2550.155098,3007.945756,813.502135,1381.892848,0,0,0,2.9213314,0.9881144518,0.1549286,39.04678292,38.794025,0.25275749885742016
90.0,899,10,-0.038643196,0.43475682,-0.4541629,1.8527515,1.9023535,0.56524318,-0.08868064532,-0.1499867565,0.415519704,0.263299992,60.18195522,92,61.79315098,2923.422796,0.451557213,-0.8414509942,19.43971119,0.002000447362,27,3297.2387,0.0,526.9289133,610.4717652,583.5069025,172.4649264,353.2518827,205.8902379,0,0,7,24.462664,0.9878567015,0.1470469,32.48247551,32.612156,-0.12968040430664018
219.36766,888,40,0.06807187,0.41500524,-0.51986474,12.30398,2.9965563,0.58499476,0.1636322417,-0.1552709784,0.58793661,0.326533315,418.5044809,103,101.9241123,7461.51641,0.3867550573,-6.396405364,8.439711191,0.01928350285,1,789.0213658,67.99281101,814.9276112,6331.781534,2434.827841,418.5944681,2270.414621,1269.334117,0,0,0,9.389228,0.9884016582,0.148734,34.01374847,34.003483,0.010265651396487385
21.046091,907,50,0.08722657,0.12554112,-0.18305916,452.48898,3.9687781,0.87445888,0.6893140348,-0.05573322663,0.27028573,0.480842725,15264.02381,84,133.8806603,709.9576968,0.1145905987,-82.83225259,27.43971119,0.7472114952,162,6055.242896,0.9843552106,337.3066735,4415.037441,265.6221822,320.0559955,71.38219571,1420.076799,5,0,3,51.375465,0.987281474,0.148729,33.73347083,33.52028,0.21319189933593918
252.00769,879,60,0.039915595,0.0880829,-0.13348557,1.9773214,1.5009887,0.9119171,0.4480724696,-0.04266292097,0.173401165,0.4759163475,65.24883109,112,49.53052051,8315.900085,0.08456701864,-0.2639438742,-0.5602888087,0.002206446924,194,5188.943847,0.0,201.3563431,2167.264468,752.5613589,750.3400101,741.0017106,3124.963755,0,0,7,51.795284,0.9871820486,0.3075182,32.99859653,32.895565,0.103031497041016
29.229572,849,10,-0.042927794,0.5075779,-0.5158137,3.8643024,5.825352,0.4924221,-0.08440750965,-0.1540973834,0.472885906,0.224747153,131.4262016,142,198.1221465,994.1074026,0.5293670995,-1.993260119,-30.56028881,0.00532692193,27,3354.79938,0.0,904.1661874,44.28456779,2212.98964,322.6906182,395.2549874,2629.523988,1,0,2,33.009113,0.9881625735,0.1631652,34.01033045,33.924984,0.0853464717285135
45.72164,878,10,-0.10225225,0.59830177,-0.6167823,14.467248,0.66422415,0.40169823,-0.1706189688,-0.1996056161,0.51453005,0.14972299,474.5802671,113,21.78905584,1499.842135,0.6594794722,-8.923142496,-1.560288809,0.02286086994,1,930.7317075,111.931039,964.3132606,7012.395177,520.9799494,564.9170295,482.1587307,1063.686383,0,1,0,45.55472,0.9886074038,0.1311491,32.80376939,32.830986,-0.027216632949219388
198.87259,884,10,0.10884487,0.3031259,-0.3356849,14.649682,1.4699557,0.6968741,0.3578941156,-0.1141006301,0.44452977,0.402859485,468.9979487,107,47.05946572,6366.748217,0.2701322008,-4.917677037,4.439711191,0.02316255858,5,1082.423436,0.0,735.6577998,6935.194038,985.2012102,646.3887581,972.8412455,436.2897193,0,1,2,14.202129,0.9880860702,0.1297723,32.01420677,32.455235,-0.44102775758788937
239.69476,898,40,-0.038495034,0.5097493,-0.55219996,79.35974,2.7549467,0.4902507,-0.07536972444,-0.1666021392,0.513704926,0.225877833,2687.658348,93,93.3011562,8117.688172,0.5293721166,-43.82244525,18.43971119,0.130172708,67,2859.101403,36.01313026,117.017709,2406.196547,1228.446312,507.5203083,527.7645885,2096.014099,0,3,7,39.29748,0.9891860539,0.1774223,33.86677361,33.534077,0.3326969193261746
68.69466,886,40,0.050131924,0.4676762,-0.5291262,12.5607,2.551007,0.5323238,0.1069649451,-0.1580557969,0.579258124,0.291227862,427.215024,105,86.76495075,2336.445487,0.4442306923,-6.64619546,6.439711191,0.01970803725,1,800.9635603,455.9710673,121.7065715,5012.745363,2347.334061,675.5853268,1148.20188,3483.114058,0,0,0,8.226526,0.9887196413,0.1827783,34.01203946,34.096786,-0.0847470390234406
332.85275,879,10,0.090005524,0.38139144,-0.48157027,13.386896,3.1238477,0.61860856,0.235375363,-0.1460393827,0.571575794,0.354307042,452.3643293,112,105.5597406,11247.61939,0.3470641036,-6.446731121,-0.5602888087,0.02107430642,1,387.8652273,463.6690896,235.2901354,7650.373805,1840.889683,756.9522075,1487.104907,1073.063047,0,0,0,8.225737,0.9889848719,0.1323499,33.79157717,33.923843,-0.132266213789066
27.158058,908,50,-0.04600607,0.30495113,-0.33915856,22.77408,3.1241498,0.69504887,-0.1503706491,-0.1156279259,0.29315249,0.3245214,727.9653933,83,99.86234078,868.0976959,0.318980733,-7.724024178,28.43971119,0.03659776588,433,7317.173003,189.7598917,1470.330152,4528.020627,130.3491862,439.5729086,153.0298855,1885.332426,0,0,0,58.188213,0.9873586967,0.1441762,31.96464548,32.0319,-0.06725301853515475
134.23991,891,20,0.050616197,0.46138212,-0.54956895,2.8222704,3.3198373,0.53861788,0.1094683268,-0.1546343907,0.600185147,0.2946170385,98.36423007,100,115.7058657,4678.646452,0.4380287117,-1.55103218,11.43971119,0.003603727679,1,0.0,0.0,374.8616109,5373.714078,5008.563513,2703.964361,2055.7683,15400.44348,0,0,1,5.870246,0.988522729,0.1225153,34.85287238,34.673626,0.179246433955079
260.76907,886,10,-0.033088237,0.46566212,-0.5336568,14.1597595,2.8884752,0.53433788,-0.07090405581,-0.1805646492,0.500568563,0.2506248215,454.378232,105,92.68944535,8367.923832,0.4810700586,-7.556451944,6.439711191,0.02235238036,1,202.6022545,8.87568827,689.3578633,6856.639753,684.7968261,858.6213848,787.1994766,724.2409254,0,1,1,15.143557,0.9892354421,0.1761844,32.08940321,32.091354,-0.0019511601171871007
152.84174,816,10,-0.012720558,0.4862993,-0.54830617,0.8823438,3.1241558,0.5137007,-0.02610419921,-0.152675425,0.535585612,0.250490071,30.87737441,175,109.3289581,5348.653928,0.4924852985,-0.4837945496,-63.56028881,0.0003956972479,1,473.9607466,3.799269887,167.1765254,2075.053072,2796.254671,2645.593173,1105.28504,6679.920801,0,0,0,6.376908,0.9885005708,0.1349778,34.99472021,34.98246,0.012260188027340746
180.0,899,40,0.05028687,0.39410454,-0.50965667,52.64078,0.46373534,0.60589546,0.1272748473,-0.1279053354,0.55994354,0.328091165,1912.320991,92,16.84646057,6538.994642,0.3742862562,-26.82872464,19.43971119,0.08598792449,1,1267.984002,0.0,252.7483976,1219.351547,2772.738051,2219.588494,265.8077455,2945.013375,0,2,0,6.18759,0.9885045196,0.1872752,36.32774801,36.24263,0.08511800511718803
101.03577,916,40,0.023804508,0.59353507,-0.6253946,12.146393,2.4211948,0.40646493,0.04003886264,-0.1880463256,0.649199108,0.215134719,411.9611328,75,82.11805369,3426.763012,0.5794062597,-7.596288592,36.43971119,0.01902290335,1,12.49866006,359.6480123,756.3866277,480.0260719,1603.546832,803.5399784,439.632157,9448.140515,0,0,0,11.559104,0.9882375087,0.1598367,33.9163349,33.87196,0.04437521372070563
0.0,888,50,0.0652221,0.15656836,-0.22036774,15.432924,0.0,0.84343164,0.4139289131,-0.06748026407,0.28558984,0.45432687,519.2873405,103,0.0,0.0,0.1463566428,-3.400918583,8.439711191,0.0244577953,43,3733.578029,8.504873374,155.0960313,3595.401766,94.37866276,413.0634739,225.2564253,8196.879061,0,0,6,23.172256,0.9874968439,0.1635365,33.64802033,33.87502,-0.22699874348632676
22.324621,889,50,0.015625,0.28244275,-0.33687,77.65833,2.5050087,0.71755725,0.05512577055,-0.1019681358,0.352495,0.366591125,2626.320953,102,84.71669216,754.9946013,0.278029582,-26.16076163,9.439711191,0.1273591092,238,4411.861566,182.2941556,356.6773752,1326.237044,486.4030329,766.1105745,242.5175149,1691.543569,0,0,0,55.512398,0.9882301305,0.1762919,33.81892133,33.619053,0.19986844303711138
45.76685,882,50,0.10642935,0.2238806,-0.31656408,4.849916,1.9935712,0.7761194,0.4732704822,-0.08626182143,0.42299343,0.441274375,171.1222192,109,70.34025496,1614.816615,0.2000531333,-1.535309197,2.439711191,0.006956817836,1,5343.111604,0.0,237.5162448,4129.634491,2931.709263,248.313898,66.93803807,11072.79777,0,0,2,9.597819,0.9874143908,0.2213335,35.2835429,35.172512,0.11103084555664111
142.40576,891,40,0.021134594,0.35058102,-0.43690225,2.323136,2.33981,0.64941898,0.06011301179,-0.1158509941,0.458036844,0.335276787,82.79428335,100,83.38852832,5075.201299,0.3431716325,-1.014983345,11.43971119,0.002778315859,33,2356.136595,0.0,50.9042825,939.8652339,782.9558209,455.5400874,432.7217744,6588.781579,0,0,3,40.031715,0.987677928,0.247132,35.63901698,35.190117,0.4489000976757822
270.0,924,10,-0.0047046524,0.38772562,-0.3882268,174.33995,2.3782394,0.61227438,-0.01210275875,-0.1392377312,0.3835221476,0.3037848638,5422.84649,67,73.97516852,8398.353632,0.3895497343,-67.6834409,44.43971119,0.2872401991,186,8327.671657,4.057855699,366.2480131,3373.639469,58.80065351,13.38033137,61.62601325,1114.387923,8,0,12,42.372013,0.9891251966,0.1186692,31.10501345,31.35823,-0.2532171408203112
0.0,904,30,0.13371933,0.13470566,-0.31574538,12.574031,1.8543341,0.86529434,0.9853629539,-0.08725148391,0.44946471,0.499506835,441.3140454,87,65.08204754,0.0,0.1166929094,-3.970192196,24.43971119,0.01973008254,1,606.3639922,0.0,214.7837995,2140.98776,2576.259329,582.7548056,1905.122142,3293.854836,0,0,0,11.051173,0.9882751675,0.1609333,35.09726081,35.071217,0.026044226748048516
0.0,897,40,0.14023983,0.31248412,-0.42754424,2.7761467,0.0,0.68751588,0.4473586413,-0.1092717043,0.56778407,0.413877855,100.2296332,94,0.0,0.0,0.2686614001,-1.186925531,17.43971119,0.003527453539,16,1877.713602,0.0,796.8900794,149.0034743,1222.166744,542.0783097,1156.706582,2609.489033,0,0,1,23.554667,0.9877020133,0.2360404,36.1038677,36.0955,0.008366753955080242
225.73822,860,50,0.08594337,0.10344828,-0.14789176,516.0208,1.9925494,0.89655172,0.822831836,-0.04611031303,0.23383513,0.491247545,17223.74059,131,66.5073074,7534.689574,0.0945575862,-76.31522431,-19.56028881,0.8522732083,706,7118.172198,160.2196578,167.1670689,6062.431047,214.9366265,875.2207067,343.5018626,1624.088354,0,1,0,63.847126,0.9873284323,0.1439688,33.37799675,33.147305,0.23069221508789184
45.74911,875,10,-0.019954087,0.24348763,-0.26722246,3.1474571,1.3289231,0.75651237,-0.08161593697,-0.1068565785,0.247268373,0.3682791415,91.60822371,116,38.67893374,1331.549429,0.2483462034,-0.841071229,-4.560288809,0.004141484535,9,857.7997098,156.225232,0.0,2163.605167,1682.211406,815.7291113,884.3812236,3858.561161,0,1,0,25.230227,0.9887187589,0.0581485,29.10547175,29.709095,-0.6036232512207036
342.8946,871,20,0.048242424,0.42504537,-0.48881304,3.1365564,4.840536,0.57495463,0.1132330672,-0.1455142977,0.537055464,0.311598527,106.8361318,120,164.8764046,11679.53896,0.404540151,-1.533189669,-8.560288809,0.004123458194,24,3029.229593,0.0,973.9683186,0.0,2859.736831,1418.682025,350.194857,2356.566435,0,0,1,33.374798,0.9884654732,0.1347099,34.06160075,34.142033,-0.08043187329101897
180.0,889,40,0.16891025,0.16017897,-0.31992874,3.1117241,2.7802885,0.83982103,1.047967052,-0.07128290934,0.48883899,0.50436564,117.2909851,102,104.7981012,6784.78446,0.1331231001,-0.9955299705,9.439711191,0.004082393355,1,2612.193588,0.0,800.8176476,329.1816595,5461.858265,2288.203601,833.3266577,7476.934722,0,2,0,7.2028403,0.9875916851,0.2067506,37.693247,37.892006,-0.19875892041015675
314.2448,877,40,-0.069690995,0.53599244,-0.56067145,6.2188916,0.6646231,0.46400756,-0.1297802163,-0.1943282507,0.490980455,0.1971582825,197.0735335,114,21.06157032,9958.258978,0.5733462865,-3.486754971,-2.560288809,0.009220674305,1,904.0977843,0.0,93.87905712,4655.183524,2690.841938,2521.902614,417.9178376,11516.43285,0,0,0,6.7464333,0.987843365,0.1644623,31.68949487,31.905813,-0.21631834716308518
66.5886,915,50,-0.009766793,0.21866731,-0.26935604,106.74688,4.65832,0.78133269,-0.04446174991,-0.09704128497,0.259589247,0.3857829485,3311.97129,76,144.5308949,2066.004472,0.2208029884,-28.75291688,35.43971119,0.1754624517,24,3804.670915,0.0,1253.485715,1119.496163,901.5580867,134.0381604,221.4970476,1691.708265,0,1,5,31.24021,0.9877552347,0.1777452,31.02639899,30.98001,0.04638991102050838
235.15816,895,50,0.032346062,0.16792098,-0.21954814,12.98208,4.0518246,0.83207902,0.1914863506,-0.06821954773,0.251894202,0.432212541,433.9814192,96,135.4495266,7861.16493,0.1624893976,-2.850191517,15.43971119,0.02040486766,46,3194.081437,37.491917,740.7453453,5582.957212,539.6782474,284.194993,299.0730691,3726.140189,1,1,1,58.054047,0.9878195794,0.1360163,33.42926705,33.37081,0.05845558759765623
270.0,917,50,0.019272886,0.18371662,-0.22584178,3.8571627,1.4268078,0.81628338,0.1043375848,-0.07599257498,0.245114666,0.417778133,124.1234214,74,45.91464752,8688.5948,0.1801758705,-0.8711084899,37.43971119,0.005315115105,22,2391.413671,12.30983087,354.213047,1800.705129,151.0111588,600.0727479,571.2737537,783.6802442,0,0,3,45.738796,0.9873416259,0.2040475,32.17998074,32.240173,-0.06019259984375225
225.75124,897,20,0.14761409,0.23550959,-0.37571976,3.328068,1.9930139,0.76449041,0.6241357486,-0.09551006783,0.52333385,0.45605225,120.3779471,94,72.08834732,8165.539536,0.2007450562,-1.25042091,17.43971119,0.004440158342,17,1541.314113,96.50278686,499.6437139,2127.809549,1856.975739,96.50278686,1077.49435,5854.92454,0,0,2,29.76034,0.9877716712,0.2145683,36.17051909,36.11821,0.052309251132811596
0.0,866,50,0.079849154,0.22693485,-0.28332952,8.298748,2.3174627,0.77306515,0.3503156889,-0.07899272279,0.363178674,0.426457152,290.2705379,125,81.05935311,0.0,0.2088142942,-2.351280287,-13.56028881,0.01266010476,1,2104.758317,151.3222559,709.4444693,2202.287539,2013.04534,1582.74818,584.3540013,3017.544444,0,0,1,15.412039,0.9877797332,0.2165922,34.97763011,34.751495,0.22613474867187477
122.99513,918,50,0.07389727,0.20466965,-0.26466754,7.901808,1.7026674,0.79533035,0.3593008011,-0.09093148335,0.33856481,0.43461381,251.5656712,73,54.20691914,3915.730733,0.1895451216,-2.091352085,38.43971119,0.01200369044,1,1053.289701,0.0,647.7229379,2057.146836,1724.308354,705.8420369,824.9485554,6917.111056,0,0,0,14.306992,0.9873783143,0.2025381,31.83646973,32.290962,-0.45449248923828023
230.9076,751,10,0.14070065,0.18313725,-0.28986746,3.1683846,3.6721387,0.81686275,0.7641074796,-0.06913035614,0.43056811,0.4787817,117.0171169,240,135.6221349,8528.049789,0.1573697199,-0.9184115963,-128.5602888,0.004176092059,1,754.0889103,379.0286816,1218.374596,2031.470637,1253.07221,1542.516264,627.9948282,1470.055885,0,0,0,13.470912,0.9873004472,0.2593068,36.93273755,36.977737,-0.044999876757813695
90.0,929,40,0.13223855,0.4012561,-0.5281583,24.421316,0.4763064,0.5987439,0.3287421869,-0.09940212444,0.66039685,0.365491225,961.5037164,62,18.75289496,3543.434534,0.3481945752,-12.89832074,49.43971119,0.03932177782,1,2751.149235,0.0,90.99128634,2598.891236,4181.830151,1852.473707,961.9874594,4827.450389,0,0,1,4.3361936,0.9879667791,0.1291282,39.37149482,39.024223,0.3472714923632836
303.02594,822,10,-0.049660906,0.54226935,-0.5502423,8.748722,1.7012602,0.45773065,-0.09141120514,-0.174697924,0.500581394,0.204034872,289.5926466,169,56.31364717,10030.50319,0.5691989372,-4.813916915,-57.56028881,0.01340422069,1,1341.039602,511.3248805,934.3798912,1629.486512,3151.386055,2895.552034,249.7323529,5307.127639,0,0,0,5.755162,0.9883960224,0.1736165,33.10113713,33.12493,-0.02379420544922084
134.2362,891,40,0.14019592,0.2034165,-0.37634963,11.4162445,1.3292726,0.7965835,0.6858346562,-0.08060484894,0.51654555,0.46838971,435.0953904,100,50.66117678,5116.00394,0.1748983366,-4.296499394,11.43971119,0.01781546664,4,1964.933358,0.0,794.6905029,623.3539855,4015.168709,695.5415421,637.8787495,7599.925879,1,2,0,18.145401,0.9882136826,0.1518177,38.11195445,38.085957,0.025997876513670803
225.7586,921,40,0.11592525,0.18195888,-0.34863773,56.89534,2.656869,0.81804112,0.6336136841,-0.08828167759,0.46456298,0.466983185,2060.656553,70,96.22746812,8176.608815,0.1608652513,-19.83586219,41.43971119,0.09302363293,23,3960.637948,0.0,907.179443,2048.830856,1590.983229,627.925628,1642.665092,2649.517579,0,0,2,17.740269,0.9883073611,0.1375174,36.21837137,36.237503,-0.019131681757812657
332.8225,856,10,-0.05180921,0.45052454,-0.48418915,54.848846,1.042483,0.54947546,-0.1147428443,-0.1729892659,0.43237994,0.248833125,1709.729844,135,32.49593068,10374.63142,0.4738658605,-26.55721612,-23.56028881,0.08963937343,23,1321.692676,38.88785267,393.0696443,3047.043235,5198.548327,839.1698266,585.3715133,7151.219666,0,0,0,9.631198,0.9883715019,0.1449089,31.17166484,31.075974,0.09569132925781076
214.36458,786,40,0.0042628776,0.44113111,-0.5086114,1.5761263,3.366923,0.55886889,0.009641659462,-0.1375540727,0.5128742776,0.2815658838,55.76754963,205,119.1307102,7584.790225,0.4392506221,-0.801635804,-93.56028881,0.001542996003,43,2952.295472,361.2585654,1550.981474,361.2585654,4559.00796,1836.058956,365.4400122,4874.60254,0,0,0,6.7040386,0.9885229454,0.1681753,35.38266548,35.21665,0.16601737819335938
180.0,886,50,0.07712305,0.0722376,-0.1414791,10.841521,1.8543341,0.9277624,1.053052667,-0.04423059696,0.21860215,0.502442725,361.4235743,105,61.81789975,6000.656492,0.06666641596,-1.533848634,6.439711191,0.01686505414,35,6282.788669,564.9740823,656.9276218,3883.443893,451.4787785,148.7764431,560.3659609,919.9809939,0,0,0,73.140045,0.9872735252,0.1950604,33.33698051,33.687893,-0.35091240381836286
219.37599,829,50,0.010267694,0.27551985,-0.33978656,6.2448325,2.9969134,0.72448015,0.03713185147,-0.1048385314,0.350054254,0.367373922,209.4218672,162,100.5021672,7356.823331,0.2726908965,-2.121910153,-50.56028881,0.009263572421,87,5317.08314,98.7052817,942.2943967,745.4563839,1394.518041,393.1372937,524.0501781,3294.800768,0,0,2,34.742096,0.987808824,0.1661588,33.53522567,33.224396,0.31082991804687765
145.62683,822,50,0.077511296,0.21353452,-0.3064238,10.190143,3.3672678,0.78646548,0.3612998785,-0.08924303494,0.383935096,0.431988388,350.2795378,169,115.7476405,5005.827563,0.1969831826,-3.122502341,-57.56028881,0.01578787914,104,3247.63059,0.0,545.7131586,2609.569899,1229.229642,391.1596038,370.594572,776.5305337,0,0,1,26.981297,0.9877857217,0.1812966,34.37434958,34.62248,-0.24812890510742136
14.386819,868,20,0.10886943,0.34656313,-0.4127942,5.240959,1.9143242,0.65343687,0.3132364184,-0.1055746207,0.52166363,0.38115315,189.1741061,123,69.09814966,519.2968737,0.3088329996,-2.163437478,-11.56028881,0.007603480366,1,1614.346291,0.0,490.1098883,170.0080766,2806.510541,840.8084798,1069.602225,5941.04256,0,0,0,8.034158,0.9886194769,0.1552939,36.09532265,36.18904,-0.09371848769531255
152.84912,762,40,0.1577276,0.2659772,-0.3797688,1.8844855,2.08378,0.7340228,0.5907905244,-0.09253807181,0.5374964,0.4458752,69.12577952,229,76.43620333,5606.736995,0.2240252546,-0.715668797,-117.5602888,0.002052925449,12,3416.048007,544.8516477,2407.319984,1874.461943,3312.538038,2469.989473,397.2843822,4659.756687,0,0,0,8.010105,0.9879552079,0.1797417,36.68151308,36.63767,0.04384447038086137
244.01318,928,50,-0.054466233,0.4556391,-0.48057508,2.558293,2.1158025,0.5443609,-0.1192763235,-0.1506146966,0.426108847,0.2449473335,85.18957662,63,70.4549163,8125.488165,0.4804560454,-1.229451863,48.43971119,0.003167191816,3,4996.918784,67.69273385,533.7626508,3132.373498,1973.625004,506.6636291,298.3828965,2843.961387,0,0,2,38.385387,0.9882581773,0.1592227,33.29938229,33.238857,0.06052502071288757
283.69424,922,50,0.05050012,0.2034632,-0.29259384,22.25474,1.9581149,0.7965368,0.246988798,-0.1002992579,0.34309396,0.42351846,709.349095,69,62.41308738,9042.489483,0.193188284,-6.511599835,42.43971119,0.03573894033,495,7529.644333,112.0241622,1057.714604,3366.083137,92.41039163,306.9112915,129.4249443,848.2584746,1,0,8,50.292076,0.9873524814,0.1756392,31.87406795,31.827532,0.04653613542480528
314.2778,882,50,0.025934538,0.33349657,-0.37247983,15.252,1.991979,0.66650343,0.07753304615,-0.116789592,0.398414368,0.346218984,507.7779154,109,66.31805299,10463.10819,0.3248474905,-5.681062367,2.439711191,0.02415860373,1,3052.626762,0.0,1040.810812,6874.804503,3404.851244,294.5800284,710.9641587,7703.887141,0,0,1,12.612081,0.9877199476,0.1983322,33.29254625,33.57606,-0.283514998779296
134.23784,918,40,0.14799447,0.32107842,-0.47671232,39.98999,0.6647064,0.67892158,0.4594982489,-0.1260712479,0.62470679,0.413458025,1426.570798,73,23.71220247,4788.692935,0.2735605894,-19.06372091,38.43971119,0.06506748384,91,2522.298525,73.53238224,852.9601077,2254.61599,2103.698545,1414.976185,941.9624,5910.524844,0,0,3,8.711006,0.9877981737,0.1732931,35.67319718,35.656418,0.016779333320315004
161.10678,923,50,-0.07317073,0.36582536,-0.40077358,450.99603,1.4701366,0.63417464,-0.1994702057,-0.132383242,0.32760285,0.280501955,14647.92599,68,47.74865115,5232.59637,0.3925930686,-180.7472935,43.43971119,0.7447426239,110,3938.056421,0.0,856.2077866,837.5801915,305.1129203,65.0588408,218.5422399,1416.666029,3,1,6,42.13151,0.9878367157,0.1459632,32.47905749,31.94472,0.5343381754248071
302.99,902,40,0.12947252,0.22090015,-0.3371105,38.799583,1.702903,0.77909985,0.5834719805,-0.08821373362,0.46658302,0.454286185,1389.343576,89,60.97790648,10849.52924,0.1922996509,-13.07974682,22.43971119,0.06309892386,1,2099.115571,0.0,17.12818786,3070.090529,1892.717302,1072.844357,851.1430505,5626.489463,0,0,2,4.983638,0.9878147719,0.1715959,35.80820897,35.79859,0.00961735623047133
45.75485,894,40,0.08298887,0.30027053,-0.37007126,1.6066682,0.66461927,0.69972947,0.2754629535,-0.1086273887,0.45306013,0.39135917,55.04969658,97,22.77202546,1567.710502,0.275351418,-0.5945817252,14.43971119,0.00159350273,1,2629.090186,14.8116192,309.1523273,677.8090165,1763.369894,560.3732149,309.4913715,7917.996464,0,0,1,12.673304,0.9879767781,0.2140741,34.26326393,34.23134,0.03192542902343831
291.29587,873,40,0.006180057,0.35566187,-0.39344263,6.876421,2.5520883,0.64433813,0.01732749565,-0.1181772378,0.399622687,0.3252590935,233.3287644,118,86.59673538,9884.16873,0.3534638594,-2.705477163,-6.560288809,0.0103080218,1,2168.269747,97.52589012,218.2193021,1962.60495,135.1552154,44.2774642,241.4690488,4136.545984,0,0,1,8.120772,0.9877959714,0.2110987,33.93171599,33.935947,-0.0042314282128899094
52.075012,880,40,-0.037404716,0.5247525,-0.56094956,62.56165,3.015263,0.4752475,-0.07114510345,-0.1525391392,0.523544844,0.218921392,2209.107357,111,106.4716112,1838.814867,0.5443807182,-35.09393004,0.4397111913,0.1023939333,1,1631.622864,1455.319363,989.6283093,4168.536262,838.6764479,2984.837816,314.0988408,3971.308335,0,0,0,7.023441,0.9887337049,0.16504,35.31088706,35.243153,0.06773444159179576
233.83984,860,50,0.01755755,0.28273052,-0.35158348,11.698599,2.3565207,0.71726948,0.06188107645,-0.1072518661,0.36914103,0.367413515,394.2944667,131,79.4251579,7881.435633,0.2777664648,-4.113034148,-19.56028881,0.01828239246,4,1770.618567,221.7123698,838.2537646,1605.767873,2563.60931,1223.941478,273.4050848,2331.793535,0,0,0,16.950886,0.987531441,0.147621,33.70441766,33.62742,0.07699914193359092
322.40732,899,50,0.09869494,0.24227093,-0.3325294,11.363684,2.339761,0.75772907,0.4056996864,-0.1121258072,0.43122434,0.428212005,365.2947193,92,75.21349042,10364.0414,0.2183600151,-3.778759022,19.43971119,0.01772854805,29,5583.143633,0.0,838.5134959,832.3263824,266.235425,109.5782225,120.382318,5356.229338,0,0,2,66.0712,0.9874840291,0.1585926,32.14580054,32.40342,-0.25761895462890294
180.0,942,50,0.027222222,0.42938775,-0.4364233,402.64014,1.3909631,0.57061225,0.06325045729,-0.1524788566,0.463645522,0.298917236,12705.10148,49,43.8911216,5679.806954,0.4176988613,-175.7215386,62.43971119,0.6647771414,42,9112.988644,0.0,375.4795629,3028.696107,299.7311931,142.0537008,112.1054841,882.6904958,9,1,10,46.283783,0.9877351195,0.1085512,31.55448308,31.61942,-0.06493601790038994
90.0,926,50,0.0652452,0.06381946,-0.1395893,2.9336739,0.47566262,0.93618054,1.006568089,-0.04101313801,0.2048345,0.50071287,100.4771337,65,16.29125059,3082.463267,0.05965554657,-0.4095094861,46.43971119,0.003787954143,82,6066.355526,0.0,400.2526045,685.9693367,1012.747426,499.50715,1246.563909,1428.194369,0,0,3,33.26726,0.9874223157,0.2282222,34.24959185,33.088387,1.1612053143554704
115.95655,885,10,0.008605852,0.54285717,-0.57162344,26.741972,1.0594102,0.45714283,0.01582373549,-0.1659159257,0.580229292,0.232874341,920.5175583,106,36.46723176,3991.479771,0.5381854215,-15.28633803,5.439711191,0.04315941532,1,0.0,131.390759,177.5314886,405.2165524,9862.346154,4006.279994,1048.44062,8604.49264,0,0,0,1.4555359,0.9884260791,0.0979425,34.42220186,34.08905,0.33315156703125126
99.2232,902,50,-0.03343465,0.43510377,-0.46709818,465.62967,2.8908749,0.56489623,-0.07666673003,-0.1314128042,0.43366353,0.26573079,16229.32723,89,100.7602345,3458.3831,0.4496513123,-217.4947714,22.43971119,0.7689420768,14,4018.391214,0.0,1658.026136,3812.732802,579.5959065,1416.587184,96.19759703,1468.133834,0,1,0,45.566864,0.987519258,0.1597604,34.85458139,34.902924,-0.048342193984375115
314.26135,813,20,0.066893905,0.4517733,-0.4802298,1.3871034,0.66442657,0.5482267,0.147742601,-0.1277968257,0.547123705,0.3075603025,49.37099614,178,23.648851,11185.46454,0.4215524198,-0.6661283884,-66.56028881,0.001230411385,1,958.5601012,60.18022336,826.0882267,2069.684701,2592.047428,1080.120635,1211.40477,6992.350876,0,0,0,5.4623895,0.9889636471,0.1549065,35.59287371,35.689835,-0.09696088472656328
225.74019,912,50,0.14042553,0.080213904,-0.1406292,546.284,1.3287109,0.919786096,1.729082375,-0.04257240691,0.28105473,0.530105813,18473.80202,79,44.93329862,7633.903934,0.06894982402,-76.82348189,32.43971119,0.9023190536,162,9638.984885,0.6117089918,188.7210181,4673.279762,280.2711493,579.1473531,545.4322937,335.6807801,0,0,0,73.899254,0.9871647143,0.2079754,33.81721232,34.187344,-0.3701312774121064
8.340099,853,40,0.08142589,0.34950384,-0.4121719,1.5429441,3.2773366,0.65049616,0.2323109784,-0.1076085933,0.49359779,0.365961025,55.29489218,138,117.4507709,298.8863141,0.3210451788,-0.6359582013,-26.56028881,0.001488123046,1,4025.339949,1145.952181,804.2246907,5396.374113,5846.140692,2770.905915,228.9773153,10563.17881,0,0,0,6.473709,0.9883663153,0.1733627,35.83726214,35.957146,-0.11988355091796876
0.0,770,40,0.093397744,0.25041643,-0.3611363,2.358878,3.2427514,0.74958357,0.371486239,-0.07401240579,0.454534044,0.421490657,90.95766356,221,125.03957,0.0,0.2270281004,-0.8518764731,-109.5602888,0.002837421922,1,2441.319838,0.0,328.7478104,1442.22503,1540.462777,123.5252987,812.0666723,3531.853376,0,0,1,12.043117,0.9877886184,0.1643532,38.55971507,38.467377,0.09233836101562787
0.0,897,40,0.10192238,0.30487484,-0.45347813,53.69751,2.3174627,0.69512516,0.3332159651,-0.1462930434,0.55540051,0.39852377,1764.142053,94,76.13636842,0.0,0.2738012707,-24.35064642,17.43971119,0.08773542463,14,1888.596791,163.3718509,168.0736995,1112.420461,1215.015129,873.2705691,418.2038014,8406.464188,0,0,0,10.532461,0.9877923913,0.1856477,32.85333068,33.132473,-0.27914231194336026
71.994026,795,10,0.08037383,0.36628714,-0.4539007,1.5297426,1.499888,0.63371286,0.2188310486,-0.09902175877,0.53427453,0.357043345,58.00605926,196,56.87400757,2729.929688,0.3368472397,-0.694351237,-84.56028881,0.001466291904,1,3014.372873,466.8412355,533.7364534,3613.981598,1804.925992,2372.12077,134.8944432,6834.094842,0,0,0,6.161094,0.9878605717,0.1787807,37.91883632,37.69965,0.2191865092089813
270.0,910,50,-0.06778607,0.50614035,-0.5127753,89.847694,2.8542926,0.49385965,-0.133663334,-0.1769505151,0.44498923,0.21303679,2853.830714,81,90.66084533,8576.005221,0.5404496152,-46.07167825,30.43971119,0.1475164959,9,5205.090738,0.9308771819,426.9528272,1191.342564,934.3847913,168.8964281,158.8132141,2110.29935,1,1,3,34.80422,0.9882442751,0.1154345,31.7629823,31.79347,-0.030488082690428797
207.15155,903,40,0.0747597,0.46011236,-0.51988304,3.596876,1.0422409,0.53988764,0.1621290308,-0.1454388497,0.59464274,0.30732367,125.6442267,88,36.40702428,7236.111643,0.425714498,-1.869954829,23.43971119,0.004884682503,1,1457.195141,84.45580823,62.96133083,3737.134329,2097.147391,777.8939061,1440.013602,3188.854668,0,0,0,15.304958,0.9886734961,0.1403359,34.93148684,34.90879,0.02269625162109179
332.8275,864,40,-0.018756896,0.4011128,-0.47930574,7.4881086,1.0424364,0.5988872,-0.04664585659,-0.1605702572,0.460548844,0.290065152,241.5046751,127,33.62040771,10734.27237,0.4086364311,-3.589093434,-15.56028881,0.01131956132,1,740.2246833,0.0,95.79679159,3313.865344,917.3926531,731.8969993,674.296362,9759.619759,0,0,1,5.888492,0.9866961126,0.037057,32.25175916,32.128845,0.12291394515624887
207.15868,916,50,0.011537556,0.2423794,-0.29527923,534.6738,1.0423074,0.7576206,0.0474056391,-0.0967456442,0.306816786,0.384579078,17435.14707,75,33.98854181,6755.225433,0.2395829341,-157.878068,36.43971119,0.8831194226,349,6728.006653,44.07071473,709.0468723,4615.142608,250.5360095,101.7213585,72.93899742,1236.527781,0,0,1,62.482185,0.9877479867,0.1996389,32.60894225,32.658314,-0.04937150122070477
145.60332,912,40,0.17211464,0.29961088,-0.44198596,19.624922,1.685562,0.70038912,0.572549603,-0.09583063551,0.6141006,0.43625188,745.4286943,79,64.02401399,5530.564285,0.2480434612,-8.67393999,32.43971119,0.03139004581,1,3069.337438,215.9702538,215.9702538,5898.435825,6703.128452,3556.385881,1117.126989,1364.194121,0,0,0,2.248555,0.9877122922,0.1959045,37.9837787,38.095108,-0.1113293322265605
64.043045,895,40,0.028972248,0.4281229,-0.5260005,54.98843,1.0593946,0.5718771,0.0675150359,-0.1391801309,0.554972748,0.300424674,1961.237203,96,37.78475039,2284.182371,0.4157192172,-28.92394167,15.43971119,0.0898702016,1,152.0907439,0.0,268.7185375,2982.271816,5602.850445,2144.432433,587.2249846,1961.874682,1,0,0,50.339287,0.9884855108,0.1712964,35.66636114,35.167347,0.4990141856542962
139.47656,905,50,0.0835453,0.24773575,-0.32279018,12.311599,3.6555052,0.75226425,0.3358797439,-0.08380673289,0.40633548,0.417904775,442.0766672,86,131.2594372,5008.231083,0.2270385924,-3.974063257,25.43971119,0.01929610229,4,4240.752216,0.0,644.7908104,2951.844391,3273.978919,639.618117,713.8123305,3645.630483,0,0,5,25.993612,0.9873932427,0.2069467,35.90733155,35.783924,0.12340744721679897
252.00111,880,50,0.030886302,0.15528281,-0.2217833,10.363037,1.5004586,0.84471719,0.1976308335,-0.07205576636,0.252669602,0.437801746,339.3090967,111,49.12838314,8251.082091,0.1504866982,-2.298348544,0.4397111913,0.01607379161,710,6640.23329,150.0559562,451.5092396,3397.738924,723.4694094,651.849692,193.1323924,2744.368749,0,1,0,59.915012,0.9875693516,0.1428812,32.74224503,32.804928,-0.06268279592773496
152.84984,924,50,0.077291794,0.16255662,-0.19225806,76.324135,1.042228,0.83744338,0.4725690345,-0.05023480148,0.269549854,0.457367587,2734.465401,67,37.33991098,5476.152453,0.1499923272,-14.67393013,44.43971119,0.1251527689,19,3799.479831,0.0,678.867958,2264.847725,618.9208765,946.4163721,618.10157,661.0123661,2,2,0,57.441235,0.9873602679,0.1775684,35.82700808,35.854923,-0.027915168291016812
152.84602,903,20,0.07058137,0.41545752,-0.48033446,2.0432444,3.1240358,0.58454248,0.169480359,-0.1418224274,0.55091583,0.327561925,69.83711782,88,106.7780517,5224.20397,0.3861339591,-0.9814406955,23.43971119,0.002315462899,2,1466.534877,288.0319369,671.7374208,2528.280001,1781.123101,503.4680865,1376.799823,2692.427563,0,0,0,11.876009,0.9884458117,0.1432099,34.17952244,34.265297,-0.08577449603515674
0.0,875,40,-0.10717649,0.5818084,-0.5951153,73.20292,0.0,0.4181916,-0.1838966116,-0.2404065369,0.48793881,0.155507555,2116.093395,116,0.0,0.0,0.6441645822,-43.5641777,-4.560288809,0.1199912578,1,1491.753097,142.1053152,0.0,5390.339334,588.9831977,689.4458321,550.6107819,2964.780497,0,0,0,14.057859,0.9889177389,0.1858115,28.90722659,29.0049,-0.09767338863769481
99.21862,911,20,0.0719946,0.27260116,-0.386398,59.86447,2.892295,0.72739884,0.2631370423,-0.1197919975,0.4583926,0.39969672,2003.271534,80,96.78616116,3320.197057,0.2529753485,-23.13151148,31.43971119,0.09793364313,23,2654.684718,38.38328855,680.6051259,1559.906274,2508.457077,611.4344587,227.3661686,3099.369752,0,0,1,18.46755,0.9874374582,0.2233892,33.46344725,33.697617,-0.23416932714843597
185.86223,902,80,0.11353977,0.08914584,-0.24176058,2.4655688,4.6515875,0.91085416,1.259512031,-0.05769996421,0.35530035,0.512196965,91.03913699,89,171.7561123,6862.812759,0.07902424183,-0.5960773431,22.43971119,0.003013855058,1,164.3858159,0.0,236.8184669,1172.276471,838.5575557,813.8637494,762.1671661,6492.116801,0,0,0,12.4182625,0.9875280093,0.0125514,36.9241925,34.66177,2.2624226330566373
225.76418,898,20,0.11481769,0.40994748,-0.5102581,6.420079,1.3292819,0.59005252,0.2793974792,-0.1251614312,0.62507579,0.352435105,234.9935008,93,48.65557062,8263.623393,0.3628782573,-3.275897312,18.43971119,0.009553375193,7,1217.075768,0.0,868.9809647,201.5436806,4314.294068,1062.181126,817.5804095,7721.715634,0,4,0,19.077375,0.9884165646,0.1387648,36.60289862,36.444298,0.15860082947265397
90.0,924,40,0.0877054,0.44090056,-0.5509929,99.36873,1.4284874,0.55909944,0.1984731588,-0.1322215043,0.6386983,0.32340242,3662.826695,67,52.65541567,3317.486322,0.4022312,-54.75146471,44.43971119,0.1632613046,3,1799.819072,0.0,336.8348469,500.2831423,1856.008782,180.0374467,274.1298365,3861.980825,0,0,1,14.524229,0.9879844897,0.1672078,36.86095913,36.69125,0.1697092825878883
180.0,812,50,0.0407652,0.20791511,-0.25581396,7.543213,2.3174627,0.79208489,0.1951280594,-0.07572033138,0.29657916,0.416425045,257.552698,179,79.12659645,6145.853981,0.199439409,-1.929659189,-67.56028881,0.01141068673,19,3417.138681,0.0,20.88215109,2554.103693,726.2186295,476.8293325,298.016427,311.8976315,0,1,1,47.182655,0.9875133355,0.1551448,34.14363323,34.06851,0.07512508180663957
314.25482,864,40,0.13805898,0.46937418,-0.52102,5.598037,1.9927982,0.53062582,0.2935088401,-0.1688716625,0.65907898,0.3343424,183.5027754,127,65.32361262,10301.22374,0.4045728595,-2.916689238,-15.56028881,0.008193975434,1,0.0,138.771769,73.5173498,2707.987283,3366.501137,588.3325916,816.4138785,3586.277511,0,0,0,5.3993926,0.9883749266,0.1382069,32.77984325,32.897385,-0.11754139355468851
90.0,871,40,-0.0038387715,0.44236073,-0.47781858,3.3635387,3.329855,0.55763927,-0.008658348023,-0.1469726436,0.4739798085,0.2769002493,112.952234,120,111.8210893,3022.323205,0.4440588518,-1.607161285,-8.560288809,0.00449881576,1,783.1886444,0.0,104.4392295,5238.11724,3455.836581,2324.760286,718.2562477,12739.74416,0,0,0,3.3763456,0.9885604035,0.1885924,33.58136894,33.785305,-0.2039360831933621
270.0,910,40,0.15604518,0.19298245,-0.33804998,74.85456,0.4761306,0.80701755,0.8044293698,-0.08807838444,0.49409516,0.481531365,2684.501397,81,17.0754228,9682.982268,0.1628684689,-25.30458251,30.43971119,0.1227225526,1,5873.0572,10.41783895,195.8511439,2603.432213,1627.352259,1099.87994,382.7202163,4854.846772,0,0,1,11.063369,0.9883937595,0.1636825,35.86289729,35.977074,-0.11417637943359438
27.170818,891,10,0.041659523,0.33000237,-0.4664218,2.048384,2.0841517,0.66999763,0.1258586849,-0.1493510733,0.508081323,0.3558285765,67.53428511,100,68.71352984,895.8094622,0.3162546287,-0.9554109524,11.43971119,0.002323962186,46,2966.451287,28.32016579,914.9585073,2612.560926,2369.851871,467.1679335,742.682477,5919.378901,0,1,1,29.575926,0.9874369344,0.1853682,32.96954336,32.866505,0.10303869081054984
341.11615,873,40,0.02978236,0.41245136,-0.44745088,7.4495254,1.4700543,0.58754864,0.07203352772,-0.1234413432,0.47723324,0.3086655,261.6234429,118,51.62753956,11979.8211,0.4001675851,-3.333296696,-6.560288809,0.01125575681,1,1779.340946,36.85741213,66.24258796,2081.175566,481.1777659,276.5277387,578.6409553,4276.771864,0,0,0,7.5427847,0.9876189692,0.2067406,35.11947794,35.29604,-0.17656164129882512
148.37708,908,50,0.064629845,0.14367816,-0.18850318,343.94437,2.7210066,0.85632184,0.4467145905,-0.05818777709,0.253133025,0.4604758425,11531.90085,83,91.23096947,4974.84455,0.1343922628,-64.83460749,28.43971119,0.5677127389,473,8163.419738,22.28327832,575.9287233,3613.002019,237.0647308,345.7508459,72.82229583,1256.106167,3,2,12,51.34937,0.9879689475,0.1583974,33.52838963,33.31983,0.20855778185546825
39.394333,869,30,0.112033196,0.2989378,-0.38399354,60.70447,2.9976995,0.7010622,0.3735214301,-0.09232265147,0.496026736,0.406547698,2236.276309,122,110.4314785,1451.23767,0.2654468429,-23.31012433,-10.56028881,0.09932273979,1,1557.259715,40.49130763,968.4426819,5042.032821,3440.575637,2265.448398,794.5420611,3797.373312,0,1,0,10.650888,0.9877588048,0.1965204,36.838742,36.928547,-0.0898049055175747
152.84033,813,40,0.063488625,0.43731293,-0.5320808,2.4258657,2.0839438,0.56268707,0.1448477119,-0.1238208074,0.595569425,0.3130878475,90.27377714,178,77.54983228,5687.649522,0.4095485334,-1.290756562,-66.56028881,0.002948198577,10,3053.065993,0.0,63.35060594,1602.404287,1226.289123,637.6700182,798.1659492,4297.035,0,0,0,7.983709,0.9882813868,0.1528776,37.21301519,37.235836,-0.022820839052734243
134.25699,882,40,0.018024728,0.56060606,-0.59496737,1.9228084,0.6644783,0.43939394,0.03209496707,-0.1827549604,0.612992098,0.228709334,64.60997147,109,22.32771815,4511.286872,0.5505012883,-1.144008257,2.439711191,0.002116299511,7,4114.663179,0.0,398.8074195,426.2906362,587.2998333,830.5401833,489.8370262,1389.033926,0,0,1,56.280346,0.9887525263,0.2324876,33.60187706,33.53266,0.06921562201171838
107.985344,885,40,0.15337816,0.34520477,-0.47750768,28.354301,1.5015507,0.65479523,0.443027287,-0.1161016605,0.63088584,0.404086695,1040.80553,106,55.11764412,3963.834029,0.2922578976,-13.53939649,5.439711191,0.04582570202,1,1362.890842,740.7625506,1948.784661,4920.407891,2699.474514,3159.184293,483.3007389,3116.751897,0,0,0,4.6034265,0.9883874716,0.1736754,36.70714823,36.68161,0.025538122578126377
122.996025,918,20,-0.06674984,0.5838222,-0.53271586,0.92355883,1.7026268,0.4161778,-0.1141369804,-0.2031853492,0.46596602,0.17471398,27.70768198,73,51.08049469,3690.002884,0.6227922384,-0.4919944364,38.43971119,0.0004638539866,1,1573.496905,0.0,1169.526907,0.0,4992.649186,1941.877467,910.9165326,10700.56073,0,0,2,4.202206,0.9886932079,0.15306,30.00099299,29.915861,0.08513186023925812
0.0,878,20,-0.05598017,0.560916,-0.5989991,2.9711077,0.46373534,0.439084,-0.0996237338,-0.1426017286,0.54301893,0.191551915,109.7920728,113,17.13652594,0.0,0.592316173,-1.779690838,-1.560288809,0.003849857912,1,468.1369225,1075.613943,1187.958244,1075.613943,10884.29988,2395.347545,458.4046163,6233.748243,0,0,0,1.586241,0.98825423,0.1936582,36.95324567,36.52375,0.4294953648242199
0.0,917,20,0.10069379,0.47933376,-0.55562764,18.428263,0.92740995,0.52066624,0.2096329644,-0.157415999,0.65632143,0.310680015,640.5457238,74,32.23572822,0.0,0.431067827,-10.23925228,37.43971119,0.02941114697,3,3642.127821,38.05149222,428.9738291,1163.067836,1664.124425,539.6869243,1608.299808,2297.002799,0,0,6,20.122171,0.9882028173,0.1700709,34.75887683,34.633255,0.1256218251171859
134.26389,905,50,-0.049325027,0.30893782,-0.33575678,19.949781,3.3184144,0.69106218,-0.1591449117,-0.1099722636,0.286431753,0.3208685765,650.6435397,86,108.2269971,4378.89181,0.3241761863,-6.69827423,25.43971119,0.03192726075,147,8532.224663,1.608026304,920.3935277,4054.473654,514.5604371,360.5068409,132.1919314,1947.871645,14,0,2,65.72118,0.9879644812,0.1487824,32.61406928,32.654484,-0.04041451516601313
0.0,894,40,0.07870696,0.3529412,-0.49359158,8.217096,1.3909631,0.6470588,0.2223729817,-0.1227604229,0.57229854,0.36288288,299.4073512,97,50.68269586,0.0,0.3251622711,-4.055889398,14.43971119,0.01252507795,1,3379.646027,97.77278058,972.1657773,5877.323844,3476.258375,1250.134405,659.7243479,8607.936848,0,0,1,7.94575,0.9879273068,0.2282426,36.43712465,36.293694,0.14343110751953247
64.01955,888,40,0.13133848,0.24212144,-0.3975209,1.6787623,1.0585032,0.75787856,0.5402175966,-0.08973376305,0.52885938,0.44460852,63.03987324,103,39.74827619,2404.023677,0.2103215781,-0.6673431004,8.439711191,0.00171272377,10,3546.31199,28.46002328,453.1886512,685.6561468,1368.59003,411.3644622,385.7069901,5641.597846,0,2,3,24.491983,0.9878391502,0.1761096,37.55139917,37.527893,0.02350610359375338
83.456985,862,50,-0.0021477663,0.35403365,-0.36913145,2.5540824,8.085418,0.64596635,-0.006049472494,-0.1054378708,0.3669836837,0.3219092919,88.4889487,129,280.1280564,2891.45756,0.3547940315,-0.9427921397,-17.56028881,0.003160228803,19,3764.895929,0.0,547.1729566,2276.895521,2066.905041,161.6875054,561.278734,1415.08701,0,1,5,38.636555,0.988041168,0.1510044,34.64608217,34.836723,-0.19064115763671907
11.596563,875,40,0.0501532,0.23817532,-0.30136988,2.6851459,2.3656998,0.76182468,0.209692204,-0.1009819312,0.35152308,0.40598894,86.59150099,116,76.28989419,373.9699197,0.2262300655,-0.8092220977,-4.560288809,0.003376966744,6,1344.14985,0.0,251.4353363,3194.657485,423.3490478,170.1583025,633.1714626,4028.917864,1,0,1,39.53958,0.9881614437,0.1993294,32.24834114,32.407753,-0.1594118507226554
194.39052,928,50,-0.039157316,0.2725743,-0.35462686,511.88898,3.824447,0.7274257,-0.1431322898,-0.1222760599,0.315469544,0.344134192,16266.1192,63,121.5281305,6177.080369,0.283247578,-181.5295816,48.43971119,0.8454404733,423,6089.672157,0.0,1088.772109,1614.064545,272.465724,91.10949381,184.3981988,333.076013,3,0,25,55.784744,0.9880821666,0.1467942,31.77665438,31.5378,0.23885454479492196
180.0,829,40,0.087649405,0.27505568,-0.35502958,46.48362,0.92740995,0.72494432,0.3175062545,-0.0904631861,0.442678985,0.4062968625,1679.986168,162,33.5179551,6505.463866,0.2509472133,-16.50306009,-50.56028881,0.07580591211,2,3251.548572,698.9385585,1619.779406,2669.712897,4678.590569,3268.86305,65.82048785,6876.936038,0,0,0,7.3620567,0.9879733426,0.1681415,36.14146592,36.228268,-0.08680174967773269
194.38716,816,10,-0.08501644,0.7155588,-0.67634255,7.713285,3.8243895,0.2844412,-0.1186454482,-0.2335617742,0.59132611,0.09971238,244.9046604,175,121.4282646,6171.990455,0.7763930618,-5.216822846,-63.56028881,0.0116919325,8,1101.902162,623.4508158,281.4433377,3445.093282,1051.667187,759.0923088,405.5138134,878.9042723,0,0,0,23.658634,0.9895113072,0.1478074,31.75101923,31.521456,0.2295634652294929
53.826538,858,10,-0.10468043,0.6283383,-0.6110092,2.6575222,2.3557732,0.3716617,-0.1663341163,-0.2204090547,0.50632877,0.133490635,82.39430159,133,73.03882071,1668.847773,0.6941130234,-1.623770513,-21.56028881,0.003331285804,5,1820.123925,0.0,766.0033138,916.932882,2891.327844,801.0830926,716.3636704,750.7143543,0,0,2,17.834166,0.9886209567,0.1143372,31.00418186,30.839365,0.16481685450683514
34.382538,887,50,0.042708334,0.32166827,-0.42738804,4.3396506,1.6852773,0.67833173,0.1323598816,-0.136445602,0.470096374,0.360520032,143.2765443,104,55.64058722,1135.1631,0.3079303541,-1.854714764,7.439711191,0.006112998832,180,3500.395804,47.85149316,266.0962111,4103.773095,472.6247019,255.8568894,65.99451431,3278.945303,0,0,2,46.07265,0.9880511101,0.2057683,33.01568663,33.165806,-0.15011918665039303
0.0,871,10,-0.07103238,0.51890385,-0.567426,20.049345,0.46373534,0.48109615,-0.1366259934,-0.1823930471,0.49639362,0.205031885,659.8184907,120,15.26140391,0.0,0.5557628255,-11.37651964,-8.560288809,0.03209190839,1,487.1032486,61.2181417,602.3450563,932.6898777,8926.100169,3345.770641,805.2336186,8374.343602,0,0,0,1.7518004,0.9884066986,0.1643287,32.90972801,32.88905,0.020678479970705155
134.24515,885,40,0.09851503,0.26409346,-0.38200998,1.3779032,3.9814734,0.73590654,0.3716237662,-0.1132355913,0.48052501,0.417210785,47.01836328,106,135.860315,4580.864049,0.2380762849,-0.5263727739,5.439711191,0.001215197138,1,2320.885408,0.0,1064.3347,776.3636354,4677.51581,800.0252287,231.3020364,11338.18001,0,0,2,5.2383204,0.9879589266,0.1929542,34.12312511,34.118366,0.004758868544918471
82.08032,898,40,0.1612475,0.292764,-0.43881616,3.5158288,3.3618622,0.707236,0.5489014992,-0.09143226342,0.60006366,0.43424175,134.9865239,93,129.0751393,3151.386972,0.2455565369,-1.542802493,18.43971119,0.004750655842,1,0.0,193.7993297,1178.699721,4028.783506,5666.038366,5745.162718,638.3186986,1513.443388,0,0,0,2.5222127,0.9878098285,0.1843389,38.3939411,38.29048,0.10345953261718677
56.985382,883,50,0.029126214,0.21116377,-0.23159304,5.9990973,1.7017769,0.78883623,0.1372817517,-0.078898932,0.260719254,0.408981222,191.830786,108,54.41705377,1822.199253,0.2050133688,-1.389349181,3.439711191,0.008857203438,286,5152.776427,68.32944603,139.6634677,5606.211595,388.3532658,294.245167,299.8177429,2294.421439,2,0,6,39.420845,0.987173294,0.1969303,31.97660855,32.254074,-0.2774655466796858
148.37163,877,40,0.027660392,0.526538,-0.5551459,1.9379194,2.721166,0.473462,0.05243298492,-0.1511370078,0.582806292,0.250561196,68.39984575,114,96.0449308,5236.851752,0.5119737525,-1.075828009,-2.560288809,0.002141288368,2,1041.48704,51.0761027,494.5628004,1295.168724,715.0213884,130.6832293,645.1183469,5744.133758,0,1,0,12.55362,0.9877964547,0.2239446,35.29550597,35.45244,-0.15693238449218683
45.74821,884,50,0.0046296297,0.23268037,-0.27691165,229.87784,1.992906,0.76731963,0.01981180405,-0.08989825832,0.2815412797,0.3859746299,7529.466609,107,65.27605785,1498.446391,0.231603146,-63.65585197,4.439711191,0.379082458,284,5904.571792,0.0,548.5762646,1976.672469,404.7382637,391.7380264,207.8796019,1069.439276,0,0,13,55.68223,0.9874064125,0.1732608,32.7542081,32.557407,0.19680072084960898
314.26553,825,50,-0.025199754,0.2990654,-0.33940044,17.63906,1.3285743,0.7009346,-0.08398087217,-0.1152917985,0.314200686,0.337867423,564.881386,166,42.54687563,10064.18416,0.3066017745,-5.986704725,-54.56028881,0.02810605262,383,7126.265312,188.0677574,407.0371605,758.0817301,798.809152,597.8691715,163.6124552,1830.683698,0,0,1,63.064106,0.9888834327,0.169043,32.02446083,32.12699,-0.10253044197265382
237.0131,894,40,0.09346596,0.4092242,-0.51244634,46.020638,1.7030444,0.5907758,0.2278411659,-0.1341852057,0.6059123,0.34212088,1647.523374,97,60.96841716,8484.989325,0.3709756673,-23.58310751,14.43971119,0.07504028503,1,514.8586362,93.60961821,296.6116482,3111.999917,1632.279333,548.3369529,824.5038984,1738.653867,0,0,1,5.111815,0.9880402722,0.1793463,35.79966392,35.8703,-0.07063637296874958
244.02887,864,50,0.037450485,0.25640422,-0.3252355,67.616936,1.0588571,0.74359578,0.1454928944,-0.09252133172,0.362685985,0.3905231325,2346.475335,127,36.74496681,8468.406859,0.2468017576,-21.99142799,-15.56028881,0.1107537915,66,5583.334729,204.0709205,155.064604,576.0093671,905.196828,901.118641,230.4675177,1488.190454,0,0,0,61.557755,0.9883638819,0.1935963,34.7024795,34.745102,-0.04262242871093491
320.60516,862,30,0.048156757,0.3468045,-0.42907006,81.0252,2.9977212,0.6531955,0.1384592695,-0.1222713292,0.477226817,0.3506761285,2809.836722,129,103.9566346,11118.12315,0.33010352,-34.76548743,-17.56028881,0.1329268567,1,4963.456679,66.10859499,1260.89179,4725.202061,3100.077492,2151.39262,305.5217825,3583.249645,0,2,0,15.352837,0.9874284747,0.2053161,34.67855336,34.709297,-0.030743820175779035
18.87371,932,50,0.13587904,0.2029142,-0.29480106,15.696228,1.4699655,0.7970858,0.6663539861,-0.06980833714,0.4306801,0.46648242,580.9922698,59,54.41043493,698.6060353,0.1753424133,-4.627264652,52.43971119,0.02489321757,180,3276.324839,128.463138,620.7982498,1994.911525,1433.222264,929.1712599,1033.086047,3045.408161,0,0,3,23.550192,0.9882558156,0.1307598,37.01477003,36.92572,0.0890498151562511
351.65268,913,40,0.08294046,0.4256243,-0.49544418,28.844044,3.277397,0.5743757,0.1944110075,-0.1347611633,0.57838464,0.32865808,1018.410191,78,115.7165931,12415.96611,0.3903228248,-14.29061373,33.43971119,0.04663558341,1,0.6061613589,117.2487685,370.9834892,2620.847797,2364.716458,1657.511886,914.4184013,2327.837831,0,0,0,4.009337,0.9880011918,0.1923916,35.30746904,35.404476,-0.09700712577148352
293.4261,836,20,0.1376348,0.28977585,-0.36516204,2.7658615,4.6555767,0.71022415,0.4733364205,-0.09291630885,0.50279684,0.423929475,100.009558,155,168.3389309,10609.86407,0.2498926088,-1.009987628,-43.56028881,0.003510445042,27,3987.148301,0.0,301.4728942,150.7111409,3758.702723,1780.150753,280.935747,2182.063477,0,0,3,20.59065,0.988492329,0.1717141,36.15855602,36.11468,0.043874776103514534
314.2738,922,50,0.092017934,0.18937969,-0.25920397,2.7994184,1.992121,0.81062031,0.4833390263,-0.07479653844,0.351221904,0.451319122,96.59178849,69,68.73660982,10843.77684,0.1719533622,-0.725620363,42.43971119,0.003565937635,1,4150.869907,271.95746,119.2339673,1346.98962,1651.094026,320.8085519,417.9128563,5777.240287,0,0,0,30.68178,0.9884569111,0.1617709,34.50423434,34.61296,-0.10872647542969105
244.04294,875,40,0.14599092,0.20910308,-0.349268,4.1563764,1.0593908,0.79089692,0.6948537832,-0.09972719765,0.49525892,0.46844392,144.0234682,116,36.70917224,8456.382968,0.178575929,-1.451689272,-4.560288809,0.005809920761,1,411.3529134,0.0,273.9752057,2011.928461,4786.110997,1604.089209,681.3958908,9079.719803,0,0,0,6.1364527,0.9874452211,0.1607118,34.6512092,34.778343,-0.12713400068359704
45.724045,896,50,0.11624038,0.15646258,-0.23690337,20.490915,0.6642527,0.84353742,0.7382095479,-0.06777706516,0.35314375,0.4798889,709.4746755,95,22.99899584,1583.143163,0.1382753102,-4.854366818,16.43971119,0.03282212674,1,4563.000857,0.0,177.6197727,4215.225747,835.9740114,396.1125249,828.3255301,977.397498,0,0,2,33.893097,0.9873677662,0.1817708,34.62386504,34.7969,-0.17303666288086106
214.37799,856,20,0.021312874,0.40042695,-0.43186778,57.62444,1.6851859,0.59957305,0.05309278313,-0.1200706293,0.453180654,0.310442962,2017.732924,135,59.00716907,7506.494269,0.3918927009,-24.88613898,-23.56028881,0.09422933576,171,4691.369048,338.3024614,692.2666899,1182.647277,2108.14664,1097.680837,499.2716749,7500.879791,0,0,0,17.444178,0.9884783933,0.1415009,35.01522833,34.963623,0.051605283124999346
225.75175,876,40,-0.06423642,0.456527,-0.48018706,9.3936825,1.3289859,0.543473,-0.1403991896,-0.1458060433,0.41595064,0.23961829,317.2507542,115,44.88354585,7624.263749,0.4858526601,-4.510724782,-3.560288809,0.01447078316,8,4850.115433,0.0,247.8846616,2545.243841,239.45104,630.478067,438.7590209,8283.128379,0,0,3,17.353867,0.9888545735,0.1937552,33.77277806,33.63741,0.13536884979492214
39.381874,859,50,0.10918473,0.18571429,-0.20761052,428.5706,2.9971652,0.81428571,0.5847690072,-0.06140101616,0.31679525,0.46173522,14638.0844,132,102.3699646,1345.11139,0.1654371254,-88.97576512,-20.56028881,0.707657993,33,6213.466971,32.00474322,133.0604191,5589.213916,598.1808766,1021.816917,251.6555916,1248.892291,0,5,1,65.4263,0.9882641556,0.203687,34.1555963,34.66733,-0.5117353955566415
270.0,939,30,-0.005284016,0.44083306,-0.46628132,16.738918,2.3766882,0.55916694,-0.01195930427,-0.1734099793,0.460997304,0.276941462,509.9080457,52,72.39968768,8224.854936,0.4431624289,-7.80504478,59.43971119,0.02661749995,1,2578.967887,0.0,689.4418117,1366.588054,2187.773266,158.8474034,1298.367522,7741.306959,1,1,0,22.938787,0.9882327806,0.1729613,30.46242569,30.645348,-0.18292190521484386
0.0,875,20,0.118140124,0.2824287,-0.40986094,4.9682035,0.46373534,0.7175713,0.4168248452,-0.1187759773,0.528001064,0.417855712,171.126883,116,15.97309435,0.0,0.2490625384,-2.036272557,-4.560288809,0.007152428278,1,649.9443584,0.0,124.2804766,5285.660646,3836.113701,1970.784125,405.0492502,12829.8109,0,0,1,4.683198,0.9883015949,0.1739725,34.44441899,34.46233,-0.017910874501950502
180.0,885,40,-0.011808577,0.37790945,-0.41380808,64.21116,1.3909631,0.62209055,-0.03116464105,-0.1501768546,0.401999503,0.3051409865,1984.010756,106,42.97828838,5561.680183,0.3823720228,-26.57109683,5.439711191,0.1051217057,1,45.20158679,6.023469782,6.023469782,2660.632374,4641.764931,2283.949383,266.8573833,3542.307649,0,0,1,9.071132,0.9878877831,0.1139041,30.89822324,31.3599,-0.46167628087402335
90.0,887,20,0.09497207,0.41233453,-0.5466761,2.7705472,1.9040371,0.58766547,0.2297704719,-0.1817142145,0.64164817,0.34131877,89.70540311,104,61.64934335,2914.040331,0.3731742662,-1.514591938,7.439711191,0.003518193721,1,920.4450037,55.83811607,1273.034542,55.83811607,2460.646951,3431.165222,1141.175203,10946.81304,0,0,0,2.8616943,0.988351896,0.1444977,32.3782259,32.310898,0.06732807285155928
244.04161,920,40,0.10288495,0.36236474,-0.49796867,35.50826,2.1179566,0.63763526,0.283145112,-0.1411156134,0.60085362,0.370260105,1234.105868,71,73.61055337,8481.778124,0.3250828618,-17.68200101,40.43971119,0.05765610744,1,0.0,0.0,297.8162819,816.45212,3231.005602,302.1258531,417.8640216,3126.355925,0,0,0,5.67749,0.9876629701,0.2297002,34.75545881,34.633537,0.12192151751953162
76.30141,771,40,0.18115702,0.28010336,-0.4493856,2.1461706,1.9575047,0.71989664,0.6444498565,-0.08546347533,0.63054262,0.45052683,84.29254635,220,76.88254403,2996.798176,0.22936067,-0.9644581628,-108.5602888,0.002485670566,1,1054.739369,513.1525327,572.715862,1628.030805,2575.409956,2917.137438,518.1081979,1105.0961,0,0,0,11.0853,0.9878556533,0.1933228,39.27579026,39.092525,0.18326477782226647
0.0,914,30,-0.020219527,0.4919741,-0.5586937,13.38599,0.0,0.5080259,-0.04101539412,-0.1685416536,0.538474173,0.2439031865,453.3631697,77,0.0,0.0,0.5019215836,-7.478668281,34.43971119,0.02107280818,1,2869.801273,355.9969653,432.9355501,1622.865547,2498.085556,1487.185315,537.7808368,8793.765441,0,0,0,10.168577,0.9884881519,0.1586432,33.86848262,33.88709,-0.018606155634763866
180.0,878,50,0.07342784,0.2773741,-0.34867725,1.6634223,1.3909631,0.7226259,0.2637739646,-0.1044117364,0.42210509,0.39802687,56.51668599,113,47.25957128,6115.707045,0.257007119,-0.5799975132,-1.560288809,0.001687356219,40,4031.437328,0.0,415.5069977,1136.611078,1076.781953,428.237248,553.3299565,1892.310767,0,0,6,44.26448,0.9878816163,0.1859692,33.97615025,33.958797,0.017352795166019064
281.02103,888,10,0.1433892,0.1620074,-0.32539377,26.212175,2.424387,0.8379926,0.8796484086,-0.08113458837,0.46878297,0.4906909,954.2899442,103,88.26311189,10230.95348,0.1387772885,-8.529278443,8.439711191,0.04228329717,1,2149.896229,82.68883058,526.2032053,1265.359118,2338.138569,731.542204,682.9723775,5049.556276,0,0,0,3.3808427,0.9878939103,0.192099,36.40636247,36.539665,-0.13330275216797105
45.765354,868,40,-0.0087022325,0.4188398,-0.4692753,3.6850038,0.6647443,0.5811602,-0.02072750725,-0.1368538934,0.4605730675,0.2862289838,126.600334,123,22.83765635,1572.293929,0.4224846413,-1.729281264,-11.56028881,0.005030418256,1,636.1251838,57.68778045,57.68778045,5262.24972,1523.887369,1579.550579,1155.034493,12369.79949,0,0,0,6.819306,0.9886232843,0.1855906,34.35555047,34.321262,0.03428811038085655
157.66847,919,30,0.18914276,0.15459883,-0.37369034,52.939095,2.5051327,0.84540117,1.215579577,-0.09084624803,0.5628331,0.517271965,1943.333681,72,91.96055865,5787.829356,0.1253575806,-19.78282841,39.43971119,0.08648124398,5,1854.967332,0.0,374.920047,2532.170028,927.2428178,97.15344461,207.5093969,6617.888224,1,1,1,15.825265,0.9879513933,0.1813708,36.70885724,36.80595,-0.09709292479492149
341.1264,888,50,0.11124099,0.1739578,-0.27465773,7.4933386,1.4699645,0.8260422,0.6358161225,-0.07758156108,0.38589872,0.468641595,260.767382,103,51.15460742,11871.16224,0.1546065621,-2.05810337,8.439711191,0.0113282101,1,2266.861055,0.0,211.0328333,6501.329146,4009.440781,994.0416364,1867.479668,5985.687483,0,0,1,12.691733,0.9881608792,0.1696273,34.79989307,34.819233,-0.019339870673825033
58.648743,905,50,0.09612756,0.1767497,-0.23229814,15.117138,4.447707,0.8232503,0.5408029381,-0.07079793797,0.3284257,0.45968893,509.7210157,86,149.9681838,1977.52358,0.1597591826,-3.51168304,25.43971119,0.02393558426,159,4480.683035,191.1791137,341.1750889,2539.969164,262.2141062,327.1634735,293.745546,407.2117126,0,1,2,54.75013,0.9874199385,0.1258971,33.71808974,34.10856,-0.3904689147851528
270.0,870,30,0.049108766,0.23185673,-0.30244145,2.8955326,3.7998497,0.76814327,0.210896915,-0.07308828503,0.351550216,0.408626018,106.4945811,121,139.7543934,9930.310196,0.2204705321,-0.8757290781,-9.560288809,0.00372488039,63,5941.273505,0.0,932.3940873,2635.292212,1998.242374,619.8190109,934.3765485,1606.563156,0,0,1,22.321583,0.9872718056,0.2792613,36.77892665,36.379353,0.39957408041992437
90.0,882,40,-0.009156311,0.4776155,-0.56095093,3.6772304,0.47627828,0.5223845,-0.0191308284,-0.1396318661,0.551794619,0.2566140945,133.9499959,109,17.34932727,3278.418353,0.4819886961,-2.062745813,2.439711191,0.005017563489,1,919.7872481,0.0,20.34365172,2888.8148,4044.919606,1682.069544,710.7027019,10255.05913,0,0,1,5.183372,0.9879741623,0.2101419,36.42687059,36.40456,0.022310500888671925
180.0,921,40,0.016212093,0.31013462,-0.380621,13.85525,1.8543341,0.68986538,0.05210636155,-0.1213004128,0.396833093,0.3530387365,457.8194524,70,61.27281876,5947.745542,0.3051066887,-5.27359911,41.43971119,0.02184881711,66,2333.324983,0.0,368.7579315,2763.812005,835.9945563,1167.18097,529.8508141,2295.320824,0,0,4,28.23424,0.988421617,0.1603893,33.04303079,32.937405,0.10562615743164372
142.42845,936,50,0.11876656,0.16943733,-0.21973991,5.6291566,2.3390977,0.83056267,0.6968341971,-0.06431464079,0.33850647,0.474664615,193.1041651,55,80.24106285,4885.905453,0.1493138412,-1.236950365,56.43971119,0.008245437497,164,4451.880411,57.24040627,184.3165031,2667.040402,1022.000605,57.24040627,266.2409131,3464.384422,0,1,1,56.733147,0.98752665,0.1688335,34.30428017,34.466892,-0.16261207243164222
107.99231,879,50,0.07672302,0.22098023,-0.2987805,2.5803401,1.5009887,0.77901977,0.3456299689,-0.08097371044,0.37550352,0.427871395,91.22875335,112,53.06793779,3818.10282,0.2040259594,-0.7709553052,-0.5602888087,0.003203650807,64,3837.025973,44.91662703,33.80019479,3915.998747,256.5063005,254.0657544,299.0907885,2132.401227,1,0,1,78.80595,0.9875588221,0.1275748,35.35532132,35.117966,0.2373556217578141
45.743908,925,50,0.09847138,0.14208512,-0.27919292,539.955,3.318877,0.85791488,0.6882014007,-0.08890734933,0.3776643,0.47819313,17848.20921,66,109.7054589,1512.064598,0.1280938022,-150.7516131,45.43971119,0.8918528717,308,5921.073713,0.0,795.7197365,1724.51114,591.939918,3.931732464,274.3492648,456.2399387,2,1,19,51.976654,0.9874946413,0.1576562,33.05499386,33.277935,-0.2229411680761686
7.79451,919,10,-0.1694489,0.69618577,-0.64596075,92.69912,6.986221,0.30381423,-0.2430469859,-0.2273720736,0.47651185,0.067182665,2913.349458,72,219.5630677,244.9659876,0.8141536829,-59.87999308,39.43971119,0.1522318606,70,3400.661378,0.0,755.4499028,1423.234482,437.4614084,580.8420163,228.2705979,4305.726162,0,0,0,52.90767,0.9894107279,0.1480846,31.42801634,31.318384,0.10963216946777266
148.38931,908,10,0.05007744,0.35327286,-0.4735718,3.6758683,2.7206495,0.64672714,0.1413527415,-0.1086865719,0.52364924,0.34840229,137.3618136,83,101.6666863,5545.091139,0.3355818595,-1.740787567,28.43971119,0.005015311003,54,3592.877604,115.4661714,221.9670255,2476.279681,777.4123576,278.3152995,677.4876551,4331.384236,0,0,3,40.140057,0.9882257219,0.1683149,37.3685351,36.47012,0.8984156236816432
270.0,922,40,0.07438681,0.30387992,-0.40795106,57.755024,1.9042051,0.69612008,0.2439872393,-0.1293777382,0.48233787,0.385253445,1912.744009,69,63.06389719,8941.921352,0.2812752621,-23.56122326,42.43971119,0.09444528075,101,3507.616944,22.41493392,467.4362856,22.41493392,2236.63975,1324.774205,1688.059397,3955.45229,0,0,0,8.631808,0.9878156865,0.1821009,33.11822723,33.300945,-0.18271805198241964
279.22192,900,50,0.09756097,0.08466419,-0.14134438,2.0683596,2.8912728,0.91533581,1.138876933,-0.04198204388,0.23890535,0.50644839,70.518801,91,98.57526284,9519.812228,0.0764042695,-0.2923510053,20.43971119,0.002356995566,4,1137.797807,41.98879586,1106.474192,124.0188571,2445.131112,1614.022958,436.2782234,7086.017724,1,4,0,22.064241,0.9876166,0.1805054,34.09407194,34.074673,0.019399241025389813
244.03554,898,20,0.10541311,0.43707094,-0.513861,0.65205795,1.0591096,0.56292906,0.2406302276,-0.1975148559,0.61927411,0.334171085,19.46877861,93,31.62229726,7286.275554,0.3909979329,-0.3350671502,18.43971119,1.49e-05,1,0.0,0.0,1461.965834,0.0,3331.370886,2194.482191,1650.061484,12441.73077,0,0,0,2.4971776,0.9886283515,0.1166868,29.85743615,30.832262,-0.9748258891845687
244.01044,771,20,0.055878725,0.53511035,-0.56288296,1.3645961,2.1155946,0.46488965,0.1042298941,-0.1643508709,0.618761685,0.2603841875,46.8581291,220,72.64626133,8378.942824,0.5052090659,-0.768107892,-108.5602888,0.001193191366,24,993.3635838,215.6988641,195.3393306,1531.654116,3097.516524,138.3129455,729.616488,5189.904798,0,0,1,5.751613,0.9891038671,0.1794065,34.33846037,34.33304,0.005422039921874955
279.21857,923,40,0.19843109,0.31116945,-0.470242,49.928074,2.8923075,0.68883055,0.6356518551,-0.1066133161,0.66867309,0.44363082,1872.479864,68,108.4717899,10471.68673,0.2494237569,-23.47827737,43.43971119,0.0815019592,1,1467.611958,0.0,293.4530401,1310.776673,859.3804521,1441.756093,501.2179671,4787.240553,0,0,0,6.9792037,0.9883410879,0.1329894,37.50354689,37.532158,-0.028611007949216116
0.0,920,50,-0.05134135,0.45286033,-0.46314773,68.33698,1.8543341,0.54713967,-0.1131214751,-0.1567239785,0.41180638,0.24789916,2192.776117,71,59.50130555,0.0,0.4761107907,-31.65011716,40.43971119,0.1119445185,11,6219.321716,0.0,181.5993275,170.5021815,880.0665721,404.3144863,858.0641066,5932.191334,3,0,1,40.047092,0.9876210706,0.2046563,32.0876942,32.33815,-0.2504558244140611
0.0,893,50,0.025678921,0.40042487,-0.4449315,48.1163,0.0,0.59957513,0.06396943219,-0.1298329478,0.470610421,0.3126270255,1652.650817,98,0.0,0.0,0.3901423914,-21.40845753,13.43971119,0.07850585299,17,1700.770347,187.7029058,460.7658727,1004.537773,3006.547594,931.5969122,365.0310587,9697.928215,0,0,0,7.5908155,0.9874515515,0.2558558,34.34700542,34.35661,-0.009603924482419757
134.23738,915,40,0.15508573,0.013766435,-0.09635329,5.0052633,1.3292447,0.986233565,10.50258441,-0.02808575178,0.25143902,0.5706596475,171.9927921,76,45.67602015,4612.716736,0.01163145738,-0.4822735863,35.43971119,0.007213713569,12,3565.889598,0.0,546.3361528,2529.473275,4605.87876,2510.459299,1197.958052,6473.778381,1,1,0,19.845282,0.987608052,0.2131686,34.36238651,35.119446,-0.7570592907812497
168.39767,880,40,0.07098198,0.30105588,-0.40567613,1.6231723,2.3657486,0.69894412,0.2349961868,-0.1215086958,0.47665811,0.38496305,55.14359791,111,80.37094371,5720.928951,0.2796863375,-0.658482257,0.4397111913,0.001620795338,10,2324.207505,3.725356546,706.7716861,2917.712462,3034.870048,606.9338106,745.6746493,5901.741497,0,0,2,13.276525,0.9875982994,0.2141599,33.97273223,34.145115,-0.17238266868164231
126.14303,863,40,0.13545005,0.33034512,-0.33333334,28.030836,2.357484,0.66965488,0.4087884258,-0.08287934408,0.46878339,0.402552465,1021.458875,128,85.9079963,4596.720467,0.285599857,-9.343612187,-16.56028881,0.04529079231,1,253.725713,118.5024387,0.0,4398.662891,4934.40724,1096.73894,322.8066693,7249.602574,0,0,0,2.8823843,0.9885912887,0.1070072,36.44054267,36.571686,-0.13114312101562575
0.0,866,40,0.13630041,0.3248,-0.46375957,49.20961,0.0,0.6752,0.4183560773,-0.1096539761,0.60005998,0.405750205,1822.323395,125,0.0,0.0,0.2805296268,-22.82142757,-13.56028881,0.08031384498,1,0.0,0.0,61.20691358,2378.555566,7436.087076,4364.367466,890.267915,7574.400054,0,0,0,1.3603278,0.9877995873,0.171889,37.03186013,36.805004,0.22685601012695145
0.0,880,50,-0.06610556,0.509434,-0.5522083,2.0323188,0.46373534,0.490566,-0.1295085359,-0.1893906928,0.48610274,0.21223022,64.76090126,111,14.7771691,0.0,0.5431104199,-1.12226331,0.4397111913,0.002297395382,338,4836.578519,52.83209414,79.57942268,5046.307475,1620.878503,114.2521449,357.769083,3929.984685,0,2,2,46.498672,0.9878064153,0.2218754,31.8655229,31.76326,0.10226301230468593
16.333405,916,50,-0.040294323,0.44723374,-0.49609473,15.60157,3.3788185,0.55276626,-0.08989578295,-0.1326655451,0.455800407,0.2562359685,554.3181708,75,120.0482061,580.3200052,0.4652547208,-7.739856657,36.43971119,0.02473668292,2,3847.958712,147.3125884,328.146506,2159.59537,1490.94876,773.916843,449.0314707,1635.549191,0,0,2,28.263885,0.988409911,0.1731501,35.52964034,35.29165,0.23799147525390651
256.30908,866,50,0.09236032,0.13849822,-0.24472244,85.79281,3.9125943,0.86150178,0.6620895951,-0.06822900721,0.33708276,0.47693105,3000.829174,125,136.8532762,8965.084194,0.1257064801,-20.9954258,-13.56028881,0.140810989,375,6162.510405,101.4786471,367.6064456,1306.172825,792.5493864,737.4290427,237.049897,7150.193486,0,1,0,65.22543,0.987326165,0.2365549,34.97763011,34.64314,0.3344912245019529
281.02936,825,50,0.07886161,0.16675839,-0.22014388,122.42551,2.4225843,0.83324161,0.470090408,-0.06196602702,0.29900549,0.45605161,4266.252997,166,84.42160078,9793.239573,0.1536075549,-26.95122678,-54.56028881,0.2013899904,151,5703.161567,50.56601196,188.3243929,4115.454172,323.316482,100.899479,144.7373942,3359.831224,0,0,0,71.20326,0.9872495588,0.2086803,34.84774535,34.615982,0.23176329433593423
0.0,890,30,0.116773486,0.18797308,-0.29142857,1.9266922,2.7802885,0.81202692,0.6179371474,-0.07332284646,0.408202056,0.464400203,69.93311948,101,100.9160923,0.0,0.1660228082,-0.5614931527,10.43971119,0.002122722099,1,4363.946438,13.31707151,426.6648992,1421.515041,3305.273297,93.913542,554.950524,8474.084608,0,0,4,15.33178,0.98753384,0.2327508,36.29698583,36.164192,0.13279363029296576
252.01497,910,40,0.200503,0.15386167,-0.3751502,25.2448,1.5015752,0.84613833,1.29472322,-0.07397617422,0.5756532,0.523320665,982.9238904,81,58.46487742,9812.378579,0.1230119436,-9.470591769,30.43971119,0.04068356219,1,2077.707004,0.0,529.9806277,1249.1569,3185.347784,1113.801223,510.0396675,10049.37548,0,0,2,5.0239086,0.9881609008,0.1696872,38.93569727,39.13408,-0.19838170949218892
260.77106,923,40,0.058411647,0.27973956,-0.34155947,3.482687,2.8890896,0.72026044,0.2080634699,-0.09775484589,0.399971117,0.3893360435,120.5662288,68,100.0166359,9027.565007,0.2633995116,-1.189544726,43.43971119,0.004695849695,1,3863.728642,45.57663064,489.9556561,1834.27469,1034.6413,157.9002067,967.1131248,973.2127637,0,0,2,35.251038,0.9878480441,0.2325935,34.61873801,34.637295,-0.018556759287108093
180.0,863,40,0.12662181,0.06255481,-0.19180328,1.7735313,0.46373534,0.93744519,1.992324578,-0.05233959446,0.31842509,0.5320335,62.5431269,128,16.35350795,6347.653882,0.05463400673,-0.3401691205,-16.56028881,0.001869441986,1,569.4782773,0.0,363.4361692,1554.486118,2056.510586,667.7659392,787.3551732,3092.199972,0,0,1,11.526106,0.9872631233,0.3061624,35.26474379,34.323994,0.940750107138669
252.00826,869,50,0.040831476,0.14386897,-0.20382017,2.6132073,1.5010344,0.85613103,0.2818510824,-0.06529317636,0.244651646,0.448481253,86.1383874,122,49.4781576,8306.874517,0.1379945876,-0.5326243561,-10.56028881,0.003258002852,67,4277.961953,42.2850295,43.5014474,3184.034697,689.0646875,418.3177461,413.7779179,3618.232508,0,2,1,58.42382,0.9872328103,0.2176959,32.96270732,32.802258,0.16044978215820294
180.0,772,50,0.057418466,0.22033899,-0.27413848,9.276247,0.92740995,0.77966101,0.2594141502,-0.06986141812,0.331556946,0.418539738,335.2413116,219,33.51637015,6505.156244,0.2076874632,-2.542976253,-107.5602888,0.01427658166,36,2745.542512,0.0,437.1795173,3158.660428,1333.327877,938.6799847,269.365494,2030.382391,0,5,0,18.050709,0.987364092,0.1480558,36.13975691,36.27416,-0.13440156778320045
90.0,904,40,0.043998457,0.43344906,-0.49487025,2.7426364,0.47606087,0.56655094,0.1012741448,-0.1498983085,0.538868707,0.3052746985,92.72488149,87,16.09498355,3042.780054,0.4143779702,-1.357249161,24.43971119,0.003472038008,2,2089.521262,7.873588363,721.102105,2092.599317,2049.891435,207.8179289,903.3726853,6059.9753,0,0,1,20.02001,0.9880002058,0.1777029,33.80866727,33.73991,0.06875714426757895
270.0,847,50,0.014269535,0.22522523,-0.25490198,382.63507,8.503085,0.77477477,0.06307667363,-0.08190858132,0.269171515,0.3945221525,12594.37786,144,279.8778102,8887.010861,0.2220113707,-97.53443696,-32.56028881,0.6316950272,303,7139.095693,211.9974855,70.09078084,6569.970322,286.0771527,542.5177783,265.3145679,2025.165109,0,0,1,70.57843,0.987202202,0.2020498,32.91485504,32.76744,0.14741424410156156
72.0016,875,40,0.052360173,0.38854983,-0.44831768,8.822676,1.5004978,0.61145017,0.1344120032,-0.1196836461,0.500677853,0.3319051715,313.6625197,116,53.34548392,2559.790621,0.3682052937,-3.955361636,-4.560288809,0.01352651742,4,1303.714636,91.98241904,414.1210109,925.9936979,3218.508084,56.4905319,483.2224138,7261.376897,0,0,0,7.278684,0.9881450017,0.1662352,35.55185747,35.50831,0.043549059355470376
152.85384,908,40,-0.13912076,0.48387095,-0.49143898,9.997324,2.083692,0.51612905,-0.2869232731,-0.1635959302,0.35231822,0.188504145,323.4564175,83,67.41639558,4945.478959,0.5511874443,-4.913074709,28.43971119,0.01546901696,2,2463.229276,71.77772293,839.6732201,987.9454022,2165.193301,1421.159309,120.4617678,9447.627445,0,2,0,11.988515,0.9883009288,0.0848587,32.35429976,32.082203,0.2720968486230504
325.63632,933,30,0.15508705,0.327145,-0.42319074,2.8743417,3.3668876,0.672855,0.4726174405,-0.1205660852,0.57827779,0.413971025,99.68783658,58,116.7702994,11293.70953,0.276409047,-1.216394791,53.43971119,0.003689837285,1,1796.634084,0.0,138.8383955,2375.818375,2271.429841,629.3022614,444.1188931,4837.645665,0,0,0,14.718446,0.9875784775,0.25135,34.68197138,34.756496,-0.07452504944335914
180.0,863,40,0.12442553,0.24131274,-0.34237996,65.68232,0.92740995,0.75868726,0.5134914904,-0.08070092489,0.46680549,0.441556395,2434.695774,128,34.37699956,6672.194881,0.2112872744,-22.48831009,-16.56028881,0.1075545431,1,2735.365018,700.5048448,347.1905004,2163.181244,4953.175276,1682.62939,375.7283597,8198.125002,0,0,0,10.021597,0.9873685873,0.2241873,37.06774934,37.20208,-0.13433043294921987
204.50247,774,40,0.13238016,0.32222506,-0.45706216,0.9395324,4.5770183,0.67777494,0.4095603231,-0.1074905906,0.58944232,0.40507755,34.85043655,217,169.7770996,7585.688749,0.279568855,-0.4294247081,-105.5602888,0.0004902692637,1,1042.664177,628.5999789,628.7678371,4623.791009,2415.290472,2446.202718,1036.187887,7936.266708,0,0,0,2.9449468,0.9876285214,0.2221914,37.09338449,37.152252,-0.058867707265626734
34.369133,856,10,-0.014073016,0.5605775,-0.5586207,3.6366081,1.6850077,0.4394225,-0.02505979317,-0.171177049,0.544547684,0.212674742,122.3273733,135,56.67989518,1156.100863,0.5684665161,-2.031484562,-23.56028881,0.00495038694,1,0.0,0.0,491.5192761,0.0,622.9451128,553.2754042,809.392626,2281.071998,0,0,0,15.752087,0.9888670923,0.1541778,33.63776627,33.63841,-0.0006423908886716845
225.75479,902,40,0.1414972,0.29222754,-0.43387136,1.4506102,0.6646185,0.70777246,0.4825508545,-0.1134267095,0.57536856,0.42463483,51.96110693,89,23.80674901,8086.575417,0.2508781613,-0.6293782203,22.43971119,0.001335431722,3,408.9443929,107.3671592,450.4646491,223.1316594,2355.171462,614.8909794,736.0087272,8510.741203,0,0,1,8.022555,0.98741819,0.2294961,35.82017204,35.821087,-0.0009148435449191084
40.5541,898,40,0.09300567,0.361521,-0.47268263,37.750538,3.6571739,0.638479,0.2565525032,-0.1340998985,0.5656883,0.365742335,1311.456624,93,127.0505055,1408.852586,0.3278974972,-17.84402359,18.43971119,0.0613641323,1,1327.639478,44.16611094,1928.831936,4604.760318,4530.920539,4383.237052,300.5262612,1431.725543,0,1,0,4.9614186,0.9883914913,0.1782459,34.74007772,34.73989,0.0001866677539084094
180.0,887,50,0.049409498,0.14551264,-0.20722376,6.416806,1.3909631,0.85448736,0.3372371012,-0.068318566,0.256633258,0.451948429,208.6092059,104,45.21995955,5851.767541,0.1383229335,-1.329714667,7.439711191,0.009547962677,329,5118.293941,12.26085439,792.9346904,1239.667551,249.4786197,203.6577143,230.608729,2076.885423,0,0,10,45.95411,0.987990431,0.1862782,32.50981967,32.43091,0.07891146687499884
180.0,766,40,0.001343828,0.54821426,-0.56545293,3.6902995,0.92740995,0.45178574,0.002446819207,-0.159960518,0.566796758,0.226564784,128.3463469,225,32.25474766,6260.289291,0.5474775543,-2.086690665,-113.5602888,0.005039175684,13,2285.136845,17.40645701,144.7494262,2205.072547,1484.207246,697.9488852,464.7160379,1801.274671,0,0,3,14.091378,0.9883758545,0.1794729,34.77938495,34.665115,0.11426959355468824
180.0,906,50,0.04365256,0.1574124,-0.24032351,360.91077,2.3174627,0.8425876,0.2755627716,-0.07755429902,0.28397607,0.44312008,11855.27047,85,76.12448672,5912.676657,0.1505409458,-86.73534304,26.43971119,0.5957698455,661,6653.534393,133.0179513,251.7355519,1668.768149,244.8688675,350.0570412,226.7183722,2595.689708,0,0,1,50.175385,0.987534429,0.2070145,32.84820365,32.731533,0.11667059946289271
233.82835,909,20,0.09963485,0.3731106,-0.48324263,1.142426,2.3558753,0.6268894,0.2663245842,-0.1353077833,0.58287748,0.363262125,39.89297186,82,82.26604354,8165.174626,0.3359357813,-0.5520689448,29.43971119,0.0008257916711,2,2627.175441,0.0,1352.785673,2731.500432,2442.93936,460.4905741,2091.647188,3126.935853,0,0,2,9.275522,0.9888085783,0.1639752,34.91952377,34.993706,-0.0741819795117209
198.8872,902,50,0.0013221684,0.2666294,-0.32359812,15.939377,1.470084,0.7333706,0.004940295797,-0.1098668538,0.3249202884,0.3673463842,510.5861572,89,47.09120942,6370.954847,0.266276871,-5.157952431,22.43971119,0.02529530979,367,5974.76816,1.834664287,629.7344249,3079.84217,171.7800969,165.7303107,276.0658287,1513.547394,0,0,14,64.98708,0.9879910793,0.1607788,32.03300588,32.1227,-0.08969385754883064
332.83517,852,10,0.10969388,0.3163602,-0.40442654,68.30718,3.1243384,0.6836398,0.345644728,-0.1144791495,0.51412042,0.39666684,2375.09802,139,108.6358703,11572.95841,0.2816574222,-27.62523646,-27.56028881,0.1118952387,23,3450.113804,313.2319881,1182.459711,1932.778562,4670.238365,2533.125602,554.5603877,7315.299009,0,0,0,13.9106455,0.9877556051,0.1841766,34.7708399,34.633823,0.13701650522460795
211.62247,898,50,0.10796248,0.18473363,-0.2870717,6.214174,2.7209933,0.81526637,0.5812758842,-0.0831415929,0.39503418,0.461614425,214.0967134,93,93.74628432,7291.021349,0.1647893292,-1.783913494,18.43971119,0.009212872874,278,5113.09132,8.774599311,558.5748244,5689.582708,362.0768662,60.08474657,124.336789,1686.618391,0,1,2,56.865147,0.9876248243,0.1532025,34.45296404,34.46067,-0.007706431191408569
90.0,913,50,0.040971167,0.18099307,-0.23094046,16.46667,0.4757016,0.81900693,0.2251248743,-0.0708642877,0.271911627,0.4299890485,553.5642963,78,15.99178349,3025.553234,0.1735775727,-3.802820344,33.43971119,0.02616728711,225,5728.100682,236.3629204,387.4526553,1577.663926,648.3848991,17.55563192,254.012893,3819.19678,0,0,1,57.81162,0.9877213881,0.1695819,33.61725815,33.611122,0.0061360186523415905
194.38756,885,30,-0.15381145,0.75325567,-0.6729889,1.9128504,1.9143305,0.24674433,-0.2039248177,-0.2453992892,0.51917745,0.04646644,58.94349374,106,58.98910226,5989.95192,0.8691150168,-1.287327087,5.439711191,0.002099832101,4,2649.059099,55.86676103,46.0049982,4735.951029,779.1088366,551.0757148,857.3432114,3308.383243,1,0,0,32.803974,0.9895397975,0.2371676,30.81448175,31.025063,-0.21058081103515747
152.82655,872,10,-0.019069413,0.5066253,-0.5356322,73.4825,3.1245794,0.4933747,-0.03756592313,-0.1480893954,0.516562787,0.2371526435,2578.532138,119,109.6428184,5362.748556,0.5162863471,-39.35959314,-7.560288809,0.1204535955,1,2937.730219,1563.797182,535.9922633,5007.672187,551.898215,2171.113984,1011.86552,3769.536017,0,0,0,12.018939,0.9888083064,0.1826432,35.09042477,35.1008,-0.010374790546876511
170.29897,846,20,0.021104624,0.49315068,-0.54719657,3.1773968,2.8205576,0.50684932,0.04270888386,-0.1573219348,0.568301194,0.263976972,109.7965499,145,97.46579123,5884.766848,0.4827429203,-1.73866063,-33.56028881,0.004190995412,1,2843.324999,70.08372206,780.0458057,1874.26858,3062.775399,701.8459565,293.6871329,708.5437541,0,0,0,27.670721,0.9879349852,0.1623657,34.55550464,34.525852,0.0296524366308617
281.0234,931,40,0.02238806,0.4984949,-0.5406995,85.68217,2.4238706,0.5015051,0.04482139858,-0.1623321505,0.56308756,0.26194658,2907.928785,60,82.26265847,9537.527283,0.4873345663,-46.32830648,51.43971119,0.1406280251,125,5658.82576,187.6344138,318.9664376,2137.558112,304.5949942,252.6478634,232.2427073,4808.845287,0,0,1,49.993275,0.9880007642,0.1777363,33.93855203,33.68188,0.2566710790722624
207.17412,889,40,0.19158329,0.16497031,-0.37556335,49.512302,3.1245985,0.83502969,1.154322662,-0.08551831539,0.56714664,0.51330649,1854.517663,102,117.0340072,7759.85057,0.1333647553,-18.59500601,9.439711191,0.08081440265,1,5989.604375,0.0,634.833893,3283.978762,1677.084995,1155.276999,942.9154205,2790.029873,0,0,2,6.208428,0.9876923763,0.2051513,37.45569461,37.455414,0.00028079164062688733
171.66196,890,50,-0.030262273,0.14016373,-0.18514699,19.579004,3.2773194,0.85983627,-0.2143771137,-0.05976144761,0.154884717,0.4147869985,643.0681892,101,107.6428531,5638.200277,0.1444054031,-3.624993658,10.43971119,0.03131411183,530,5988.840452,0.0,295.6544974,3461.038639,403.9522309,204.2218211,102.4780961,1848.160771,0,2,3,61.357708,0.9873000902,0.2099513,32.84478563,32.377075,0.46771043468749696
322.4096,899,50,0.07681466,0.12349914,-0.19127008,425.76132,2.3396888,0.87650086,0.6169894828,-0.06406312799,0.26808474,0.47665776,13733.00681,92,75.46707679,10399.37877,0.1140125956,-81.43540174,19.43971119,0.7030123246,777,7237.707566,243.1015308,77.71806095,3918.715214,383.9991564,207.6182067,149.3355147,2021.507958,0,0,0,71.27895,0.9873524724,0.1730153,32.25517718,32.510857,-0.25567944841797186
249.92265,884,50,0.021781087,0.1910037,-0.2845764,10.294782,4.045936,0.8089963,0.1134409754,-0.1003286465,0.306357487,0.4153886935,323.2630747,107,127.04511,7847.739203,0.1868434318,-2.929652,4.439711191,0.01596091924,88,7451.370879,0.0,166.2429138,3473.953668,334.6583498,367.8715743,287.3500349,4535.879907,7,0,17,46.868153,0.9873196394,0.1910135,31.40067218,31.337166,0.06350634748046957
198.89021,884,40,0.045945004,0.20166594,-0.28143993,1.6615752,1.4701102,0.79833406,0.2267031352,-0.08423778719,0.327384934,0.422139532,56.46528724,107,49.95873477,6758.88328,0.1924003976,-0.467633608,4.439711191,0.001684301695,1,4328.107113,266.1869277,831.294668,2957.723897,541.044749,905.1629256,393.1862144,7467.045527,0,0,0,14.141212,0.9876630422,0.2317996,33.98298629,34.018845,-0.035858314492188015
169.42735,871,50,0.09385497,0.30395225,-0.39945072,77.72633,5.175179,0.69604775,0.3077693967,-0.08589035364,0.49330569,0.39495136,2959.114307,120,197.0239199,6450.258173,0.2754248207,-31.04783848,-8.560288809,0.1274715599,1,4881.953736,119.2627592,1143.893977,6190.12851,2433.164881,2876.34799,318.225666,5437.337449,0,1,0,11.633264,0.9874057558,0.2199246,38.07093821,37.736374,0.33456430863281383
180.0,894,50,0.15190929,0.17054085,-0.22850242,3.415088,2.3174627,0.82945915,0.8855575217,-0.06923851299,0.38041171,0.49068422,115.4420646,97,78.33844363,6084.637243,0.1446341106,-0.7803558725,14.43971119,0.004584062141,45,7073.001612,97.45258332,619.7183355,854.1155841,734.9624829,145.9669781,609.8601334,4788.677552,0,0,1,74.21522,0.9872861504,0.228878,33.80354024,34.116123,-0.31258295946289394
0.0,883,50,0.034076568,0.12246394,-0.16725978,353.5996,0.46373534,0.87753606,0.2760042163,-0.05168923371,0.201336348,0.455806314,11849.58211,108,15.54037388,0.0,0.1182907892,-59.1429913,3.439711191,0.5836794624,392,7206.339939,104.2690823,264.2393446,1885.87628,165.6362584,205.907823,147.0471345,822.3995233,0,0,2,65.868835,0.9873560719,0.1626008,33.51129953,33.02486,0.48643914791992415
225.75893,931,30,-0.014904838,0.49476528,-0.54593086,84.60015,0.6646678,0.50523472,-0.03006430382,-0.1475124676,0.531026022,0.245164941,2994.390885,60,23.52566989,7990.653469,0.5021396763,-46.18583265,51.43971119,0.1388387032,1,1703.518038,0.0,808.5081868,812.8773276,1138.405584,343.5906291,605.7603101,4295.703149,0,0,0,24.9458,0.9875171397,0.2009397,35.39462855,35.46337,-0.06874272685546856
194.3898,884,40,0.098825835,0.34895644,-0.39757207,13.853501,1.9143497,0.65104356,0.2823946746,-0.104805603,0.496397905,0.3749346975,494.7668913,107,68.36949375,6942.478804,0.3144705284,-5.507765069,4.439711191,0.02184592481,39,1830.126414,5.875400518,103.2292565,2452.193122,2391.756888,423.7751463,321.0140122,3454.105069,0,1,1,14.167176,0.9880112124,0.1136937,35.71421342,35.5775,0.1367140303515626
34.392395,898,40,0.0722297,0.4502104,-0.5619335,24.018877,1.6854757,0.5497896,0.1600798652,-0.2084483807,0.6341632,0.31100965,732.7815653,93,51.42145162,1049.262755,0.4176918379,-13.49701162,18.43971119,0.03865626987,1,1433.305816,0.0,1985.538194,0.0,3751.620945,3290.193012,1675.357008,11703.87175,0,0,0,2.4281337,0.9884177322,0.1267732,30.50856896,30.705296,-0.196726602744139
334.9972,852,20,0.011707861,0.42573726,-0.48010018,4.1688833,5.6106772,0.57426274,0.02743575989,-0.1408396996,0.491808041,0.2929853005,142.8751721,139,192.2880572,11480.96005,0.4207527873,-2.001481623,-27.56028881,0.005830603253,131,3407.58919,3.751607914,485.0086795,2127.657173,423.0735052,244.7389989,266.5883479,1161.354278,0,0,2,53.41608,0.9877877213,0.1758708,34.27180898,34.3064,-0.03459131907226265
180.0,851,40,0.17945133,0.24003169,-0.414884,33.963116,0.92740995,0.75996831,0.7445134289,-0.08321479684,0.59433533,0.46970982,1316.805446,140,35.95719758,6978.893816,0.196957684,-14.09075342,-28.56028881,0.05510092367,1,2309.940368,997.6342874,533.5989933,6251.680553,3745.068352,2813.521611,601.6383712,5262.195247,0,0,0,4.783494,0.9874217019,0.1771368,38.77163231,38.751537,0.020094987001954223
115.972694,852,30,0.15280738,0.39049286,-0.50886077,35.25471,2.1168725,0.60950714,0.3903197111,-0.101526126,0.66166815,0.38115726,1368.690173,139,82.18313491,4502.396605,0.3308226692,-17.93973888,-27.56028881,0.05723681523,1,896.7233352,978.50691,961.0537022,4892.43431,3743.461841,3997.480293,355.7425162,7057.092029,0,0,0,5.340289,0.9877991635,0.2072891,38.82290261,38.66604,0.15686409681640612
8.342328,899,40,0.018991487,0.44269663,-0.5070422,90.75598,3.2773552,0.55730337,0.0428028651,-0.1236579193,0.526033687,0.2881474285,3328.13605,92,120.1847414,305.9236709,0.4342891627,-46.01711176,19.43971119,0.1490185162,22,2563.920211,0.0,179.3261033,2312.666925,728.3034772,303.8540385,326.9277032,315.3502942,1,0,5,33.94942,0.9879596525,0.1760338,36.67125902,35.92463,0.7466298085742196
90.0,926,50,0.033800874,0.20990498,-0.29133373,20.748198,3.326769,0.79009502,0.1602658885,-0.09776277776,0.325134604,0.411947947,668.5985429,65,107.2031849,2900.19735,0.2028100082,-6.044649914,46.43971119,0.03324759216,322,7704.555064,109.691255,785.1945718,2228.410707,189.2215169,527.0607441,144.0636673,450.7686754,3,0,1,44.27976,0.9873777461,0.1767311,32.224415,32.128006,0.09640901855468798
45.76659,912,50,0.13156046,0.08134449,-0.30390236,114.83548,0.6647591,0.91865551,1.597683828,-0.08621699434,0.43546282,0.525107985,3989.3935,79,23.0937828,1589.934894,0.07064277148,-34.89877338,32.43971119,0.1888384603,1,2029.672478,0.0,237.8842701,2496.794061,6324.338298,2257.638096,450.247647,2322.417722,1,0,0,101.41287,0.9871994489,0.316858,34.74007772,34.478012,0.26206563503906466
0.0,798,40,0.13386631,0.25821596,-0.39928553,1.7284601,4.1663504,0.74178404,0.5164277308,-0.077792753,0.53315184,0.437825175,67.49671422,193,162.6968203,0.0,0.2236495423,-0.6901491071,-81.56028881,0.001794908351,14,1630.708774,122.3830326,659.4925952,2006.774443,1550.90801,474.058463,274.0318936,3204.011738,0,1,0,8.528422,0.9887149807,0.1390629,39.05020094,38.83887,0.2113299378027378
239.69504,851,50,0.052014653,0.022924902,-0.090602614,173.31213,2.7549696,0.977075098,2.174080086,-0.0222590736,0.142617267,0.5145448755,6340.46821,140,100.788082,8769.027195,0.02173247118,-15.70253202,-28.56028881,0.285540507,9,2662.406682,0.0,1414.568971,3720.8326,3541.972392,1221.894048,233.4572947,2456.977444,0,4,0,20.175676,0.9871699761,0.2546805,36.58409951,35.66427,0.9198310163476577
64.01098,880,40,0.06644457,0.41486675,-0.4857143,7.554633,1.0581788,0.58513325,0.1597737016,-0.1260043917,0.55215887,0.32578891,271.3441775,111,38.00722764,2299.119854,0.3873011072,-3.669393279,0.4397111913,0.01142957183,1,1655.31677,74.99340802,74.99340802,7496.049044,4103.105594,542.1899908,1365.203089,4370.081985,0,0,0,10.292571,0.9885835837,0.180661,35.91758561,35.85731,0.060274361220706396
194.39934,920,20,0.03700892,0.45178828,-0.5801931,2.6311011,1.9144315,0.54821172,0.08173559616,-0.168076187,0.61720202,0.29261032,90.64023843,71,65.95129606,6696.96901,0.4350680837,-1.526546704,40.43971119,0.003287593588,1,1813.404431,0.0,1067.541024,5364.751781,7159.054597,5378.198863,674.7442102,1961.393458,0,0,1,2.7092755,0.9881355154,0.1720509,34.44954602,34.40883,0.04071728464843716
207.15459,906,10,-0.040965933,0.30911064,-0.34484679,20.307047,1.0422692,0.69088936,-0.1321010237,-0.1208116806,0.303880857,0.3249617135,639.8413374,85,32.84017213,6527.097215,0.3217736458,-7.002819972,26.43971119,0.03251806671,203,5304.494396,3.926965903,19.31444601,2270.344388,346.4402268,135.1513072,337.7933689,540.7120665,0,2,0,54.021534,0.9877400203,0.1745167,31.50833981,31.615267,-0.10692698992675886
0.0,868,50,0.08741845,0.28268275,-0.34727573,74.5731,2.3174627,0.71731725,0.3081556774,-0.09677207933,0.43469418,0.40236785,2608.900093,123,81.07519538,0.0,0.2579710622,-25.89742774,-11.56028881,0.122257106,64,3958.734409,404.2681058,225.9911563,2056.55263,1388.134889,914.358126,135.5229386,3100.382024,0,0,0,11.122295,0.9878366955,0.1831237,34.98446615,34.875732,0.10873372812500293
134.26784,897,40,0.124665156,0.095692545,-0.16960353,2.3893867,1.3285198,0.904307455,1.289294392,-0.05768477189,0.294268686,0.5144863055,76.46981895,94,42.51788485,4297.101602,0.08376301895,-0.4052484189,17.43971119,0.002887873748,24,3589.700684,0.0,315.7112548,1091.714033,538.3014416,405.0646112,277.8939966,1002.273499,2,0,4,34.84642,0.9876194169,0.1991709,32.00395271,32.701015,-0.6970627624121093
295.97113,861,40,0.08036583,0.41624212,-0.48057646,62.99629,1.0588571,0.58375788,0.1926119779,-0.1188630078,0.56094229,0.332061855,2299.602462,130,38.65228244,10804.06384,0.3827904765,-30.27453404,-18.56028881,0.1031126916,92,4317.689236,369.9382771,802.8269701,2260.051978,2362.569352,915.8492891,186.6664958,2481.821778,0,0,0,9.928188,0.9879172511,0.1895691,36.50377604,36.345615,0.15816065303710758
230.93793,870,20,0.15089333,0.26548907,-0.41093475,34.72054,3.674528,0.73451093,0.5662270877,-0.08954705931,0.56182808,0.44270213,1316.977837,121,139.3777844,8759.660294,0.2254285401,-14.26787642,-9.560288809,0.05635346551,1,4526.542556,252.5008321,706.2907592,2433.568521,3323.331743,1913.54807,694.8201719,5196.614216,0,0,0,5.166017,0.9874307745,0.2697632,37.93079939,37.974174,-0.04337510951172163
0.0,896,50,-0.07452933,0.11657235,-0.14527363,2.2034261,0.46373534,0.88342765,-0.6339018485,-0.05032100262,0.0707443,0.40444916,69.84805416,95,14.70029385,0.0,0.1252604091,-0.320099708,16.43971119,0.002580353214,91,6707.931217,0.0,219.2190721,2332.352013,534.0765224,651.9226945,179.0307541,216.3111248,5,0,2,60.936115,0.9889188437,0.189991,31.69974893,31.876438,-0.17668921086914224
270.0,863,40,-0.058078602,0.47250077,-0.49938118,8.612835,0.47605872,0.52749923,-0.1226578829,-0.1713957731,0.441302578,0.234710314,274.349455,128,15.16416492,8600.461154,0.4999429542,-4.301087705,-16.56028881,0.01317950619,1,510.0970721,32.5201223,32.5201223,1608.942578,1001.854367,1288.971786,696.1049075,7728.42735,0,0,0,12.738179,0.9885850926,0.1276366,31.85355983,31.718166,0.13539347868163887
90.0,898,40,0.17455342,0.32361808,-0.49277416,15.24566,0.47627178,0.67638192,0.5377193408,-0.1146911025,0.66732758,0.42546767,567.3109222,93,17.72269503,3349.017556,0.2671294374,-7.5126673,18.43971119,0.02414811935,1,0.0,277.7188552,1003.058334,1762.177947,9929.155555,1308.208214,1503.557619,6255.402322,0,0,0,1.5193275,0.9880007534,0.1800455,37.21130618,37.131832,0.07947405719726675
252.01625,887,40,-0.005001786,0.40404293,-0.48247695,4.4540267,1.5016797,0.59595707,-0.01234877992,-0.1433390886,0.477475164,0.295477642,151.8406828,104,51.19324295,8591.398761,0.4060638663,-2.148965217,7.439711191,0.006302141044,1,1984.676662,166.5612758,488.8456495,1674.990713,1739.252027,2956.981612,339.7654673,9686.530984,0,0,2,5.375876,0.9877302564,0.192314,34.09065392,34.0073,0.08335258943359491
194.38275,906,50,-0.10047029,0.6327307,-0.52307695,9.249081,3.8243144,0.3672693,-0.15853783,-0.1628106434,0.42260666,0.133399505,308.9528971,85,127.7459905,6493.089829,0.6963013369,-4.83798108,26.43971119,0.01423165761,16,1672.149289,46.10476311,472.2551292,5181.884664,3312.94297,98.78005504,588.0496337,5390.050538,0,0,0,9.966773,0.9888040936,0.1074125,33.4036319,33.734165,-0.33053329165039
225.74995,875,10,0.056297548,0.36146343,-0.4221656,1.8385265,0.6645609,0.63853657,0.1553192497,-0.1161979481,0.478463148,0.347417059,64.62464794,116,23.35947521,7935.16495,0.3411139252,-0.776162643,-4.560288809,0.001976923671,12,3166.256822,1.823905915,0.0,3894.636514,2344.538709,997.9963094,260.4459284,4993.690286,0,0,1,32.183903,0.9891374785,0.1191462,35.15024012,34.976723,0.17351740271484317
322.4005,908,40,0.13677092,0.27490637,-0.33072713,1.8356228,2.3399746,0.72509363,0.4957149775,-0.1052015755,0.46749805,0.430932275,60.70787136,83,77.38783644,10662.4564,0.2373071729,-0.6070902604,28.43971119,0.001972121862,1,2301.344804,173.7679261,710.7828478,2222.602912,1623.925725,359.1176545,911.1155302,6314.08925,0,0,0,12.230958,0.9875057343,0.2501265,33.07208396,33.272984,-0.20089959102539012
0.0,907,10,0.035042565,0.3985653,-0.4557945,336.64047,0.0,0.6014347,0.08770172235,-0.1482288385,0.490837065,0.3182386325,11017.18686,84,0.0,0.0,0.3845985496,-153.4388747,27.43971119,0.555634378,102,3801.661497,0.0,299.3211357,324.3258113,803.1014498,541.9676658,288.8751047,1028.284922,1,0,6,32.05171,0.9880682271,0.1921665,32.72686394,32.806355,-0.07949058270507692
180.0,893,20,0.056653,0.42151082,-0.51693135,3.9757023,1.3909631,0.57848918,0.1340865069,-0.1701330653,0.57358435,0.31757109,129.3580771,98,45.25799427,5856.689489,0.3976309675,-2.055165157,13.43971119,0.005511142441,10,3445.759679,13.3401431,206.02788,2304.00131,472.574642,130.8243909,1263.521491,3179.807844,1,0,6,25.02343,0.9884440306,0.1533355,32.53716383,32.587257,-0.05009355525390902
239.66896,887,30,0.096593186,0.3611111,-0.5523416,13.016658,2.7528296,0.6388889,0.2667501383,-0.1397465764,0.648934786,0.367741043,471.575627,104,99.73123245,8682.876979,0.3262302284,-7.189641706,7.439711191,0.02046204884,1,459.8780249,160.6658834,324.9809667,8380.038722,1535.251817,561.3128137,872.9952483,1543.282311,0,0,0,11.626989,0.9885978735,0.1189729,36.22862543,35.918728,0.30989755524414164
180.0,831,40,0.08239437,0.3299311,-0.44456762,0.93029386,2.7802885,0.6700689,0.2489774155,-0.1043485072,0.52696199,0.376231635,34.5284163,160,103.1920804,6680.808292,0.3027466349,-0.4135785272,-48.56028881,0.0004749916148,1,2091.485947,351.4737255,756.505461,2001.66671,2508.996941,3275.09418,325.5706417,5176.297493,0,0,0,6.0279617,0.9877771939,0.20233,37.11560162,37.040348,0.075253567021484
18.895357,888,40,0.17534374,0.18965901,-0.41968086,3.7280965,1.4701554,0.81034099,0.9196719316,-0.1014056824,0.5950246,0.492842365,137.1217591,103,54.07325013,694.9832415,0.1564034899,-1.564610745,8.439711191,0.005101680072,1,0.0,0.0,163.0930407,5833.941613,4550.371027,3988.838879,1278.515679,14739.98791,0,0,0,3.0880697,0.9874667666,0.2161872,36.78063566,36.755188,0.025447671718751508
202.3064,747,10,0.113362886,0.1965812,-0.2962963,1.4580195,2.504682,0.8034188,0.5737534037,-0.08222157089,0.409659186,0.458390843,51.09026225,244,87.76622002,7088.990944,0.1742961878,-0.4320057832,-132.5602888,0.001347684382,53,2767.522374,168.8659413,921.5396767,1125.298976,4349.610403,152.7178105,329.3187546,5788.034552,0,0,0,6.9562683,0.9881043068,0.1344467,35.04086348,35.07605,-0.03518632468750127
97.918594,899,20,-0.02979903,0.6671653,-0.6365639,4.6470866,3.3623176,0.3328347,-0.04459829027,-0.2387568558,0.60676487,0.151517835,140.8467577,92,101.9071889,2967.776946,0.6870461788,-2.95816757,19.43971119,0.006621401595,1,0.0,0.0,1269.716037,0.0,5150.580055,1852.257315,1029.330176,7093.986768,1,0,0,24.649912,0.9893877457,0.1416433,30.30861479,30.501816,-0.19320100589843747
90.0,861,40,0.09688337,0.22681992,-0.34255764,5.4907894,1.903377,0.77318008,0.4252629445,-0.09975460326,0.43944101,0.435031725,188.7516981,130,65.43059927,3093.845273,0.2048448418,-1.880911859,-18.56028881,0.008016621526,1,1101.324349,0.0,198.5728142,2853.469658,2304.122847,949.9108675,953.9160501,5149.973111,0,0,0,6.383354,0.988100182,0.1884878,34.37605859,34.69668,-0.3206195716210942
180.0,865,40,0.042495966,0.37664348,-0.4825097,3.0981631,0.46373534,0.62335652,0.1125293253,-0.1152605431,0.525005666,0.332926243,114.365402,126,17.11829779,6644.508919,0.3606376515,-1.494893748,-14.56028881,0.004059967712,1,0.0,0.0,314.4726317,3814.205005,2040.858903,2086.88518,1243.203232,12120.68301,0,0,0,2.4632514,0.9879521768,0.1706673,36.91393844,36.843388,0.07055083624023695
214.38992,908,40,0.06044776,0.21495777,-0.2892985,77.78953,1.6854259,0.78504223,0.2799054649,-0.08616177744,0.34974626,0.422744995,2649.104141,83,57.39678246,7300.998282,0.2019640543,-22.50439434,28.43971119,0.1275760729,27,5068.904463,170.953029,272.5689827,2398.173474,807.3396988,497.0215905,196.4631879,3507.087351,0,0,3,32.11969,0.987955809,0.1773403,34.05476471,33.978386,0.07637878470703185
263.82053,865,20,0.050084032,0.28805834,-0.36258438,69.68763,4.3000784,0.71194166,0.1732661718,-0.1023539958,0.412668412,0.381012846,2425.717557,126,149.6790129,9183.180593,0.2736312169,-25.26764612,-14.56028881,0.1141780702,10,2519.765175,0.0,1064.660822,2128.230457,4344.405525,616.7640991,296.7161777,8388.200963,0,2,0,17.128147,0.9877952307,0.2230136,34.80843812,34.820457,-0.0120193384960956
0.0,885,30,0.044865403,0.38306063,-0.42066237,1.7152506,0.46373534,0.61693937,0.1168185424,-0.1252265883,0.465527773,0.3309023865,58.42418112,106,15.795568,0.0,0.3658744605,-0.7215413825,5.439711191,0.001773063979,2,1648.118528,148.0580254,23.83132473,833.4067535,1415.342259,351.8364144,1594.40341,1747.079499,0,0,2,36.00414,0.9890031722,0.1217946,34.06160075,34.02065,0.040951793701168526
96.94438,874,60,0.07361138,0.39467594,-0.42266825,73.894165,3.8298788,0.60532406,0.1860395656,-0.1215491659,0.49627963,0.33946772,2553.19759,117,132.330304,3349.630615,0.3656232994,-31.23271741,-5.560288809,0.1211343604,30,3860.591882,18.56161472,1204.689876,18.56161472,2857.353367,1026.533989,312.7834257,7341.525075,0,0,0,22.582323,0.987374,0.2537116,34.55208662,34.795494,-0.24340745958984655
288.0008,914,50,0.084200196,0.23113456,-0.2871724,22.97583,1.5003049,0.76886544,0.3627215008,-0.0857309476,0.371372596,0.426532818,781.6511662,77,51.04124964,9797.955555,0.2116729847,-6.598024243,34.43971119,0.03693139713,45,4729.70262,15.29434665,443.2530485,1404.007103,1330.394084,608.9984532,34.89416336,3002.481461,0,0,8,34.034386,0.9883127475,0.139969,34.02058451,33.96262,0.05796472850585843
209.67372,785,20,-0.08571429,0.6314848,-0.6314848,1.8401736,4.7924604,0.3685152,-0.1355199208,-0.1960413972,0.54577051,0.141400455,61.54081369,206,160.2739614,7012.105455,0.6856120713,-1.162041658,-94.56028881,0.001979647458,22,1978.66634,0.0,196.5000934,1389.710579,1919.135775,1169.9813,352.3463931,4521.605012,0,0,0,8.431687,0.9888417369,0.1327215,33.44293913,33.31646,0.12647947423828043
11.605302,901,40,0.11340206,0.43006194,-0.5255652,42.467026,2.365774,0.56993806,0.263076021,-0.1502879306,0.63896726,0.34167006,1470.662883,90,81.92841222,401.8997445,0.3812920301,-22.31919101,21.43971119,0.06916372484,6,3489.673513,0.0,1106.608863,1764.925291,3430.356828,1645.46967,632.555501,9565.808919,0,0,1,4.696831,0.9877685778,0.1908648,34.63070108,34.69021,-0.05950735505859228
77.784874,845,40,0.0742088,0.29155037,-0.40880156,61.11353,4.375059,0.70844963,0.2536616173,-0.09670260444,0.48301036,0.391329215,2262.834364,146,161.9941419,2880.119769,0.2699147669,-24.9833064,-34.56028881,0.09999919679,28,5350.52793,249.7140179,1066.832404,2980.29177,2826.764883,900.5548054,648.7917743,2259.142426,0,0,0,9.306245,0.987682162,0.1995876,37.0267331,36.69032,0.3364140387207044
270.0,888,10,-0.037493005,0.44055945,-0.4694848,2.2269778,4.2752433,0.55944055,-0.08491043505,-0.1721032667,0.431991795,0.2609737725,68.41384077,103,131.3375528,8294.531274,0.4570773477,-1.045532227,8.439711191,0.002619300342,13,3476.149417,0.0,345.47241,1108.237067,299.1452938,526.3425364,268.7983285,300.6129754,8,3,1,64.91812,0.9883062335,0.219446,30.7204862,30.948706,-0.22821947321777358
270.0,896,50,0.034916505,0.17507261,-0.23508188,478.82584,0.95168054,0.82492739,0.1983074199,-0.07846388793,0.269998385,0.4299219475,15471.61681,95,30.75029668,8724.125118,0.1689596863,-112.5632787,16.43971119,0.790764405,204,6040.589439,5.57757059,523.2177674,1701.038009,285.6496379,55.56492549,526.1100312,900.9421475,1,0,11,52.917374,0.9871535569,0.1826915,32.31157451,32.49822,-0.18664402637695332
180.0,875,40,0.09593645,0.3413418,-0.44341463,6.220799,0.46373534,0.6586582,0.2802358637,-0.1197184664,0.53935108,0.377297325,220.2466583,116,16.41849527,6372.87887,0.3085946795,-2.758393287,-4.560288809,0.009223828547,1,512.2847908,0.0,161.7586713,1420.595618,3504.057983,626.4360128,624.8368308,7704.799152,0,0,1,6.916739,0.9881748628,0.1982797,35.40488261,35.358276,0.046606242812501364
198.89508,873,40,0.08515284,0.37753424,-0.48056537,47.063396,1.470153,0.62246576,0.2249541283,-0.1572667445,0.56571821,0.3538093,1535.572312,118,47.96777184,6489.497228,0.3453861273,-22.61703831,-6.560288809,0.07676467986,1,382.55085,219.2477758,36.54840656,2237.768839,2379.987922,785.5314133,563.6039133,6374.056099,0,0,0,4.960933,0.9883857868,0.1850562,32.62774136,32.84593,-0.21818683213867018
76.314766,903,50,0.07028004,0.27946296,-0.37483302,2.707692,1.9593772,0.72053704,0.2505858171,-0.09807160419,0.44511306,0.39540854,96.96222844,88,70.16513682,2732.825511,0.259822292,-1.01493237,23.43971119,0.003414250925,5,3559.7695,226.5417731,579.039242,714.7543757,893.5037583,552.3043553,105.4234628,7000.537025,0,0,0,18.896849,0.9885473568,0.1532566,35.80991798,35.72616,0.08375983791015784
244.00745,907,10,-0.14408435,0.5664261,-0.51460326,14.874672,2.1153686,0.4335739,-0.2539261941,-0.1755140963,0.37051891,0.144744775,475.3619333,84,67.60254661,7797.943589,0.6480392364,-7.654554703,27.43971119,0.02353462151,24,3572.826232,22.87584025,131.7798125,3303.6602,3420.374224,958.4492193,2122.653182,3932.36292,0,2,1,36.877724,0.9885467079,0.1095277,31.95780944,32.585075,-0.6272659384179704
332.82376,893,40,-0.021520803,0.49697766,-0.52585053,55.641277,1.0424712,0.50302234,-0.04321640252,-0.1898195175,0.504329727,0.2407507685,1724.446631,98,32.30849551,10314.94679,0.5076730183,-29.258995,13.43971119,0.09094980587,1,112.795545,427.3773414,284.9926755,2131.614233,2432.190652,486.4507363,328.5147213,8176.311426,0,0,0,7.7252192,0.9887975922,0.1187876,30.99221879,31.02681,-0.03459090238281348
225.7597,879,40,0.036054548,0.42070484,-0.5158637,42.544685,1.3291752,0.57929516,0.08549711689,-0.1366433492,0.551918248,0.307674854,1516.832425,112,47.38867011,8048.940386,0.4055365172,-21.94725862,-0.5602888087,0.06929214848,1,2060.039552,0.0,601.2205308,3316.780899,3822.862364,1298.224362,465.1397033,6983.430817,0,0,1,4.967579,0.9878881216,0.2035298,35.65268906,35.60761,0.04508026483398453
34.399292,917,40,0.091712244,0.39290324,-0.5103183,3.1796083,1.6856145,0.60709676,0.232829372,-0.09390462639,0.602030544,0.349404502,125.8325756,74,66.70796967,1361.347406,0.3568692022,-1.622612302,37.43971119,0.00419465254,1,4759.571125,0.0,665.5963627,5633.406109,9066.896798,4995.810295,592.1057631,3545.507119,0,1,1,1.7065392,0.9877034893,0.1900743,39.57486701,39.630413,-0.05554604541992347
252.0015,812,50,0.062408067,0.11105578,-0.18042327,13.051784,2.998922,0.88894422,0.5569375092,-0.05645657072,0.242831337,0.4756761435,434.9286238,179,99.93400276,8397.523709,0.1041250034,-2.354845549,-67.56028881,0.02052013623,334,6476.732907,161.9813359,218.5708691,1171.053867,527.6498204,642.5262025,202.677091,1408.097597,1,0,0,57.771107,0.9881692337,0.1654047,33.32330843,33.37839,-0.05508283586914331
165.62048,914,30,0.1328963,0.2067178,-0.3512886,18.220747,3.8242593,0.7932822,0.6397925455,-0.09418909405,0.4841849,0.46308925,646.7537989,77,135.7438435,5878.775146,0.1792457692,-6.400740705,34.43971119,0.02906798056,1,2598.305675,233.4023078,152.3819785,2739.957198,3211.63077,1352.446854,1983.476263,4165.719272,0,0,1,16.724503,0.9881021177,0.1600137,35.49546014,35.54599,-0.05052985023437628
270.0,911,30,0.13234743,0.043448895,-0.18224716,11.78745,0.4755775,0.956551105,2.977519014,-0.04917319143,0.31459459,0.5444492675,417.4340079,80,16.84182939,9561.625468,0.03769854541,-2.148229286,31.43971119,0.01842932416,1,563.4103935,38.04158456,230.235506,1616.63623,1663.195588,504.5319013,952.1454768,8602.084748,0,0,0,6.9996276,0.9883403873,0.1729748,35.41342766,34.550953,0.8624747486230504
152.83118,901,50,-0.017955555,0.22167698,-0.2934267,443.004,1.0424021,0.77832302,-0.08063498526,-0.1013498959,0.275471145,0.3801837325,14064.31433,90,33.09376617,4852.023355,0.2256573132,-129.9892018,21.43971119,0.7315263118,344,6946.46379,0.0,159.7008964,1900.229789,843.3105362,2.379936496,327.1582548,749.9382804,0,0,18,52.385014,0.9875170393,0.2292628,31.74760121,31.787395,-0.03979426729492275
180.0,804,50,0.12022422,0.15001929,-0.18710192,2.1024776,0.46373534,0.84998071,0.7960851889,-0.05543447342,0.30732614,0.485102465,71.75747881,187,15.82726914,6143.393007,0.1319833379,-0.3933775957,-75.56028881,0.002413416042,40,1977.575925,105.2236356,764.8605881,2958.006513,2247.051058,250.6778535,148.7549224,2843.095333,0,0,0,11.578059,0.9878962476,0.219817,34.12996115,35.03063,-0.9006670543457034
180.0,929,50,0.06477506,0.26899695,-0.3632653,19.11684,1.3909631,0.73100305,0.2399103397,-0.1062200068,0.42804036,0.397889055,656.0508023,62,47.73500525,6177.231405,0.2515726564,-6.944484618,49.43971119,0.03054983746,6,4321.603371,0.0,411.302918,2908.36372,2719.583076,780.5373395,1011.567925,3130.484134,0,2,1,27.290655,0.9875830673,0.1654724,34.31795225,34.6013,-0.28334703588867427
322.4155,913,10,0.02828467,0.24853459,-0.3180693,7.537402,2.3395038,0.75146541,0.1133496963,-0.1134032255,0.34635397,0.38987504,235.2238803,78,73.01019129,10061.79914,0.2415048711,-2.397416178,33.43971119,0.01140107715,202,4221.504713,0.0,699.4724781,2878.796656,262.9675262,324.2978492,227.6411824,558.5547953,3,3,3,42.32008,0.9874724176,0.1563268,31.20755405,31.320057,-0.1125028652832043
314.27765,913,50,0.0919664,0.19332013,-0.27294686,49.21443,1.9919835,0.80667987,0.4732726352,-0.07086580077,0.36491326,0.449323135,1767.158855,78,71.52681198,11284.87178,0.1755411736,-13.43292414,33.43971119,0.08032181575,15,3015.44509,0.0,649.0428294,3786.145674,1874.781074,392.8349014,501.2699233,2290.972753,0,1,0,39.166817,0.9874231306,0.2004766,35.90733155,35.781437,0.12589462983398647
0.0,860,40,-0.047132574,0.5605536,-0.58134645,68.49174,0.0,0.4394464,-0.08393245809,-0.1794109496,0.534213876,0.196156913,2296.651851,131,0.0,0.0,0.586973934,-39.8174299,-19.56028881,0.1122004431,11,2003.96307,471.1373304,17.13485206,2493.686367,684.6977096,1461.862299,700.2985123,4271.838694,0,0,0,17.341734,0.9886926559,0.1811212,33.53180765,33.53428,-0.0024712196289087274
314.2637,873,40,0.13509956,0.2595255,-0.37844217,6.2882967,1.3286183,0.7404745,0.5185655915,-0.1008161942,0.51354173,0.43778703,223.7325762,118,47.27117839,11181.25155,0.2244637191,-2.379756649,-6.560288809,0.009335448582,1,961.3725985,84.74959179,781.9796225,915.6264212,3795.722156,956.9346873,1058.264173,6524.19748,0,0,1,8.642411,0.988403341,0.1743184,35.57920163,35.538692,0.04050915563476565
27.1704,861,40,0.15389033,0.2437223,-0.36878774,40.9073,1.0424168,0.7562777,0.6288365629,-0.08835487063,0.52267807,0.455084015,1508.651334,130,38.44407957,1002.037783,0.2062157948,-15.08611072,-18.56028881,0.06658442701,1,2413.312653,949.8887395,305.4718416,6982.076371,2908.503356,2233.777062,59.28233632,5840.115952,0,0,0,5.276438,0.9877519346,0.2333665,36.87975824,36.9264,-0.046640990957030226
57.007706,872,40,-0.0770208,0.5064416,-0.53996366,8.638936,1.7027973,0.4935584,-0.1517825894,-0.1912417833,0.46294286,0.2082688,270.589252,119,53.33511532,1785.598658,0.5454481372,-4.664711501,-7.560288809,0.01322266906,1,1195.783327,70.26426299,70.29484909,2416.408085,528.8807217,2078.636501,432.8977681,11299.7707,0,0,1,5.0494266,0.9878893832,0.1787031,31.32205772,31.445957,-0.12389946383789052
152.81918,912,50,0.05850291,0.25624242,-0.32974082,83.38574,2.0843382,0.74375758,0.2274232609,-0.09749793421,0.38824373,0.401130245,2848.374687,79,71.19893842,5220.152558,0.2412514928,-27.49568228,32.43971119,0.1368304498,1,3028.338824,0.0,224.1437896,1671.763251,233.2191776,271.0418844,333.8013807,448.8790518,0,0,1,13.437223,0.9875839536,0.232359,34.15901432,34.160343,-0.0013288501660184693
152.85077,897,30,0.1012303,0.34365925,-0.43834198,13.888461,2.0837493,0.65634075,0.2937112525,-0.1180245203,0.53957228,0.378785525,492.2177772,94,73.84968347,5417.149262,0.308870521,-6.087895494,17.43971119,0.02190373769,68,4216.080212,78.36482183,806.1608757,5120.558531,3118.69119,333.5101611,1209.537969,7191.528579,0,0,3,14.220725,0.9876908155,0.2052578,35.44077182,35.43367,0.007101776054689424
53.828415,883,50,0.022648439,0.2914532,-0.35310733,2.7910469,4.703818,0.7085468,0.07744295156,-0.09725238551,0.375755769,0.3655976195,98.08211909,108,165.3001378,1891.621746,0.28485224,-0.9855391188,3.439711191,0.003552093798,11,5546.457773,82.75200299,129.4373721,648.8029063,739.4371429,824.9495346,468.7244014,754.3555904,0,0,0,67.306694,0.9878004666,0.1915076,35.14169507,34.639465,0.5022297379687473
314.25635,919,50,0.05590622,0.12884097,-0.17541398,386.32538,3.3188617,0.87115903,0.4305745713,-0.05661366109,0.2313202,0.463532625,12689.43452,72,109.012973,10322.21952,0.1216379584,-67.76687248,39.43971119,0.637797643,710,7504.543145,189.0709883,1427.490855,4335.604208,403.7168597,557.1089133,271.760081,4864.549495,0,1,0,84.41743,0.9875490457,0.1834579,32.84649464,33.044334,-0.19783977162109068
115.98342,896,20,-0.012135406,0.58097774,-0.57365113,1.9173223,1.058391,0.41902226,-0.02085201059,-0.1860516143,0.561515724,0.203443427,62.82986412,95,34.68303827,3800.729026,0.5880281408,-1.099874104,16.43971119,0.002107227222,87,4006.165062,0.0,214.8448221,1076.060382,413.4842087,480.6167674,377.2994139,745.8446454,1,0,3,31.45458,0.9890116995,0.1510915,32.76958919,32.74548,0.02410960625976344
244.02928,864,40,0.04844591,0.37068534,-0.45204028,5.898628,3.173729,0.62931466,0.1303411913,-0.1049715304,0.50048619,0.338880285,219.6468648,127,118.1799606,9086.903982,0.3527271514,-2.666417453,-15.56028881,0.008691058713,1,1053.291115,64.98156963,64.98156963,3729.102936,2753.552267,285.2855119,372.8547168,5840.374232,0,1,0,5.866487,0.9889246983,0.1441082,37.23694133,37.12968,0.10726069645507863
90.0,905,50,0.098503985,0.13558492,-0.22492081,10.220036,2.8531795,0.86441508,0.7211922444,-0.07169604539,0.323424795,0.4814595325,337.6660319,86,94.26794584,2973.565149,0.1222292651,-2.298698775,25.43971119,0.01583731279,273,6416.306329,59.18000503,522.5151026,5324.844533,446.5069962,308.2498414,314.0720226,1251.890309,0,1,2,55.0016,0.9875406174,0.2156573,33.03961277,33.138927,-0.09931468971679891
68.69844,891,40,0.11120525,0.41900575,-0.5208409,5.269443,2.551438,0.58099425,0.2647707799,-0.120691272,0.63204615,0.34609975,196.3440173,100,95.06879318,2559.763468,0.3724101108,-2.744541435,11.43971119,0.007650583972,1,745.2764774,53.31588416,353.9697644,2324.733202,3106.492273,1976.501274,2015.700699,8036.70155,0,0,0,7.370088,0.987725229,0.1802853,37.26086747,37.167343,0.09352433035156338
225.72847,822,10,0.10248802,0.48995832,-0.51172626,1.704503,2.6554377,0.51004168,0.2087509587,-0.1695559831,0.61421428,0.30626485,55.27617356,169,86.1145068,7320.26056,0.4397434619,-0.8722389453,-57.56028881,0.001755290818,1,0.0,0.0,761.5483237,0.0,3995.643534,2162.267773,1202.191288,3796.527211,0,0,0,5.0355887,0.988650499,0.1336692,32.4294962,32.57911,-0.1496129918945286
258.97217,899,50,0.065361075,0.10570519,-0.16402438,565.6978,2.4229124,0.89429481,0.6125388559,-0.04899588056,0.229385455,0.4798279425,19240.5359,92,82.40819216,8808.171665,0.09879618515,-92.78823091,19.43971119,0.9344233926,40,7412.420054,220.1003191,1160.366469,5139.813879,375.7565089,546.986444,331.7268933,1841.430961,0,0,0,82.79237,0.9874286088,0.1512186,34.01203946,34.002617,0.009422577675778143
68.70353,885,50,-0.012127441,0.23594378,-0.2869838,6.3137026,2.5520191,0.76405622,-0.05118277846,-0.1046055851,0.274856359,0.3759643895,194.5966343,106,78.65659169,2117.533331,0.2388051743,-1.811930364,5.439711191,0.009377461976,99,8245.082349,0.0,164.8815372,3157.301505,279.9653282,195.9606374,344.9670238,2315.811024,0,0,5,44.694923,0.9874237091,0.1738369,30.82131779,31.054918,-0.23360049918457193
0.0,933,50,0.1103757,0.18886577,-0.26277977,14.986259,1.8543341,0.81113423,0.581335435,-0.06561483717,0.37315547,0.460754965,545.3390606,58,67.47786863,0.0,0.1680195784,-3.938085693,53.43971119,0.02371915142,217,3750.604095,41.22170957,680.9188494,1972.555289,1519.575625,830.0431077,1114.582665,3117.811798,0,0,2,23.550192,0.9874096405,0.1735013,36.38927237,36.170757,0.2185150762988286
303.0257,720,10,0.017077798,0.5325444,-0.545756,0.9943064,1.7012708,0.4674556,0.032008204,-0.1551000258,0.562833798,0.242266699,34.5184917,271,59.06157497,10519.88613,0.5234497143,-0.5426486836,-159.5602888,0.0005808482881,1,448.3907484,1439.493917,1917.527576,3898.245802,4864.678369,4166.815268,303.143243,4308.794688,0,0,0,3.9487202,0.988904626,0.135199,34.71615158,34.666973,0.04917846598632991
76.30409,858,50,0.021790722,0.1452387,-0.2029716,2.7080183,3.9112003,0.8547613,0.1490079028,-0.05650297901,0.224762322,0.438276011,94.77559879,133,136.8847287,2670.501089,0.1420738439,-0.5496508072,-21.56028881,0.003414790523,89,4980.234585,50.96515748,232.0798966,1132.278392,784.3871336,402.3949132,101.1274072,1423.551034,0,0,5,51.75248,0.9877584035,0.1588075,34.99813823,34.769947,0.228191177998049
332.81796,903,40,0.10963991,0.24610169,-0.3809166,34.11449,2.0843608,0.75389831,0.4437036024,-0.09210635421,0.49055651,0.43176911,1254.461117,88,76.6463042,12238.41218,0.2191191229,-12.99477554,23.43971119,0.05535124881,1,425.0020677,0.0,293.8915316,2228.569602,2615.770567,1715.044101,554.8064877,5623.212175,0,0,0,5.0741515,0.9877008021,0.1976256,36.77209061,36.776608,-0.004516903427735031
198.88957,876,50,0.11636829,0.074232414,-0.15214673,2.2577515,1.4701047,0.925767586,1.546783943,-0.03793132785,0.26851502,0.521067938,82.200378,115,53.523677,7241.185681,0.06559411492,-0.3435095079,-3.560288809,0.002670190394,5,1568.828145,52.24076083,131.438503,3668.148514,2112.342757,1130.790923,364.1177134,4738.698993,0,0,1,26.667643,0.9875463871,0.2067989,36.40807148,35.97071,0.43736072560546546
120.30524,897,20,0.037261546,0.3643254,-0.48107514,1.2200822,2.7549467,0.6356746,0.1019954977,-0.1239024392,0.518336686,0.336468073,43.9329189,94,99.20057022,4331.970709,0.3507500723,-0.5869512152,17.43971119,0.0009542106807,1,2090.888671,0.0,1141.161011,3413.701115,1447.676778,415.3859936,791.3324078,7050.545797,0,0,0,8.418527,0.9884996965,0.157085,36.00816314,35.947342,0.060821221054688124
270.0,816,40,0.1652723,0.28567955,-0.42456895,1.7068233,3.8010278,0.71432045,0.5765053698,-0.09685675262,0.58984125,0.439796375,63.89524854,175,142.2921845,10107.50035,0.2384646337,-0.7246641763,-63.56028881,0.001759127867,1,2246.586173,203.5133034,515.5028003,1166.331963,2514.014988,1625.296576,257.9568511,6029.698362,0,0,0,7.1538124,0.9879723182,0.1969524,37.43518649,37.588867,-0.15368069750000046
250.49469,898,30,-0.06212294,0.49335167,-0.50926787,1.3857958,5.5382857,0.50664833,-0.1256654802,-0.1566461588,0.44714493,0.222262695,46.53692004,93,185.9832154,8411.954602,0.5240001262,-0.7057412753,18.43971119,0.001228249024,32,3800.679871,0.0,70.93968804,3394.04483,2590.556783,1005.087746,793.2393358,6789.080495,0,0,2,15.259518,0.9883093558,0.1911411,33.58136894,33.848488,-0.26711891400390897
45.73751,874,10,-0.008934708,0.4729097,-0.5087359,2.3219516,2.6558669,0.5270903,-0.01885318659,-0.1594583689,0.499801192,0.259077796,77.31558575,117,88.43418831,1522.952665,0.4771350101,-1.181260137,-5.560288809,0.002776357233,85,3580.255371,35.86276128,167.7288161,1362.278486,959.0094301,289.4381945,221.9766648,4487.368107,0,0,3,34.13175,0.9887030511,0.1286809,33.29767328,33.403477,-0.1058034350878927
198.88368,917,50,0.11783372,0.039640985,-0.120365396,587.2018,1.470053,0.960359015,2.899381499,-0.03793520356,0.238199116,0.5390963675,19503.28053,74,48.82624007,6605.708982,0.03496994027,-70.67877719,37.43971119,0.9699842671,321,8343.288797,192.8208789,624.3364163,4153.845407,297.9398078,314.5809288,409.751956,719.3870962,0,0,0,57.82744,0.9872503814,0.1881985,33.21393179,33.735966,-0.522033938759769
0.0,752,40,0.099320605,0.32225126,-0.41535333,4.816062,0.0,0.67774874,0.307255121,-0.102906729,0.514673935,0.3885346725,175.7056803,239,0.0,0.0,0.2902450699,-2.000367389,-127.5602888,0.006900833933,1,5220.670515,272.6760698,622.7075659,4270.816505,718.4321148,1673.095944,265.861453,7033.129497,0,0,0,13.875816,0.9880610431,0.1717052,36.48326792,36.53121,-0.04794393302734079
270.0,874,40,0.052575298,0.38944066,-0.46527013,24.0839,0.47618762,0.61055934,0.1346563086,-0.1223074689,0.517845428,0.331567319,861.0018967,117,17.02375629,9652.52771,0.3689657012,-11.20551928,-5.560288809,0.03876379753,1,619.5624364,311.7028921,311.7028921,3103.302169,4828.876024,3540.192872,545.3512284,3553.524724,0,0,0,3.3066194,0.9876195185,0.2267037,35.75010263,35.73022,0.019881835322266284
161.12486,750,30,0.1883362,0.29679364,-0.4396106,2.411413,2.9380236,0.70320636,0.6324386243,-0.09511423212,0.6279468,0.44577128,91.64815242,241,111.6625127,6123.710757,0.2408966537,-1.060082716,-129.5602888,0.002924298343,1,154.8779556,658.6932914,1040.984295,1880.360221,1775.008359,2072.079442,666.7099947,1240.170631,0,0,0,10.396379,0.9878501914,0.1772633,38.00599583,38.014763,-0.008767048417965384
225.72404,747,40,0.24897844,0.19802202,-0.38657647,1.34278,1.9920443,0.80197798,1.251009511,-0.08030234073,0.63555491,0.52547821,51.59592307,244,76.54371115,8673.37926,0.1487188064,-0.5190871524,-132.5602888,0.001157114376,1,1885.493504,876.0557104,1475.559499,1610.640979,3881.848375,4115.8797,323.6758006,2384.111559,0,0,0,5.458255,0.9880052304,0.1931194,38.42470328,38.654186,-0.22948296877929408
90.0,926,50,0.08200913,0.21459642,-0.30072463,3.1531475,1.9020331,0.78540358,0.3803826149,-0.09678129659,0.38273376,0.433706355,103.7099502,65,62.55963546,2960.183601,0.1969975543,-0.9482291153,46.43971119,0.004150894672,54,6643.371989,31.32227777,307.8771225,3297.583971,1443.611228,282.058024,580.2069648,3949.53278,0,0,7,43.467064,0.9878696427,0.1909421,32.8909289,33.048088,-0.15715917373047006
45.762947,923,40,0.16534442,0.12224856,-0.3346758,52.93888,0.6647157,0.87775144,1.34155255,-0.09519506674,0.50002022,0.52154793,1837.200871,68,23.06841896,1588.165939,0.1020354428,-17.71736202,43.43971119,0.08648088843,28,3026.1456,0.0,46.46470392,841.0134043,690.6036153,363.7050892,763.4636598,1151.116484,0,0,1,9.335819,0.988272285,0.1471076,34.70418851,34.731777,-0.027588681162107775
27.146976,883,20,-0.019529693,0.4998534,-0.4924154,10.168482,2.0837073,0.5001466,-0.03899283303,-0.1392122325,0.472885707,0.2403084535,353.74044,108,72.48786369,944.3871008,0.5096153834,-5.007117131,3.439711191,0.01575205863,38,4806.425143,0.0,558.6100938,8920.025611,2435.361891,1928.251284,613.255326,4113.09796,0,0,1,7.136445,0.9891074332,0.1581086,34.78793,34.764507,0.02342270629883103
236.98631,809,10,0.0248,0.28147176,-0.34696132,8.708722,1.7018194,0.71852824,0.08779638715,-0.1055606571,0.37176132,0.37166412,293.8647193,182,57.42572565,7996.800847,0.2744912604,-3.021589681,-70.56028881,0.01333807323,145,4543.951544,97.64386849,37.84141027,2952.172394,676.3048588,626.1333391,125.1321819,635.4892626,0,2,0,57.857693,0.987826791,0.1570237,33.74372489,33.882828,-0.13910286878905964
341.12213,906,50,0.04483037,0.17253347,-0.22665974,22.691755,2.938071,0.82746653,0.2583384635,-0.07371995586,0.27149011,0.43614845,742.591198,85,96.14882867,11163.27455,0.1647987307,-5.143307288,26.43971119,0.03646162614,233,5256.657795,35.37935322,216.2732661,1450.531931,1603.384291,426.5379522,289.0688668,2974.456147,0,0,1,36.86035,0.9878047658,0.1794899,32.72515493,32.87561,-0.1504554215624978
303.0001,892,50,0.04062807,0.29243785,-0.34396482,8.438707,1.7024407,0.70756215,0.1384554515,-0.1004916369,0.38459289,0.37409511,289.7000967,99,58.44464507,10401.96777,0.2805566646,-2.902618334,12.43971119,0.01289155307,1,3465.064762,0.0,299.9183151,3220.357512,1407.40527,1138.288233,1121.139632,8542.955121,0,0,1,18.454266,0.9876720713,0.1969513,34.32991532,34.285255,0.04465988787109154
180.0,907,30,0.027245834,0.13435003,-0.21414691,1.6968242,0.92740995,0.86564997,0.2012990614,-0.0630775936,0.241392744,0.446447902,58.05463861,84,31.73012825,6158.466475,0.1306895514,-0.3633696592,27.43971119,0.00174259249,31,2849.669735,0.0,680.546277,751.084109,1027.451314,861.9395559,403.6390855,987.9166593,1,0,4,42.425537,0.9872717876,0.2699908,34.21370264,33.881924,0.3317789644628917
134.25565,870,50,0.097648874,0.12086975,-0.19040072,83.433,4.641489,0.87913025,0.8012560459,-0.05441917668,0.288049594,0.488389562,2889.913635,121,160.7697475,4650.28506,0.109066955,-15.88570327,-9.560288809,0.136908603,20,3496.277867,0.0,329.7058918,1097.677419,2103.348114,1555.036388,694.4198667,5690.5752,0,1,0,19.194744,0.987307755,0.247068,34.63753712,34.741886,-0.10434901891601811
21.060677,878,40,0.11495422,0.23579545,-0.3639927,7.0876093,3.9691658,0.76420455,0.485457892,-0.0883732598,0.47894692,0.439579385,260.2870531,113,145.7645908,773.4373215,0.208689768,-2.579838046,-1.560288809,0.01065726104,5,2602.830872,156.3451688,315.2854377,1845.29594,456.6821978,2358.653325,825.4873398,10634.76883,0,0,1,6.031789,0.9883656375,0.1683642,36.72423833,36.79391,-0.06967265022461078
107.98705,905,40,0.071043774,0.35677403,-0.4624967,1.2879398,3.0007665,0.64322597,0.1985716347,-0.1263861312,0.533540474,0.357134872,45.39465494,86,105.7648501,3806.10559,0.3314274564,-0.5956679073,25.43971119,0.001066425878,1,2275.994485,196.3393864,449.0167983,255.1194173,3475.314498,1463.120508,532.8795557,9012.821937,0,0,0,7.1868477,0.987976516,0.1715237,35.24594468,35.417713,-0.1717684852832022
312.29617,872,10,-0.1064982,0.6584376,-0.6190162,3.9099479,9.55788,0.3415624,-0.1614985254,-0.2224030921,0.512518,0.1175321,121.4987035,119,297.0039647,9704.369657,0.7285600192,-2.420321091,-7.560288809,0.005402405278,21,2703.979148,0.0,696.0017403,0.0,2221.532247,568.6505191,671.9658332,2397.704862,0,0,2,33.009113,0.9889740551,0.1175373,31.07425127,30.833576,0.2406750676074232
101.02841,866,50,0.043512348,0.1040724,-0.14661655,1.8336291,2.4227872,0.8959276,0.4141177702,-0.04470526555,0.190128898,0.469719974,61.81393578,125,81.67519396,3405.79436,0.09954396551,-0.2688403726,-13.56028881,0.001968824907,23,4874.250768,32.51431862,1013.40053,886.1295283,2083.003802,980.6994086,394.2584089,2249.616762,0,0,5,45.618286,0.9873475756,0.1958339,33.7112537,33.739872,-0.028618278759765303
225.7307,885,10,-0.17373018,0.69058716,-0.63276327,11.049951,0.6643318,0.30941284,-0.2512050397,-0.225982076,0.45903309,0.06784133,344.520907,106,20.71286961,7037.944829,0.8105629916,-6.992003128,5.439711191,0.01720973202,1,999.0838052,34.81103057,0.0,3714.835399,1384.13679,584.6353938,796.2709834,6625.351486,0,0,0,13.985121,0.9879251352,0.1787958,31.17850088,30.734955,0.4435460460156264
281.03094,803,50,0.011494253,0.2563081,-0.29589042,8.104967,4.835856,0.7436919,0.04467116659,-0.09095063928,0.307384673,0.3775930765,272.2589959,188,162.4442516,9440.285388,0.2533620299,-2.39818209,-76.56028881,0.01233965173,193,6060.117418,128.0301646,226.4107283,504.7824237,1187.892316,819.4314061,689.8568099,918.1882891,0,0,7,51.995552,0.9877802245,0.1570347,33.591623,33.547016,0.04460685620117033
174.14355,872,50,0.008458647,0.2690457,-0.32787916,2.5611544,4.65154,0.7309543,0.03132302051,-0.1038681711,0.336337807,0.3697064735,84.86466378,119,154.130254,5770.30179,0.2667699374,-0.8397491533,-7.560288809,0.003171923674,17,5113.055809,0.0,68.66429824,2130.425196,2438.578837,529.1804025,353.681788,1147.889947,0,0,4,32.534046,0.9873222264,0.3642836,33.13531733,33.601852,-0.46653508699218804
351.65842,917,50,0.09457167,0.105358526,-0.14385213,12.141931,3.277349,0.894641474,0.8891780806,-0.04206285109,0.2384238,0.494606572,416.6862083,74,112.4719065,12068.19687,0.09539459425,-1.746642637,37.43971119,0.0190155246,265,6529.254006,37.44930792,1050.031614,3419.030475,255.527724,271.3619404,207.7657691,914.4019736,1,0,3,60.565136,0.9872986786,0.1747998,34.31795225,34.28118,0.036770914550778855
350.28796,869,40,0.012754222,0.4877922,-0.53524524,6.782884,2.8206499,0.5122078,0.02609334192,-0.1547723246,0.547999462,0.262481011,233.8411548,122,97.24241632,12076.24088,0.48157079,-3.630506374,-10.56028881,0.01015334092,1,740.3293181,18.33907328,18.33907328,2213.765583,651.7428993,2017.923526,1062.770539,10338.4593,0,0,0,6.031789,0.9877676949,0.096411,34.47518117,34.36569,0.10949284602538967
347.15472,855,50,0.067097075,0.08880517,-0.14487833,172.28023,4.2729025,0.91119483,0.7471404486,-0.04585997464,0.211975405,0.4891459525,5710.621091,136,141.6350973,11507.23485,0.08284660285,-24.95967201,-24.56028881,0.2838340679,178,7188.257187,591.8049213,1087.592654,4550.425088,261.4151023,1211.871644,147.5463636,2476.943457,0,0,0,62.69338,0.9872642727,0.2014691,33.1472804,33.764797,-0.6175168106933597
292.66467,909,50,0.04148784,0.09536785,-0.15550445,396.61148,3.6056733,0.90463215,0.4305153638,-0.05170037644,0.19699229,0.473059995,12840.22047,82,116.7329804,9474.962465,0.0914112439,-61.67485006,29.43971119,0.6548076277,450,7843.51734,101.8165334,618.7900273,3844.235771,132.1433885,147.179702,146.3818844,1603.343884,0,0,0,74.0029,0.9872477376,0.1633577,32.37480788,32.630604,-0.25579591028320436
207.16878,873,20,0.04155799,0.44104576,-0.54701096,23.517927,1.0424017,0.55895424,0.09401286871,-0.1459153183,0.58856895,0.300256115,836.3471429,118,37.07000551,7367.35926,0.4227167847,-12.86456383,-6.560288809,0.03782785562,1,519.5116872,1213.702281,1033.034738,5517.774723,3045.414402,1450.409541,1223.895199,7655.739719,0,0,0,2.7787945,0.9878707792,0.1916047,35.56211153,35.49878,0.0633322331250028
270.0,903,20,0.02150762,0.2955488,-0.35511857,4.0643725,2.3770714,0.7044512,0.07252641049,-0.09972089996,0.37662619,0.36297941,141.7661929,88,82.91276516,9417.658466,0.2891922487,-1.44333415,23.43971119,0.005657775154,70,5018.633822,172.0871919,646.2774518,2840.403458,1698.365714,1159.937029,872.8115318,1616.836354,0,0,2,23.932285,0.9881342959,0.177726,34.88021654,34.921333,-0.04111677298828198
152.84535,798,30,0.140618,0.25753605,-0.3697359,6.660866,2.0838501,0.74246395,0.5439009376,-0.09332447413,0.5103539,0.441540975,241.5075386,193,75.55556718,5541.817576,0.2213218457,-2.462761285,-81.56028881,0.009951561404,3,1843.67891,19.09901783,372.3601808,2674.572822,625.5018595,48.12029177,604.7339896,890.9102111,0,1,1,17.212706,0.987831903,0.1425053,36.2576786,36.258263,-0.0005840342773453244
90.0,903,40,0.015189387,0.43634325,-0.5225921,25.290297,1.4282062,0.56365675,0.03473104249,-0.153176004,0.537781487,0.2894230685,867.0467774,88,48.9642958,3085.539485,0.4297154635,-13.21650942,23.43971119,0.04075879996,1,2272.668235,0.0,1631.994668,63.49258422,4309.134229,3176.644483,1827.539873,11188.96589,0,0,1,2.6858077,0.9884497757,0.171534,34.28377205,34.282642,0.001129685498050037
207.1704,884,50,0.04473252,0.18882072,-0.25227383,1.685951,2.0841439,0.81117928,0.2356566765,-0.06488503505,0.29700635,0.4279559,60.73681173,107,75.08181179,7463.366124,0.1803742934,-0.425321316,4.439711191,0.001724611626,1,2413.516105,46.69332085,120.6658159,1766.592939,952.6445343,1203.934091,882.1964705,7722.383007,0,0,1,10.989433,0.9872881096,0.2205904,36.02525324,35.534153,0.4911002553808572
180.0,923,10,-0.16495629,0.6368491,-0.61358255,23.616968,1.8543341,0.3631509,-0.258613346,-0.1956512232,0.44862626,0.099097305,780.1743926,68,61.25697338,5946.207433,0.7419013648,-14.49095945,43.43971119,0.03799163839,1,692.2178061,0.0,33.79667661,1847.120033,3195.366023,958.3913582,964.736513,3120.544135,0,0,0,6.9433513,0.9890291454,0.1308496,33.03448574,33.036015,-0.0015288168847646944
198.89854,862,10,-0.10586678,0.5418204,-0.53005797,31.96588,1.4701834,0.4581796,-0.1950309531,-0.1982491946,0.42419119,0.17615641,970.4804436,129,44.63459909,6038.536819,0.5991811811,-16.94376946,-17.56028881,0.05179812146,1,168.452083,42.99458942,42.99458942,3155.686936,6786.888501,4437.271704,631.3845497,6938.963499,0,0,0,1.5513105,0.9886308241,0.1349111,30.35988509,30.537212,-0.17732728182617308
168.40727,945,10,0.049446493,0.3449356,-0.4030501,2.747479,2.3656673,0.6550644,0.1429355435,-0.1099423663,0.452496593,0.3522554465,96.90322941,46,83.43678007,5939.702658,0.3278797443,-1.107371686,65.43971119,0.00348004615,24,3214.911338,0.0,825.5667438,1330.287624,790.7304691,212.2732767,769.1599938,4654.163792,0,0,1,36.310646,0.9889001384,0.1061663,35.26987082,34.99026,0.2796097421191419
163.66028,829,10,0.03670186,0.5146245,-0.5711357,148.65535,3.3789275,0.4853755,0.07117943387,-0.1935677756,0.60783756,0.26103868,4766.19661,162,108.335373,5247.285561,0.4957368236,-84.90237738,-50.56028881,0.2447659228,1,277.1631985,441.2003599,243.5826211,4440.424553,681.978427,1147.597347,455.4865407,1811.474318,0,0,0,19.937319,0.9887490463,0.1101108,32.06205905,32.259914,-0.19785534819335737
27.163979,895,50,0.0790337,0.21862668,-0.29043043,5.835923,2.0840242,0.78137332,0.3598547317,-0.08893462405,0.36946413,0.43020351,196.3672557,96,70.12328865,914.0141176,0.2013478046,-1.694929626,15.43971119,0.008587364301,134,6878.575573,30.64025312,651.4367439,1517.098102,1038.512002,174.795285,37.84409302,647.8831259,1,1,8,62.97554,0.9872164209,0.1558372,33.64802033,33.91749,-0.2694677681445299
123.017525,800,40,0.07195535,0.45454547,-0.5151318,1.6697862,1.701644,0.54545453,0.1579542652,-0.1483209677,0.58708715,0.30870494,57.66606061,191,58.76626962,4248.409798,0.4218384916,-0.8601599708,-79.56028881,0.001697880115,1,2345.180945,41.91559747,307.6724279,2609.35977,875.9423502,1445.509909,475.4322051,4883.043532,0,0,0,9.878778,0.9883499981,0.1496404,34.53499652,34.606064,-0.07106732277343752
0.0,868,10,-0.021781323,0.4918136,-0.51373804,65.84799,1.3909631,0.5081864,-0.04419789348,-0.142705999,0.491956717,0.2432025385,2306.470149,123,48.72153073,0.0,0.5025259509,-33.82861732,-11.56028881,0.1078285094,50,1483.061338,35.26435262,117.2559831,4000.51493,5408.213584,215.4307828,193.2791229,7243.862321,0,0,1,3.465469,0.9884237633,0.1710711,35.0271914,34.957516,0.06967568344726516
251.99745,903,40,0.1321809,0.26430935,-0.37825847,3.8593545,1.5001637,0.73569065,0.4982142544,-0.1056456717,0.51043937,0.433935775,134.8987347,88,52.43627788,8808.244268,0.2293727022,-1.459833528,23.43971119,0.005318739655,7,1895.028515,161.8160333,89.65035677,3471.653892,1833.432044,497.3927723,1386.318361,2494.82861,0,0,0,17.867693,0.988076498,0.1574151,34.95370397,34.926823,0.026881307646483776
90.0,916,20,-0.071355134,0.609515,-0.6435331,62.12439,3.8040411,0.390485,-0.1168769547,-0.217787034,0.572177966,0.159564933,1993.322257,75,122.0564064,2887.738667,0.6530070245,-39.97910128,36.43971119,0.1016708423,1,546.3997177,0.0,335.7711691,256.8237847,1545.193132,1506.922142,623.3906485,5434.811,0,0,0,12.283982,0.9885129936,0.1267968,32.08598519,31.951323,0.1346626344580102
103.6983,809,20,0.17642766,0.26762146,-0.45612904,3.2861054,1.9575455,0.73237854,0.6567891486,-0.08465644374,0.6325567,0.4544031,129.7944648,182,77.31905691,4095.871467,0.220405632,-1.498888101,-70.56028881,0.004370765357,1,0.0,0.0,1044.928308,0.0,3255.941686,3758.574308,809.1689928,1083.199958,0,0,0,4.2160983,0.9884042918,0.1306009,39.49796156,39.27566,0.22230009149414087
314.2657,879,40,-0.0147857005,0.4524511,-0.4789962,16.13222,1.3285713,0.5475489,-0.03260704517,-0.1397056604,0.4642104995,0.2663815998,554.2037283,112,45.64152781,10796.23403,0.4591409065,-7.727272078,-0.5602888087,0.02561421166,13,2283.324477,0.0,93.52991741,1322.001538,2830.34561,307.2621566,384.9077669,6430.663512,0,0,2,9.125116,0.9888902233,0.1804106,34.35384146,34.38129,-0.02744897579101746
27.161793,860,40,0.007194245,0.4814203,-0.53246015,6.401191,1.0423365,0.5185797,0.01491281565,-0.1665380146,0.539654395,0.2628869725,213.3526208,131,34.74122613,905.3064848,0.4779568444,-3.40837912,-19.56028881,0.009522140362,1,1310.034023,139.3518238,556.8233617,1588.25795,959.4673687,549.756016,609.1441091,4380.467932,0,0,0,6.5988417,0.9887285942,0.1389355,33.33014447,33.244812,0.08533245828125047
90.0,892,10,0.061232932,0.3672793,-0.4719429,15.413943,3.325285,0.6327207,0.1662676452,-0.1410576695,0.533175832,0.346976816,524.1279246,99,113.0713099,3060.314497,0.3447897116,-7.27450096,12.43971119,0.02442640668,5,2309.316239,97.08716454,168.3476521,6440.412086,245.7715362,1210.276206,826.9573296,1523.103038,0,0,1,32.957077,0.9888290702,0.1460848,34.00349441,34.08041,-0.07691559366210754
214.382,856,40,0.025810951,0.40953824,-0.51464206,29.165606,5.0441856,0.59046176,0.0628710032,-0.103713276,0.540453011,0.3081363555,1129.452355,135,195.3385542,8302.047791,0.3989676686,-15.00984755,-23.56028881,0.04716734614,1,3200.325265,622.5321836,751.6319935,5145.385342,3204.577933,4427.211861,813.3229001,7764.425091,0,0,0,4.6907625,0.9878140609,0.208417,38.72548904,38.599186,0.12630309639648374
180.0,892,10,0.0681688,0.44080308,-0.5245236,11.341858,0.92740995,0.55919692,0.1542967967,-0.1488071638,0.5926924,0.31368286,394.0170284,99,32.21829374,6253.21399,0.410754063,-5.949072189,12.43971119,0.01769245468,1,618.9524019,322.8858196,188.1452943,8935.968759,1901.543949,838.1948039,804.3517528,2099.366109,0,0,0,11.157654,0.9887960245,0.1571658,34.74007772,34.77599,-0.035911812470700966
0.0,873,10,0.13100293,0.21544437,-0.35783562,6.415144,0.0,0.78455563,0.6052498848,-0.1072424844,0.48883855,0.45777928,217.8851516,118,0.0,0.0,0.1872205263,-2.295567031,-6.560288809,0.00954521425,1,1521.678406,0.0,152.0074358,2900.224475,2734.581237,780.0507736,293.8427965,3552.448011,0,0,0,6.0922694,0.9880848418,0.1448083,33.96418718,34.076405,-0.11221739153319987
90.0,869,40,-0.4185049,0.79248935,-0.7015803,8.5632305,0.4760941,0.20751065,-0.527423462,-0.3188911067,0.2830754,-0.105497125,226.5385266,122,12.59497288,2380.931752,1.124150026,-6.007793823,-10.56028881,0.0130974759,1,962.6836442,0.0,0.0,4251.193231,1106.32761,952.7539659,569.2445115,10132.9827,0,0,1,14.06561,0.9874698529,0.0229917,26.45479724,27.287506,-0.8327088635156237
134.2492,901,10,0.053104926,0.36313194,-0.45174,2.7567856,1.3289629,0.63686806,0.1458397909,-0.1429784476,0.504844926,0.344986493,91.38465666,90,44.0537771,4450.225309,0.3438478452,-1.245350327,21.43971119,0.003495436349,84,3746.236771,11.33470868,968.6357095,1259.071017,675.6614222,224.8270793,464.8008771,5522.036313,1,0,5,54.9888,0.9879079013,0.1585405,33.14898941,33.109222,0.03976699789062366
59.697742,895,40,-0.037197404,0.5262091,-0.5754858,0.7758543,2.7551913,0.4737909,-0.07055531477,-0.1627581507,0.538288396,0.218296748,26.98638725,96,95.83327613,2076.454798,0.5457827125,-0.4464931325,15.43971119,0.0002195969993,1,447.2909042,0.0,210.3018461,99.81123805,4007.750055,1774.952276,1159.520199,11104.06166,0,0,0,3.4639618,0.9887221777,0.1533354,34.78280297,34.86708,-0.08427771847656373
287.9991,883,20,0.06988058,0.41046277,-0.53224045,1.9313174,2.9988258,0.58953723,0.169834515,-0.1479393679,0.60212103,0.329708905,67.63212102,108,105.0148202,10085.33863,0.3817793936,-1.027925242,3.439711191,0.00213037073,1,2348.235424,0.0,117.4769073,1494.887135,1124.323731,815.9136522,715.6919057,3941.985414,0,0,0,15.898051,0.9880193273,0.1382507,35.01864635,34.99975,0.01889812001952862
0.0,921,40,0.114913605,0.30658743,-0.44587559,0.9199272,1.8543341,0.69341257,0.3735965576,-0.1111601491,0.560789195,0.4041630875,33.49277525,70,67.51272846,0.0,0.2713563632,-0.4101730831,41.43971119,0.0004578484091,1,273.3199085,0.0,861.4446928,0.0,3249.129678,994.1925484,962.7396501,9326.443287,0,0,0,5.1536355,0.9884677085,0.1653603,36.40807148,36.224285,0.18378635426757484
337.6742,918,40,0.062575005,0.21214809,-0.28962263,127.306465,2.50503,0.78785191,0.2935752556,-0.09114682846,0.352197635,0.4252134575,4231.176629,73,83.25755013,11222.99,0.1988729222,-36.87083321,38.43971119,0.2094615598,31,3226.580122,116.4828722,334.0952513,1788.298208,824.6288246,15.77821635,440.3105678,4697.69608,0,0,5,31.206924,0.987655414,0.2274162,33.23614892,33.34035,-0.10420218473633014
251.99823,904,40,0.046035804,0.23015313,-0.31602824,2.736229,1.5002267,0.76984687,0.1991571734,-0.08798668056,0.362064044,0.407941337,95.75824453,87,52.50257752,8819.03822,0.2195578456,-0.8647256351,24.43971119,0.003461442177,7,4931.997777,93.6436289,383.037357,2805.650899,1281.353954,172.2640418,86.4841733,1260.612945,0,0,3,33.816307,0.9880456346,0.1864213,34.99642922,34.627285,0.36914421633789374
314.23648,916,40,0.10307414,0.34457833,-0.43076923,38.097324,0.6647227,0.65542167,0.2982656349,-0.1078038624,0.53384337,0.379247905,1385.29216,75,24.1705991,11426.24433,0.309061215,-16.41115492,36.43971119,0.06193760763,1,1342.631684,0.0,277.2477453,916.8535155,1910.473487,1398.909166,360.0468501,2104.782015,0,0,1,7.0685406,0.9876226221,0.2009025,36.36192821,36.470867,-0.1089389469824198
172.69177,800,20,0.03673072,0.5910004,-0.5701824,1.2565644,3.73505,0.4089996,0.06204509321,-0.1698978023,0.60691312,0.22286516,42.78341506,191,127.170716,5879.797067,0.5692925298,-0.7164709053,-79.56028881,0.001014540802,1,0.0,0.0,588.3961545,0.0,2400.906601,1285.697903,1120.823248,4404.704595,0,0,0,4.96716,0.9888795473,0.117384,34.04792867,33.871277,0.17665181453124745
108.00634,725,10,-0.06931653,0.6499626,-0.6220588,6.234407,2.9976633,0.3500374,-0.1064831221,-0.1796781853,0.55274227,0.140360435,215.0282028,266,103.3910927,3725.199394,0.6950157521,-3.878167737,-154.5602888,0.009246331913,1,1146.163568,260.7114478,1475.209753,3097.234634,4881.773523,3347.089598,136.3935284,4251.497286,0,0,0,16.587639,0.989371122,0.1229347,34.49056226,34.332993,0.15756970628905975
281.0281,838,50,0.112438895,0.17104635,-0.24828114,98.957306,2.422855,0.82895365,0.6535383924,-0.06748889922,0.360720035,0.4706962725,3494.777613,153,85.56558132,9924.792339,0.1518140874,-24.56923275,-41.56028881,0.1625809383,329,6027.444991,458.2322317,319.5313704,1338.329075,1641.409174,1059.141744,355.5333186,7225.078472,0,0,0,18.316244,0.9872897216,0.2197301,35.31601409,35.35569,-0.03967591244140323
314.26886,912,50,0.091585696,0.1550999,-0.24229573,9.978757,1.9922973,0.8449001,0.5867120735,-0.0760135671,0.333881426,0.468242898,332.13296,79,66.31162572,10460.12511,0.1408949677,-2.417810212,32.43971119,0.01543831296,166,6763.41314,15.79695962,723.2964654,540.2696552,404.9667531,592.4922461,58.50336631,2920.577964,6,1,3,58.07253,0.9879876671,0.1418368,33.2840012,33.025883,0.2581184790527331
191.59775,856,10,-0.20166016,0.63957363,-0.60221356,325.69583,2.3657098,0.36042637,-0.3148118351,-0.2067107453,0.4005534,0.079383105,10374.01499,135,75.35223563,6102.74295,0.7685501506,-196.1384453,-23.56028881,0.5375353746,390,7368.977378,0.0,261.1989159,6229.59402,297.9802552,76.88611142,232.8897239,531.2131958,0,0,5,66.81071,0.9883513995,0.1486771,31.85185082,31.81127,0.040581059868163294
64.0369,936,50,0.019788127,0.2888305,-0.35581973,61.81438,2.1176,0.7111695,0.06827482615,-0.09712174967,0.375607857,0.3654788135,2179.65699,55,74.66938345,2258.025992,0.2831150854,-21.994776,56.43971119,0.101158183,14,5252.20206,0.0,1294.702007,1643.637647,870.5489855,429.1225906,491.0630607,3514.451319,1,0,5,17.293674,0.9876843861,0.2151606,35.26132577,35.037453,0.22387307224609287
286.30405,816,50,0.10024365,0.117596194,-0.14991103,1.787928,4.9433975,0.882403806,0.8452518299,-0.04055403839,0.25015468,0.491323728,63.25554715,175,174.8936834,10129.22183,0.1058079223,-0.268030128,-63.56028881,0.001893249615,11,4069.488488,0.0,1181.982537,286.081556,3039.019687,1042.187805,783.702148,3912.081547,0,1,0,8.696168,0.9871722801,0.2346615,35.37924746,35.78887,-0.40962430513671677
180.0,895,40,0.08426468,0.30981985,-0.4386845,11.0487385,0.92740995,0.69018015,0.2711045643,-0.1110213924,0.52294918,0.387222415,400.2428438,96,33.59561779,6520.537334,0.2837129795,-4.846910325,15.43971119,0.01720772692,2,1111.306255,0.0,351.8099919,5008.327008,1079.114724,817.1246591,888.695478,6424.266977,0,0,0,6.6583557,0.9880409724,0.1719037,36.22520741,36.13074,0.09446629061523737
332.8474,806,40,0.17960171,0.29799765,-0.4562273,2.2626982,4.162125,0.70200235,0.6006793364,-0.09666771486,0.63582901,0.44080203,86.48720403,185,159.0890708,12722.43952,0.2444767625,-1.032304691,-73.56028881,0.002678370685,1,297.9505235,114.6933175,625.183602,114.6933175,3779.112496,1896.616619,729.9856524,4369.941,0,0,0,10.167883,0.9876657962,0.184005,38.2230401,38.43573,-0.21268988046875137
45.74301,873,50,0.07295411,0.2164262,-0.30398571,82.44654,2.6561282,0.7835738,0.3355350459,-0.08770815626,0.37693982,0.428263955,2844.895639,118,91.6522092,1578.405712,0.2006370192,-25.06257,-6.560288809,0.1352773074,161,4711.66091,99.56095188,341.8018369,896.914857,1253.192726,733.1478307,382.3999182,6771.750767,0,0,0,28.818546,0.9874963799,0.2399015,34.50594335,34.470432,0.03551106850586194
345.61816,884,40,0.09262966,0.32889125,-0.40966922,2.3634086,1.9142814,0.67110875,0.280788472,-0.1044577994,0.50229888,0.381869205,85.39685593,107,69.16857835,12488.19363,0.2984261653,-0.9682157577,4.439711191,0.002844914114,1,2207.911861,252.9397402,297.6593417,3170.422459,2974.375614,1400.021937,211.5279806,3347.610178,0,0,0,15.821216,0.987679895,0.1949339,36.13292087,36.263306,-0.13038479406250048
270.0,881,50,0.10793103,0.11244894,-0.15542653,9.189668,0.95161045,0.88755106,0.9513621723,-0.04532675333,0.26335756,0.497741045,315.7161028,110,32.69310084,9275.998627,0.1003122101,-1.428318209,1.439711191,0.01413340713,1,3731.281171,125.1827523,946.7604181,611.9797107,2411.978865,175.6173815,681.7958041,4373.467166,0,0,0,13.7824545,0.9871429827,0.2574271,34.35555047,34.582855,-0.22730475460937782
90.0,897,50,-0.014184397,0.37764934,-0.43143144,21.59764,3.8008506,0.62235066,-0.03746050898,-0.1391351246,0.417247043,0.3040831315,709.6651406,94,124.8900887,2957.261194,0.3830060682,-9.317900926,17.43971119,0.03465230293,210,6546.885461,32.92093016,214.7540969,2919.332528,122.0345274,174.4072424,86.32105748,1170.157181,4,0,0,55.048717,0.9875891683,0.1397341,32.85845771,32.885746,-0.027288292197262365
207.15868,916,50,0.08121212,0.12130178,-0.17921592,13.593933,1.0423074,0.87869822,0.6640305644,-0.05717761755,0.26042804,0.47995517,448.952425,75,34.42318237,6841.610279,0.1114506053,-2.436249209,36.43971119,0.02141668071,321,6985.194798,85.64830129,111.472857,4251.791079,453.1099176,238.0713989,183.0084789,606.0597577,0,0,2,62.493767,0.9878041557,0.1583301,33.02594069,32.963634,0.06230619903320189
120.32988,771,20,0.07155896,0.22465688,-0.30176607,2.22428,2.7529244,0.77534312,0.3171140184,-0.07446694075,0.37332503,0.42345104,81.25544004,220,100.5674122,4395.78531,0.2085806673,-0.6712122342,-108.5602888,0.002614839027,23,2467.136559,149.1641234,1148.677305,3302.367946,740.3543648,1760.411286,316.2946857,5225.36421,0,0,0,10.727961,0.9878097661,0.1857545,36.5311202,36.661995,-0.13087473408203465
37.60068,875,50,0.023071626,0.3775188,-0.4511509,53.726715,2.340012,0.6224812,0.06095239127,-0.139294528,0.474222526,0.322776413,1801.186595,116,78.44883587,1260.56173,0.3688088274,-24.23885583,-4.560288809,0.08778372054,58,2351.581623,115.8209279,411.4509055,3252.263563,3325.937282,83.10873692,116.0128287,5843.039697,0,0,0,4.7883835,0.9892223646,0.1912979,33.52497161,33.655144,-0.13017212779296727
244.04074,870,40,0.06830365,0.30713245,-0.4310757,3.3580923,1.0593071,0.69286755,0.2216697722,-0.1092628644,0.49937935,0.3805856,121.5844609,121,38.35370538,8835.838674,0.2861541826,-1.447591989,-9.560288809,0.004489809121,1,643.4367983,0.0,88.55611697,5403.154129,2588.732056,642.1010828,750.9813494,12865.89235,0,0,0,4.9978895,0.9879894261,0.1807708,36.2064083,36.17929,0.027117528515624656
264.4355,877,40,0.11309427,0.1672005,-0.27620825,88.34263,4.7714667,0.8327995,0.6723777278,-0.05963394025,0.38930252,0.472946885,3359.512347,114,181.4503518,10056.00951,0.1482910815,-24.40096323,-2.560288809,0.1450275919,2,4755.732416,281.2853848,919.5763826,1337.123201,702.1473419,434.336346,459.7073708,2893.35892,0,0,0,21.049265,0.9876386044,0.210703,38.02821296,37.360508,0.667704994912107
350.29614,888,10,0.13992004,0.36992118,-0.4817973,1.7001024,2.8205812,0.63007882,0.3772231071,-0.1329337032,0.62171734,0.38499943,59.70380324,103,99.05251883,12301.6189,0.3181617937,-0.819104746,8.439711191,0.001748013606,33,4748.987058,0.0,561.0985583,1373.787759,935.3217888,409.412717,884.2947422,2591.090662,0,0,1,76.48665,0.9886574922,0.1192131,35.11776893,35.232674,-0.11490471501953436
314.2787,867,20,0.026382979,0.45843956,-0.4973822,12.184508,1.3282623,0.54156044,0.0574242649,-0.1349728262,0.523765179,0.2839717095,430.578961,124,46.93844028,11106.05337,0.4463445587,-6.060357395,-12.56028881,0.01908593361,1,865.3359844,316.5033638,1117.100529,7509.003756,2007.911933,1029.16878,939.7039207,8834.980873,0,0,0,6.2302027,0.9874258676,0.2309612,35.33823122,35.363544,-0.025313244111330846
225.73204,804,50,0.04342406,0.3565115,-0.36698338,6.883568,1.992329,0.6434885,0.1214619949,-0.1018500117,0.41040744,0.34345628,241.1944025,187,69.80952359,7909.459818,0.3410303232,-2.526155051,-75.56028881,0.0103198407,118,4942.986969,31.22435617,558.9002522,819.3809517,1362.454711,346.1858584,237.3539866,1428.068152,0,0,0,34.97607,0.987656997,0.1975799,35.03915447,35.30044,-0.26128727194335966
143.75809,930,50,-0.004257226,0.27837992,-0.3520362,422.30023,4.0183277,0.72162008,-0.01523812449,-0.1283295876,0.347778974,0.358681427,13015.12788,61,123.8432877,4430.568093,0.2795650462,-148.6649682,50.43971119,0.6972887668,37,7550.90724,0.0,522.2642855,3397.078131,744.7130868,670.0361806,110.9349649,569.7264296,6,0,1,48.691017,0.987495588,0.1991766,30.81960878,31.44566,-0.6260508574511725
244.03691,917,40,0.082934305,0.24850065,-0.35254237,54.57283,1.0591618,0.75149935,0.3324011581,-0.0833944111,0.435476675,0.4172168275,2020.653611,74,39.21730128,9035.889533,0.2278914213,-19.23923483,37.43971119,0.08918292949,20,4137.669279,0.0,955.3393518,2101.057203,1709.125418,702.2847468,1572.5303,2407.19574,0,0,1,25.159525,0.9874091743,0.2030919,37.0267331,36.72011,0.30662125307617316
345.60974,865,40,0.018998273,0.434746,-0.4973638,9.71294,1.9143536,0.565254,0.0435994203,-0.1275543292,0.516362073,0.2921261365,350.2597129,126,69.03377787,12463.08207,0.4264865768,-4.830864748,-14.56028881,0.01499873498,5,3012.339517,0.0,40.94230112,1039.549784,2300.015602,1362.155425,464.8893554,2057.679698,0,0,1,9.819754,0.9877716044,0.1804733,36.06114245,35.944744,0.11639833989257653
270.0,870,20,-0.12972216,0.6891811,-0.6741706,7.349387,1.4286495,0.3108189,-0.1879537994,-0.1998379899,0.54444844,0.09054837,250.7840521,121,48.74998563,9213.24378,0.7785831609,-4.954740643,-9.560288809,0.01109015929,1,0.0,951.4772507,1370.168355,951.4772507,11456.02164,2987.65111,423.8629998,6680.179756,0,0,0,1.4866915,0.9886049805,0.1504468,34.12312511,34.23241,-0.10928532090820653
241.56166,774,30,0.12229987,0.19791892,-0.31383738,7.404273,4.8574286,0.80208108,0.6148227127,-0.06862074592,0.43613725,0.462190475,280.5842603,217,184.0718205,9153.957409,0.1737134618,-2.323737639,-105.5602888,0.01118092352,13,1694.845846,0.0,370.7662183,3340.257026,683.4917728,490.8060912,223.9330799,1268.122665,0,0,6,30.440119,0.9871674386,0.3647116,37.89491018,37.38607,0.5088399285351528
7.307638,890,40,0.11028793,0.357308,-0.48426965,11.99387,3.735045,0.642692,0.3078020307,-0.1289230882,0.59455758,0.376489965,426.8348073,101,132.9218353,260.06237,0.3179012403,-5.808267227,10.43971119,0.01877067813,1,623.1314147,0.0,309.4490707,1784.622789,2160.82264,561.8191349,511.0445682,3995.60862,0,0,0,6.3162236,0.9880491471,0.1732419,35.58774668,35.702286,-0.11453908660156031
345.60083,905,40,0.1792672,0.29025006,-0.4755784,20.525467,1.9144298,0.70974994,0.6155095728,-0.08850081461,0.6548456,0.44450857,810.2230114,86,75.57026973,13642.2594,0.2382177444,-9.761468755,25.43971119,0.03287926492,1,2463.882404,0.0,664.1611029,1526.012965,3880.061743,2013.275301,862.2098367,4229.806242,0,0,3,2.957982,0.9878078004,0.1887125,39.47403542,39.256172,0.21786323982421862
115.98932,811,10,0.035958905,0.52419627,-0.5514985,1.9070352,4.225474,0.47580373,0.06846755595,-0.1589474347,0.587457405,0.2558813175,65.83338086,180,145.8689589,4004.104947,0.5053467461,-1.051727052,-68.56028881,0.002090215583,1,3039.264896,0.0,725.3192117,1047.428116,1969.748055,1291.155964,470.2289726,3353.855229,0,1,0,16.499561,0.9887171854,0.1675243,34.52132444,34.587162,-0.06583757782226485
270.0,890,40,0.066288196,0.23744191,-0.39069882,9.514491,1.4267509,0.76255809,0.2780056409,-0.1128786912,0.456987016,0.414423143,328.1276235,101,49.20456408,9311.528945,0.2217023141,-3.717300407,10.43971119,0.01467056254,1,894.5508799,20.11658355,86.86532264,4730.472547,3870.705936,1059.631407,1026.216814,5049.863395,0,0,0,9.344958,0.987875469,0.1618596,34.48714424,34.56095,-0.07380699291015702
134.24573,864,20,0.14329797,0.4169059,-0.52488846,3.3255897,1.3290459,0.5830941,0.3428953025,-0.1230163825,0.66818643,0.363196035,123.4880971,127,49.35105169,4984.905307,0.3571641308,-1.745563656,-15.56028881,0.004436060011,1,51.75086237,0.0,164.7326858,2935.266166,3037.364023,1609.422984,978.3444377,10441.93123,0,0,0,4.6556625,0.9890288293,0.1172773,37.13269172,36.89277,0.2399228601367156
115.95829,871,40,-0.047385048,0.46238667,-0.53695595,3.49803,1.059344,0.53761333,-0.1022581163,-0.175664001,0.489570902,0.245114141,114.1507526,120,34.56943333,3784.051616,0.4842968846,-1.878288022,-8.560288809,0.004721222207,1,144.0305701,47.06170786,47.06170786,5587.393129,1482.016338,1492.754612,1115.587426,12850.89212,0,0,0,4.191872,0.9880700986,0.1662633,32.63286839,32.609756,0.023111920273436226
140.63321,927,30,0.1145463,0.13335972,-0.258348,15.205412,2.9965193,0.86664028,0.8525345245,-0.05999285052,0.3728943,0.49059329,566.2030345,64,111.5812134,5236.75059,0.1180838575,-3.928287779,47.43971119,0.02408156178,4,2868.149533,15.16003038,281.1434729,2769.302905,2426.146301,296.9069469,527.0137501,2845.623772,0,1,3,18.661135,0.9877190243,0.2358934,37.23694133,36.709522,0.5274190826855474
237.00877,911,10,-0.08685969,0.58401996,-0.60242486,53.07371,1.702846,0.41598004,-0.1484730367,-0.1862768948,0.51556517,0.164560175,1778.115475,80,57.05003146,7940.446631,0.6347477527,-31.97292232,31.43971119,0.08670385499,13,2312.150755,0.0,345.239974,1006.517671,2552.24094,1074.675445,803.3716195,3184.295347,0,0,0,12.2503805,0.9894689964,0.1912611,33.50275448,33.45081,0.05194500124023449
239.70332,919,40,0.030463109,0.46475127,-0.56021535,71.46147,2.7556503,0.53524873,0.06540638955,-0.1752782545,0.590678459,0.2828559195,2381.454734,72,91.83209431,7988.117319,0.4505935014,-40.03381243,39.43971119,0.1171114455,1,3266.640146,0.0,124.5911837,61.53423861,1299.93659,805.7496157,349.2228796,5990.450571,0,0,3,23.675507,0.9879516303,0.1973462,33.32501744,33.19467,0.13034580914062843
192.8453,882,50,0.10312646,0.13092086,-0.18167844,533.9974,4.272903,0.86907914,0.7817297431,-0.05174697298,0.2848049,0.4861028,18521.90776,109,148.2073044,6688.914324,0.1174194552,-97.0158146,2.439711191,0.882000869,430,6571.445316,123.5165801,328.3683206,6220.621643,387.2526373,600.1124379,235.4457957,1440.897031,0,1,0,65.54527,0.9873839831,0.1633039,34.6853894,34.56157,0.12382018613281076
134.26083,903,10,-0.04330107,0.55978674,-0.5538695,6.328454,1.3286866,0.44021326,-0.07721486068,-0.1906825686,0.51056843,0.198456095,201.2593264,88,42.25527595,4269.801788,0.5840261048,-3.505137653,23.43971119,0.009401856167,10,7036.68752,0.0,815.4022733,5418.925098,95.87732872,0.0,93.05107515,3495.698854,0,0,1,51.292984,0.9882520671,0.1650493,31.80228953,31.935835,-0.13354535464355521
152.84386,800,50,0.017999163,0.38121873,-0.43486238,1.8256131,2.083878,0.61878127,0.04709126369,-0.1356138634,0.452861543,0.3183902165,60.92906814,191,69.54855037,5101.099439,0.3743571119,-0.7938904576,-79.56028881,0.001955568956,1,1385.804635,211.5279997,33.97531527,2237.819246,557.376027,1496.127571,507.2891336,5311.611141,0,0,0,5.2724566,0.9883362207,0.1567678,33.37457873,33.300972,0.07360674513672194
270.0,812,20,0.1524413,0.38912645,-0.5099602,1.5349557,1.4271182,0.61087355,0.3907484355,-0.1389790791,0.6624015,0.381657425,54.15605204,179,50.35134727,9526.09515,0.3298075081,-0.7827663158,-67.56028881,0.001474912737,1,1337.546232,0.0,561.2897227,0.0,1465.956056,1250.596232,986.3402331,3940.304325,0,0,2,4.03212,0.9880763822,0.1539335,35.28183389,35.48047,-0.19863485999999853
308.58167,940,30,0.08979764,0.28588447,-0.3721004,12.579128,6.6624203,0.71411553,0.3130097631,-0.1045420183,0.46189804,0.401956585,438.6767171,51,232.3411182,10761.28599,0.2602127193,-4.68069856,60.43971119,0.01973851138,1,2150.865382,0.0,547.1415761,647.8590221,1500.302136,130.4829854,503.5615213,6830.303272,0,0,0,8.160744,0.9876005963,0.2008508,34.8733805,34.873466,-8.59916992155263e-05
14.384733,903,50,0.057916757,0.19497207,-0.25454545,15.85624,1.9143063,0.80502793,0.295535772,-0.08272685731,0.312462207,0.4314723435,519.0875999,88,62.66887123,470.9147016,0.18367992,-4.036133746,23.43971119,0.02515782726,6,6286.38427,0.0,457.4864599,2849.004042,83.50375883,121.1050378,364.07608,1201.867808,1,1,3,55.88651,0.9874519329,0.1258436,32.737118,32.72911,0.008007282226564882
225.73744,827,50,0.11869382,0.27089947,-0.34302488,1.3600824,2.6558638,0.72910053,0.4365356799,-0.08771860641,0.4617187,0.423897175,49.09493745,164,95.86879967,8148.451519,0.2387453771,-0.4665421021,-52.56028881,0.001185727122,1,4862.975436,0.0,290.4683925,2741.203775,4043.669058,1160.729589,570.0416886,7536.382205,0,0,1,3.8615482,0.9879871846,0.1473982,36.09703166,36.155773,-0.05874150284179791
144.30052,921,50,0.09061076,0.097952895,-0.15784587,358.3179,5.6917295,0.902047105,0.9156958975,-0.05128296463,0.24845663,0.4963289325,11732.13248,70,186.3600019,4724.722984,0.08907730874,-56.55900066,41.43971119,0.5914820514,122,3716.602756,0.0,579.9407747,2222.627513,878.3834748,190.2134574,241.9630953,796.9975097,0,1,1,41.779755,0.9875326185,0.1621398,32.74224503,33.48271,-0.7404667619921881
283.68292,868,40,0.017022818,0.32876378,-0.45172507,3.369114,1.959703,0.67123622,0.0516212484,-0.1320222725,0.468747888,0.344129519,115.6441248,123,67.26639059,9737.35617,0.323167294,-1.521913257,-11.56028881,0.004508035558,1,0.0,0.0,81.14324489,4153.681372,2671.126598,2970.765229,615.7198695,13026.43386,0,0,0,3.2821212,0.9876034274,0.1487191,34.32478829,34.070015,0.2547733363867195
90.0,864,40,0.08717418,0.28912726,-0.35346812,80.9555,2.853237,0.71087274,0.3004687667,-0.08720056661,0.4406423,0.39902346,2957.671809,127,104.2416962,3288.10844,0.2639228282,-28.61518839,-15.56028881,0.1328115947,1,4033.107899,644.8376434,465.25257,1969.392064,4782.887809,1811.448552,406.137835,8014.105307,0,0,0,15.862034,0.98740047,0.2483621,36.53453822,36.591953,-0.057415057587888896
180.0,898,50,0.095027834,0.07233849,-0.13317308,2.4383047,0.46373534,0.92766151,1.295742986,-0.04092997748,0.228200914,0.511344672,81.91077933,93,15.57841524,6046.799762,0.06546431998,-0.3247165469,18.43971119,0.002968768784,83,6564.737389,0.2430817281,351.8965791,1705.880375,1025.026723,562.5699591,800.7233703,2674.810907,3,0,5,94.858475,0.9877154021,0.1795027,33.59333201,32.87985,0.7134835297753881
113.40434,931,10,0.04420593,0.4909194,-0.5599762,44.762894,4.659641,0.5090806,0.08986417287,-0.1617262431,0.60418213,0.276643265,1543.973883,60,160.7216014,3911.573258,0.4692178514,-25.06615528,51.43971119,0.07296037076,6,2154.831232,0.0,469.563482,83.55204458,683.5926869,669.0000826,1124.608626,4878.488823,0,0,0,5.8602414,0.9880981904,0.185923,34.49227127,34.454453,0.03781875535156587
134.23328,895,40,0.0814369,0.493578,-0.5744681,3.287189,0.66476065,0.506422,0.1646593662,-0.1160531248,0.655905,0.29392945,127.2193518,96,25.72727611,5195.037729,0.4533825378,-1.888385219,15.43971119,0.004372557291,1,534.3116524,941.2334232,941.2334232,3451.464526,11605.13416,4507.331965,626.6948351,6016.094796,0,0,0,4.667786,0.9879652267,0.1882638,38.7015629,38.221672,0.47989084189453024
180.0,901,50,0.087254904,0.121461555,-0.21858639,357.31628,2.3174627,0.878538445,0.712508542,-0.06866014665,0.305841294,0.4828966745,11886.19826,90,77.09086505,5987.736376,0.1108634387,-78.10447573,21.43971119,0.5898256859,523,6592.202034,0.0,729.2706783,2967.190061,330.7077986,758.7780285,383.2673575,1646.484577,1,0,1,49.567673,0.987483158,0.2416584,33.26520209,33.56841,-0.3032068760644506
152.83217,861,40,0.16159941,0.40129352,-0.50065964,18.805632,1.0423928,0.59870648,0.4016952846,-0.1148680523,0.66225905,0.380152945,702.8031975,130,38.95625485,5711.636692,0.3364447239,-9.415220947,-18.56028881,0.03003519699,1,1985.334282,930.3927555,2031.832334,5431.630938,2541.724436,2531.806996,1007.704004,7771.516177,0,0,0,2.7549698,0.9879776195,0.1704777,37.37195312,37.379845,-0.007891545527343169
0.0,889,50,0.042800143,0.08914569,-0.13848145,10.912314,0.46373534,0.91085431,0.4747885673,-0.04724118703,0.181281593,0.4768272265,348.6963529,102,14.81838057,0.0,0.08533024172,-1.511153066,9.439711191,0.01698212357,93,9604.938823,0.0,212.230677,3117.890446,251.5387526,184.7143753,122.5834544,4238.183744,11,0,8,64.309166,0.9881678652,0.1684812,31.95439142,32.620167,-0.6657753585644528
64.02984,839,50,-0.0060762293,0.46174425,-0.46921214,52.935234,1.0588936,0.53825575,-0.01313085857,-0.1374637666,0.4631359107,0.2660897604,1815.181363,152,36.31010545,2195.62215,0.4645499139,-24.83785443,-40.56028881,0.08647485909,1,1843.885242,1130.63598,287.4723551,3860.536926,3703.75022,1499.246624,88.77889123,3041.319567,0,0,0,6.650115,0.9875493673,0.2279389,34.29060809,34.419373,-0.1287644685937508
123.01444,927,50,0.025031606,0.30711865,-0.32919684,20.229856,1.7017848,0.69288135,0.08124015213,-0.1102712879,0.354228446,0.358956478,652.4830166,64,54.88846188,3967.642325,0.299430977,-6.659604669,47.43971119,0.032390417,336,6993.740042,56.14483087,761.8776192,3104.63958,43.96219569,0.0,120.5021517,848.3458842,2,0,2,55.70156,0.9886200291,0.1506451,32.25346817,32.197525,0.05594314558593538
249.92113,855,50,0.037915796,0.15144767,-0.21826215,4.293727,4.0456433,0.84855233,0.2487135159,-0.07517262967,0.256177946,0.443234063,136.5209971,136,128.6330634,7946.355665,0.145705411,-0.9371580865,-24.56028881,0.006037055594,82,6050.595279,0.0,830.3360599,1255.334495,1080.514446,399.6368861,93.82593613,3448.225376,0,0,1,54.90807,0.9873398306,0.1120158,31.79545349,32.50068,-0.7052255261132814
314.24075,901,40,0.008885851,0.42857143,-0.4529058,45.421894,0.66467166,0.57142857,0.02068538636,-0.1322237209,0.461791651,0.2901572105,1559.795534,90,22.82493739,10791.08058,0.4247632081,-20.57183924,21.43971119,0.07405015016,4,1573.305409,0.0,2044.149644,4346.753939,4526.919506,4354.737969,588.8291843,1365.901752,0,1,0,5.2039313,0.9882428019,0.1893501,34.34016938,34.276947,0.06322235851562397
152.85092,887,10,0.05726257,0.3554217,-0.4106583,13.896672,1.0422179,0.6445783,0.1606596063,-0.1194990528,0.46792087,0.350920435,477.8553082,104,35.83803056,5255.979524,0.33506934,-5.706783699,7.439711191,0.02191731611,1,1941.961987,234.4464084,348.9239502,7458.614162,4158.81662,639.2290728,1406.149399,3194.051379,0,0,0,6.595878,0.9876181175,0.2130731,34.38631265,34.428112,-0.041799380029296174
90.0,888,50,0.0847169,0.18981738,-0.28166914,73.67474,0.9510727,0.81018262,0.4439684687,-0.08400862988,0.36638604,0.44744976,2507.465005,103,32.36905231,3063.083093,0.17373664,-20.75190066,8.439711191,0.1207715002,21,5040.313461,0.0,518.5732071,6480.06249,118.3175782,895.9880055,288.1161055,1493.882339,0,4,0,49.49463,0.9874438124,0.1390612,34.03425659,33.939518,0.09473861514648263
0.0,912,50,0.0327702,0.17188656,-0.24170369,384.33792,1.3909631,0.82811344,0.1895474119,-0.08133840118,0.27447389,0.43044182,12367.33003,79,44.7587886,0.0,0.1662538031,-92.89589347,32.43971119,0.6345110072,406,5878.766488,39.88484555,574.4424686,1944.077045,456.1804366,460.9163183,325.7780438,3330.464185,0,0,6,61.602985,0.9872895581,0.2927897,32.17827173,32.18984,-0.011566679423829385
341.10434,898,40,-0.015207563,0.4637037,-0.5375039,69.38407,2.938383,0.5362963,-0.03272528925,-0.1748394171,0.522296337,0.2605443685,2270.485862,93,96.15401719,11162.10942,0.4707555032,-37.29420822,18.43971119,0.1136760771,1,1624.464598,0.0,201.0084439,586.1266925,1525.710013,1393.839791,940.976413,8195.044792,0,0,0,7.893745,0.988141729,0.1630086,32.72344592,32.88123,-0.15778348063476244
161.10916,883,50,0.07939781,0.17073171,-0.24484105,13.093008,1.4701158,0.82926829,0.4623363385,-0.07574226037,0.32423886,0.45433305,438.5623281,108,49.24287893,5396.499283,0.1571759861,-3.205705826,3.439711191,0.0205883078,10,6037.622919,0.0,556.2413337,2853.056963,364.0610574,322.8195317,138.8535006,8452.32377,0,2,1,23.202353,0.9874158877,0.2025775,33.49591844,33.479607,0.016311811582028213
256.30652,840,50,0.077256314,0.1431127,-0.1977507,10.3118515,1.9582218,0.8568873,0.5360826214,-0.05250616094,0.275007014,0.467071807,367.3280201,151,69.75563377,9130.132114,0.1320563403,-2.039175852,-39.56028881,0.01598914684,227,7426.609475,102.5435749,431.9962059,3527.609713,1057.271578,885.8526047,25.2411224,1051.324608,1,0,1,64.11545,0.9873700784,0.1503651,35.62192688,35.192753,0.429174041865231
270.0,907,30,0.104166664,0.23433618,-0.32818532,1.5227846,0.9513503,0.76566382,0.4426291954,-0.09164893042,0.432351984,0.434915242,53.22956457,84,33.25484263,9437.961505,0.2099261619,-0.4997555512,27.43971119,0.001454785553,1,1498.734019,14.19996506,599.0320966,3169.483555,2163.337061,246.5963654,1322.234591,3273.806551,0,0,1,11.671143,0.9880923393,0.1596157,34.95541298,34.929153,0.026259537617185913
90.0,855,40,0.055322398,0.5069994,-0.5725627,35.787804,1.4282773,0.4930006,0.1089024869,-0.1706272385,0.627885098,0.274161499,1218.439436,136,48.62744269,3064.159769,0.4789509774,-20.49076169,-24.56028881,0.05811838558,49,783.2878957,292.9589069,527.34801,1804.255306,4934.176286,2224.826182,413.8409563,6333.567208,0,0,0,4.452281,0.9881585689,0.1371245,34.04621966,34.14828,-0.10206143741211093
111.30538,929,40,0.10068027,0.25070956,-0.3233233,4.714385,2.551002,0.74929044,0.3999858806,-0.087909984,0.42400357,0.424985355,166.4771732,62,90.0825032,3930.481924,0.2254680538,-1.524270516,49.43971119,0.00673269205,1,4516.293405,0.0,331.7477682,2260.723556,1646.785979,301.8998809,360.3947632,3827.713021,0,0,0,22.387424,0.9879246321,0.1985229,35.31259607,35.317707,-0.005110991767580231
115.975876,878,10,0.049434714,0.43124166,-0.48373702,67.162056,2.1166313,0.56875834,0.114368231,-0.1300256365,0.533171734,0.309096527,2381.76725,113,75.0620724,4112.851209,0.4099233519,-32.48877283,-1.560288809,0.1100015626,21,5629.151836,0.0,969.1779298,1035.554662,3576.997578,1690.574573,336.3130552,8371.856843,0,3,2,20.371025,0.9887678938,0.1311568,35.46298895,35.43217,0.03081808208008141
197.10477,916,10,-0.029868025,0.59942466,-0.6069364,2.8581235,4.84052,0.40057534,-0.04974483393,-0.1991567961,0.577068375,0.1853536575,93.13200029,75,157.7284222,6422.662106,0.6173282907,-1.734699188,36.43971119,0.003663017466,6,1335.169099,78.49466636,142.0474935,1888.302395,344.1731116,547.5968628,790.8709802,859.538247,0,0,5,45.738796,0.9889421826,0.126199,32.58501611,32.683098,-0.09808172935547077
306.16718,879,40,0.086114354,0.40863308,-0.5143078,11.187317,2.3561273,0.59136692,0.2102231441,-0.1143204104,0.600422154,0.338740637,421.9730915,112,88.87048796,11548.28378,0.3734439063,-5.753724394,-0.5602888087,0.01743689232,1,984.0889763,154.7282482,101.6724739,1200.473629,2902.185221,418.7335345,638.1049458,6778.03763,0,0,0,9.125116,0.9884236242,0.1119296,37.71888215,37.737225,-0.018342428857422988
180.0,905,50,0.007782101,0.3449367,-0.40186915,107.482635,2.3174627,0.6550633,0.02249573694,-0.1292190431,0.409651251,0.3314227005,3536.673217,86,76.25518543,5922.828176,0.3422523678,-43.19395517,25.43971119,0.1766791598,66,1673.31658,0.0,81.71037019,2409.840206,807.746069,322.4345482,888.4341282,1938.472139,0,0,2,19.458406,0.9874670778,0.2090044,32.90460098,32.830536,0.07406509132812289
332.82642,909,20,0.0016474464,-0.017297298,0.11446664,63.819996,1.0424466,1.017297298,-0.1010870882,0.0447361514,-0.1128191936,0.5094723722,1885.541827,82,30.79875884,9833.252511,-0.01726880163,7.305260507,29.43971119,0.1044748431,101,3411.950728,113.5248777,0.0,2664.068909,784.4985557,847.3438312,138.6507459,4430.200208,0,0,1,27.756958,0.9869785888,0.1165586,29.54468732,31.254772,-1.7100848662792956
303.01294,832,20,0.15552671,0.23271234,-0.34667125,1.7939214,3.4007103,0.76728766,0.6654621232,-0.06920328651,0.50219796,0.461407185,69.63603831,159,132.0080092,11762.2883,0.1965193554,-0.6219009741,-47.56028881,0.001903160819,1,1842.747684,0.0,860.6323662,1508.159847,2761.098457,1104.012629,309.5640445,6537.186796,0,0,0,6.4899774,0.9880261458,0.1367642,38.81777558,38.87759,-0.05981459944335654
244.0202,815,40,0.114988975,0.32362637,-0.43563765,5.0545363,3.1726985,0.67637363,0.3542194524,-0.1127985543,0.550626625,0.3956813025,181.6676758,176,114.0315804,8770.454886,0.2864129054,-2.201946316,-64.56028881,0.007295195663,25,5523.850175,205.3465651,290.4285356,2400.728797,1303.22,809.7774928,422.9947679,3158.173742,0,0,0,54.061363,0.9878671716,0.1759102,35.94151175,36.07065,-0.12913644335937846
314.2563,865,40,-0.15200359,0.6111459,-0.5416417,10.238669,1.3287947,0.3888541,-0.2483126817,-0.1730552135,0.38963811,0.118425255,337.9142013,126,43.85517295,10371.62805,0.7040422708,-5.545690083,-14.56028881,0.01586812593,1,2523.739927,55.07328439,0.0,1254.419727,2506.098549,1329.980559,397.2720414,2266.089998,0,0,1,10.792299,0.9887870503,0.0976911,33.00372356,32.636276,0.3674473148828099
0.0,912,50,0.1084268,0.1167147,-0.17335352,425.4728,0.0,0.8832853,0.9210982146,-0.05269888686,0.28178032,0.49585605,14362.12707,79,0.0,0.0,0.1040596986,-73.75720754,32.43971119,0.702535203,293,7599.28868,0.0,709.9755341,1498.604626,806.0519077,288.4258248,182.1334215,1659.650378,0,1,1,40.719193,0.9877153172,0.2121288,33.75568796,33.68624,0.0694468100976593
157.66605,897,40,0.011248186,0.41705668,-0.5001376,61.24825,2.505176,0.58294332,0.0269058875,-0.1577678686,0.511385786,0.297095753,2033.457807,94,83.17249382,5234.553807,0.4123655489,-30.63255276,17.43971119,0.1002219814,1,1495.446824,0.0,13.4841646,3865.730472,4176.422616,3115.635066,224.4068643,3342.041022,0,0,2,12.397668,0.9877763248,0.1988701,33.20025971,33.052616,0.1476435906152318
198.8729,748,40,0.18204258,0.25848565,-0.40450332,6.497185,1.4699583,0.74151435,0.7015516272,-0.08997007032,0.5865459,0.461778465,245.0221403,243,55.43513519,7499.903975,0.2114302554,-2.628132903,-131.5602888,0.009680884344,1,2055.638789,286.3154763,471.5084183,1442.787338,3790.980167,2165.154929,524.6095162,3085.820574,0,0,0,23.996061,0.9877672186,0.1927521,37.71204611,37.706818,0.005228483046877841
115.98732,908,10,0.016826412,0.4534005,-0.5149327,4.086948,2.1157646,0.5465995,0.03702991524,-0.1469027584,0.531759112,0.281712956,141.6665826,83,73.33911281,4020.488454,0.4457713964,-2.104503168,28.43971119,0.005695107954,1,1473.478286,130.3380299,25.74344133,3782.286909,2003.190466,472.436579,1165.416731,3322.453852,0,0,0,24.552433,0.9877192168,0.189221,34.66317227,34.75787,-0.09469745045898748
129.08008,873,10,-0.033670034,0.353914,-0.380939,4.283012,3.6731095,0.646086,-0.09486814834,-0.1222205874,0.347268966,0.306207983,141.0771951,118,120.9877501,4251.74051,0.3658302964,-1.631566308,-6.560288809,0.006019336344,14,4561.351984,0.0,144.3507285,4402.770012,1328.263795,611.33972,660.247316,3151.25362,0,3,2,37.32817,0.9875516413,0.1552211,32.93878118,33.253563,-0.3147817472460943
0.0,860,50,0.06679359,0.24936278,-0.33288014,2.2572768,1.3909631,0.75063722,0.2667872197,-0.1046547835,0.39967373,0.408715405,75.05790726,131,46.25165126,0.0,0.2327069447,-0.7514026172,-19.56028881,0.002669405389,86,3318.021756,48.51366379,2.465337332,1860.930982,420.3279321,398.516156,509.0737706,1496.46696,0,0,8,31.966131,0.9879615515,0.185841,33.25153001,33.460022,-0.2084919626562467
0.0,879,10,-0.07418398,0.5633397,-0.5655935,1.7635953,0.92740995,0.4366603,-0.1314527048,-0.17470883,0.49140952,0.18123816,59.11242636,112,31.08505243,0.0,0.605130481,-0.9974780383,-0.5602888087,0.001853010957,6,1955.98805,35.80981419,71.20551552,655.1491235,1297.004518,701.8453102,1632.520325,1753.837662,0,0,4,19.8564,0.9877181864,0.1583178,33.51813557,33.461056,0.05707981438476395
80.76906,902,30,0.10208127,0.3405672,-0.44076332,11.931122,2.8884752,0.6594328,0.2988614539,-0.137857919,0.54284459,0.380757035,397.6660199,89,96.27329571,2692.044439,0.3058016677,-5.258800944,22.43971119,0.01866691261,1,744.916272,691.8963299,628.2764018,1047.211777,2275.398639,1481.048297,2031.900612,5876.819454,0,0,0,12.94496,0.9878438094,0.165952,33.33014447,33.22293,0.10721356179687547
248.705,878,50,-0.017260214,0.3678026,-0.3948472,405.6342,2.552187,0.6321974,-0.04680068416,-0.1204635405,0.377586986,0.307468593,13670.97126,113,86.01561488,8382.032155,0.3741509516,-160.1635281,-1.560288809,0.669728378,240,5452.194863,0.0,193.2735949,4501.662754,385.7784006,300.4416115,196.1353735,555.0452978,0,3,1,53.62395,0.9872810363,0.217277,33.70270865,33.244473,0.4582361463378888
244.03584,911,50,0.037546687,0.35660848,-0.4207777,105.4742,1.0591211,0.64339152,0.1049938385,-0.1388723703,0.458324387,0.3404691035,3427.144657,80,34.41373548,7929.390555,0.343219013,-44.38119129,31.43971119,0.1733578379,231,4650.992595,101.8375607,222.1807979,973.1675869,1025.707632,772.5198062,350.5776495,3161.038173,1,0,3,22.99941,0.9879324953,0.1868849,32.49272957,32.597973,-0.10524329987304526
270.0,889,50,0.040974166,0.20065925,-0.26861122,1.9735222,0.95205814,0.79934075,0.2031851552,-0.0771514374,0.309585386,0.420157458,68.22303769,102,32.91186609,9333.677714,0.1924374046,-0.5301102058,9.439711191,0.002200164238,109,4447.183382,155.9777909,0.0,1020.667234,647.0655435,234.6675287,289.5223389,6425.53886,0,0,0,59.0687,0.9884475096,0.1814647,34.56917672,33.659985,0.9091921313769546
18.880045,866,40,-0.060568605,0.1042471,-0.0738423,5.430205,1.470021,0.8957529,-0.5754895384,-0.028502761,0.013273695,0.4175921475,161.7051064,125,43.77549324,562.2254936,0.1105612014,-0.4009788267,-13.56028881,0.007916433921,1,2162.508826,98.97495155,0.0,2589.02537,4969.346312,429.9345805,775.6946331,8565.608597,0,0,1,17.739773,0.9886339311,0.0718899,29.77882169,30.348967,-0.5701449085107413
45.736362,863,20,0.0630452,0.38918284,-0.47365138,3.7521372,1.3286198,0.61081716,0.1615786076,-0.144822948,0.53669658,0.33693118,126.3353505,128,44.73494416,1539.954169,0.36464673,-1.777204963,-16.56028881,0.005141435853,1,1109.189017,47.46853639,703.2130066,1994.884289,3039.335496,542.7435642,1806.098412,6453.16807,0,0,0,6.576874,0.9879239046,0.1700804,33.67023746,33.792152,-0.12191494478515352
287.99832,808,50,0.044832665,0.19515407,-0.2609058,16.735899,1.5005039,0.80484593,0.2285584235,-0.07950755419,0.305738465,0.4248392975,564.3311462,183,50.59668953,9711.245391,0.186404793,-4.366493117,-71.56028881,0.02661250747,143,6696.735192,69.8792155,483.4905215,1617.726184,618.8412728,76.80324495,345.1855377,624.7982865,0,2,3,65.95522,0.9873964321,0.1796915,33.71979875,33.86972,-0.14992170898437251
291.2899,880,50,0.1275759,0.22428256,-0.37005928,67.7269,2.552772,0.77571744,0.5662928369,-0.08033993713,0.49763518,0.45164667,2571.597614,111,96.92902502,11060.30856,0.1956695106,-25.06296785,0.4397111913,0.1109356375,2,3547.58386,480.2660067,905.1540913,1059.930512,1171.035427,1658.397986,1108.518611,1596.434575,0,0,0,15.631779,0.9880130289,0.1770296,37.97010662,37.930744,0.03936244885742468
56.989468,905,50,0.13074027,0.09447078,-0.14701986,375.03387,1.7019634,0.90552922,1.369427064,-0.04121214015,0.27776013,0.518134745,13090.23571,86,59.40557335,1989.168522,0.08211964472,-55.13742706,25.43971119,0.6191250253,188,9644.740174,0.0,75.24744528,5080.163197,221.3494939,443.5136083,320.6226416,159.3789457,1,0,0,82.858086,0.9873479159,0.1938729,34.90414268,33.895393,1.0087493084179684
198.89064,883,50,0.08536824,0.10294464,-0.18351871,93.29239,4.4026246,0.89705536,0.8212856382,-0.05168912019,0.26888695,0.4912118,3250.232262,108,153.3839203,6929.190845,0.09415643727,-17.12089907,3.439711191,0.1532129432,296,5194.459065,359.2628564,1299.39076,1791.076647,1443.890925,642.7592035,111.6599626,1663.460164,0,0,0,36.053608,0.987384183,0.1765503,34.8392003,34.406395,0.4328053415039079
211.60402,797,10,-0.06909789,0.62390673,-0.6040317,0.83209854,2.720455,0.37609327,-0.110573125,-0.1702780616,0.53493381,0.15349769,28.97969325,194,94.74593166,7369.583403,0.6670173686,-0.5026138957,-82.56028881,0.0003126073397,1,388.8251474,4.782475153,1473.037246,5307.425243,4064.60092,3762.915315,970.6209201,7532.720761,0,0,0,2.643604,0.9877589831,0.1704506,34.82723723,34.719753,0.10748396461914211
325.6336,895,50,0.083287574,0.36049986,-0.466901,12.034689,1.684953,0.63950014,0.2303944848,-0.1260760544,0.550188574,0.361393857,426.0661839,96,59.65268357,11528.46287,0.3304747012,-5.619008329,15.43971119,0.01883817996,2,1144.765575,28.17798817,307.5939214,4795.036319,1012.675052,856.1257512,777.8504461,6519.20506,0,0,1,7.3077774,0.9875892801,0.1752869,35.4031736,35.35236,0.05081382827148673
225.75569,893,40,0.16565424,0.15133666,-0.30107528,65.54603,3.319576,0.84866334,1.08742203,-0.07167599311,0.46672952,0.50715879,2422.138549,98,122.6691074,8342.405474,0.1262671006,-19.73428934,13.43971119,0.1073291622,1,3030.961033,95.77967412,113.0832429,2853.778103,2108.493293,782.05556,345.9565268,4350.478395,0,0,1,9.624643,0.9880074374,0.2005214,36.95324567,37.23551,-0.2822661097851551
241.55518,730,40,0.20288765,0.23141263,-0.38707146,1.6315742,4.85642,0.76858737,0.8729631002,-0.0767634029,0.58995911,0.48573751,63.43725107,261,188.8225095,9391.909115,0.1844618653,-0.6315358077,-149.5602888,0.001634689446,1,655.3903765,456.324188,1279.457344,2098.777827,4952.371897,3629.54091,955.5884467,3440.899655,0,0,0,10.238182,0.9878038631,0.1569713,38.88100895,39.14161,-0.26060024189452946
180.0,895,40,0.04405363,0.3619449,-0.54647887,7.8807054,0.46373534,0.6380551,0.1213782863,-0.1344504308,0.5905325,0.341054365,288.1738285,96,16.95741454,6582.061694,0.3459999133,-4.306638982,15.43971119,0.01196879335,12,1114.259769,0.0,871.2782115,3527.138546,2002.341839,205.2622709,1375.737207,6140.979308,0,0,0,6.429206,0.9877448223,0.1988463,36.56700941,36.593075,-0.026065388583987215
180.0,931,20,-0.010018215,0.6260997,-0.6113331,71.361145,1.3909631,0.3739003,-0.01597547408,-0.2229386039,0.601314885,0.1819410425,2198.834743,60,42.85942989,5546.299093,0.6323721014,-43.62542999,51.43971119,0.1169455394,3,3717.456125,20.20559052,1169.284063,2155.560491,533.8702078,752.0443416,363.6823421,618.9729677,0,4,0,29.68327,0.9891264357,0.1331303,30.81277274,30.789913,0.022859562509765396
0.0,866,40,0.060765956,0.37195426,-0.4310166,3.2036521,0.0,0.62804574,0.16293139,-0.1200466119,0.491782556,0.344405848,112.0999587,125,0.0,0.0,0.3493521038,-1.380827236,-13.56028881,0.004234413448,1,136.9721905,0.0,189.8804674,4589.481374,2910.889281,1931.562047,540.0432771,12060.5321,0,0,0,3.0454917,0.9879561281,0.1190329,34.99130219,34.909153,0.08214920538085835
252.01782,910,40,0.1844304,0.31514952,-0.45739257,57.670868,1.5018058,0.68485048,0.5833644789,-0.09478710609,0.64182297,0.43464044,2217.365832,81,57.74237467,9689.739768,0.257026368,-26.37822653,30.43971119,0.09430611311,1,462.8935808,132.9693134,974.5179461,3100.075021,3697.224444,2186.183118,1394.172161,5929.861239,0,2,0,16.212696,0.9878217903,0.1506497,38.44862942,38.62385,-0.1752223561230437
270.0,867,40,0.11827957,0.2692757,-0.3636649,3.0942194,0.9524691,0.7307243,0.4376256171,-0.0953417899,0.48194447,0.424501935,110.7244221,124,34.08342366,9661.756364,0.237425886,-1.125258989,-12.56028881,0.004053446069,1,252.9770074,0.0,141.5986222,4718.598904,2624.210477,479.866091,1394.362913,12107.49569,0,0,0,3.4310837,0.9875739328,0.1375288,35.78428283,35.83966,-0.05537781453124779
99.21698,913,40,0.18287711,0.23422037,-0.4269006,24.120321,2.8928056,0.76577963,0.7774713984,-0.07533556759,0.60977771,0.47432837,963.3799759,78,115.5403773,3962.78523,0.1913868256,-10.29697951,33.43971119,0.03882402645,1,2110.535985,339.1623694,474.2464246,3583.316139,1785.158593,673.3790444,496.7727949,1846.451628,0,0,0,5.5292835,0.9874831235,0.2598633,39.94059515,39.706043,0.23455190659179692
174.13852,928,10,0.033417936,0.27975357,-0.3690833,68.9325,4.6515813,0.72024643,0.119029425,-0.132814099,0.402501236,0.376832183,2140.140924,63,144.4172125,5406.462455,0.2704047831,-25.44183458,48.43971119,0.1129293219,67,3416.301237,0.0,488.3474383,603.138289,603.6716967,497.9530674,744.4966962,3355.160524,0,0,15,40.407852,0.9878429005,0.1674274,31.04690711,30.99537,0.0515362451318353
325.6117,940,60,0.15779307,0.12443585,-0.3353752,95.49033,1.6853932,0.87556415,1.257958311,-0.08266613687,0.49316827,0.51667861,3489.674275,51,61.5923444,11899.41194,0.1048007352,-32.02508852,60.43971119,0.1568476469,5,2742.806081,0.0,657.248378,203.4717222,750.4552081,837.5178754,394.0188998,3332.705317,0,0,1,17.051094,0.9876251848,0.251154,36.54479228,36.617577,-0.07278431912109085
0.0,879,40,0.10009878,0.27412587,-0.37891018,1.794401,1.8543341,0.72587413,0.3638290358,-0.09394444033,0.47900896,0.412986455,65.45027919,112,67.63632241,0.0,0.2466862048,-0.6799168059,-0.5602888087,0.001903953927,11,2527.866384,0.0,618.654855,472.9910421,3032.310569,619.0846417,978.2203504,7915.856422,0,0,5,23.35458,0.9873910251,0.2479623,36.47472287,36.468693,0.006030090458985171
217.5884,926,50,-0.012555863,0.29434168,-0.35285756,522.291,2.3396263,0.70565832,-0.04251300731,-0.109766731,0.340301697,0.3465512285,17450.87931,65,78.17200793,7270.102123,0.2980373938,-184.2943279,46.43971119,0.8626421534,243,6572.972957,180.4844787,645.5581005,4309.656704,1209.733434,583.8535537,600.4172008,2456.72632,0,1,0,40.68761,0.9880473483,0.1667422,33.41217695,33.139706,0.2724712920410184
283.6856,920,50,0.031712472,0.20078655,-0.26752767,140.86539,1.959323,0.79921345,0.1571585024,-0.09139564451,0.299240142,0.415462961,4497.897445,71,62.56209502,9058.213201,0.1944191122,-37.68538957,40.43971119,0.2318837711,17,4153.98287,0.0,487.5698165,881.2702155,311.4237051,206.7568177,157.121272,5084.959073,0,1,1,38.117584,0.9878175953,0.2113378,31.93046528,31.826767,0.10369831222656245
165.6009,904,40,0.076995306,0.3916942,-0.49316457,20.672256,1.9144293,0.6083058,0.1960693741,-0.1093426416,0.570159876,0.342650553,780.2996533,87,72.26248161,6250.809049,0.3615355852,-10.19482424,24.43971119,0.0331220079,1,117.7728105,826.5564264,467.2738432,5995.088963,7113.531292,3954.156747,488.6822779,1378.77908,0,0,0,3.1426396,0.9878087248,0.2169508,37.74622631,37.476044,0.2701826088281223
207.15775,799,40,0.15466101,0.2377576,-0.34797296,2.1795502,1.0422987,0.7622424,0.647774186,-0.06769743655,0.50263397,0.458451705,85.14167225,192,40.71622407,8092.384041,0.2009857694,-0.7584245346,-80.56028881,0.00254086996,21,5171.654257,111.2778317,399.8372339,1121.912488,1943.146031,654.9940215,717.9075638,2616.235964,0,1,0,7.630652,0.9877711261,0.1978253,39.06387302,39.136337,-0.07246426027343489
0.0,847,20,0.021423385,0.5378031,-0.5682281,32.413696,3.2427514,0.4621969,0.03976106485,-0.1594240579,0.589651485,0.2418101425,1130.984503,144,113.1466643,0.0,0.5262815371,-18.41837289,-32.56028881,0.05253866873,1,1549.534766,596.8204302,468.0442001,6478.19477,4040.418255,2608.682878,112.5894656,5596.12796,0,0,0,5.461752,0.988088018,0.1753101,34.89217961,34.768772,0.12340748475585883
107.99182,913,50,-0.045259647,0.30091906,-0.32768533,457.7994,4.494871,0.69908094,-0.1499065577,-0.1096379603,0.282425683,0.3269106465,14774.2246,78,145.0596783,3485.140879,0.3145385504,-150.0141475,33.43971119,0.755993265,400,5525.648181,30.52943827,1203.272247,2923.671225,350.972142,360.2461204,269.2527699,2644.015207,2,0,10,58.303585,0.9878128352,0.134985,32.27226728,32.25186,0.02040570773437622
45.76126,872,40,0.07121058,0.40317622,-0.4809408,3.333385,0.66469556,0.59682378,0.1761869612,-0.1405778805,0.55215138,0.33401718,114.4120376,119,22.8143984,1570.667355,0.3744658075,-1.603160849,-7.560288809,0.004448950993,1,36.41377787,0.0,73.30142729,3030.535934,1473.713846,1075.363008,866.6932555,9844.194296,0,0,0,3.8931997,0.9884714722,0.1709607,34.32307928,34.466583,-0.14350397195312325
59.676254,889,50,0.07768281,0.13590643,-0.22102088,6.3561797,2.7534273,0.86409357,0.5674153508,-0.06527368385,0.29870369,0.47088819,217.2294611,102,94.10141892,2039.501888,0.1253488366,-1.404848431,9.439711191,0.009447705783,1,6304.02112,199.6563021,370.1172764,676.0492893,805.8720019,945.3485229,318.1199002,712.0133286,0,0,1,67.188065,0.9872647892,0.166024,34.17610442,34.288834,-0.11272919816406102
115.96375,914,50,0.05119171,0.15054034,-0.2056887,90.180084,1.0591366,0.84945966,0.3378091273,-0.06658031625,0.25688041,0.450325685,2957.938442,77,34.74005263,3803.651746,0.1428339226,-18.54902424,34.43971119,0.1480661648,234,4472.131233,87.73308752,562.3180289,2008.316196,399.0509123,528.0285264,474.0222541,3644.017729,0,0,1,41.090775,0.9875903328,0.1854752,32.80035137,32.846905,-0.046553384638670536
325.61578,899,10,0.0909396,0.23416856,-0.35044867,544.8915,1.6853111,0.76583144,0.3866996507,-0.1025958711,0.44138827,0.42838552,18690.24823,92,57.80762372,11168.90198,0.2128733648,-190.9565015,19.43971119,0.9000162951,443,5660.234798,0.3651481888,352.5509602,2881.358712,440.6640004,994.2050103,277.9963118,407.2792333,0,1,0,58.088017,0.9877942824,0.1856371,34.30086215,34.07511,0.22575076083984413
55.170612,873,40,-0.23166424,0.70934254,-0.64987475,6.5053506,4.0530868,0.29065746,-0.3261303202,-0.2104983318,0.41821051,0.02949661,213.3110792,118,132.9011106,1809.049736,0.8736718404,-4.227663095,-6.560288809,0.009694387686,1,640.3169455,1084.818106,130.7696805,6456.400468,1805.976367,1645.124506,388.140926,4780.960883,0,0,0,5.860968,0.9891839252,0.1581933,32.79009731,32.051067,0.7390299577050783
270.0,874,20,0.08439545,0.33634993,-0.48160535,3.1394544,0.9525578,0.66365007,0.250171832,-0.1439626224,0.5660008,0.37402276,106.7470548,117,32.3886659,9180.482058,0.3079635263,-1.511978035,-5.560288809,0.004128250578,1,557.0236434,0.0,56.05245388,1682.044735,5143.147138,1595.871696,1169.035278,8711.287618,0,0,0,6.1364527,0.9875371554,0.2068246,34.0017854,34.13691,-0.13512408486327843
180.0,933,40,0.10276454,0.44400123,-0.5274262,25.799603,1.8543341,0.55599877,0.2309309123,-0.13836791,0.63019074,0.329381655,922.9998318,58,66.34017052,6439.6328,0.3983736478,-13.60738657,53.43971119,0.04160103242,1,2944.366868,0.0,124.0831528,834.409711,3262.288662,572.8612158,569.3624656,3610.834894,0,0,2,4.907083,0.9883925492,0.155855,35.77573778,35.88509,-0.10935209426757808
211.63483,913,40,0.09647463,0.36787295,-0.47584268,1.7291436,2.7213542,0.63212705,0.261538912,-0.1201067245,0.57231731,0.36430084,62.6947329,78,98.66998594,7673.387647,0.3323825433,-0.8228003247,33.43971119,0.001796038646,1,2537.538546,0.0,497.9201431,1361.274952,1817.232214,557.7312228,361.2088765,7759.167504,0,0,2,18.871468,0.9877288358,0.1984245,36.2576786,36.348045,-0.09036674912109532
180.0,919,10,-0.016705217,0.46193644,-0.484985,13.995104,0.46373534,0.53806356,-0.03608533603,-0.152919638,0.468279783,0.2606791715,464.7367586,72,15.39930384,5977.277235,0.4696531885,-6.787415513,39.43971119,0.02208009178,1,1155.706807,43.04920638,830.0277452,1720.554629,2206.51903,966.6534745,906.2797954,8502.597954,0,0,0,8.219366,0.9878479984,0.1815162,33.20709575,33.239594,-0.03249775585937442
115.98782,929,40,0.049047895,0.47406083,-0.51982784,4.0190225,1.0582242,0.52593917,0.1032455044,-0.1453135018,0.568875735,0.2874935325,140.4316429,62,36.97619581,4052.816354,0.4508091442,-2.089199785,49.43971119,0.005582780471,9,4848.461443,0.0,315.3176328,2608.360309,782.2810384,559.2303639,1216.642365,1784.357761,0,0,1,18.86182,0.9883374793,0.1493011,34.9417409,34.830048,0.11169329257812421
270.0,919,10,0.09647495,0.15585443,-0.24472843,160.5628,0.4761403,0.84414557,0.6150604098,-0.05904644173,0.34120338,0.47031026,5908.345882,72,17.52088018,9935.385955,0.1408183817,-39.29428196,39.43971119,0.2644571121,1,3240.128231,0.0,34.23562011,2356.611554,568.5198624,347.1994137,573.6704539,4066.124846,0,0,4,28.910204,0.9878750672,0.1025367,36.79772576,36.402477,0.39524849559570185
45.759575,880,40,0.065162905,0.32672763,-0.40037543,32.7581,0.6646755,0.67327237,0.1988325031,-0.1087048799,0.465538335,0.3692176375,1157.389376,111,23.48391276,1616.749628,0.3054371085,-13.11553837,0.4397111913,0.05310820498,1,3297.004503,67.64623697,500.1884425,1760.525236,2346.913181,1190.836816,517.8081769,5954.760968,0,0,1,4.9436517,0.987637467,0.2195003,35.33139518,35.21029,0.12110617853515748
9.700609,812,20,-0.0082682595,0.5132713,-0.51955694,1.8263391,5.6275034,0.4867287,-0.01607762187,-0.1640950672,0.5112886805,0.2392302203,60.60059889,179,186.7287823,321.8803753,0.5175151603,-0.9488871542,-67.56028881,0.001956769532,8,1767.031604,0.0,990.3545962,0.0,3321.950426,766.6487972,709.4395427,3692.480021,0,0,0,10.628164,0.988788415,0.1593362,33.1814606,33.295315,-0.11385418881835818
0.0,878,40,-0.119395465,0.5618557,-0.58111954,93.84597,2.3174627,0.4381443,-0.2121244664,-0.1784603948,0.461724075,0.1593744175,3153.721514,113,77.87901787,0.0,0.6289387226,-54.53572692,-1.560288809,0.154128391,347,5627.315276,358.3284229,528.4973457,628.2226821,1449.69975,424.2077268,244.7598554,6954.448147,0,0,0,28.818546,0.9892072887,0.2069508,33.60529508,33.288715,0.31657971745116953
0.0,885,40,0.031020261,0.33465052,-0.36844772,2.5152025,0.92740995,0.66534948,0.09241833142,-0.1108124044,0.399467981,0.3481848705,85.29785332,106,31.45117655,0.0,0.3242695735,-0.9267206265,5.439711191,0.003095933638,130,3329.967651,43.17256833,271.7153942,770.3076116,1002.729641,603.6177818,487.6443722,3637.751861,0,2,1,38.547752,0.9886695973,0.1557665,33.91291688,33.86495,0.04796860729491925
30.407923,872,40,0.08626314,0.44057143,-0.5241838,18.50282,3.7585764,0.55942857,0.1953548942,-0.1221493322,0.61044694,0.322845855,688.2611282,119,139.8101497,1131.102793,0.4025663551,-9.698878498,-7.560288809,0.02953444088,1,0.0,70.89414548,1139.886405,1385.694026,9586.660311,2093.523707,1612.612925,7162.740426,0,0,0,2.0712175,0.9881800046,0.1659813,37.1976341,37.123344,0.07428967861328317
322.42764,899,10,-0.06855895,0.6216037,-0.5869001,9.874411,2.3391228,0.3783963,-0.1101165155,-0.1605058427,0.51834115,0.154918675,347.9316911,92,82.4206073,11360.96057,0.664220197,-5.795292803,19.43971119,0.01526575739,1,1872.576997,28.44804992,619.8166578,3532.712101,3193.416931,789.3243195,1453.461488,3944.930785,0,0,0,8.687581,0.9886149806,0.1375378,35.23569062,35.33994,-0.10424849743164089
152.82283,869,40,-0.060983606,0.63654757,-0.6454237,38.85162,1.04248,0.36345243,-0.09565342081,-0.1958654836,0.584440094,0.151234412,1312.459129,122,35.21635372,5162.557399,0.6753665362,-25.07575633,-10.56028881,0.06318497674,2,459.2209201,164.113607,116.7059595,2701.90692,3007.135166,629.33941,482.9923216,6505.211252,0,0,1,5.52568,0.988534802,0.1686724,33.78132311,33.82639,-0.045066202744138195
138.68054,809,40,0.06167883,0.43271106,-0.48483974,2.0404158,4.3141265,0.56728894,0.1422117988,-0.1361650062,0.54651857,0.314483885,71.16665784,182,150.4702936,4836.970259,0.4060219481,-0.989274666,-70.56028881,0.002310785281,25,4288.202391,169.0372723,288.404303,1220.674208,1968.27713,1260.202979,271.8957873,2968.283787,0,1,0,16.499561,0.988473788,0.168161,34.87850753,35.029438,-0.15093048879882787
90.0,854,40,0.099732995,0.33613053,-0.43443444,32.38886,0.47616285,0.66386947,0.2958290221,-0.117890918,0.534167435,0.3818012325,1144.565024,137,16.82675289,3180.44081,0.3026072255,-14.07083626,-25.56028881,0.05249759777,1,661.5180229,320.6593446,1485.216244,1141.201043,3886.968592,2318.635146,559.3891669,5874.79904,0,0,0,4.984887,0.9877231078,0.2165164,35.33823122,35.310627,0.027604236357419154
27.157902,852,40,0.18193892,0.30944428,-0.42592594,0.81488484,3.1241455,0.69055572,0.5860598237,-0.09210839041,0.60786486,0.43624732,30.97468777,139,118.7522784,1032.30235,0.2531443219,-0.3470805915,-27.56028881,0.0002841412764,1,2250.407769,296.1828503,868.4121801,2939.810156,2938.74492,3454.948622,225.5113417,7323.453491,0,0,0,3.5534658,0.9878218392,0.2019066,38.01112286,37.94044,0.07068172840820353
225.74583,878,50,0.017824497,0.12778798,-0.1876209,6.8098497,0.6645119,0.87221202,0.1384018679,-0.06621267713,0.205445397,0.4450182585,213.717477,113,20.85476376,7084.712785,0.1255102235,-1.27767013,-1.560288809,0.01019793374,33,5875.945599,0.0,423.6058873,1151.501848,991.8071806,795.0821285,100.8726421,2384.308816,1,0,11,21.589172,0.9874140338,0.1458488,31.38358208,31.973501,-0.5899191254443359
214.36955,852,50,0.028028933,0.18489942,-0.23883606,8.566829,1.685016,0.81510058,0.15077472,-0.07332072391,0.266864993,0.4215647565,287.9347388,139,56.63409902,7205.051063,0.1797168865,-2.046067685,-27.56028881,0.01310342669,303,5197.309989,138.8177879,245.5485118,2003.764562,555.9944848,175.0300936,277.0567074,2039.060117,0,0,1,52.318504,0.9874548069,0.1646254,33.61042211,33.690136,-0.07971384581054508
262.07425,834,50,0.004029009,0.3044855,-0.35489175,172.49158,3.3593037,0.6955145,0.01318887148,-0.1099868405,0.358920759,0.3497717545,5773.047258,157,112.4311054,8771.251503,0.3032587252,-61.21583869,-45.56028881,0.2841835745,84,4734.100972,132.1343947,348.0526523,4529.501644,731.5029937,490.2543827,173.8221375,3759.048114,0,0,0,71.049736,0.9877697079,0.1866286,33.46857428,33.709618,-0.24104333474609518
318.07816,868,10,-0.0956,0.5366059,-0.56783056,366.7907,4.9735994,0.4633941,-0.1778254294,-0.2021720333,0.47223056,0.18389705,11455.41648,123,155.3328711,9934.051753,0.587905424,-208.2749686,-11.56028881,0.6054934064,257,6789.701101,0.0,888.558655,6043.438042,280.3543052,517.8085994,311.780061,1333.574674,0,0,0,56.064945,0.9891898428,0.1477173,31.23148019,31.146954,0.08452660723632732
0.0,923,50,0.081229925,0.085388996,-0.16226415,535.4902,0.92740995,0.914611004,0.9402809242,-0.05383340904,0.243494075,0.4979204645,17354.69551,68,30.05641801,0.0,0.07845285426,-86.89086214,43.43971119,0.8844694922,315,7366.192044,212.0180803,296.3314089,733.9990859,174.6854446,315.1697705,283.1851987,1341.158048,0,0,1,59.50258,0.9871942861,0.2067375,32.40898808,32.556713,-0.14772502424804657
123.01491,896,50,-0.018822826,0.34676147,-0.36019146,15.9714,1.7017635,0.65323853,-0.05412567988,-0.1202981906,0.341368634,0.317207852,515.8973094,95,54.96920814,3973.544028,0.3532885008,-5.752761884,16.43971119,0.02534826579,260,7231.564513,0.0,528.4607604,4950.479115,268.5533454,129.9803618,63.49410899,1679.569686,4,0,9,45.25031,0.989300421,0.1450459,32.30132045,31.92651,0.37481059282226425
332.84702,822,20,0.14763552,0.385625,-0.50509167,2.4618018,1.0422543,0.614375,0.3818571484,-0.1408915578,0.65272719,0.38100526,86.09116379,169,36.44846049,11639.92459,0.3286930526,-1.243435582,-57.56028881,0.003007625621,1,462.9272168,0.0,182.5346123,0.0,3241.488556,2171.278429,761.8490286,3275.898266,0,0,1,15.177327,0.9883250696,0.1530378,34.97079407,34.945847,0.024947512382809123
0.0,908,50,0.059404414,0.22385064,-0.32464147,1.9804739,0.46373534,0.77614936,0.2641949963,-0.09667653517,0.384045884,0.417776887,67.44795733,83,15.79319042,0.0,0.2105529239,-0.6429439582,28.43971119,0.00221166017,25,4557.558992,0.0,185.6505126,330.6851321,1791.440181,224.0434058,216.6360653,7109.351846,2,1,4,31.44287,0.9876633161,0.227348,34.05647372,33.862057,0.19441698782226524
270.0,764,10,-0.035247523,0.60466546,-0.57897913,1.4454943,1.9018397,0.39533454,-0.05819635645,-0.1749060018,0.543731607,0.1800435085,48.92705421,227,64.37342167,9138.953115,0.6259784197,-0.8369110322,-115.5602888,0.001326971628,2,776.2713895,487.1327624,295.0837052,1474.125043,3449.273129,406.3176988,790.7652491,5189.414513,0,0,0,6.366294,0.9884348239,0.1535654,33.8479745,33.83385,0.014123639404296284
180.0,859,20,0.0503542,0.33584702,-0.3548211,7.2367806,1.8543341,0.66415298,0.1494868501,-0.1042135095,0.4051753,0.35725359,247.893885,132,63.51969331,6165.849398,0.318935712,-2.567762453,-20.56028881,0.0109039436,16,3289.306859,0.0,1544.880432,67.16709208,3206.472413,389.4384515,1626.459423,5801.416169,0,0,2,13.237964,0.9883546616,0.1871701,34.25471888,34.56278,-0.308059592900392
320.6293,881,40,0.0063166204,0.5455941,-0.55947953,10.682258,2.9966867,0.4544059,0.01155632745,-0.1780052591,0.5657961504,0.2303612602,353.2480213,110,99.09643141,10602.78321,0.5421477892,-5.976504685,1.439711191,0.01660168307,1,1577.199086,24.19819655,111.9482039,2492.942084,1086.863343,1044.581028,1293.189805,9711.169486,0,0,0,13.366943,0.9883097982,0.1733926,33.06866594,33.11023,-0.04156355218749752
72.00096,814,40,0.1319896,0.2021612,-0.34204575,1.5592425,1.5004466,0.7978388,0.649679171,-0.07821156065,0.47403535,0.4649142,58.33056236,177,56.13103412,2693.52361,0.1754780241,-0.5333322703,-65.56028881,0.00151507549,5,2417.784153,185.6054374,436.4364233,1881.187938,1059.159901,1740.003101,317.454607,5604.270012,0,0,0,5.008483,0.9880144037,0.1728211,37.40955134,37.24586,0.16369028653320328
134.24081,865,20,0.0100111235,0.56874263,-0.58739597,26.471497,3.9817817,0.43125737,0.01757130847,-0.2016038858,0.5974070935,0.2206342467,843.2114135,126,126.8339216,4276.047673,0.5630488773,-15.54925066,-14.56028881,0.04271213446,3,1313.334932,165.6575279,12.06460626,2237.342175,5836.329196,2902.748719,430.9795343,5350.737965,0,0,0,3.6837285,0.9889691824,0.1364076,31.85355983,31.74478,0.10878024320800606
252.01306,896,10,-0.12952898,0.588535,-0.61790466,0.8781775,1.501422,0.411465,-0.2197138083,-0.1749074132,0.48837568,0.14096801,30.53496926,95,52.20570398,8762.705762,0.6647673382,-0.5426299696,16.43971119,0.0003888074938,1,463.5258276,0.0,435.2833889,141.9345802,4104.420592,1869.38246,928.1559645,11009.51462,0,0,1,3.9993675,0.9883131651,0.1564808,34.7708399,34.708317,0.06252309702148295
111.29409,928,50,-0.013232514,0.20112045,-0.24145918,528.7865,2.552291,0.79887955,-0.06546845705,-0.08281317282,0.228226666,0.392823518,16850.05832,63,81.33008731,3546.444374,0.2037817792,-127.6803547,48.43971119,0.873383674,195,9224.079984,6.167080954,557.5690805,2713.346545,88.73664204,103.2434688,58.12552633,710.4657217,22,0,21,53.04326,0.9874818309,0.1025008,31.8655229,32.042095,-0.17657228432617345
207.1644,906,50,0.08079578,0.11034821,-0.1466194,11.184151,2.0840318,0.88965179,0.7256136403,-0.04227785728,0.22741518,0.485223785,386.01525,85,71.92929139,7150.173281,0.1014325403,-1.639813509,26.43971119,0.01743165675,149,5762.594087,0.0,172.285441,4224.147223,812.1508165,465.4781992,105.4697878,160.7791489,6,5,3,78.527016,0.9874374778,0.1840053,34.5144884,34.2303,0.2841874966796851
295.9898,881,30,0.10702069,0.2826392,-0.35962301,6.1459045,1.0581486,0.7173608,0.3773127621,-0.1013786347,0.4666437,0.412190745,214.044874,110,36.85239232,10308.50698,0.2523909578,-2.210208675,1.439711191,0.009099976523,1,314.4659615,452.3127241,275.6781504,5957.427005,3788.973192,618.188137,2299.315517,6111.943058,0,0,0,10.105755,0.9873401046,0.2439147,34.82723723,34.842186,-0.014948744121092261
203.74098,939,30,-0.040047582,0.59939027,-0.5749024,84.02797,3.5418084,0.40060973,-0.0667025833,-0.209632938,0.534854818,0.180281074,2589.278348,52,109.1389903,6278.17271,0.623394401,-48.30788162,59.43971119,0.1378924969,49,3142.32584,18.22828663,226.5337745,3429.69516,562.0638347,18.22828663,309.2393101,1128.228236,3,0,6,37.346493,0.9887449182,0.1953569,30.81448175,30.93839,-0.12390898181152465
0.0,864,40,0.06486286,0.20573477,-0.27779186,2.050756,1.8543341,0.79426523,0.3137491579,-0.08039523662,0.34265472,0.429564045,70.6756513,127,63.90632052,0.0,0.1923902244,-0.5696833236,-15.56028881,0.00232788473,12,2838.814445,0.0,202.8850899,1823.881046,1023.223975,253.5171454,950.2617443,1528.969857,0,0,8,29.12698,0.9871880933,0.2470871,34.4632181,34.477177,-0.01395856625976677
127.945526,879,50,-0.03235172,0.3709722,-0.40106952,6.0696707,3.0138795,0.6290278,-0.08697348888,-0.131166645,0.3687178,0.29833804,198.1018845,112,98.36698532,4175.885492,0.3829737887,-2.434359914,-0.5602888087,0.008973909717,66,3729.023173,0.0,59.12405014,2368.153793,176.9832128,142.7927831,406.0074273,3424.316997,0,0,8,41.898052,0.9874813824,0.2631261,32.63799542,32.565292,0.07270306160156537
270.0,906,40,0.04529116,0.3096647,-0.37509707,3.178426,0.9513271,0.6903353,0.1457879186,-0.1158390587,0.42038823,0.36781323,106.5457775,85,31.88996236,9050.819469,0.2956396265,-1.19221828,26.43971119,0.004192697387,13,3393.717933,157.1677767,197.0738614,3019.11155,1104.607499,460.6131346,435.4399373,1228.666372,0,0,1,34.96218,0.9888325535,0.1683924,33.52155359,33.50099,0.020561768710940953
37.60809,903,50,0.18619096,0.15997529,-0.38700148,115.160286,2.340245,0.84002471,1.15664311,-0.09349586718,0.57319244,0.513107835,4235.865332,88,86.0796982,1383.313729,0.1301893372,-44.56720112,23.43971119,0.1893755876,2,1488.283625,0.0,494.6117925,2055.116583,5969.143723,1781.777635,823.4242385,2876.909894,1,0,0,70.443634,0.9875120003,0.2258158,36.78234467,36.858017,-0.07567229777343698
322.4247,867,40,0.09974853,0.23839723,-0.33126742,3.4963846,2.3392153,0.76160277,0.4166653474,-0.05745519645,0.43101595,0.43067565,140.1615624,124,93.77345711,12925.22273,0.2146174568,-1.158238306,-12.56028881,0.004718501231,157,4147.679124,88.87584102,315.1211223,1758.332077,307.291395,486.6071137,198.0748606,1799.046178,0,0,0,52.437546,0.9874651137,0.1314269,40.08757001,38.97844,1.1091306789453128
225.74257,876,50,0.10409976,0.12422949,-0.21933658,72.936905,0.664473,0.87577051,0.8312719312,-0.06150692022,0.32343634,0.489935135,2545.426189,115,23.18945363,7878.193483,0.1112972299,-15.9977313,-3.560288809,0.1195513524,342,5281.461247,231.1418291,780.5974867,350.0420013,1720.8309,36.69238765,246.3023047,7366.27157,0,1,0,24.42147,0.98744803,0.1930623,34.89901565,34.86722,0.031793817724611984
270.0,860,40,0.1030572,0.5215391,-0.5221757,30.256382,0.47622102,0.4784609,0.1972239015,-0.1912162403,0.6252329,0.29075905,930.0595587,131,14.6386938,8299.607034,0.4677907407,-15.79914745,-19.56028881,0.04897114769,2,439.3407653,139.035702,90.38770546,4997.635064,6022.629055,1184.865903,147.1177641,8120.377098,0,0,0,2.1870134,0.9876110463,0.0945257,30.73928531,31.46328,-0.7239944141210941
214.39923,881,40,0.09316101,0.3204391,-0.39480948,7.756055,1.6856133,0.6795609,0.28982476,-0.1181982523,0.48797049,0.386360955,263.5474004,110,57.2764122,7285.193273,0.2905866698,-3.062164041,1.439711191,0.01176266067,17,2313.927429,0.0,97.49562068,732.0473042,5220.340787,1213.692599,257.5490599,5892.91044,0,2,0,19.430347,0.9872164906,0.3639381,33.97956827,33.90162,0.07794931248047021
34.384575,884,50,0.05997648,0.15677762,-0.23927648,2.0635695,3.3677254,0.84322238,0.3801329999,-0.08325342579,0.29925296,0.45159943,65.25946197,107,106.5028087,1087.396797,0.1473746502,-0.4937636462,4.439711191,0.002349074242,220,4882.658891,51.4418054,337.1724989,4341.583649,1415.353457,418.8773439,546.1222959,4073.628983,0,0,3,61.21409,0.9874212362,0.2073492,31.62455249,32.008106,-0.3835537416894539
314.24683,918,20,0.14251332,0.24887331,-0.41583878,98.741394,2.656611,0.75112669,0.5703423067,-0.1042432224,0.5583521,0.446820005,3588.40248,73,96.54501637,11420.17606,0.2134055483,-41.06050082,38.43971119,0.1622238875,22,1286.043414,0.0,877.5136216,1080.491043,1304.808803,860.4817474,953.4132204,3507.646879,0,0,0,11.322495,0.9877756284,0.2065517,36.34142009,36.3327,0.008721267978515357
113.42622,753,40,0.13510849,0.2970175,-0.3767661,4.9445424,4.6555505,0.7029825,0.4533575713,-0.08569925481,0.51187459,0.419045495,185.260422,238,174.4325724,4249.814783,0.2568879141,-1.862935956,-126.5602888,0.007113300236,2,1432.254822,180.6564932,859.8459398,2707.123632,1513.274134,716.1711753,582.3669232,3656.328652,0,1,0,16.183863,0.9878913871,0.1799805,37.46765768,37.364708,0.10294973322265832
244.01024,878,40,0.072316386,0.39349362,-0.4722056,7.5765686,1.0581504,0.60650638,0.1833144627,-0.1321175814,0.544521986,0.339411383,264.6478579,113,36.96095838,8523.223471,0.3650375835,-3.577698122,-1.560288809,0.01146584643,1,1757.611471,126.6481185,203.2691061,7692.071059,4595.891618,679.5672463,1994.89545,4040.309893,0,0,1,8.080416,0.9887127759,0.1574462,34.92977783,34.948666,-0.018887788896485347
161.12308,781,50,0.106564365,0.1941659,-0.27555987,2.267621,1.4699937,0.8058341,0.5460193866,-0.06129032731,0.382124235,0.4561992325,85.51662771,210,55.4364702,6076.281022,0.1734747342,-0.624865348,-98.56028881,0.002686511453,1,5733.536985,2.531252722,370.3286208,1239.159502,1043.933993,427.7982298,775.0428678,3048.746563,0,0,2,15.072212,0.9880127007,0.1748937,37.71204611,37.430195,0.2818512552636747
207.15424,921,50,0.0039702235,0.23469701,-0.26147076,14.7513,1.0422659,0.76530299,0.01684460698,-0.08720727714,0.2654409835,0.3846366068,476.8141999,70,33.68972099,6695.957861,0.2337652104,-3.857033622,41.43971119,0.02333060289,335,5193.240666,0.0,502.2293113,430.0569017,602.0108918,321.3848507,202.4425026,2869.323172,4,2,6,49.814457,0.9875239371,0.1647344,32.32353758,32.183212,0.1403252997265625
341.116,869,10,0.10935961,0.3003452,-0.41870683,7.177702,1.4700557,0.6996548,0.3629047684,-0.1196132243,0.52806644,0.404507205,248.6669865,122,50.92915824,11817.74999,0.2674995661,-3.005352851,-10.56028881,0.01080624612,1,1635.141501,35.0769839,96.11602776,2251.703902,561.0792182,472.5471218,746.6216032,4209.150065,0,0,0,8.647077,0.988690262,0.1213395,34.64437316,34.514362,0.13001082479492254
152.8489,894,50,0.018365473,0.40982527,-0.46992093,11.653012,1.0422366,0.59017473,0.04470385427,-0.1314783576,0.488286403,0.3042701015,407.0371202,97,36.40509288,5338.978119,0.4022986351,-5.475994236,14.43971119,0.01820700585,9,3083.147167,0.0,560.4599958,6349.469796,3547.158218,502.6503405,520.0455731,5173.528565,0,0,2,10.417931,0.9877663266,0.1490713,34.92977783,34.8506,0.07917663371093653
225.74051,891,50,-0.035722625,0.48609716,-0.5196985,2.5116343,2.6560094,0.51390284,-0.07333778132,-0.1778562439,0.483975875,0.2390901075,80.12468087,100,84.73045044,7201.441039,0.5034618266,-1.305292578,11.43971119,0.003090032953,132,4036.995158,0.0,332.7458655,1341.339769,379.5808584,122.5815566,289.6835511,1500.399094,0,0,9,35.096767,0.9878922955,0.2044023,31.90141211,31.886164,0.015248398452147427
248.71017,883,40,0.11350638,0.25310946,-0.37824896,361.2984,2.552777,0.74689054,0.4466830161,-0.1199846615,0.49175534,0.43019846,11964.32758,108,84.53472331,8235.989828,0.2243799215,-136.660744,3.439711191,0.596410864,174,6152.022845,1.70441785,67.16691402,1936.086315,136.1047777,287.5402472,176.0561937,710.9671513,0,2,0,77.9507,0.9883856132,0.1406548,33.11480921,33.455303,-0.34049398213867477
148.38232,905,10,-0.042372882,0.63757396,-0.60784316,9.503904,2.7208533,0.36242604,-0.06635548058,-0.2165895875,0.565470278,0.160026579,296.6910514,86,84.93907621,4632.170793,0.6645898062,-5.77688304,25.43971119,0.01465305497,233,3844.482237,0.0,1062.468792,4583.523421,297.6532766,234.1540131,265.0503945,2448.247848,6,0,6,49.848667,0.9886285008,0.1364104,31.21780811,31.35257,-0.134761470078125
34.370792,887,50,0.15691982,0.1311912,-0.363578,12.192567,1.6850412,0.8688088,1.187067066,-0.093153831,0.52049782,0.51286431,439.823756,104,60.78466901,1239.861207,0.1106047005,-4.432949125,7.439711191,0.01909926067,10,2039.841629,0.0,323.3099052,1628.018231,2721.668298,0.0,643.2424565,5872.164273,0,1,0,42.950027,0.9873029078,0.2574334,36.07310552,36.07437,-0.0012658178906264084
134.27571,880,10,0.032062702,0.31510165,-0.39012536,9.431136,1.3283329,0.68489835,0.1014316186,-0.1182393706,0.422188062,0.358480526,318.7735495,111,44.89781437,4538.535409,0.3049986397,-3.679325327,0.4397111913,0.01453271951,1,2394.767952,587.0755237,67.94884823,7809.412767,4413.959745,924.4595527,1727.049672,3305.820726,0,0,0,6.4645724,0.9875930513,0.172016,33.80012222,33.95758,-0.15745834640625134
281.8018,865,30,0.15306468,0.3395822,-0.45618632,10.553667,6.7705445,0.6604178,0.4494206685,-0.1074132131,0.609251,0.40674124,391.3269372,126,251.0498429,10449.1297,0.2876041592,-4.814438511,-14.56028881,0.01638903387,1,4160.612906,1043.726342,748.0254834,1043.726342,2596.455565,2342.815861,357.7668761,5553.028748,0,0,0,9.8498955,0.9881182767,0.1984747,37.07971241,37.239014,-0.15930126187500093
127.1474,926,10,-0.0268587,0.44945055,-0.61345565,98.79772,5.3600206,0.55054945,-0.05962630082,-0.1816246654,0.58659695,0.261845375,3372.975423,65,182.9922568,4340.839599,0.4615222075,-60.60801954,46.43971119,0.1623170331,145,3849.431853,0.0,705.4720321,1467.261905,650.5919905,277.4980791,431.9704575,4066.612546,0,0,8,36.750008,0.9878022078,0.1536093,34.14021521,33.60261,0.537603668251954
198.8987,897,40,0.15285452,0.24324325,-0.3769284,58.14495,1.4701847,0.75675675,0.6258290454,-0.09928394772,0.52978292,0.454805635,2077.197375,94,52.5215655,7105.55014,0.2060624198,-21.91648297,17.43971119,0.09509009612,1,852.4468457,0.0,115.6128261,3917.848553,4074.469153,3165.514171,290.1214903,3448.741647,0,0,2,12.397668,0.987560988,0.1829888,35.72446748,35.670925,0.0535423396191419
152.83122,885,10,0.12637618,0.23905872,-0.40885222,1.7331023,1.0424017,0.76094128,0.5264386147,-0.09551880222,0.5352284,0.44365873,64.4169531,106,38.74459195,5680.519569,0.2088473922,-0.7085827228,5.439711191,0.001802585095,2,295.6843696,0.0,763.2864733,1491.216703,967.9276554,113.849691,729.560097,6063.140572,0,0,0,11.7344675,0.9875194059,0.1995228,37.16858093,37.12534,0.043241421943356784
80.77449,819,20,0.022992838,0.53010625,-0.54010695,56.833443,2.890158,0.46989375,0.04329235064,-0.1644571463,0.563099788,0.246443294,1917.092163,172,97.49012128,2724.665858,0.5179176029,-30.69613756,-60.56028881,0.09292127469,1,3769.335222,98.81430226,38.76216142,3053.035312,1744.816451,1027.973953,724.5529249,5333.07569,0,0,0,9.80315,0.9884300431,0.1782615,33.73176182,33.878742,-0.14698039801757545
82.07305,802,40,0.08348524,0.26078236,-0.36519143,1.3312746,3.358806,0.73921764,0.3189108693,-0.06624728659,0.44867667,0.41135144,52.85337721,189,133.349078,3258.40955,0.2390108821,-0.4861700749,-77.56028881,0.001138088052,1,6254.58256,8.118873956,310.9076063,199.4826945,2279.273015,364.9352897,813.5505134,3227.001531,0,0,2,4.640173,0.9877760028,0.1810284,39.70133375,39.19675,0.5045831091308628
115.95788,861,10,0.18863992,0.4928092,-0.51532847,51.221184,1.0593597,0.5071908,0.3820097317,-0.1736549916,0.70396839,0.34791536,1647.071189,130,34.06482835,3728.747921,0.3998457119,-26.39573438,-18.56028881,0.08364035775,1,0.0,295.236159,0.0,2746.682312,7051.052374,4712.794082,1002.690938,7187.92345,0,0,0,1.3421556,0.9872625421,0.0441878,32.1560546,32.435455,-0.2794007222656276
0.0,898,50,0.020400794,0.08846539,-0.11899361,2.1807368,0.92740995,0.91153461,0.2280300125,-0.03943586937,0.139394404,0.465967702,70.71274197,93,30.07226754,0.0,0.0866606258,-0.2594937443,18.43971119,0.002542832225,73,4651.704879,0.0,225.2189302,2203.160738,669.6809318,516.2434227,280.4687452,289.3058805,3,0,2,60.936115,0.9873762969,0.095772,32.42607818,32.62177,-0.1956907714160181
111.297806,823,40,0.06929969,0.35336345,-0.44931662,1.8978657,2.551866,0.64663655,0.1955610546,-0.09818003754,0.51861631,0.35796812,71.93242412,168,96.72017752,4218.381198,0.3288754725,-0.8527426015,-56.56028881,0.002075052105,1,2937.522269,0.0,554.5411325,597.6327438,498.6673315,763.2507145,419.170063,4961.568538,0,0,2,7.978369,0.987927297,0.1932767,37.90174622,37.505688,0.39605850637695283
45.76379,933,50,0.17396785,0.17903733,-0.35767937,59.57138,2.6571157,0.82096267,0.9662876582,-0.1005282255,0.53164722,0.49746526,2077.149977,58,92.64898373,1595.703429,0.1478905906,-21.30745367,53.43971119,0.09744896415,5,2055.827364,48.02086134,442.4082299,252.3429707,2634.643095,0.0,191.5637739,3795.987855,1,0,1,7.89225,0.9877346271,0.2317236,34.86825347,35.09239,-0.2241346830761728
134.27571,898,40,0.13117547,0.37420008,-0.48959473,10.245963,1.3283329,0.62579992,0.3496147176,-0.1030821868,0.6207702,0.378487695,392.2972518,93,50.8591868,5141.146032,0.3251142086,-5.016369489,18.43971119,0.01588018792,1,652.2965735,486.3107041,617.6015891,4598.617057,3407.185977,1602.078953,951.938427,9355.590016,0,0,0,5.2976966,0.9882085404,0.1401568,38.28798248,38.259144,0.028838650654293474
90.0,893,50,0.077657804,0.11077769,-0.188654,116.446754,1.4278171,0.88922231,0.6947522712,-0.05554863973,0.266311804,0.483440057,3984.671641,98,48.85823014,3079.69467,0.1021749379,-21.96814593,13.43971119,0.1915030024,269,5342.273405,45.89847419,98.2201234,3392.575209,451.5316801,197.4537745,188.7479153,2796.524593,1,0,2,59.69549,0.9871876588,0.2056696,34.21882967,33.77225,0.44657854084960746
152.84143,863,40,0.1152954,0.2673964,-0.40376705,5.4889836,1.0423064,0.7326036,0.4295713355,-0.09593851983,0.51906245,0.4239495,202.9577089,128,38.53976152,5651.382609,0.2365668251,-2.216270716,-16.56028881,0.008013635299,1,1893.070917,35.20713748,290.2633622,288.5867811,2939.008262,693.5331451,755.7942916,6254.674299,0,0,0,7.6122584,0.9875169593,0.2502387,36.9754628,36.838505,0.1369580087402369
18.890408,862,50,0.1182159,0.13487427,-0.21149674,80.93568,2.9382908,0.86512573,0.870038897,-0.05574606986,0.32971264,0.491670815,2890.692469,129,104.9437663,674.6883468,0.1189299868,-17.11763247,-17.56028881,0.1327788187,4,4628.214305,25.90427045,1120.143607,4599.986348,3280.84379,1932.563115,167.5182493,3371.451773,0,1,0,15.352837,0.9873188721,0.2211818,35.71592243,35.61579,0.10013110919921786
0.0,923,50,-0.04649611,0.33674338,-0.38597524,9.027006,1.8543341,0.66325662,-0.1376669766,-0.1308272914,0.33947913,0.308380255,289.4089722,68,59.45060034,0.0,0.3524006372,-3.484200807,43.43971119,0.01386441518,372,5252.170091,0.0,417.9670227,1029.00843,490.3535175,352.1891144,489.8858027,2402.476544,0,0,2,45.708874,0.9880383172,0.1393538,32.06035004,31.787746,0.2726036105566436
249.91577,766,20,0.15940224,0.2743864,-0.37989777,1.2004198,8.04931,0.7256136,0.5788311986,-0.09762969602,0.53930001,0.44250792,43.25773647,225,290.0609693,9005.841554,0.2306485932,-0.4560368051,-113.5602888,0.0009216952353,1,604.4266916,1675.214916,2233.188623,2618.510718,3557.76811,3622.092686,880.0004592,2777.836632,0,0,0,3.7330627,0.988023169,0.16816,36.0355073,36.013027,0.022480108837889645
341.10324,886,40,0.14792137,0.28380674,-0.48790094,3.5071957,1.4701676,0.71619326,0.5193745415,-0.1085882303,0.63582231,0.432057315,132.2395506,105,55.4329782,12861.36932,0.2418256582,-1.711164079,6.439711191,0.004736379401,1,510.0160061,0.0,365.325407,5921.040872,4087.860451,1833.913379,562.112932,13492.99841,0,0,1,3.7196596,0.9876832867,0.1923384,37.70521007,37.634426,0.07078395305664031
207.17308,874,50,-0.028232332,0.32116452,-0.39395416,7.4585,4.1628866,0.67883548,-0.08763327507,-0.1201216734,0.365721828,0.325301574,251.4353857,117,140.3361263,6984.06426,0.3302317434,-2.938307102,-5.560288809,0.01127059798,1,2862.960267,0.0,8.780513417,3926.537323,1588.470133,1438.005773,142.9409699,10481.25672,0,0,1,9.777912,0.9873500043,0.1827619,33.7112537,33.62596,0.08529239628906282
270.0,892,60,0.05267952,0.19631901,-0.23735872,38.343533,0.9523547,0.80368099,0.2669764054,-0.07616260968,0.29003824,0.428180255,1262.923714,99,31.36777549,8893.009486,0.1859770188,-9.101171913,12.43971119,0.06234476013,1,699.3948517,156.8065859,46.09338786,3656.782619,1913.249051,816.0169652,463.2425286,7570.568819,0,0,0,15.231377,0.9871539432,0.291775,32.93707217,33.20548,-0.2684064982128902
0.0,874,40,0.13223298,0.31323573,-0.439723,10.583075,1.8543341,0.68676427,0.4208082257,-0.09846994978,0.57195598,0.409498625,398.3316894,117,69.79446284,0.0,0.271815636,-4.653621488,-5.560288809,0.01643766548,1,0.0,1183.066464,1183.066464,1948.265393,11820.45186,3762.406991,1029.71811,6660.911951,0,0,0,1.6389554,0.9875082529,0.1521377,37.63855868,37.569626,0.06893282550781521
302.99033,920,40,0.18336965,0.36055657,-0.45944193,30.52061,1.7028868,0.63944343,0.5071672463,-0.122637205,0.64281158,0.41140654,1085.116537,71,60.54369905,10772.38684,0.294441438,-14.02244796,40.43971119,0.04940809797,1,31.85149297,77.02805492,91.51037387,1103.127723,2406.836738,1313.184891,1061.646999,3088.912798,0,0,0,5.7011595,0.988065004,0.1685677,35.55356648,35.636505,-0.08293864695312436
27.17549,896,40,0.018300654,0.45825243,-0.5148764,47.79482,1.0424644,0.54174757,0.03984879078,-0.1317734782,0.533177054,0.280024112,1724.76104,95,37.61918096,980.6758638,0.4498661108,-24.60842486,16.43971119,0.07797422585,119,1446.705565,47.00857795,294.0484104,760.8271125,3618.312587,1647.876128,110.9908875,10535.44185,0,0,1,7.3277354,0.9882461543,0.1957796,36.0867776,36.192303,-0.10552510385742409
161.10326,908,40,0.107946336,0.32617366,-0.42546174,3.2351444,1.4701676,0.67382634,0.3299359001,-0.07029909334,0.533408076,0.390886338,130.97731,83,59.52086634,6522.389424,0.2909644085,-1.376430166,28.43971119,0.004286491839,1,1264.561562,398.3392723,528.2892984,4735.82684,6205.018935,5477.985841,255.4166346,1164.393185,0,0,0,3.3936152,0.9879711516,0.1177151,40.48576934,40.53411,-0.048341682949221365
145.62938,800,50,-0.01337874,0.28263548,-0.33184144,16.87993,1.6850375,0.71736452,-0.04716878156,-0.08663615973,0.3184627,0.35199289,604.9304763,191,60.3871306,5218.958266,0.2864167866,-5.601460278,-79.56028881,0.02685068959,280,5819.299125,0.0,423.8135287,1953.225574,171.8896877,211.1505933,163.4396682,663.4166056,1,0,2,64.98157,0.9875216851,0.1339147,35.83726214,35.03888,0.79838274546875
45.74269,887,50,0.07703349,0.10989644,-0.1787351,342.90506,0.6644745,0.89010356,0.694643489,-0.05542446364,0.25576859,0.483568525,11473.61333,104,22.23333619,1530.551744,0.1014307337,-61.28917019,7.439711191,0.565994046,459,6949.656368,219.7812998,824.1266647,3036.007626,254.3675282,498.2370799,254.9661793,699.5747928,0,1,0,45.444878,0.9873529419,0.1428232,33.46002923,33.166542,0.29348717677734726
337.69617,762,40,0.18210198,0.35439402,-0.4788335,5.535063,4.9997363,0.64560598,0.5123946092,-0.1102653596,0.66093548,0.41385398,206.6290875,229,186.6448402,12606.51441,0.2898581673,-2.650373589,-117.5602888,0.00808983618,1,3128.764757,103.1062766,1165.211231,3816.403002,537.7843541,2094.179586,499.110468,6343.320409,0,0,1,11.79646,0.9877637427,0.1812869,37.33093688,37.34697,-0.016032724492184514
247.33624,916,50,-0.0035252643,0.46082792,-0.48315388,7.5857515,3.6058104,0.53917208,-0.007633285359,-0.1543172046,0.4796286157,0.2678234079,250.3969379,75,119.0236567,8164.284992,0.4624524602,-3.66508527,36.43971119,0.01148103207,222,6298.716028,0.0,666.3222163,4321.471688,154.4670865,334.8375149,152.3195539,178.1971692,0,1,2,61.175766,0.9878008675,0.1610854,33.00885059,33.077324,-0.0684733235742172
251.99619,749,40,0.14201835,0.308338,-0.4186893,1.6330941,1.5000616,0.691662,0.4591041191,-0.1027447415,0.56070765,0.416840175,59.76760486,242,54.89891181,9222.499003,0.264548346,-0.6837590256,-130.5602888,0.001637202884,6,2412.249307,146.7413088,2141.166327,1360.619605,4490.289778,1279.151645,315.0449482,5550.91076,0,0,0,5.0447774,0.9882541024,0.1512488,36.59777159,36.53841,0.05936140323242256
99.230804,794,30,0.10358974,0.25035766,-0.33884802,1.4215891,2.8885186,0.74964234,0.4121208799,-0.0683818923,0.44243776,0.42661604,55.03229703,197,111.8198033,3841.404721,0.2244231751,-0.4817026518,-85.56028881,0.001287439921,1,2445.836609,260.4643785,685.2754987,3396.210975,1694.153062,2178.299775,296.1993776,6615.487635,0,0,0,6.161094,0.9875371805,0.1763842,38.71181696,38.740997,-0.029180354453124835
67.34188,868,10,0.015104398,0.29953107,-0.39697543,68.69794,3.6066568,0.70046893,0.05025902314,-0.1320938495,0.412079828,0.357786664,2223.143366,123,116.7155105,2179.259724,0.2950068335,-27.27139427,-11.56028881,0.1125414332,1,3036.668861,725.7081827,726.1072907,5666.018577,875.0742833,2371.372119,470.9889503,4511.44734,0,0,0,26.716295,0.9876712473,0.1944358,32.3611358,32.266438,0.09469826948242144
120.30445,879,50,0.026995305,0.39171797,-0.48035714,6.809543,5.4973416,0.60828203,0.06873967341,-0.1417783437,0.507352445,0.3176386675,232.7818405,112,187.9246956,4112.565453,0.3811434239,-3.2710126,-0.5602888087,0.01019742655,1,2309.119911,890.8794926,335.4453404,6433.694442,1983.731912,1472.219612,181.5682421,4822.874649,0,0,0,5.0908127,0.9878858921,0.1914762,34.18464947,34.199673,-0.015023228974612834
90.0,896,20,0.07793308,0.44411278,-0.5202514,0.65669125,1.9039038,0.55588722,0.1750861433,-0.1933347868,0.59818448,0.31691015,20.01338674,95,58.02355835,2742.848799,0.4095017032,-0.3416445422,16.43971119,2.25e-05,1,822.458507,0.0,1263.952527,315.5667914,3466.791897,1493.399438,1109.484294,12644.08823,0,0,0,3.5086915,0.9883488918,0.1560348,30.47609777,30.725048,-0.2489502951855478
270.0,914,50,0.06855692,0.15447155,-0.20735052,9.065126,2.8519175,0.84552845,0.4409611919,-0.06439288425,0.27590744,0.457042685,303.1179799,77,95.36188149,9028.209267,0.1438814563,-1.87965859,34.43971119,0.01392745371,202,6287.499003,125.908218,441.1887009,2935.001959,773.8646483,111.4565712,764.4431887,2657.718395,0,0,2,59.721382,0.9875541287,0.2150639,33.4378121,33.519016,-0.08120416586913848
72.0016,884,50,0.106810756,0.082876295,-0.14904623,13.593508,1.5004978,0.917123705,1.273431975,-0.04599232074,0.255856986,0.5119672305,455.838127,107,50.31696797,2414.466853,0.07402421528,-2.02606112,4.439711191,0.02141597789,627,7671.084932,0.0,109.7150163,5375.826477,275.6219019,26.22097806,43.69656109,1999.707928,6,0,8,53.88206,0.9872467423,0.1400324,33.53351666,33.37611,0.15740658309569966
233.84052,825,20,0.03452035,0.4687673,-0.51137656,1.4628137,2.3565583,0.5312327,0.07348393556,-0.1470234907,0.54589691,0.282876525,50.5482656,166,81.43206127,8080.477174,0.4525852887,-0.7480486378,-54.56028881,0.001355612486,1,855.5250386,401.8420662,1383.919261,5191.512794,4266.712925,3004.87944,514.8873986,10289.7456,0,0,0,5.5382433,0.9888780212,0.1541857,34.55550464,34.52889,0.0266159376074242
134.25743,895,50,0.12895854,0.14580202,-0.28609303,4.055806,0.664473,0.85419798,0.8784520812,-0.08045880304,0.41505157,0.49157826,141.3842146,96,23.16333503,4680.174863,0.1269996044,-1.160337828,15.43971119,0.005643608849,21,3176.596306,0.0,1057.001094,170.4270097,789.1718125,859.6679659,457.847383,491.3647354,1,2,1,45.535694,0.9886105993,0.1219277,34.85970842,35.0077,-0.14799345377929995
225.73146,786,10,-0.11152122,0.5358834,-0.51002866,3.7783608,1.3285033,0.4641166,-0.2077196278,-0.171401786,0.39850744,0.17629769,121.6650648,205,42.77845571,7268.663363,0.5956457705,-1.927072296,-93.56028881,0.005184801467,14,3170.713798,52.25050432,0.0,728.0902972,1706.115385,579.3690488,103.1256194,1908.76239,0,0,3,24.050314,0.9890121045,0.1688813,32.20048886,32.47907,-0.2785798961035155
96.94716,827,10,-0.034438774,0.48444173,-0.4898959,3.116927,3.8283615,0.51555827,-0.07094316758,-0.1390696116,0.455457126,0.240559748,108.2556519,164,132.9648625,3367.123455,0.5011253093,-1.526969758,-52.56028881,0.00409099732,13,4525.141177,142.236964,1242.000717,562.6802862,1679.893748,1048.49394,227.8610995,3588.312898,0,0,1,23.804136,0.9889378848,0.1702151,34.73153267,34.59425,0.13728294465820312
252.008,868,40,0.11824669,0.20473538,-0.30829343,96.608246,1.501013,0.79526462,0.5747513626,-0.07979304691,0.42654012,0.456755655,3472.741722,123,53.95637212,9058.840546,0.180526099,-29.78368753,-11.56028881,0.1586963295,2,5192.119146,151.4069404,169.1022406,2366.465271,506.8781162,1004.367608,629.9285673,3880.985477,0,0,0,23.53146,0.9879384211,0.1909204,35.94663878,36.086235,-0.13959626638671807
232.05812,873,50,0.081974536,0.080725744,-0.1438909,6.4609046,3.0141253,0.919274256,1.00304423,-0.04587698833,0.225865436,0.500624396,213.4437026,118,99.57523041,7666.317246,0.07410828859,-0.9296653777,-6.560288809,0.009620887936,260,5673.534376,177.7871473,180.5126821,2057.869375,719.8071319,416.7719922,685.1585595,3098.530447,0,0,6,40.912308,0.9873391882,0.1542453,33.03619475,32.690914,0.34528059594726557
295.9579,918,40,0.11715885,0.32810685,-0.47930142,2.6526654,1.0593597,0.67189315,0.3559903114,-0.1173147107,0.59646027,0.394526,97.16324418,73,38.80279255,10840.50393,0.2896662288,-1.271426293,38.43971119,0.00332325418,1,1140.967858,296.9566364,800.5089999,6563.626353,9413.163039,6196.752334,896.6226227,4328.403818,0,0,0,1.4770502,0.9880105644,0.1722974,36.62853377,36.56718,0.06135313645507523
214.37752,899,10,-0.07277378,0.44594172,-0.4523135,9.795079,1.6851764,0.55405828,-0.1628261063,-0.1458535771,0.37953972,0.24064225,321.867929,92,55.37517746,7044.481048,0.4783945846,-4.430446465,19.43971119,0.01513456713,14,6454.92575,0.0,483.7609931,1841.504426,441.4435904,393.6036899,64.45088782,336.0636324,6,2,0,65.15524,0.988865058,0.1587339,32.86016672,32.69366,0.1665059839160179
198.8935,896,20,0.027777778,0.54548913,-0.5921569,0.6430619,2.9383447,0.45451087,0.05082951604,-0.2129824842,0.619934678,0.241144324,19.97057807,95,91.25162326,6176.727574,0.530336654,-0.3807935412,16.43971119,0.0,1,665.0417995,0.0,1552.573656,73.65000978,3657.56693,1729.73641,1332.643082,12607.20818,0,0,0,3.5086915,0.9887850386,0.1217441,31.05545216,31.309984,-0.2545320471533188
295.9818,792,20,-0.08843841,0.68482757,-0.6445641,3.0723484,1.0584518,0.31517243,-0.1289513777,-0.1721193484,0.55612569,0.11336701,109.2171911,199,37.62630972,10521.6911,0.7453926314,-1.980325481,-87.56028881,0.004017278291,1,700.5387439,65.79614071,560.9869639,1888.114464,1732.15776,466.7290987,818.8565161,1857.437745,0,0,0,9.27415,0.9885512162,0.1430499,35.54843945,35.0703,0.4781383940917934
262.0715,898,20,0.06913929,0.32358843,-0.41526204,2.4273434,3.3581564,0.67641157,0.2130060212,-0.1095567261,0.48440133,0.37277543,86.66577011,93,119.8994796,9356.990185,0.3012157557,-1.007983572,18.43971119,0.00295064223,2,4189.237377,190.2650358,169.8464532,2985.846948,1657.138945,488.0449688,441.2978933,1618.601817,0,0,1,33.037895,0.9878664132,0.1874644,35.70395936,35.51292,0.19103898036132705
252.00453,912,50,0.13595167,0.073015876,-0.1418919,366.2813,1.5007337,0.926984124,1.836790664,-0.03985468606,0.27784357,0.531467897,12774.7191,79,52.34078689,8789.111219,0.06308924572,-51.97234959,32.43971119,0.6046510185,356,7808.477368,0.3759908272,383.7645032,4462.586094,403.4695879,582.2674545,404.258966,484.5589451,0,0,0,57.82744,0.9872046311,0.1320452,34.87679852,34.396057,0.48074139109375125
141.42044,796,20,0.10892857,0.46495414,-0.5472868,2.121001,5.3236055,0.53504586,0.2337753024,-0.1324699795,0.65621537,0.321987215,77.96826727,195,195.6964172,5198.633411,0.4143073504,-1.16079585,-83.56028881,0.002444047939,35,1895.743145,0.0,753.1498838,1738.421396,1341.830062,832.1205293,346.4542313,3399.670542,0,0,1,11.397804,0.9881331956,0.1583988,36.76012754,36.45025,0.3098788217382804
103.6947,903,50,0.04601367,0.13649932,-0.2100549,17.156677,1.9580492,0.86350068,0.3346465277,-0.06914092226,0.25606857,0.454757175,558.2002894,88,63.70602128,3373.754227,0.1302184853,-3.603844072,23.43971119,0.02730834237,698,8296.863165,119.6119192,371.0605903,2471.086153,199.8767273,161.2304494,341.4761133,582.0640251,0,0,0,49.194714,0.988119113,0.1566262,32.53545482,32.468975,0.06647975286132635
314.27487,890,40,0.0349815,0.20876344,-0.26359832,5.500759,0.66426545,0.79123656,0.1667664298,-0.06906095667,0.29857982,0.41310903,196.8877201,101,23.77593892,11248.78633,0.2014605817,-1.449990831,10.43971119,0.008033108119,1,0.0,0.0,1319.352544,6366.629447,3538.94963,900.0844366,2544.940533,5383.927165,0,0,0,7.099537,0.9885861672,0.1656577,35.79282788,35.038326,0.7545016165722629
256.31448,900,50,0.06155559,0.03381812,-0.05394784,1.0930839,1.9593397,0.96618188,1.767918256,-0.01789795305,0.11550343,0.513868735,35.42574309,91,63.50021698,8306.892927,0.03173642567,-0.05896951534,20.43971119,0.0007441953064,1,1126.587523,0.0,664.9389574,1622.387342,3907.609804,578.7995571,945.2153043,9273.933528,0,1,1,6.448098,0.9863717446,0.0824924,32.40898808,34.98737,-2.5783814573535153
134.25095,882,50,0.014090709,0.105133265,-0.16980146,299.73395,1.3289216,0.894866735,0.1327643034,-0.05521511553,0.183892169,0.454478722,9809.864448,109,43.49370753,4393.842011,0.1036518628,-50.89526232,2.439711191,0.4946025641,81,6539.260733,0.0,149.2832608,2265.700688,668.9860251,520.4558142,492.4578734,3904.777872,2,0,1,120.268524,0.9874646159,0.1446948,32.72857295,32.754868,-0.02629460371093728
105.55537,926,50,0.0568939,0.14892289,-0.19908765,429.38895,3.4544096,0.85107711,0.3794877487,-0.0620864131,0.25598155,0.453985505,14330.67532,65,115.2894652,3522.866006,0.140450086,-85.48603699,46.43971119,0.7090112874,246,7320.030831,12.44357576,1228.664527,1637.744333,191.4629321,701.7755722,132.6869076,2130.523889,6,0,9,39.293873,0.9882996563,0.1404632,33.37457873,32.95556,0.41901995314453444
225.76471,892,40,0.13150242,0.22767755,-0.3949144,60.635406,1.3292943,0.77232245,0.5750560997,-0.1034927032,0.52641682,0.451912435,2170.105397,99,47.57465853,8079.985738,0.1977374012,-23.94579498,12.43971119,0.09920852958,1,1293.939503,21.38200639,21.38200639,3441.404095,4299.587747,3067.423738,352.7096072,3400.218316,0,0,1,10.333934,0.9877213585,0.1864685,35.78940986,35.754032,0.03537772499023362
0.0,878,40,0.09268137,0.11420722,-0.20782812,2.1937332,1.8543341,0.88579278,0.8044753619,-0.06167775044,0.30050949,0.489237075,74.81954132,113,63.24398373,0.0,0.1036223384,-0.4559194467,-1.560288809,0.002564324196,102,2638.9879,0.0,148.7872903,3628.382501,1428.602655,468.2154428,644.0178097,4091.682699,0,1,5,36.51704,0.9878833391,0.2340592,34.10603501,34.15673,-0.050695641855469376
64.02161,907,50,-0.057149746,0.55350816,-0.61532795,347.02948,2.1164405,0.44649184,-0.1030638503,-0.200219094,0.558178204,0.194671047,11354.22119,84,69.24637519,2094.679452,0.5851410108,-213.5369385,27.43971119,0.5728145436,102,3446.97814,0.0,674.6148511,2936.474684,509.1524029,273.2797729,441.8845303,2119.937963,0,0,4,34.326916,0.9888000321,0.1148782,32.71831889,32.746674,-0.028354693984375956
45.74622,907,50,0.03554998,0.082883306,-0.13344802,483.02823,1.3288543,0.917116694,0.4238028005,-0.05021240583,0.168998,0.476333337,14611.84955,84,40.19851823,1383.846415,0.07993680613,-64.4591609,27.43971119,0.7977138406,284,6700.872952,0.0,839.1058727,2739.313175,141.7782322,310.633615,48.0314151,2004.641253,8,0,13,59.91266,0.9871679503,0.1803486,30.25050845,31.597013,-1.3465050235107405
115.98837,892,50,0.081113085,0.34527594,-0.44059405,10.871359,2.1156852,0.65472406,0.2342440685,-0.1166591474,0.521707135,0.3679185725,387.6489199,99,75.44071377,4135.891966,0.3172695433,-4.789856091,12.43971119,0.01691439684,10,3716.605741,75.69728711,301.0263847,6953.876761,3919.669166,837.9614811,844.7037018,4725.017497,0,0,2,11.862187,0.987488353,0.213242,35.65781609,35.548416,0.10939995230468469
214.36044,919,50,0.09645343,0.23740354,-0.25564256,14.117333,3.3667576,0.76259646,0.4045805276,-0.0677603228,0.35209599,0.429524945,503.2002505,72,120.0051927,7640.694393,0.2145051543,-3.608991148,39.43971119,0.02228222022,5,2449.028738,46.69705226,108.8558586,3040.421053,2145.068225,408.5226829,422.0283605,2544.23834,0,1,1,25.665146,0.9877448451,0.2270984,35.64414401,35.562836,0.08130831664062299
122.99685,918,50,-0.04712747,0.28895026,-0.34738666,387.96112,1.702589,0.71104974,-0.162536395,-0.1226440527,0.30025919,0.331961135,12172.95754,73,53.42170266,3859.240926,0.3025677547,-134.7725177,38.43971119,0.6405026442,310,6549.121662,0.0,325.6327554,1095.345382,207.9480293,136.3676873,461.6735307,1168.158946,0,1,13,44.048447,0.9872697617,0.1681494,31.37674604,31.412548,-0.03580202518554643
64.03385,883,50,0.010129732,0.3859169,-0.40514633,6.911801,2.1173685,0.6140831,0.02618063982,-0.1285596276,0.415276062,0.312106416,228.8475344,108,70.10539809,2120.140422,0.3820076652,-2.800290809,3.439711191,0.01036652923,23,2961.917376,0.0,272.17451,2024.115739,3931.969808,842.8731976,54.1175908,10792.80722,0,0,1,5.405346,0.9875717765,0.2254046,33.10968218,33.19233,-0.08264722673828118
152.82614,860,40,0.19529781,0.13886423,-0.31136653,48.710484,1.0424491,0.86113577,1.396338506,-0.06864005867,0.50666434,0.52821679,1841.633834,131,39.41265566,5778.012597,0.11174435,-15.16681438,-19.56028881,0.07948844705,1,0.0,583.2295278,141.943302,1321.628313,3118.565856,3311.985211,476.7661092,4748.522646,0,0,0,6.603023,0.9887518155,0.1584113,37.80775067,38.31437,-0.506618531660159
219.37239,905,10,-0.03165818,0.45261845,-0.4931112,2.785539,2.9967587,0.54738155,-0.06979032709,-0.1459250048,0.46145302,0.257861685,95.11794299,86,102.3304729,7490.920244,0.4669475264,-1.373580479,25.43971119,0.003542985458,60,4295.733174,141.0979797,580.8087648,3430.120488,2103.763279,630.8855267,359.2375884,2085.257915,0,0,3,30.434114,0.9889632437,0.1255128,34.14705125,34.21795,-0.07089766357422178
115.960335,920,50,0.03557146,0.32236654,-0.3952497,39.94038,1.0592663,0.67763346,0.1100035273,-0.112981795,0.43082116,0.35660246,1383.368136,71,36.68856549,4016.382231,0.3108994915,-15.78642321,40.43971119,0.06498544446,54,2300.828885,5.490152936,715.2451706,1903.586257,1979.720308,1402.474201,760.102712,6249.224868,0,1,2,8.711006,0.9880131173,0.1356344,34.63582811,34.668976,-0.0331477200781265
314.23666,890,40,0.16094746,0.2579103,-0.40933436,36.94811,1.3292618,0.7420897,0.6216340563,-0.08381814711,0.57028182,0.45151858,1425.024317,101,51.26731487,12119.56124,0.2164002923,-15.12413096,10.43971119,0.06003716795,1,1508.090824,158.7628712,233.2664169,2713.04145,4837.644146,3655.443336,294.2403134,5022.16892,0,0,1,2.4800556,0.9881134867,0.1678616,38.56826012,38.73952,-0.1712609066113302
134.25275,921,10,-0.081555836,0.36825398,-0.38864276,127.020874,0.6645287,0.63174602,-0.2208665049,-0.1278557912,0.307086924,0.275095092,4133.767307,70,21.62642193,4369.121479,0.3982872412,-49.36574305,41.43971119,0.2089892819,30,6561.151611,0.0,1260.779339,2655.510094,159.569309,660.3593446,105.0690046,348.9615745,1,7,2,34.96407,0.9892665844,0.1533287,32.54399987,32.42306,0.12093849915039101
225.72784,789,40,0.046011724,0.38652208,-0.43506145,1.5706415,1.3284172,0.61347792,0.1187331674,-0.1025158237,0.481073174,0.329744822,58.22551391,202,49.24597635,8367.994534,0.3687375327,-0.6833255684,-90.56028881,0.001533925863,10,2420.637049,5.416327087,1533.236214,543.3579287,3866.649206,2528.366103,436.512848,4182.985265,0,0,1,6.783839,0.9882181975,0.1853431,37.07116736,36.96433,0.10683859413085628
134.26567,904,10,0.01054384,0.6647993,-0.6048605,2.1668906,1.3285713,0.3352007,0.0158363639,-0.2334092066,0.61540434,0.17287227,64.53855851,87,39.57009947,3998.96183,0.6577897625,-1.310666532,24.43971119,0.002519934951,1,1117.30347,0.0,608.2759116,3577.105128,504.2074741,599.6471272,493.0078911,3448.707104,0,0,0,24.197756,0.9891917114,0.1133634,29.78394872,29.756908,0.02704030325195461
225.7333,880,40,-0.14045618,0.4984227,-0.46869364,10.199959,0.66436285,0.5015773,-0.2812370763,-0.1714829293,0.32823746,0.18056056,313.6963363,111,20.43225782,6942.352337,0.5684292485,-4.780655912,0.4397111913,0.01580411172,6,2229.368399,42.19733924,23.54346062,2662.82218,4178.434489,612.7304731,287.338791,7783.88782,0,0,1,8.743724,0.9888620705,0.1460019,30.7546664,31.092363,-0.3376969575439439
295.96054,892,40,0.092862345,0.14607775,-0.26030862,3.5628347,1.0592586,0.85392225,0.631382687,-0.0545317441,0.353170965,0.4733922975,136.5964202,99,40.61118322,11346.90596,0.1325126276,-0.927436584,12.43971119,0.004828388864,2,3369.803006,0.0,285.6028846,2758.265079,2670.07768,1627.844194,396.2582824,8325.158553,0,1,0,8.489562,0.9873335544,0.2118277,38.33925278,37.273956,1.0652964811718775
127.93449,867,40,0.2092946,0.25533596,-0.44494995,21.474619,3.0146232,0.74466404,0.8164855216,-0.07961828859,0.65424455,0.47697932,855.1400398,124,120.0452033,5094.474778,0.2018955224,-9.55513065,-12.56028881,0.03444886476,1,212.248136,358.7873382,979.1560122,5476.305468,2773.839976,4448.945525,861.469265,8279.96995,0,0,0,3.5092347,0.9878809515,0.1982,39.82096445,39.787716,0.033248538134763805
90.0,907,40,0.112249956,0.3509434,-0.46561137,29.63902,2.380222,0.6490566,0.3189432051,-0.1186727541,0.577861326,0.380653278,1071.096324,84,86.01657665,3252.424311,0.3115500188,-13.80026471,27.43971119,0.04795022448,38,1089.534323,132.2177664,154.1241793,3311.887804,2437.161496,1785.94377,374.5292667,2437.061452,0,0,1,4.1134067,0.9884912871,0.1899114,36.1380479,36.12728,0.01076671103515281
341.10672,913,50,-0.01380922,0.49358374,-0.46515197,44.417282,1.4701372,0.50641626,-0.02792089364,-0.1653026236,0.45134275,0.24630352,1388.659745,78,45.96229794,10664.34391,0.5003997465,-20.66078622,33.43971119,0.07238883686,1,1037.198722,0.0,459.7474807,0.0,3588.606229,1129.835795,1094.025151,9611.082138,0,0,0,4.9517927,0.9885975083,0.1502606,31.26395138,31.264091,-0.00014011169921701594
270.0,895,50,0.11854403,0.26822364,-0.42561653,2.9952886,3.3297722,0.73177636,0.4403180568,-0.1090339829,0.54416056,0.425160195,108.0544807,96,120.1209145,9740.199923,0.2364273288,-1.27484434,15.43971119,0.00388984554,1,1200.981591,67.95057174,231.9514098,5726.799264,4944.971828,2884.669581,1798.473925,15013.57928,0,0,1,4.233697,0.9879567921,0.1894486,36.07481453,36.039673,0.0351416784374976
45.749046,901,50,-0.021134594,0.2120412,-0.2517044,446.0965,1.3289216,0.7879588,-0.0992042572,-0.09568430891,0.230569806,0.383412103,13410.78377,90,39.95072866,1375.331489,0.2165226047,-112.2844519,21.43971119,0.7366403373,141,6984.464133,4.626422392,84.05708526,2109.914714,969.5005782,218.578554,192.0482715,883.1884178,0,0,12,52.385014,0.988197184,0.1630835,30.06251735,30.793613,-0.7310960838378904
217.57082,903,40,0.10706482,0.3679219,-0.4914842,7.570283,2.3390746,0.6320781,0.2902099875,-0.1150489853,0.59854902,0.36957146,281.2084864,88,86.88811605,8081.964832,0.328530408,-3.720674484,23.43971119,0.01145545202,1,1400.94572,152.5826365,751.7898348,6043.763361,2420.482625,1121.425468,1530.073522,6321.816275,0,0,0,5.5305333,0.9880162934,0.1304125,37.1463638,37.086117,0.06024700922851878
67.32327,772,20,0.09014423,0.37803397,-0.47276264,1.3460643,3.6038609,0.62196603,0.237826256,-0.1273256752,0.56290687,0.35605513,47.70095684,219,127.7112938,2385.758538,0.3439563889,-0.6363689121,-107.5602888,0.001162545579,1,419.5167022,0.0,932.9134641,0.0,4946.467325,1530.792132,949.1162971,5263.555393,0,0,0,3.9375215,0.9883964244,0.136525,35.4373538,35.285904,0.1514498693359343
325.6298,912,10,0.057234094,0.5951787,-0.59385383,3.4169009,1.6850291,0.4048213,0.0960015747,-0.2140322714,0.651087924,0.231027697,105.9907726,79,52.26886624,10100.89408,0.5611141863,-2.029139686,32.43971119,0.004587060109,1,800.2039527,0.0,795.5161982,3266.198835,600.4964349,675.6643331,484.8918741,2731.727084,0,0,0,17.020594,0.989180924,0.1165018,31.01956295,31.134264,-0.11470104230956935
237.01001,878,20,-0.024659697,0.59471905,-0.6333333,24.755838,3.402803,0.40528095,-0.04139484376,-0.192017895,0.608673603,0.1903106265,836.6234261,113,114.997711,8009.752148,0.6093846416,-15.67869657,-1.560288809,0.03987497233,1,0.0,57.25202988,416.0567012,4409.043473,6055.201166,2538.219207,862.3086742,7120.136359,0,0,0,1.8699226,0.9884158612,0.176095,33.79499519,33.81669,-0.021693347597654622
252.01675,882,40,0.19125128,0.119455524,-0.19220194,5.5427656,1.5017197,0.880544476,1.587733577,-0.05631563685,0.38345322,0.535897878,190.0553303,109,51.49231524,8641.376907,0.09660950213,-1.065330301,2.439711191,0.008102573866,10,747.3937311,0.0,306.5548016,2593.684708,3446.712762,1792.842287,739.837499,8160.719635,0,1,0,16.15238,0.9878228622,0.1794776,34.28889908,34.95293,-0.6640313704394529
314.25494,896,10,-0.050998725,0.3655439,-0.40591246,11.75893,1.3288268,0.6344561,-0.1391340164,-0.1411466265,0.354913735,0.2917286875,371.9914758,95,42.03717876,9941.394234,0.3841861728,-4.773096203,16.43971119,0.01838216102,260,5371.260445,25.9241231,55.81585372,3721.761839,251.8270212,317.9418112,66.09435337,1406.477166,2,0,8,69.70714,0.988730852,0.1448987,31.63480655,31.803068,-0.16826161101074177
134.2623,831,50,0.11273391,0.09397861,-0.15234144,19.789179,2.655876,0.90602139,1.186939986,-0.03795839781,0.26507535,0.50937765,720.6211232,160,96.71347892,4889.149238,0.08338403384,-3.014712025,-48.56028881,0.03166167539,258,7681.811337,172.7783553,327.4509798,4152.210395,577.2077866,405.4914109,152.3013023,380.5800988,0,0,0,71.950096,0.9872867307,0.2076811,36.41490752,35.660606,0.7543011357226561
105.56102,813,50,0.067751974,0.26469633,-0.3253914,12.266231,3.453188,0.73530367,0.2549977789,-0.09593670951,0.393143374,0.401527822,419.5054751,178,118.0991351,3610.19011,0.2467626311,-3.991326078,-66.56028881,0.01922107784,215,7124.781582,49.42316814,432.0701992,1974.098263,390.4071604,312.0383025,37.86939489,912.4050656,0,0,1,69.39663,0.987704388,0.1453654,34.20003056,34.339382,-0.13935161163085752
59.693584,856,40,0.10392365,0.28974816,-0.42897406,68.012985,2.7548497,0.71025184,0.3574352801,-0.1035755778,0.53289771,0.407087745,2502.141996,135,101.3486634,2196.078049,0.2596364736,-29.17580631,-23.56028881,0.1114087324,54,3269.315249,492.9390669,1034.011755,1660.949873,1371.315943,1099.426794,827.5041402,974.1093997,0,0,0,15.620913,0.9877563521,0.2084853,36.78918071,36.721584,0.06759638993163719
64.04094,881,40,0.118588425,0.17035961,-0.2942358,3.8067832,2.117906,0.82964039,0.6920442046,-0.07542885055,0.412824225,0.4741144075,137.2964687,110,76.38496853,2309.7178,0.1501569322,-1.1200919,1.439711191,0.005231803206,1,1941.09094,15.51570807,288.2991384,3251.072558,4139.323751,1158.983128,285.5903341,10774.38537,0,0,1,4.641375,0.987544842,0.2528246,36.06626948,35.957375,0.1088949072460963
123.01386,811,40,0.13516654,0.35292336,-0.47392738,1.170218,3.4006255,0.64707664,0.3819090664,-0.09878147982,0.60909392,0.39112159,44.92528114,180,130.5517917,4722.566431,0.3052199305,-0.5545983508,-68.56028881,0.0008717509263,1,1370.989548,67.71336912,250.6175319,1491.214548,3036.533356,2070.260322,276.7163434,6223.555171,0,0,0,6.2739153,0.9876144604,0.2140314,38.39052308,38.351295,0.039227608808594994
37.579796,889,20,-0.07978723,0.6360818,-0.6345618,80.23484,2.3393562,0.3639182,-0.1252385957,-0.2273622934,0.55477457,0.142065485,2497.076999,102,72.8056859,1169.562302,0.6868330049,-50.91396449,9.439711191,0.131619849,1,599.7262184,0.0,305.58343,5801.087158,1716.875046,515.5832029,434.8934393,4299.000831,0,2,1,12.693853,0.9878894964,0.1774888,31.12210355,30.818823,0.30328068928222507
180.0,878,40,0.03218884,0.3901875,-0.4528859,6.735456,0.92740995,0.6098125,0.08228494009,-0.1258184685,0.48507474,0.32100067,235.9125955,113,32.48298087,6304.58683,0.377627817,-3.050393052,-1.560288809,0.01007490988,1,1363.304489,1.634776414,608.9134693,7349.045865,4419.620581,772.4859887,1981.195339,4412.166992,0,0,2,5.478115,0.9880967455,0.1524874,35.02548239,35.142075,-0.11659219496093698
157.69444,875,20,0.02063158,0.55585283,-0.5839292,5.7152147,2.504667,0.44414717,0.037050328,-0.1811751096,0.60456078,0.232389375,191.1824141,116,83.78482853,5275.113065,0.5443847079,-3.337280748,-4.560288809,0.008387750615,1,294.894428,416.4864988,470.8832363,7861.022181,4703.288262,965.4616161,1968.740109,3888.305931,0,0,0,5.5498443,0.9894022081,0.1337623,33.45148418,33.404583,0.04690120270507947
290.08533,744,20,0.05135184,0.41106611,-0.48818675,0.84481233,4.0443997,0.58893389,0.1246203916,-0.1419045337,0.53953859,0.320142865,29.06297504,247,139.1341998,9979.426681,0.3899571089,-0.4124261857,-135.5602888,0.0003336319626,1,292.0636934,522.8933193,1087.60306,4737.476441,5741.105679,3808.822639,419.5707422,5358.908366,0,0,0,3.6208801,0.9881444232,0.184799,34.40169374,34.40119,0.0005020285742176611
45.741474,867,50,0.070483625,0.21107657,-0.30075872,68.3464,4.64125,0.78892343,0.3323498914,-0.07547952813,0.371242345,0.4297035275,2482.870797,124,168.6061605,1661.684741,0.1961991282,-20.55577578,-12.56028881,0.1119600963,1,4809.753448,0.0,435.7647249,1504.536293,3573.392009,1386.806871,482.2333536,8045.2409,0,2,0,16.158308,0.9871990529,0.1661138,36.32774801,36.122345,0.20540303929687553
240.38261,825,50,-0.008244423,0.25165564,-0.28970224,196.97452,6.540004,0.74834436,-0.03263106654,-0.1052187428,0.281457817,0.3700499685,6083.46964,166,201.9850881,7424.109017,0.2537303955,-57.06395967,-54.56028881,0.3246706819,332,5825.933302,30.87593357,51.21782272,4934.593184,169.4002814,522.7601216,380.5333168,1962.480699,0,0,1,34.942543,0.9875526594,0.1698803,30.88455116,31.1675,-0.28294838223632723
180.0,878,20,0.012695492,0.25432444,-0.34553662,1.7702528,0.46373534,0.74567556,0.04972297991,-0.1113978189,0.358232112,0.379185526,58.1768529,113,15.24000564,5915.445253,0.2510956661,-0.6116871691,-1.560288809,0.001864020375,1,1923.686635,191.3704575,26.3995395,1839.774781,3407.750749,756.5142474,460.1587361,6931.918593,0,0,1,13.45279,0.9885057148,0.1807667,32.86358474,33.022224,-0.15863968626953096
283.68494,918,10,0.014228546,0.59210056,-0.590958,65.40328,1.9594189,0.40789944,0.02399010718,-0.1859381127,0.605186546,0.211063993,2173.976704,73,65.13023569,9429.564553,0.5836758299,-38.65059154,38.43971119,0.1070930985,42,4041.235064,0.0,962.6467079,2857.216508,923.9280543,192.4580889,140.1186276,3061.006927,0,0,4,37.79476,0.9886322655,0.1319066,33.23956694,33.154034,0.08553327911133124
103.69324,818,20,0.17718795,0.07834534,-0.28924692,1.267913,1.9582547,0.92165466,2.233123584,-0.0613686189,0.46643487,0.549421305,48.44615443,173,74.82367451,3962.053168,0.06446348981,-0.3667399301,-61.56028881,0.001033307829,1,3401.922634,0.0,398.9845923,729.4608859,1882.182239,1557.355781,695.3453725,5942.174082,0,0,1,5.286579,0.987612774,0.2251885,38.20936802,38.23853,-0.029161185322266192
240.88905,917,10,-0.063754424,0.359487,-0.4078125,414.93,3.8072815,0.640513,-0.1768563748,-0.1505301673,0.344058076,0.288379288,12695.79473,74,116.4930577,7370.587647,0.3824058866,-169.2136406,37.43971119,0.685100717,78,10336.84648,0.0,776.8655876,1198.660202,461.5894133,115.0480477,88.68902325,562.388892,18,0,9,60.170185,0.9879393886,0.1218762,30.59743748,30.830015,-0.23257770249511722
338.96127,753,10,-0.065866016,0.6401964,-0.60769886,1.8172195,3.9685822,0.3598036,-0.102723621,-0.1959807486,0.541832844,0.146968792,59.71103009,238,130.4014904,11137.74456,0.6823635863,-1.104322219,-126.5602888,0.001941688573,1,644.2055766,694.3302442,829.4295092,3067.368955,1540.920458,1121.678328,895.1096427,2867.755166,0,0,0,6.4197397,0.9890353208,0.1376453,32.85845771,32.736816,0.12164130375000326
244.03941,925,20,0.15269068,0.24651362,-0.3979788,38.329754,4.229809,0.75348638,0.6168980923,-0.116945332,0.55066948,0.45308853,1312.712924,66,144.8620031,8357.833122,0.2088732877,-15.2544295,45.43971119,0.06232197398,1,1967.396011,0.0,277.4169815,240.1286751,2306.380562,619.4618893,466.3343543,2756.824332,0,0,0,10.695199,0.9878688407,0.1880986,34.24788284,34.22959,0.018291470371096352
180.0,906,30,0.024415055,0.29594594,-0.3622159,1.2090778,2.3174627,0.70405406,0.08222053819,-0.1045219156,0.386630955,0.3642345575,41.71830375,85,79.96227608,6210.762181,0.2887204036,-0.4379472035,26.43971119,0.000936012853,1,2543.532056,0.0,1559.223762,2276.798748,1869.822598,1017.066171,1475.079271,8217.170736,0,0,2,17.081446,0.9879792792,0.2138191,34.50423434,34.546005,-0.04177090902344105
90.0,871,40,0.07754688,0.3534953,-0.4478918,4.0358334,0.47628477,0.6465047,0.2187529144,-0.1314701299,0.52543868,0.36202579,138.280825,120,16.31907078,3083.693754,0.3260828424,-1.807616686,-8.560288809,0.00561058043,1,0.0,0.0,41.02900498,3221.345515,3595.544078,1640.535311,833.8878781,10496.09572,0,0,0,5.3355837,0.9877323524,0.2025653,34.26326393,34.469597,-0.20633293279296794
270.0,879,40,0.045579817,0.48777264,-0.5779881,2.1856632,1.903232,0.51222736,0.09325361788,-0.1715515621,0.623567917,0.2789035885,74.5405703,112,64.90844458,9208.16802,0.4655400523,-1.26328732,-0.5602888087,0.002550978946,4,2386.468001,21.49204584,114.9625983,756.3340621,1144.441637,810.8350651,405.4077822,2699.83179,0,0,2,21.589172,0.9880606154,0.1784502,34.104326,34.07099,0.03333448388671911
230.13058,892,50,0.07017143,0.20070839,-0.254781,165.07187,4.3322845,0.79929161,0.3478855292,-0.07535173217,0.32495243,0.43473152,5638.128152,99,147.9717604,7860.247187,0.1866243953,-42.05717611,12.43971119,0.2719137003,2,6838.819398,214.2883878,290.6107624,4606.151746,590.7063174,778.0737036,232.8479218,4021.48797,0,1,0,72.20944,0.9874542742,0.1841379,34.1555963,34.496506,-0.34090943730468837
220.53514,906,10,-0.1270243,0.7303807,-0.6750658,253.90334,3.6561418,0.2696193,-0.1736774022,-0.257907807,0.5480415,0.0712975,7609.541703,85,109.5754136,6609.489048,0.8231567972,-171.4014613,26.43971119,0.4188131031,12,2653.162157,0.0,423.0131375,1505.901768,451.8851805,270.9279297,230.6267336,599.9553751,0,0,0,48.56445,0.9891194972,0.1100212,29.97023081,30.17543,-0.20519948785156217
90.0,889,50,0.037993092,0.19728507,-0.27733526,3.4992232,1.9031254,0.80271493,0.1916084353,-0.09258645338,0.315328352,0.420354011,113.0534507,102,61.48647324,2907.734084,0.1897896002,-0.970457976,9.439711191,0.004723195386,304,5706.198044,16.61573189,409.4099655,2049.956266,443.021816,324.335914,641.1590909,1912.560348,0,0,6,51.85544,0.9881424818,0.196103,32.30815649,32.362247,-0.054090977041013844
180.0,869,40,-0.045963693,0.45669714,-0.5036091,3.9305727,0.46373534,0.54330286,-0.1004238152,-0.1372304724,0.457645407,0.2486695835,138.6845305,122,16.36222576,6351.037722,0.4776886271,-1.97947218,-10.56028881,0.005436512231,1,0.0,0.0,233.9492067,4910.190072,3698.917236,859.839885,1200.681787,12475.61198,0,0,0,2.4444256,0.9875953225,0.1845695,35.2835429,35.17189,0.11165264121093799
165.6049,902,40,0.14334297,0.3601512,-0.47872028,1.4877607,3.824525,0.6398488,0.3969057004,-0.1068148688,0.62206325,0.391595885,56.05564816,89,144.0999401,6239.639216,0.3085260573,-0.7122212189,22.43971119,0.001396867003,1,3671.585018,117.4890832,479.80671,1158.209853,4292.143708,280.4600838,268.157608,8723.762812,0,0,1,11.538153,0.9879999996,0.196677,37.67786591,37.700325,-0.022459102207029957
152.842,875,40,-0.014344262,0.4891697,-0.5502662,3.4182754,1.0423012,0.5108303,-0.02926386923,-0.1951039803,0.535921938,0.248243019,107.0031588,116,32.62742401,4784.452652,0.4961864783,-1.880961415,-4.560288809,0.004589333102,1,2320.698422,115.5617226,78.0303148,5633.169634,745.437271,603.3469023,641.6124739,2620.118182,0,0,1,22.985327,0.9879566871,0.1555045,31.30325861,31.518967,-0.21570806480468718
90.0,898,30,0.15935957,0.39786017,-0.49893278,3.8868208,0.47566786,0.60213983,0.3995374369,-0.1236317109,0.65829235,0.3807497,141.797282,93,17.35310506,3283.340302,0.3344573444,-1.939262307,18.43971119,0.005364160304,1,354.7055145,275.9727288,138.1963797,3714.551741,1960.254147,577.4529061,1509.427455,2751.433821,0,0,0,17.867693,0.9883737767,0.1484216,36.48155891,36.593113,-0.11155403555664378
161.1269,910,40,0.1024735,0.24426632,-0.35631067,13.354888,2.9379876,0.75573368,0.4178050211,-0.1033577791,0.45878417,0.42910359,459.8187687,81,101.1571075,5547.719514,0.2192354953,-4.758489091,30.43971119,0.02102137522,1,2669.12452,0.0,53.25377193,313.6509725,3147.879728,890.5042999,2141.32093,5477.622377,0,0,1,9.581347,0.9879266837,0.2121247,34.43074691,34.519974,-0.08922684488280908
108.00489,893,50,0.09160584,0.165535,-0.23707753,11.8994,1.4999747,0.834465,0.550069595,-0.06585532535,0.32868337,0.46303542,416.8025613,98,52.53990091,3783.107954,0.1503710273,-2.82108036,13.43971119,0.01861445436,3,1830.057305,32.44299525,342.0736429,5504.97331,3690.814017,486.1398696,1009.247743,7384.158939,0,0,4,15.460309,0.9879769965,0.1452538,35.0271914,35.099976,-0.07278418593750047
287.9815,873,40,-0.014836796,0.3738388,-0.43171114,4.451987,1.5018613,0.6261612,-0.03958180423,-0.138084385,0.416874344,0.305662202,146.8560633,118,49.54134821,9499.540184,0.37938537,-1.921972383,-6.560288809,0.00629876802,1,1078.260915,123.1827424,123.1827424,5792.006978,1897.122973,1187.962616,469.3111934,13151.89056,0,0,0,7.1426215,0.9885344658,0.1910483,32.98663346,33.153812,-0.16717894844726544
52.053917,815,40,0.1141768,0.2872593,-0.42815334,1.4362682,3.013842,0.7127407,0.3960906031,-0.1174688494,0.54233014,0.41345875,50.54653702,176,106.0660371,1831.931698,0.2544609524,-0.614943027,-64.56028881,0.001311714551,1,2452.606476,631.6694142,308.35062,2885.079625,1700.447162,2609.614234,512.5559481,6448.55863,0,0,0,6.2693367,0.9890784112,0.1886156,35.19296537,35.23704,-0.04407610338866874
45.76399,904,40,0.072146915,0.298124,-0.36638764,49.357464,2.657125,0.701876,0.2411940032,-0.1113289671,0.438534555,0.3870114575,1666.432563,87,89.71124658,1545.107811,0.2766152731,-18.08396475,24.43971119,0.08055834914,1,2687.028098,14.2384394,334.0671067,1477.851827,1025.713374,454.4814848,474.1363756,1181.95868,0,0,2,6.220464,0.9873721932,0.2459826,33.762524,33.73917,0.023353925537108466
314.24146,886,40,0.14778085,0.29977685,-0.4302865,2.7594573,1.9932743,0.70022315,0.4913305329,-0.1062881181,0.57806735,0.424002,100.7730547,105,72.79269736,11475.83325,0.2554755723,-1.187357224,6.439711191,0.003499854503,1,155.8717866,0.0,221.8796464,4782.523141,3718.3131,4196.933568,606.0274212,14336.00469,0,0,0,4.821599,0.9882448085,0.153854,36.51915713,36.591278,-0.07212094617187148
34.39264,884,20,0.0036142287,0.44856194,-0.53742296,2.978835,1.6854805,0.55143806,0.008039445466,-0.145194665,0.5410371887,0.2775261444,105.4398492,107,59.65983673,1217.373495,0.4469407346,-1.600894323,4.439711191,0.003862636444,1,613.1785562,0.0,59.61107042,5723.54195,4665.561181,3935.092073,1414.386337,13598.61138,0,0,0,5.3739333,0.9878601576,0.1945218,35.39633756,35.431797,-0.035459467587891425
198.87624,908,60,0.047541782,0.10712939,-0.16422054,4.1642327,1.4699876,0.89287061,0.4396749302,-0.05285059886,0.211762322,0.470206196,136.9654817,83,48.34925764,6541.22427,0.1020362679,-0.6838525427,28.43971119,0.005822912619,12,2892.682418,152.7024076,143.4650197,558.7082102,0.0,615.9707239,611.6855096,722.7620626,0,0,0,31.373741,0.9872753108,0.138539,32.8909289,32.818977,0.07195154404296744
90.0,917,50,0.091813475,0.07296768,-0.14622025,24.644075,0.47569317,0.92703232,1.241264766,-0.04709883992,0.238033725,0.5094228975,810.2295829,74,15.63948652,2958.953114,0.06626826374,-3.603462808,37.43971119,0.03969015137,40,6981.60398,107.5753824,482.3926019,987.242482,1318.835647,269.4276121,175.7740252,1870.44184,0,0,1,54.852734,0.9874681195,0.1643614,32.87725682,33.28548,-0.40822367926757863
104.89156,732,30,0.15378928,0.3649374,-0.458891,1.2206583,5.3975463,0.6350626,0.4202611704,-0.07931540226,0.61268028,0.39442594,48.96868905,259,216.531331,4207.895187,0.30881394,-0.5601491079,-147.5602888,0.0009551633695,1,3860.196331,1364.198111,1808.957826,2135.882056,4030.834198,4187.586379,544.0064088,2788.721492,0,0,0,3.911751,0.9879928375,0.1797938,40.11662318,40.26804,-0.1514165233691429
22.313763,914,10,-0.09479228,0.36719036,-0.34362656,14.443949,2.5048141,0.63280964,-0.2574545406,-0.1404240068,0.24883428,0.26900868,414.2514211,77,71.83788869,639.9571221,0.4019971714,-4.963324508,34.43971119,0.02282234069,211,6461.034036,0.0,8.858404101,3943.324399,165.4796018,192.521879,187.2153232,542.7305825,0,0,2,62.493767,0.989213005,0.1138973,28.67992826,30.752922,-2.0729937981054682
11.594131,877,50,-0.043579895,0.4948577,-0.53036237,7.356799,2.3656793,0.5051423,-0.08788790615,-0.1476229214,0.486782475,0.2307812025,257.4868412,114,82.79841412,405.7928139,0.5164235466,-3.901769353,-2.560288809,0.01110241641,15,2415.746622,0.0,175.20481,759.0039085,2397.070442,1374.589005,1437.24097,9559.958976,0,0,2,13.956393,0.988878079,0.1935156,34.99984724,34.96025,0.039596385507813636
0.0,880,40,0.09785294,0.41773665,-0.49496222,0.7578352,0.0,0.58226335,0.2336861127,-0.1574259633,0.59281516,0.340058145,25.06448451,111,0.0,0.0,0.3768598907,-0.375099793,0.4397111913,0.0001897990569,1,1219.124066,0.0,712.5311991,704.2738955,4119.272871,647.491782,253.2886464,11733.6964,0,0,0,4.192398,0.9874267571,0.2974119,33.07379297,32.92982,0.14397195559570264
64.020294,827,50,0.041523192,0.24101757,-0.2939568,5.1887474,4.2269235,0.75898243,0.1715709814,-0.08977621405,0.335479992,0.400252811,174.7950333,164,142.3937565,2156.672614,0.2310097512,-1.525267582,-52.56028881,0.007517138748,118,6326.930729,182.9938799,534.181582,3316.321615,473.6072553,324.244776,239.0106396,2969.85421,0,0,0,73.61351,0.9878390566,0.1604207,33.68732756,33.939816,-0.2524879612402344
27.16768,912,50,-0.03406923,0.44533333,-0.45754898,511.87933,2.0840933,0.55466667,-0.07633135979,-0.1392545808,0.42347975,0.26029872,17270.09087,79,70.31438575,916.5994303,0.4605054936,-234.2098653,32.43971119,0.8454245152,41,4780.197129,0.0,1089.696749,3342.929473,684.9307912,1014.862764,364.2515995,908.2798228,0,1,0,49.58326,0.9876951781,0.1424793,33.73859786,33.782314,-0.04371644053711066
90.0,860,20,0.08617818,0.4891452,-0.49931693,5.9172854,0.47581896,0.5108548,0.1758217361,-0.1451046284,0.58549511,0.29851649,203.5848655,131,16.3706045,3096.460058,0.4469915569,-2.95460078,-19.56028881,0.008721912204,1,1814.318056,178.6390598,1017.525049,462.6143183,3169.754697,336.7681408,1423.126545,5727.632591,0,0,0,10.6925535,0.987924246,0.1624226,34.40511176,34.386364,0.01874777684570006
288.00516,730,40,0.16232745,0.35042253,-0.4183432,1.0392469,2.9978545,0.64957747,0.4619153189,-0.09972625131,0.58067065,0.40595246,38.38756126,261,110.7343436,10638.2956,0.2935393343,-0.4347618737,-149.5602888,0.0006551657863,1,1043.635298,946.0690998,1342.479952,1877.338317,4359.85346,3934.390918,762.2957089,2879.990854,0,0,0,4.528575,0.988853099,0.1395379,36.93786458,37.01343,-0.07556696907226268
27.162,913,10,-0.14838709,0.7874477,-0.69860834,175.03064,2.0839872,0.2125523,-0.1882015637,-0.2492022631,0.55022125,0.032082605,5460.782513,78,65.01833541,847.4274825,0.9042947727,-122.2778649,33.43971119,0.2883823838,13,8696.360363,0.0,0.0,2958.502184,393.5193699,202.2047158,232.9674617,836.6828596,2,1,0,51.491123,0.9894071164,0.1267618,31.199009,30.329956,0.8690529453125002
314.27676,948,30,0.109164186,0.2418173,-0.36154258,13.299907,1.3283073,0.7581827,0.4495733459,-0.09278520723,0.470706766,0.433673443,479.4961925,43,47.88892831,11330.4935,0.2154195113,-4.808482691,68.43971119,0.02093045388,1,3130.99665,0.0,499.8816252,1173.422041,1076.677186,307.5560444,410.451508,7732.197047,0,0,1,9.131451,0.988099383,0.1738316,36.0525974,36.06878,-0.016181591699215403
265.35764,875,50,0.09756663,0.09106192,-0.15651916,487.9998,5.710802,0.90893808,1.059793561,-0.03880630731,0.25408579,0.503252355,17799.65747,116,208.2999203,9678.84638,0.08217731534,-76.38131878,-4.560288809,0.8059352588,184,6766.632119,30.5423503,341.5663036,5879.092638,655.9608769,756.3735063,305.152847,2232.303187,0,2,0,72.04842,0.9875422887,0.2041591,36.47472287,35.60474,0.8699827271777352
214.36717,885,40,0.07768361,0.3020937,-0.36077103,10.637552,1.6849685,0.6979063,0.256302292,-0.09647731056,0.43845464,0.387794955,377.9483967,106,59.86632479,7616.388451,0.2786259708,-3.837720592,5.439711191,0.01652775336,24,2263.592064,0.0,464.2596922,2149.726921,1762.388088,1844.690853,1461.457434,8367.565157,0,0,6,53.10522,0.9879390901,0.1708194,35.52964034,35.34731,0.18233122745117214
168.40771,937,50,-0.011185682,0.19104084,-0.246209,3.8895984,2.3656635,0.80895916,-0.05824637093,-0.07888966186,0.235023318,0.398886739,128.1983989,54,77.97058768,5550.598434,0.1931777621,-0.9576541325,57.43971119,0.005368753584,129,5842.694791,0.0,603.6793131,2844.032806,455.4834893,1085.904591,36.50075008,2145.153529,2,0,4,37.814205,0.9873658114,0.2252231,32.9592893,32.76366,0.19562886909179866
244.02827,869,40,0.058323678,0.2451481,-0.33078602,121.01406,2.1169453,0.7548519,0.2369454731,-0.067908886,0.389109698,0.406587789,4664.199531,122,81.59262878,9405.490093,0.2308501612,-40.02975927,-10.56028881,0.1990558946,1,3695.923568,220.9122729,817.3201522,934.1770571,714.7284569,545.4113539,735.7727064,2493.354311,0,1,0,28.510311,0.9876219681,0.1750979,38.54262497,37.798866,0.7437586980273423
256.31918,883,40,0.014089468,0.53706753,-0.5764573,20.316086,1.9599962,0.46293247,0.02618531544,-0.1341476865,0.590546768,0.238510969,756.0228169,108,72.93736836,9538.409539,0.5295005342,-11.71135608,3.439711191,0.03253301438,1,70.90943597,214.9875108,214.9875108,3492.499132,5407.280715,4563.119984,636.3265649,5566.12114,0,0,0,1.9309127,0.9885740139,0.1844938,37.21301519,37.110085,0.10293065630859388
90.0,905,10,-0.47722772,-0.058080807,0.3261066,140.47052,0.9520453,1.058080807,8.360563648,0.1569939255,-0.80333432,0.2904265435,3532.94913,86,23.94472246,2263.574035,-0.0857985781,45.80836368,25.43971119,0.2312307799,5,1404.492271,0.0,0.0,2015.111453,732.5891216,620.7898186,355.2649203,2245.07531,0,0,0,46.406643,0.9875813024,0.0295702,25.15082261,28.157784,-3.0069608983007825
219.39801,881,40,0.0022503028,0.40004858,-0.4741688,6.0638237,2.997857,0.59995142,0.005611047918,-0.1485066835,0.4764191028,0.3011008614,201.9837623,110,99.8575265,7308.067929,0.3991483496,-2.875276007,1.439711191,0.008964240612,1,1404.816725,11.5304429,269.1466634,4348.539751,1986.812788,1861.436427,539.2469521,10911.97958,0,0,1,9.777912,0.9875614013,0.1698752,33.30963635,33.4824,-0.17276263681640813
123.01386,917,50,-0.06373836,0.41505238,-0.43556702,17.897408,1.7018114,0.58494762,-0.1531979219,-0.1556637807,0.37182866,0.26060463,557.8002431,74,53.03956934,3833.916119,0.441507138,-7.795520668,37.43971119,0.02853327922,228,5633.476107,199.1151655,425.8721854,3619.952518,61.89519709,230.3559498,440.5701032,1503.427394,1,0,1,53.655983,0.9891058483,0.1340312,31.16653781,31.3929,-0.22636265691894408
287.9942,917,10,-0.021214338,0.48247787,-0.4751673,13.321507,1.5008367,0.51752213,-0.04387861227,-0.1251101049,0.453952962,0.248153896,475.9720434,74,53.62428672,10289.91599,0.4927133186,-6.329944513,37.43971119,0.02096617351,179,5070.873357,0.0,937.5857404,2924.095638,462.2130528,119.6554882,170.0435444,452.5343143,1,2,2,53.443417,0.9879617669,0.1540737,35.72959451,35.558903,0.17069176952148268
207.16893,870,10,0.009962049,0.51892287,-0.56037384,1.6517833,1.0424031,0.48107713,0.01916062858,-0.1806396105,0.570335889,0.2455195895,54.28634337,121,34.25888409,6808.66774,0.5137533349,-0.9256161507,-9.560288809,0.001668108962,1,1729.120245,28.11012657,1099.351082,2729.671356,762.532613,1261.825715,736.8305765,5836.947373,0,0,1,9.102024,0.9885556879,0.1582252,32.86529375,32.909966,-0.044671765136719443
64.0199,837,50,0.047883414,0.27588344,-0.2910916,12.48059,4.226863,0.72411656,0.1729370814,-0.08831649072,0.338975014,0.385999987,421.6535023,154,142.8034722,2162.895749,0.262673199,-3.632994912,-42.56028881,0.01957556042,205,5943.44264,104.7176893,875.0155951,3082.235188,433.4030343,427.7188505,224.5471762,1824.681405,0,0,0,78.78089,0.9884179897,0.1554927,33.78474113,34.13419,-0.34944847571289017
45.72683,931,50,0.10217881,0.09960893,-0.19112884,2.9307344,2.6553595,0.90039107,1.015603784,-0.05656695281,0.29330765,0.50128494,100.0709291,60,90.6681589,1561.35826,0.08943100807,-0.5601478662,51.43971119,0.003783093131,10,4082.371547,60.98394914,572.7316621,1339.87415,864.0200687,398.2350177,490.1299075,4610.646758,0,0,0,48.61355,0.9873336108,0.1808522,34.14534224,33.954887,0.1904548498632792
34.396564,921,50,0.02905028,0.29315478,-0.36599424,61.105553,1.6855595,0.70684522,0.09875848354,-0.1128731223,0.39504452,0.36794775,2049.60623,70,56.53714076,1153.731672,0.2846385516,-22.36428043,41.43971119,0.09998600533,4,3304.43005,97.11170436,476.9629566,1346.341627,2000.265464,95.44163437,636.5951361,2430.914691,0,1,0,18.570488,0.9882027658,0.1984155,33.54206171,33.751587,-0.2095252040625013
207.15181,902,40,0.074290484,0.36576355,-0.48162994,9.390166,1.0422432,0.63423645,0.2025568899,-0.1382166049,0.555920424,0.354263467,324.7226431,89,36.04195779,7163.545699,0.3385907988,-4.522585087,22.43971119,0.01446496797,11,2379.737873,0.0,406.2878699,5397.566233,3360.00459,105.7606349,446.6673843,5611.577038,0,0,2,9.966773,0.9885096477,0.1276554,34.58113979,34.65069,-0.06954838138671704
306.1468,855,40,0.06398731,0.18579723,-0.27033493,69.0759,2.3572724,0.81420277,0.3425495656,-0.0848481927,0.33432224,0.43909504,2298.650133,136,78.44334298,10187.69763,0.173908565,-18.67362859,-24.56028881,0.1131664606,46,3528.364091,398.8753692,1452.821459,398.8753692,2559.260642,948.7591097,52.26749743,4494.141999,0,0,0,7.3924055,0.9887576717,0.1837773,33.27716516,33.635876,-0.3587105419042942
270.0,884,30,0.12266532,0.21879382,-0.36313725,91.201324,1.9038223,0.78120618,0.5580926707,-0.08083336466,0.48580257,0.45193575,3438.609216,107,71.78076611,10179.94529,0.1919554061,-33.11859799,4.439711191,0.1497549756,1,4585.147032,1323.36053,527.8798168,4821.228188,1254.14524,1288.691257,398.4075563,2691.549771,0,0,0,36.050777,0.9875975424,0.218476,37.70350106,37.723354,-0.019853279599608697
270.0,896,20,0.062749214,0.45947713,-0.5268376,2.2798383,6.1595745,0.54052287,0.1362699902,-0.1352060272,0.589586814,0.301636042,82.19409237,95,222.0686596,9734.201298,0.4306453012,-1.201104538,16.43971119,0.002706715037,1,463.6347159,0.0,545.1969388,2538.658959,1990.635802,1077.638635,826.8370355,4181.621741,0,0,0,8.885244,0.9890511319,0.1235039,36.0525974,35.98846,0.06413685922851897
290.0735,848,20,0.073179394,0.43509352,-0.47986388,1.9393617,4.0466814,0.56490648,0.167806653,-0.1184500314,0.553043274,0.319042937,70.8404266,143,147.815973,10595.71842,0.4032536399,-0.9306296301,-31.56028881,0.00214367348,1,2878.325665,208.9001485,739.6688649,5062.681307,5832.46142,2243.993155,729.4590444,10322.99309,0,0,1,4.4083757,0.9879792183,0.1978792,36.52770218,36.450035,0.07766708478515483
152.8176,888,40,0.10319203,0.37778932,-0.4758199,3.0731928,1.0425289,0.62221068,0.2724259227,-0.1207884157,0.57901193,0.362701355,111.2115,103,37.7266284,5530.103586,0.3388044732,-1.462286291,8.439711191,0.004018674664,1,68.27939854,564.0782961,564.0782961,4000.167539,10384.79022,4097.703268,524.7618261,4705.149312,0,0,0,1.4714601,0.9880278691,0.159352,36.18760919,36.27359,-0.08598089789062158
299.11533,877,50,-0.06291834,0.33355728,-0.33670035,7.059668,3.8067582,0.66644272,-0.1880644773,-0.1085016286,0.27378201,0.30176219,232.0542577,114,125.1297438,9832.046759,0.3545441504,-2.376992686,-2.560288809,0.01061105489,14,9081.226842,0.0,189.1670087,2696.707434,448.631837,821.6737255,219.2072646,3365.243596,7,0,2,76.20328,0.9885485108,0.1283937,32.87042078,32.676857,0.1935637853710972
37.58041,902,50,0.0065934067,0.15996578,-0.2064057,512.99884,2.3393757,0.84003422,0.04096154288,-0.06399037029,0.2129991067,0.4233138133,17166.70962,89,78.28357533,1257.570068,0.1589110606,-105.8858847,22.43971119,0.8472758338,183,7032.346628,135.2790912,581.9267049,5880.745936,484.9383677,536.6464035,220.0308246,1865.468842,0,0,0,61.919857,0.9873178963,0.1872283,33.46344725,33.10097,0.3624760280761734
219.4057,879,20,0.053045187,0.4610488,-0.5253165,22.406757,2.9981868,0.5389512,0.1148042956,-0.1490506202,0.578361687,0.2959981935,778.3741863,112,104.1521185,7621.796104,0.4365923802,-11.77063916,-0.5602888087,0.03599032879,1,0.0,0.0,444.6501219,3400.897247,8173.082103,1247.943338,1106.596295,6040.009649,0,0,0,2.1564891,0.9880298823,0.1352966,34.73836871,34.754463,-0.016094485800778102
328.36078,896,40,0.16211878,0.27559054,-0.47272727,38.29646,2.7214828,0.72440946,0.5861327723,-0.08971932227,0.63484605,0.44326412,1504.84367,95,106.9395491,12902.80202,0.2309121379,-18.10378099,16.43971119,0.06226691614,1,1160.606714,28.79622307,130.8012888,2354.50252,3374.826719,1854.744129,713.5856798,5635.311581,0,0,0,4.3366556,0.9878069141,0.1925635,39.29458937,39.070007,0.22458204578124707
201.03761,822,10,0.06789289,0.59758925,-0.5909511,2.0453074,3.9685528,0.40241075,0.113421499,-0.1857901749,0.65884399,0.23515182,68.00960039,169,131.9604525,6684.808122,0.5570171888,-1.208676658,-57.56028881,0.002318874454,1,0.0,516.1558681,197.899695,1812.528079,1936.011444,906.2236821,481.7264325,2568.712097,0,0,0,8.312572,0.9888227315,0.1116362,33.25153001,33.320362,-0.06883208106444982
90.0,887,40,0.070082895,0.38527167,-0.49539506,23.70167,0.476179,0.61472833,0.1814342092,-0.1159644582,0.565477955,0.3424056125,880.4308565,104,17.68831837,3343.172742,0.358270716,-11.74169023,7.439711191,0.03813170894,1,47.29481788,432.4870011,432.4870011,3539.604683,4039.315448,4381.210628,907.1063865,3088.95626,0,0,0,3.434975,0.9880561565,0.2128142,37.1463638,37.00803,0.13833386225586253
134.27728,752,50,0.1680783,0.22166944,-0.24296963,6.849142,0.6642369,0.77833056,0.7548332632,-0.05840804724,0.41104793,0.47320443,252.3254803,239,24.47078697,4946.835556,0.1844116174,-1.664133498,-127.5602888,0.01026291088,2,3121.651134,0.0,355.9597021,1101.137734,3574.311206,1996.125163,377.1567068,2876.66203,1,4,0,22.488493,0.987324973,0.1154525,36.84045101,37.738636,-0.8981850068457007
45.738342,897,10,0.056392804,0.4039783,-0.41782323,387.97336,1.3286668,0.5960217,0.1392489524,-0.1297848137,0.474216034,0.326207252,12971.65421,94,44.42316939,1529.233751,0.3811968309,-162.1042824,17.43971119,0.6405228853,106,6381.538936,0.0,341.1760126,4311.686206,283.8485544,298.6103554,213.1865678,1372.699618,2,3,1,43.695793,0.9873998451,0.1617605,33.43439408,33.388477,0.04591675456054389
202.31645,911,50,0.052584868,0.24344787,-0.33021808,528.63904,2.5048623,0.75655213,0.2151169,-0.1003502769,0.382802948,0.404568499,17847.28483,80,84.56619269,6830.368238,0.2306461959,-174.5661688,31.43971119,0.8731398214,252,9377.924066,4.581861778,496.0629769,3834.225231,178.5726355,107.1113519,224.1949385,983.9066436,14,0,0,62.71587,0.9873644169,0.1723495,33.76081499,33.581974,0.17884096045898445
67.330055,821,10,-0.17463236,0.7079853,-0.681026,7.7823386,3.60488,0.2920147,-0.24631309,-0.2478739852,0.50639364,0.05869117,240.0614326,170,111.1995637,2076.927038,0.8316224438,-5.299974927,-58.56028881,0.0118061255,1,2078.650839,126.7108234,240.64427,2772.638199,822.3975845,241.6654192,256.4393188,261.4366081,0,0,0,26.011028,0.9891377615,0.1098055,30.84695294,30.900053,-0.05310008429199087
134.23328,916,10,-0.035340786,0.33690336,-0.4448918,72.57716,0.66476065,0.66309664,-0.1045884421,-0.1213400979,0.409551014,0.313877927,2559.911093,75,23.44715833,4734.619851,0.3488097895,-32.28898335,36.43971119,0.118956447,5,4342.599873,0.0,533.2250373,1745.143498,5449.433998,991.9972365,758.022698,1871.932027,0,0,0,29.686731,0.988321228,0.2129458,35.27157983,34.844204,0.4273758810253909
0.0,916,50,0.07875895,0.19504644,-0.2541516,359.0468,1.8543341,0.80495356,0.4017361907,-0.07618654168,0.33291055,0.441856255,12193.50549,75,62.97461232,0.0,0.1796847872,-91.25231869,36.43971119,0.5926874235,202,5907.995685,0.0,688.5871393,2506.336023,99.52937926,919.7598652,79.05655575,695.4839978,1,0,2,57.01128,0.9874940789,0.1778795,33.96076916,33.794907,0.16586254378906062
9.700799,925,50,0.065669835,0.095734596,-0.15513365,4.033116,2.8205554,0.904265404,0.6788660698,-0.05302027175,0.220803485,0.4849676195,128.7516999,66,90.04236484,309.6847106,0.08944772088,-0.625672006,45.43971119,0.005606086702,66,4266.089422,0.0,298.7964013,2825.806678,490.4593448,551.2897946,745.0960146,1864.635711,0,0,2,28.92697,0.9872480468,0.2054449,31.92362924,32.476025,-0.5523953876855465
202.31978,872,50,0.10523862,0.117236026,-0.1899938,90.62135,2.5049222,0.882763974,0.890072371,-0.05217387394,0.29523242,0.494001297,3188.149923,119,88.12567368,7117.812646,0.1048982684,-17.21749465,-7.560288809,0.1487958804,39,3882.815492,39.0162022,590.1231453,1441.125472,1809.274069,1633.86904,761.8539961,5393.497069,0,1,0,19.194744,0.9873474169,0.2615573,35.1810023,35.09941,0.08159128925781545
207.1788,913,50,0.08907446,0.30054644,-0.41170126,54.633442,1.0424953,0.69945356,0.2953921791,-0.1210211738,0.50077572,0.39426401,1870.799613,78,35.69791199,7094.373057,0.2737754282,-22.49265691,33.43971119,0.08928316274,1,1766.003413,6.884655689,233.9465096,948.8154786,2655.515725,1148.883386,910.0005928,3133.950969,0,0,0,12.2503805,0.9882803125,0.2027067,34.24275581,34.311115,-0.06835945489257966
99.22053,881,10,0.117840305,0.106017195,-0.20015547,1.1332637,2.8917036,0.893982805,1.101134308,-0.05897753348,0.317995775,0.505911555,38.76733697,110,98.92106124,3394.193003,0.09352409641,-0.2268289285,1.439711191,0.0008106400993,2,1967.060356,45.16209023,607.8386865,1140.429748,4707.754144,399.9841429,379.7997879,11129.2489,1,1,1,5.5269184,0.9873479905,0.2613037,34.20857561,33.865887,0.34268892176757504
115.95665,863,20,-0.16982013,0.7080491,-0.6671105,22.470022,1.0594063,0.2919509,-0.2395040485,-0.2370968147,0.49729037,0.061065385,702.4632738,128,33.11941652,3625.064897,0.8282900902,-14.98998761,-16.56028881,0.03609494927,1,0.0,134.2862059,0.0,4315.57859,5860.934491,4692.103727,897.7390864,5989.072078,0,0,0,1.7207476,0.9882993302,0.0871998,31.26224237,30.516983,0.7452593377734367
115.9925,882,40,0.00907258,0.40428573,-0.4682599,27.805588,1.0580468,0.59571427,0.02238563889,-0.1330101761,0.47733248,0.302393425,965.4930879,109,36.73854594,4027.606142,0.4006178154,-13.02024186,2.439711191,0.04491830274,1,4106.947316,253.6904961,1051.848008,7638.107613,104.0417957,289.0424634,326.8245675,1275.50426,0,0,0,24.069372,0.987892233,0.1535777,34.72298762,34.72166,0.0013270059863259576
170.29312,936,50,-0.0521327,0.47781065,-0.49775112,145.05713,2.8206067,0.52218935,-0.1088795748,-0.1685386142,0.44561842,0.235028325,4653.061404,55,90.47784258,5462.567363,0.5027202093,-72.20234892,56.43971119,0.2388155949,180,8363.74384,0.0,206.9575652,919.7117674,186.1041829,197.9197378,35.81473549,1221.935378,3,0,2,38.107235,0.9876660021,0.171231,32.07744014,32.093376,-0.015936019667968537
244.03941,908,50,0.15144621,0.2571016,-0.4167119,3.1769483,2.1177897,0.7428984,0.5867697449,-0.07450670284,0.56815811,0.447172305,126.5308631,83,84.34690565,9719.552933,0.2181645371,-1.323872162,28.43971119,0.004190253734,1,875.7377951,323.498476,539.2643892,4793.155338,6299.862742,5459.947328,354.0869435,1231.245623,0,0,0,3.3936152,0.9877271396,0.1414561,39.82780049,39.649784,0.1780164018652357
348.39783,920,50,0.088545166,0.0836887,-0.16005707,368.32083,2.3657472,0.9163113,1.045536961,-0.05215364894,0.248602236,0.502428233,12042.65534,71,77.35071119,11391.2509,0.07627847017,-58.95235287,40.43971119,0.6080237617,125,6305.543241,70.53048377,1067.735285,657.5785629,1004.659026,299.4894311,161.9447918,2177.845986,0,3,1,47.579105,0.9873136795,0.1714801,32.69610176,33.11725,-0.4211467751562523
134.25903,845,10,-0.0053991517,0.44472152,-0.49741527,66.79835,2.6560307,0.55527848,-0.01211328477,-0.1656554985,0.4920161183,0.2749396642,2160.757203,146,85.91585671,4342.939102,0.447122639,-33.2265193,-34.56028881,0.1094001069,17,1945.77506,23.49514687,708.4535948,2757.254026,4392.696276,125.951653,473.5678425,8371.831916,1,1,0,18.277037,0.9882666308,0.1599238,32.34746372,32.31157,0.035894506132812865
198.88329,892,50,0.06649451,0.14368574,-0.20667593,13.02447,2.9381661,0.85631426,0.4595788776,-0.06841470138,0.27317044,0.461404385,422.5773309,99,95.32843857,6452.743939,0.1341314271,-2.69184445,12.43971119,0.02047496743,566,6216.32898,0.0,200.3447133,3453.218256,270.7643045,21.7596878,354.4065792,1835.559221,2,3,25,50.876606,0.9874273784,0.1838363,32.44487729,32.30201,0.14286770748046962
247.34445,891,40,0.14501697,0.26327786,-0.36,65.60816,3.607044,0.73672214,0.5487291671,-0.09090510732,0.50501697,0.440869555,2378.463204,100,130.7645486,8966.867429,0.2250981025,-23.6189376,11.43971119,0.1074319057,1,1609.740202,121.4591964,197.1779714,2370.357375,2273.004979,276.8291812,485.757913,4902.538529,0,0,1,5.845009,0.9879036068,0.1953504,36.25255157,36.271847,-0.019295201240232984
332.8323,925,50,0.09507883,0.14787878,-0.21605137,507.78793,3.1244185,0.85212122,0.638632517,-0.07033815476,0.3111302,0.473600025,16609.62835,66,102.1990225,10886.86926,0.1338186386,-109.7082779,45.43971119,0.8386586223,241,6064.34471,124.1620856,252.7377971,671.2937488,251.4044978,407.6723736,310.2646335,1335.262973,0,0,1,59.50258,0.9872893207,0.1569875,32.70977384,32.97555,-0.2657777652246125
67.3311,839,10,-0.11951025,0.61334866,-0.59017015,133.74759,3.605037,0.38665134,-0.1945316362,-0.2170302593,0.4706599,0.133570545,4101.247986,152,110.5451749,2064.646834,0.6866501117,-78.93383525,-40.56028881,0.2201131613,3,613.0775132,487.196387,426.2465906,4111.982091,910.7429044,1333.15854,442.1766651,1677.248798,0,0,0,19.937319,0.9877965636,0.1350081,30.66408887,30.589323,0.07476582617675831
277.92667,813,20,0.13362585,0.25259516,-0.3954385,1.4730605,3.358923,0.74740484,0.5269258688,-0.1196824668,0.52906435,0.440515345,49.81983464,178,113.6008931,9399.655168,0.218841917,-0.5825048345,-66.56028881,0.00137255748,1,1449.552485,0.0,517.8073447,5.018877855,1330.801071,1360.237969,851.4282765,3972.864984,0,0,1,4.03212,0.9874645958,0.2168189,33.82063034,33.708946,0.11168411197265726
314.2419,862,40,0.08520465,0.19145405,-0.26883146,52.34953,3.3197181,0.80854595,0.442727238,-0.07854092017,0.35403611,0.4468753,1797.154932,129,113.9656413,10787.89782,0.1751412747,-14.07320058,-17.56028881,0.0855062883,206,3918.301878,267.1065722,467.2978463,2211.716694,3824.261569,1547.97281,524.2205705,5770.226187,0,0,0,5.894982,0.9878272584,0.1902803,34.32991532,34.35893,-0.029013360419924084
152.85127,878,40,0.14974949,0.28780213,-0.41114876,6.739576,2.0837398,0.71219787,0.5185193406,-0.1019519449,0.56089825,0.43097368,245.8126489,113,76.00027061,5574.946489,0.2447039078,-2.770968315,-1.560288809,0.01008172307,1,299.7264184,34.23332275,904.6546347,7217.416465,4395.488497,461.032521,1531.235094,4692.538228,0,0,1,6.0699725,0.9881425998,0.1696957,36.47301386,36.49171,-0.01869680284179509
287.99506,894,50,-0.06963524,0.35615617,-0.36973006,461.60245,2.9994776,0.64384383,-0.1949714042,-0.1284347529,0.30009482,0.287104295,14610.59304,97,94.939155,9115.589875,0.3809571904,-170.6683015,14.43971119,0.7622823175,142,6558.547122,82.31076107,146.8878174,4862.82724,34.20095125,38.89230139,218.5244187,354.9592232,0,0,1,65.16516,0.9882149314,0.1400255,31.65189665,32.054897,-0.4030006583496082
207.16742,878,30,0.13278298,0.24009603,-0.38937458,2.0378587,1.0423889,0.75990397,0.5507472686,-0.08874555015,0.52215756,0.446343475,76.3085168,113,39.03271158,7757.47531,0.2082153637,-0.7934903754,-1.560288809,0.002306556639,39,3826.231363,38.62527928,722.3559868,1534.66767,872.310512,208.9592849,553.6715905,4197.67182,0,1,3,21.68498,0.9882385585,0.1580816,37.44544055,37.377663,0.06777789130859446
152.81813,877,40,0.010713697,0.35119316,-0.46604788,4.045193,2.084358,0.64880684,0.03041994626,-0.1482131463,0.476761577,0.3297602685,133.7967891,114,68.94118716,5054.536361,0.3474305829,-1.885253622,-2.560288809,0.005626058274,1,381.6610542,0.0,87.31018603,3133.048449,3705.14857,1670.391617,921.6815241,10433.57278,0,0,1,5.3355837,0.9875962403,0.2413138,33.07550198,33.05578,0.019723476582029775
351.6622,894,40,0.12916462,0.31304133,-0.4481441,11.895237,3.2773173,0.68695867,0.4112981562,-0.1149787793,0.57730872,0.408061645,428.8948487,97,118.1670031,12679.53771,0.2726074656,-5.33078028,14.43971119,0.01860757007,1,760.380505,0.0,325.4964791,1740.620044,2227.00301,648.8591053,645.8700161,3909.762758,0,0,0,6.3162236,0.9877503972,0.1848021,36.05601542,36.108685,-0.052669119794920505
194.38916,879,50,0.059134614,0.122133024,-0.17185628,514.41364,3.8244238,0.877866976,0.4802498313,-0.05087511112,0.230990894,0.468500795,17563.07151,112,130.5731876,6636.81997,0.1149107348,-88.40521455,-0.5602888087,0.8496154695,304,6548.460418,58.37560453,68.15068205,4361.35118,291.5344666,115.5871867,164.0782801,463.5679711,0,3,3,53.62395,0.9874902841,0.184224,34.14192422,33.9608,0.18112404910156243
50.12053,908,10,0.071205944,0.14209905,-0.19789734,3.8270962,4.3313785,0.85790095,0.4975989987,-0.06917682226,0.269103284,0.464553447,120.7293396,83,136.6373977,1581.099133,0.131980753,-0.7573721579,28.43971119,0.00526539454,187,4155.705274,194.5829583,745.0393729,1067.935274,319.0767567,280.2387643,184.3241437,2231.238035,0,0,0,46.057682,0.9872496042,0.186797,31.54593803,31.82401,-0.2780728189990249
67.350266,895,50,0.06183297,0.19792342,-0.28432283,95.37241,3.6079183,0.80207658,0.3108380602,-0.07722580045,0.3461558,0.431954775,3369.15133,96,127.4542893,2379.233557,0.1856852271,-27.11655352,15.43971119,0.1566526442,4,3871.026963,0.0,367.0082268,3690.576794,4434.775282,3249.158748,218.6036366,3157.962435,0,0,2,12.648178,0.9876572371,0.2014381,35.32626815,35.41363,-0.08736328920898728
18.889696,918,20,0.08223201,0.20221207,-0.33868808,92.50018,2.9382782,0.79778793,0.4046610519,-0.1065046214,0.42092009,0.44000997,3075.456344,73,97.69220265,628.0467281,0.185583765,-31.32870836,38.43971119,0.1519028762,19,3139.204895,32.41316239,1517.485201,378.0094477,231.5327009,272.2501101,90.61568253,2112.689113,0,1,3,27.636232,0.9892128274,0.16771,33.24811199,33.143867,0.10424449732421692
67.33698,872,10,0.012618297,0.43530953,-0.4884511,2.4516017,3.6059203,0.56469047,0.02892051659,-0.1376611747,0.501069397,0.2886543835,85.39089362,119,125.5965668,2345.391136,0.4298166651,-1.197487547,-7.560288809,0.002990757853,49,2611.311142,0.0,407.1425355,1560.669024,1457.27264,127.5623603,572.213639,2913.755047,0,0,1,15.650758,0.9889929555,0.1103075,34.83065525,34.745132,0.08552280371093701
115.97441,896,50,0.050033655,0.16446644,-0.21040595,271.03854,2.1167421,0.83553356,0.3023794734,-0.06484499621,0.260439605,0.4427836075,9093.97068,95,71.02159934,3891.210026,0.1562375829,-57.0281215,16.43971119,0.447149352,211,7155.030701,585.0766252,565.312984,5246.613991,762.2803408,618.9064164,451.6369453,3122.557922,0,0,0,81.48314,0.987274415,0.2042436,33.55231577,33.61846,-0.06614583888671888
258.96576,917,50,0.07720397,0.20668486,-0.25952297,31.687658,2.4215238,0.79331514,0.3717361487,-0.0817473568,0.33672694,0.435259555,1052.742484,74,80.44901836,8603.483964,0.1907279683,-8.223675117,37.43971119,0.05133802949,15,4727.827045,31.74673239,286.7596239,2813.300477,280.5667342,341.9316892,27.15917795,242.5633672,0,1,3,46.948627,0.9872239175,0.113761,33.22247684,33.3516,-0.12912380697265746
18.890327,870,40,0.021213407,0.45920303,-0.48742747,8.667166,1.4701113,0.54079697,0.04609575691,-0.1350367633,0.508640877,0.2810051885,303.8975401,121,51.54663102,662.3530584,0.4494617692,-4.224614795,-9.560288809,0.01326935263,1,1547.961281,0.0,37.96361036,1113.129611,1549.280306,853.9194821,547.8336548,7379.200649,0,0,1,11.410157,0.9880678633,0.1550044,35.06308061,35.139183,-0.07610243443359366
180.0,910,50,0.05301256,0.14787097,-0.23692992,338.26523,2.7802885,0.85212903,0.356097364,-0.0766511852,0.28994248,0.452570795,11098.10889,81,91.21819741,5905.601356,0.1400319513,-80.14515388,30.43971119,0.5583212217,316,5111.149732,0.0,469.6812487,876.9073821,364.8077981,449.0661748,170.4573372,1007.431233,1,0,5,49.357925,0.9880926729,0.1485053,32.80889642,32.594177,0.2147191739062535
50.935905,923,50,0.11880661,0.17221828,-0.2667858,145.88872,3.6743681,0.82778172,0.6858780147,-0.07312058008,0.38559241,0.473294165,5136.251273,68,129.3621456,1793.281941,0.15175761,-38.92103888,43.43971119,0.2401907841,12,6119.297344,60.92846652,735.2403884,1614.248003,430.9260868,60.92846652,190.9072168,4551.343065,2,0,4,39.857647,0.9873058029,0.236078,35.20663745,34.930492,0.27614504887695546
332.8436,840,50,0.015954053,0.26117775,-0.3316062,12.492494,2.0838828,0.73882225,0.06085204789,-0.09887913127,0.347560253,0.3773881515,425.2154458,151,70.93052467,11329.22215,0.2570109063,-4.142588464,-39.56028881,0.0195952459,206,5554.449646,149.9797058,664.3483141,395.6096015,220.5175229,581.2570378,283.52315,2656.031121,0,0,0,57.05977,0.9880937094,0.1477485,34.03767461,33.6633,0.3743750494531284
319.46732,900,50,0.08331684,0.25324675,-0.32722062,490.31873,3.6560078,0.74675325,0.3277007081,-0.1047434243,0.41053746,0.415035045,16168.09851,91,120.5556521,10534.32958,0.232147031,-160.4423988,20.43971119,0.8097700421,564,6188.431588,116.6427222,474.0400131,6095.595484,490.7124248,622.3514949,249.598274,1649.241951,0,0,1,61.919857,0.9874554296,0.1535317,32.97467039,33.1045,-0.12982942689453125
257.78726,905,40,0.18607889,0.16959324,-0.32111475,65.805016,4.3759027,0.83040676,1.090775285,-0.08825998245,0.50719364,0.508242825,2314.299189,86,153.8962937,9066.13026,0.1380355181,-21.13096126,25.43971119,0.1077574439,1,5586.152867,26.36899985,156.4899343,3030.05047,1416.131523,617.1579044,135.8807403,4378.707721,0,0,1,13.143537,0.9873315747,0.2377729,35.16903923,35.113926,0.055113296162112135
30.388372,824,40,0.001835536,0.42207113,-0.5042877,1.4723595,3.757826,0.57792887,0.004338599044,-0.1116844312,0.506123236,0.289882203,55.59362884,167,141.8887058,1147.409905,0.4212964032,-0.7424927858,-55.56028881,0.001371398246,1,1083.416878,715.2670207,822.501692,5047.346149,4958.567801,2550.005511,664.2733248,10669.17386,0,0,0,4.5094137,0.9878859732,0.1989796,37.75818938,37.632122,0.1260673402050756
270.0,907,50,0.046444718,0.11915099,-0.14257573,528.44086,0.95159984,0.88084901,0.3865529364,-0.0494417478,0.189020448,0.463646864,16741.50837,84,30.14758678,8553.856451,0.1136170559,-75.34284138,27.43971119,0.8728120938,320,8356.880131,21.63905966,827.3133416,5801.454631,62.16001778,66.38966096,153.824237,581.032753,2,0,2,55.58082,0.9871654932,0.1578802,31.68094982,32.424828,-0.7438777556835952
172.69025,892,50,-0.019917324,0.3822256,-0.46583852,1.6084899,3.7350626,0.6177744,-0.05197284315,-0.147604866,0.445921196,0.298928538,53.29232541,99,123.749718,5721.555975,0.3898385111,-0.7492965545,12.43971119,0.001596515251,108,4809.522842,0.0,1185.324957,0.0,1362.214585,547.6663688,551.7846262,1340.112318,0,0,9,64.8837,0.98838111,0.1626791,33.13189931,33.142952,-0.011052655332029815
90.0,893,50,-0.09649335,0.41334164,-0.46541694,13.304359,0.47587097,0.58665836,-0.2328835451,-0.161903528,0.36892359,0.245082505,420.7898741,98,15.05083301,2846.517346,0.4532263595,-6.192074054,13.43971119,0.0209378161,303,5412.505691,0.0,152.612449,3243.569103,104.1652887,134.368726,366.8691894,1448.045138,4,1,13,53.68309,0.989322834,0.1368481,31.62797051,31.440191,0.18777924107910238
172.684,939,40,-0.07803074,0.5350513,-0.56541395,29.63592,3.7351146,0.4649487,-0.1455658069,-0.1486526099,0.48738321,0.19345898,1059.436533,52,133.5243469,6173.175604,0.5768017489,-16.75656259,59.43971119,0.04794509806,1,703.9823609,0.0,426.4325911,2160.497507,4071.426048,1805.742186,904.35057,4400.52845,0,0,1,3.5821965,0.9883993097,0.1612078,35.74839362,35.938988,-0.1905941119335921
270.0,938,40,0.17664671,0.18961789,-0.36138615,56.63775,0.47626206,0.81038211,0.9267058302,-0.06504761419,0.53803286,0.49351441,2252.465995,53,18.94079646,10737.81742,0.1561225136,-20.46809842,58.43971119,0.09259765982,2,816.4843548,68.99520034,359.573745,68.99520034,2415.263918,197.5924393,299.7390652,3910.643053,1,0,1,5.358481,0.9876146564,0.1868716,39.76969415,39.683224,0.08647042563476504
270.0,864,40,0.09463665,0.22274412,-0.31507578,67.62451,2.8535814,0.77725588,0.4229682103,-0.083080623,0.40971243,0.435946265,2414.925041,127,101.9036615,9641.914758,0.2016643627,-21.30684524,-15.56028881,0.1107663165,77,4681.691008,797.8075126,795.237692,2933.046557,1769.23338,697.45191,72.17522729,3985.418215,0,0,0,11.8037,0.9875707884,0.2106252,35.7107954,35.63674,0.07405376181640833
325.6359,894,20,0.11612131,0.36223862,-0.4529354,5.3874326,1.6849066,0.63776138,0.3196832705,-0.1154579252,0.56905671,0.376941345,194.6820902,97,60.8863559,11767.28924,0.3201749969,-2.44015894,14.43971119,0.007845701781,1,1604.968118,337.7704367,969.7851828,5976.194537,2501.178795,1308.056887,2177.706678,5972.165012,0,0,0,4.8310766,0.9881735399,0.1369392,36.13633889,36.215157,-0.0788176651757837
0.0,894,50,0.037979033,0.29284066,-0.36105034,57.03416,1.8543341,0.70715934,0.1292504346,-0.1144909053,0.399029373,0.3725691865,1888.967743,97,61.41542716,0.0,0.2817188549,-20.59220286,14.43971119,0.09325319769,1,714.9277279,19.28696936,131.0989916,4183.482804,3146.164862,2317.656902,297.8746659,4437.404858,0,0,1,5.7562785,0.9872821958,0.2960398,33.11993624,33.137604,-0.01766751976562375
329.60968,900,50,0.0656103,0.15554194,-0.20306025,549.2548,3.7579012,0.84445806,0.4191228242,-0.06625184542,0.26867055,0.45503418,17947.22665,91,122.7916526,10770.19196,0.1453367867,-111.531817,20.43971119,0.9072318254,655,6646.49558,167.0607389,1160.148216,3187.556365,299.940265,379.5955152,206.5132526,1002.089144,0,0,1,66.674164,0.9874323029,0.19311,32.67559364,32.651165,0.024428631455080563
338.95154,859,50,0.13250786,0.20266461,-0.28956044,107.42007,3.9688408,0.79733539,0.650617994,-0.07396500772,0.4220683,0.464921625,3879.014324,132,143.3176343,12239.77864,0.1758099562,-31.10460273,-20.56028881,0.1765756969,336,4640.470706,199.029779,203.278485,1381.157764,1239.506264,1098.661815,202.8838667,7017.649929,0,0,0,26.926794,0.9877569334,0.1927996,36.11070374,36.109756,0.0009472702734356631
167.14873,881,50,0.03228058,0.24657226,-0.34350777,62.002316,4.273004,0.75342774,0.1303885177,-0.108044441,0.37578835,0.39285416,2061.248021,110,142.0547103,5556.808376,0.2386127644,-21.2982773,1.439711191,0.1014689702,206,5295.513243,348.1625126,796.6454974,1509.252614,1282.611945,601.1415808,278.0593658,1138.498495,0,0,0,48.32805,0.9880264222,0.1738866,33.24469397,33.263786,-0.0190923459179686
101.03043,842,20,0.027622014,0.42961833,-0.50595045,0.7930652,4.8360724,0.57038167,0.06414500284,-0.1355329312,0.533572464,0.299001842,28.15970169,149,171.7164694,3587.330235,0.4177514065,-0.4012516948,-37.56028881,0.0002480584323,1,1330.851765,90.80666903,803.0975263,2732.389335,2738.03496,3318.889629,425.7421683,7104.526442,0,0,0,3.6271834,0.9887057253,0.1529236,35.50742321,35.49869,0.008731651162108278
101.0311,793,50,0.086115144,0.10081585,-0.14728211,17.275576,2.4222054,0.89918415,0.8457931059,-0.04054349756,0.233397254,0.492649647,607.2111205,198,85.13696186,3551.094761,0.09213407856,-2.544383285,-86.56028881,0.02750496404,279,6380.804516,119.3913777,344.2537128,1834.241376,242.4015883,91.77958127,120.0318244,678.4805593,1,0,1,64.98157,0.9873152778,0.186969,35.14853111,34.232426,0.9161054203027348
252.01543,885,60,0.051924653,0.31785065,-0.39975816,44.308857,1.5016121,0.68214935,0.16284945,-0.1207644591,0.451682813,0.3670370015,1499.765062,106,50.82652807,8530.211848,0.3013463653,-17.71282715,5.439711191,0.0722095359,1,1355.580525,0.0,449.4228629,1201.089351,4126.395851,1913.345766,618.3404206,9807.363051,0,0,1,3.9049623,0.9877936685,0.2268578,33.8479745,33.841022,0.006952008544921284
180.0,862,40,0.15225658,0.31184447,-0.46639976,43.498257,2.3174627,0.68815553,0.4866845816,-0.1132036516,0.61865634,0.420206055,1597.589035,129,85.11497365,6610.978143,0.2643640975,-20.28757663,-17.56028881,0.07086905762,1,803.1959029,121.677011,1674.860238,276.2885449,3882.362331,2269.788788,476.0333493,5807.65083,0,0,0,4.6565094,0.9877663096,0.1943049,36.72765635,36.816006,-0.08834935678711275
150.32666,865,30,0.19870532,0.16728167,-0.35894987,7.5340853,4.7924423,0.83271833,1.180790041,-0.05729820035,0.55765519,0.515711825,307.0704962,126,195.3279763,6126.939135,0.1340419122,-2.704358939,-14.56028881,0.01139559237,1,3401.790866,1034.7193,1376.505941,2060.232546,3266.26951,2147.999857,680.8450184,4567.473891,0,0,0,8.115235,0.9875257904,0.2191841,40.75750193,40.434185,0.3233169019238247
198.879,773,40,0.033957336,0.26438746,-0.3283448,11.238979,2.9380908,0.73561254,0.1279538076,-0.08384890266,0.362302136,0.384784938,405.8858561,218,106.1065689,7182.340422,0.2554095662,-3.690260312,-106.5602888,0.01752232507,212,3631.199225,181.7457354,486.4689789,3156.724919,702.1191881,426.6430233,362.5461726,596.2749473,0,0,1,31.6312,0.9872835877,0.1978996,36.11412176,35.63665,0.47747167455078454
76.31,924,10,-0.086749285,0.5358707,-0.53174335,367.83304,1.9587086,0.4641293,-0.1615831987,-0.1851075071,0.444994065,0.1886900075,11629.41213,67,61.92654567,2412.617528,0.5823571001,-195.5927729,44.43971119,0.60721711,210,4485.505068,0.0,239.7280182,3092.720242,664.2229021,214.8251835,241.369279,1093.438678,1,0,6,41.30261,0.9892687747,0.1440614,31.61600744,31.809647,-0.19363916644531187
170.29984,899,40,0.14129159,0.31298622,-0.42282748,14.121741,2.8205502,0.68701378,0.4499929647,-0.09783022727,0.56411907,0.414152685,526.4296618,92,105.1443507,6348.43021,0.2687638993,-5.97106016,19.43971119,0.02228950967,1,2362.40251,172.9132765,693.4766601,4289.785147,3134.004366,1651.257656,1062.090056,9514.739172,0,1,0,9.435192,0.987811122,0.1701168,37.27795757,37.17083,0.10712779705077935
248.69823,898,50,0.10103011,0.05387831,-0.096930146,12.88663,2.5514135,0.94612169,1.840984352,-0.03047404223,0.197960256,0.5235759,428.5001642,93,84.83840256,8269.596658,0.04843497841,-1.249102927,18.43971119,0.02024702329,138,5250.749011,258.6783147,326.2800508,3737.557961,474.5467062,118.4376286,625.696125,595.1691859,0,0,0,64.48666,0.9871965577,0.2515384,33.25153001,34.89338,-1.641849201425778
202.33226,910,40,0.13413507,0.13258427,-0.3191061,6.4183993,2.5051458,0.86741573,1.00412324,-0.07931942199,0.45324117,0.5007754,233.9118918,81,91.29743506,7373.78893,0.1148000697,-2.048150369,30.43971119,0.009550597495,5,2345.656264,0.0,505.8931821,2769.111886,4415.550622,2310.409126,902.6805053,6775.180011,2,1,0,19.264921,0.9872805025,0.2881622,36.44396069,36.24949,0.19447185943359102
307.95175,893,10,0.03410915,0.28647783,-0.33759376,15.978952,3.0134604,0.71352217,0.1186496712,-0.1057084485,0.37170291,0.37381566,532.3076968,98,100.3875701,10258.81339,0.2767063147,-5.394394487,13.43971119,0.02536075443,82,3601.966043,36.97061087,779.5356788,3580.51695,706.7577338,68.97019073,224.8383276,8305.177163,0,0,2,22.642792,0.9888530343,0.15236,33.31305437,33.171726,0.14132814319336262
314.27368,925,50,-0.033568174,0.3071279,-0.3290701,14.059955,0.66427976,0.6928721,-0.1089423386,-0.1027959826,0.295501926,0.329651963,468.884646,66,22.15302824,10480.69522,0.3174376228,-4.626710798,45.43971119,0.022187335,51,4945.506895,33.82667187,77.14191645,1561.028659,528.419291,527.5216361,349.7522342,466.5189209,6,0,0,70.15791,0.9873032531,0.2523487,33.34894358,33.29831,0.0506342538281217
244.01488,908,50,0.1231147,0.13327289,-0.2254902,1.5364791,1.0583265,0.86672711,0.9168991596,-0.06301799783,0.3486049,0.494920905,53.69250633,83,36.98338773,8527.13876,0.1168650381,-0.3464609796,28.43971119,0.001477431963,10,3860.620424,0.0,731.1752881,1813.515773,1346.781497,199.9875788,2165.364443,2731.782256,0,0,1,20.959972,0.987762262,0.1936773,34.94515892,34.807396,0.1377629849414035
270.0,904,50,0.06945541,0.14828342,-0.23552528,16.144293,3.800404,0.85171658,0.4652587005,-0.07574859093,0.30498069,0.460585995,531.1663378,87,125.0377873,8883.319399,0.1379843343,-3.802389129,24.43971119,0.02563417661,210,6168.332071,127.6668261,447.5819567,2158.202402,404.6141856,275.842939,158.657476,168.0978198,0,2,1,67.65676,0.9874223251,0.159727,32.90118296,33.116707,-0.21552388814453138
115.99096,732,40,0.080904976,0.33420914,-0.41212457,1.0389124,2.115489,0.66579086,0.2413567124,-0.1088451603,0.493029546,0.373347918,37.07908201,259,75.50241015,4139.750684,0.3071699575,-0.4281613261,-147.5602888,0.0006546126281,1,1368.203534,1789.723179,2417.501924,3513.410944,4930.452848,4690.094895,313.5895257,4120.795322,0,0,0,4.2375965,0.9876828769,0.1982284,35.69028728,35.838833,-0.14854557522460965
225.74185,895,50,0.032815963,0.15488483,-0.21504179,537.6307,3.9805498,0.84511517,0.2105141533,-0.06913047175,0.247857753,0.4389655665,17692.36129,96,130.9920084,7428.717089,0.1498021351,-115.6130681,15.43971119,0.8880092082,170,7075.459954,134.8316468,1232.257399,5344.903372,99.16033405,490.5912553,223.7998481,1566.427086,0,0,0,71.17746,0.9877532372,0.1662448,32.908019,32.805187,0.10283177465820614
322.4149,830,40,0.15215947,0.31682146,-0.44221532,1.2970793,2.339523,0.68317854,0.4787576962,-0.1021446111,0.59437479,0.417669005,48.37685105,161,87.25662008,12025.03008,0.2686140746,-0.5735883377,-49.56028881,0.001081539746,1,2432.699516,881.5431141,625.0464859,4431.457676,5049.342983,2130.026103,806.0678974,10063.18772,0,0,0,4.296751,0.9881975072,0.1652314,37.29675668,37.457047,-0.16028982878906106
225.74231,897,50,0.065342166,0.3011678,-0.3398734,7.140283,1.3287612,0.6988322,0.2162446363,-0.1045180098,0.405215566,0.382087183,239.8048834,94,44.62616182,7581.507389,0.2814888436,-2.42679226,17.43971119,0.01074436683,522,5964.275325,0.0,416.0522661,5556.866027,251.8687168,327.4091697,216.3558289,1137.299811,0,0,6,66.25833,0.987938348,0.1731713,33.58478696,33.400536,0.18425137650390866
180.0,858,10,0.08755761,0.27711418,-0.34052157,71.33132,0.92740995,0.72288582,0.3148261264,-0.0998336461,0.42807918,0.405221715,2445.262903,133,31.79194142,6170.463725,0.2528507247,-24.28985308,-21.56028881,0.1168962182,1,2171.371014,1190.625366,331.6152902,5470.589599,612.5952565,1976.718327,347.7057837,3930.980577,0,0,0,17.157347,0.9886709064,0.173845,34.28035403,34.365356,-0.08500241531250197
101.02904,894,50,0.044969864,0.17078716,-0.22875038,10.170068,2.422652,0.82921284,0.261776631,-0.08089682111,0.273720244,0.437091352,318.8081681,97,75.94455083,3167.027317,0.1631068846,-2.32640692,14.43971119,0.01575468138,157,8864.265224,0.0,24.30525135,3550.856568,352.8664361,236.2645105,155.0715949,2223.61908,8,0,10,52.728348,0.9874112089,0.1643691,31.34769287,31.826696,-0.47900352587402395
353.49432,914,10,0.012477718,0.30626145,-0.38078094,2.0379622,4.193257,0.69373855,0.0406094484,-0.1350376306,0.393258658,0.353108134,63.78789199,77,131.2482757,11064.31587,0.302440006,-0.7760171622,34.43971119,0.002306727796,219,4693.894057,0.0,1037.480359,3669.520998,671.0446864,298.4347788,372.6115023,1176.680797,0,0,4,39.494873,0.9889659556,0.1532187,31.29984059,31.171816,0.12802471780761593
317.63547,845,50,0.020280158,0.20184663,-0.29698312,4.6603723,5.6305575,0.79815337,0.0999777911,-0.1000771434,0.317263278,0.409216764,149.8591861,146,181.0565144,10213.90352,0.1977531485,-1.384051906,-34.56028881,0.006643371978,233,5963.00779,205.4222034,295.2669791,2850.068975,823.5681248,639.8040282,221.9910896,2473.329863,0,0,1,73.400406,0.9875304204,0.1719051,32.1560546,32.362682,-0.2066277425292995
189.70248,901,40,0.13989893,0.28342837,-0.43609795,12.747773,2.8205698,0.71657163,0.4918599716,-0.1050190291,0.57599688,0.42823528,469.3722738,90,103.853219,6984.83448,0.2437770443,-5.559277672,21.43971119,0.02001739734,7,1279.760801,80.63035477,294.6228938,3339.843881,1419.298418,0.0,456.9352246,5357.143404,0,0,0,11.752665,0.9877205508,0.2411646,36.81994289,36.78808,0.03186458189453134
258.9675,910,50,0.05875,0.22605155,-0.27339345,9.113179,2.4219055,0.77394845,0.2587518121,-0.08489293979,0.33214345,0.416349225,304.7403415,81,80.98736009,8659.749183,0.2127710214,-2.491483447,30.43971119,0.01400691831,257,6184.558483,235.9368799,611.3817057,2765.120005,967.8426822,130.1816227,784.1575469,2831.647912,0,0,1,59.721382,0.9879955023,0.1738631,33.43952111,33.436348,0.0031731485742199084
142.40526,874,50,0.06274638,0.20634249,-0.2953462,69.458786,2.3398256,0.79365751,0.3026219083,-0.07764927528,0.35809258,0.428201945,2483.040022,117,83.64500655,5090.759288,0.1933952457,-20.5143885,-5.560288809,0.113799634,1,5068.896074,494.4064424,691.5072378,5448.109792,1758.842393,3468.597779,409.0935626,5361.447896,0,0,0,15.6197195,0.9877160109,0.1964342,35.74839362,35.71681,0.03158530090820477
225.72487,924,50,0.046906188,0.27248502,-0.35077792,3.1528177,2.6552663,0.72751498,0.1715128236,-0.09343413582,0.397684108,0.387210584,112.1801248,67,94.47679295,8031.496429,0.2597037864,-1.105938835,44.43971119,0.004150349287,105,5387.802987,151.1890922,41.69454778,2440.16179,769.4456805,1561.582209,518.7880956,2428.96816,1,0,2,37.16851,0.9879798655,0.1785746,35.58091064,35.37352,0.20739074253906153
270.0,873,40,-0.017035505,0.3764275,-0.42716712,1.6965835,0.9519875,0.6235725,-0.04513583403,-0.1344784653,0.410131615,0.3032684975,56.37920343,118,31.63551745,8972.37591,0.3828401326,-0.7247246875,-6.560288809,0.001742194448,1,1423.562949,16.55434068,995.7421159,4165.965288,1676.895466,675.3347475,924.6270732,5807.838609,0,1,1,9.484779,0.9890964306,0.1685773,33.23102189,33.37703,-0.14600752894531155
332.8212,911,40,0.15542436,0.14280008,-0.278088,56.056953,1.0424953,0.85719992,1.080836395,-0.06851610205,0.43351236,0.50631214,2048.877109,80,38.1031191,12164.588,0.120605469,-15.58876595,31.43971119,0.09163720366,1,2191.388827,0.0,275.0475949,1929.714879,767.776889,199.833624,554.1933687,6851.79182,0,0,1,8.714037,0.9872753963,0.2349953,36.54991931,36.66135,-0.11143094024414069
314.27,881,10,0.0752608,0.32091537,-0.4022599,8.5873165,1.3284684,0.67908463,0.2337906388,-0.1174378883,0.4775207,0.377172715,294.8899031,110,45.61982987,10792.08503,0.2967630225,-3.454333077,1.439711191,0.01313730659,1,3139.469844,16.11007288,335.8130343,792.4136414,2198.182572,1213.869251,1541.986571,9619.665749,0,0,1,16.063175,0.9877771922,0.1926744,34.34016938,34.544403,-0.20423369617187603
207.16101,869,40,0.09297707,0.40022296,-0.4668613,6.1949487,1.0423292,0.59977704,0.2317341709,-0.1194355118,0.55983837,0.346377055,223.5874977,122,37.61964608,7476.835416,0.3630114018,-2.892181804,-10.56028881,0.009181080255,1,906.3303115,0.0,315.3964949,1515.697841,823.086196,739.7628451,614.0314937,4598.536142,0,0,1,7.09868,0.9889076398,0.1889099,36.09190463,36.048077,0.043828000361330055
312.78934,876,50,0.07665879,0.1183355,-0.17518447,462.3263,12.755845,0.8816645,0.6423804316,-0.05972491723,0.25184326,0.479161645,14778.09628,115,407.7360632,9998.200363,0.1092640438,-80.99238783,-3.560288809,0.7634793384,315,6754.801125,261.9674826,132.0022889,4985.039152,973.7300286,682.6981181,169.1413585,2613.17913,0,0,0,107.76783,0.9872794591,0.1853475,31.96464548,32.407482,-0.4428366672167954
0.0,906,30,0.10742787,0.14128728,-0.28068116,15.084559,1.3909631,0.85871272,0.7550068425,-0.07741365556,0.38810903,0.483070295,529.8133964,85,48.85465225,0.0,0.1261090885,-4.233951518,26.43971119,0.0238817088,4,4013.739121,61.61122735,435.3179875,2893.285289,2826.870118,961.6957507,1307.613197,3921.661815,0,0,1,22.359392,0.9876946718,0.2061831,35.12289596,35.266994,-0.14409851631835835
198.89021,875,50,0.04846887,0.18514776,-0.23799472,10.163348,1.4701102,0.81485224,0.2603784757,-0.06655458206,0.28646359,0.431660555,355.0729647,116,51.3606724,6948.550469,0.1761738573,-2.418823162,-4.560288809,0.01574356861,3,3673.133298,0.0,222.0647355,3170.229374,891.4037337,212.7947721,1011.492108,7622.853647,0,0,2,13.528149,0.9877538111,0.1695811,34.93661387,34.80393,0.13268549475586155
134.2379,913,20,0.012800819,0.4745698,-0.5725938,32.527985,0.66470563,0.5254302,0.0269168038,-0.1653703213,0.585394619,0.2691155095,1121.964082,78,22.9272069,4630.170062,0.4684949179,-18.62532254,33.43971119,0.05272766691,1,0.0,0.0,458.8167019,0.0,2208.048619,1249.119536,998.1948044,2613.612415,0,0,0,3.891062,0.9884240733,0.1363703,34.49227127,34.30838,0.18389114304687837
0.0,889,20,0.09773742,0.26390687,-0.40373564,1.9990535,0.46373534,0.73609313,0.3689501144,-0.1039691771,0.50147306,0.416915275,71.98566096,102,16.6990503,0.0,0.2381132934,-0.8070891442,9.439711191,0.002242385004,5,2253.530532,57.22965005,366.1954784,58.71001268,1773.677395,676.8783643,726.5926042,2793.272325,1,0,1,25.272936,0.9880818562,0.1764464,36.00987215,36.083824,-0.07395200771484411
237.00645,938,10,-0.10186436,0.5873881,-0.6292449,87.51327,3.4024785,0.4126119,-0.1731244395,-0.2362556142,0.52738054,0.15537377,2650.760818,53,103.0604466,7178.881685,0.6472220129,-55.06727883,58.43971119,0.1436560904,62,2793.231681,0.0,1240.399509,1193.775595,575.1929345,618.4568757,561.4279593,4215.347119,0,0,1,33.515713,0.9889479455,0.1134757,30.28981568,30.192833,0.09698273322265649
64.01859,894,20,0.1322279,0.38702005,-0.46203437,14.198092,3.172516,0.61297995,0.340775947,-0.1204474443,0.59426227,0.372603925,509.0876564,97,113.753928,2295.454484,0.3358452015,-6.560006492,14.43971119,0.02241577029,8,1495.928593,31.38054726,13.24344105,536.958413,1419.532416,365.6492797,802.6392198,5520.320953,0,0,1,14.777232,0.9872961838,0.2401619,35.85606125,35.90646,-0.05039855834960605
134.25763,871,50,0.0998333,0.147038,-0.21408944,15.117954,1.3287627,0.852962,0.6743761737,-0.05199355277,0.31392274,0.47639765,555.1436723,120,48.79325634,4930.050306,0.1323587112,-3.236594306,-8.560288809,0.02393693366,1,3572.529152,109.395991,531.7204657,2011.445573,2357.39998,1080.352293,338.0882539,2956.150184,0,4,1,19.628033,0.9873132157,0.2341724,36.72082031,36.741432,-0.020611879941405675
152.82625,857,10,0.000228,0.5218902,-0.5744069,67.50538,1.0424482,0.4781098,0.0004360380057,-0.2019024234,0.5746349,0.2391689,2123.175329,134,32.78702082,4806.682424,0.521771209,-38.77555606,-22.56028881,0.1105693128,6,1524.437847,647.4352958,508.3125399,1292.003894,1033.721089,606.4649416,295.9354586,2970.872884,0,0,0,8.601825,0.9888787926,0.1414606,31.45194248,31.114023,0.33791927138183553
69.934685,864,20,0.08560534,0.45157385,-0.55361193,54.70484,4.048255,0.54842615,0.1891522013,-0.1470323623,0.63921727,0.317015745,1948.504828,127,144.1928066,2490.969197,0.412916717,-30.28525205,-15.56028881,0.08940123265,1,16.97544117,183.6904377,400.1046213,3845.12341,922.9768454,3798.23443,545.9698592,5174.731835,0,0,1,12.250065,0.9882536042,0.1679967,35.61850886,35.63578,-0.017271474472657644
306.17444,912,50,0.07577497,0.18819188,-0.27879268,3.4114814,2.3557189,0.81180812,0.4005191449,-0.07853341624,0.35456765,0.443791545,118.8474536,79,82.06733666,10666.34939,0.1739316459,-0.9510960423,32.43971119,0.004578097955,1,3387.587511,222.4786762,274.2874806,3165.76952,2439.63036,336.4279092,1370.925269,3846.066802,0,0,0,20.09815,0.9877186543,0.2202439,34.83749129,34.688065,0.14942671480469016
0.0,919,20,0.05772178,0.37014112,-0.5058503,40.64961,3.2427514,0.62985888,0.1555251544,-0.1498909264,0.56357208,0.34379033,1387.300139,72,110.6694374,0.0,0.3487759157,-20.56261741,39.43971119,0.06615828853,1,1255.309232,0.0,67.43906531,1314.447345,2121.820867,1093.058849,586.0279907,2110.583835,0,0,0,5.0293703,0.9886509008,0.1385283,34.12825214,33.966038,0.1622143897558601
207.1484,880,50,-0.0086727,0.44243732,-0.49316216,5.3261857,1.0422117,0.55756268,-0.01955789377,-0.1481123299,0.48448946,0.27444499,180.735723,111,35.36581256,7029.254695,0.4462744461,-2.626673244,0.4397111913,0.007744418609,1,1812.803113,0.0,414.5900146,7275.608771,3963.920289,147.0948689,1175.775955,4847.825364,0,0,2,8.968897,0.9879763645,0.1919792,33.933425,34.043888,-0.1104630920410159
134.27817,887,50,0.10793183,0.23976608,-0.34007585,31.218285,0.6642264,0.76023392,0.4482850325,-0.09913974461,0.44800768,0.434082875,1072.681423,104,22.82326912,4613.888895,0.2138876882,-10.61658481,7.439711191,0.0505618337,13,4797.327052,0.0,427.1167491,6440.293578,55.15068077,880.0199042,371.1326803,1437.152038,0,3,0,49.49463,0.987534662,0.183536,34.3606775,34.30972,0.05095841430664194
281.02655,890,50,-0.018249534,0.28810364,-0.3491241,273.47604,4.8377404,0.71189636,-0.06312453901,-0.1186563652,0.330874566,0.346823413,8755.585864,101,154.8846892,8997.322357,0.2933613972,-95.47707634,10.43971119,0.4511802128,208,7461.311187,20.76432546,1623.622031,3030.290157,111.7764642,573.2344412,348.8904243,1328.32494,0,1,0,62.191246,0.988140787,0.1864257,32.01591578,31.999851,0.016064553193359643
115.97107,930,10,-0.044129446,0.5167055,-0.49406812,219.4172,1.058859,0.4832945,-0.08524044268,-0.1825600157,0.449938674,0.219582527,6709.479211,61,32.37846645,3546.237411,0.5395074275,-108.4070435,50.43971119,0.3617838389,15,4951.636372,0.0,1456.379907,1672.535042,930.6860674,453.1311997,583.3315277,813.107822,2,5,1,35.394745,0.9881040905,0.1477277,30.57863837,30.919771,-0.34113282445800763
277.9295,878,20,0.11045779,0.39617667,-0.49523473,2.0208576,3.3577347,0.60382333,0.2781074478,-0.1238322259,0.60569252,0.35714056,73.50300097,113,122.1281385,10108.90243,0.3524158706,-1.000798868,-1.560288809,0.00227844215,1,2564.146661,145.4036172,352.9579332,2377.760135,3065.513324,1659.086369,635.6557986,3947.059537,0,0,0,5.7855935,0.9881147432,0.1452082,36.37218227,36.4792,-0.10701618581054362
237.00333,870,20,-0.022946225,0.37314835,-0.4494912,5.875417,1.7025971,0.62685165,-0.06132921607,-0.1535282804,0.426544975,0.3019527125,187.6248808,121,54.3705371,7568.436682,0.381710696,-2.640948238,-9.560288809,0.008652674996,1,0.0,0.0,59.55351217,4183.376365,2608.659464,2387.030717,633.3619009,11230.23482,0,0,0,4.5498905,0.9878757928,0.1806966,31.9338833,31.81702,0.1168628837402359
140.60199,855,40,0.1374896,0.23966548,-0.35068992,47.501034,2.997857,0.76033452,0.5712892435,-0.08469862545,0.48817952,0.44891206,1747.361764,136,110.2784562,5172.151438,0.206713969,-16.65813381,-24.56028881,0.07748839591,1,1926.495454,529.4207009,614.70443,1271.425217,3361.442561,2394.522244,747.9327995,3956.60023,0,0,0,5.747387,0.9879938264,0.1884124,36.78576269,36.72606,0.05970373003906104
170.28976,887,50,0.09410628,0.29969504,-0.39940298,1.3802787,2.8206348,0.70030496,0.3129625284,-0.1275675389,0.49350926,0.39720562,45.56141338,104,93.10591268,5621.069245,0.2714918547,-0.551287426,7.439711191,0.00121912547,1,2597.92561,0.0,973.1472251,761.4052737,4696.014117,878.4849024,181.4918673,11358.07495,0,0,1,5.2383204,0.987917642,0.1768446,33.00885059,32.9162,0.09265185953125155
0.0,927,50,0.07713053,0.084971465,-0.13876872,99.531975,0.0,0.915028535,0.8971643091,-0.03824395932,0.21589925,0.4960795325,3496.871809,64,0.0,0.0,0.07841757087,-13.81192477,47.43971119,0.1635312607,29,4091.260101,16.21236001,335.9721867,413.4108836,511.1734388,502.8544019,253.3602578,6380.82251,2,2,2,24.75837,0.9872474132,0.1941714,35.13315002,35.095726,0.03742400681640845
202.31001,872,40,0.035721745,0.36125037,-0.4120526,5.1168327,2.504747,0.63874963,0.09861065152,-0.1169572593,0.447774345,0.3372356875,177.7241868,119,86.9979829,7026.882472,0.3483458764,-2.108404218,-7.560288809,0.007398214379,60,2978.101154,1.764044739,144.3442039,665.9669245,2803.835165,1643.254468,1106.292388,9640.946552,0,0,4,13.956393,0.9881352139,0.1859001,34.73324168,34.723206,0.010036113593749008
134.25565,851,40,0.13507982,0.34201333,-0.4315718,30.567919,3.3189037,0.65798667,0.3938034128,-0.08460014321,0.56665162,0.396533245,1191.907189,140,129.411007,5234.909005,0.2958142309,-13.19225183,-28.56028881,0.04948633222,1,5649.467295,852.1943039,1388.040609,5432.622496,3000.743082,4087.480147,1012.095651,9296.453276,0,0,0,3.5910463,0.9881017708,0.1710712,38.9920946,39.131954,-0.13985959311523288
225.75311,927,50,-0.011920529,0.24429968,-0.28727886,417.5374,1.3290182,0.75570032,-0.04859577884,-0.101979903,0.275358331,0.3718898955,13061.7183,64,41.57534475,7062.178212,0.2472118614,-119.9496683,47.43971119,0.6894125391,468,5988.122145,51.77704763,461.3658813,2044.755457,233.925555,206.2341422,400.4069785,4213.130235,0,0,11,56.187428,0.9879377416,0.1807566,31.28275049,31.538656,-0.2559057447412094
11.592358,802,20,0.039658546,0.36157337,-0.4319809,1.8194314,2.3656642,0.63842663,0.1093807469,-0.1252014708,0.471639446,0.339042588,62.66614804,189,81.47988595,399.2722246,0.3472338959,-0.7859596137,-77.56028881,0.001945346362,28,2026.36136,106.4123921,754.1266335,414.7735606,3462.531752,949.5676825,346.0081599,4129.538638,0,1,0,8.3949175,0.9884903497,0.1673267,34.44270998,34.51393,-0.071221294414066
59.69274,879,10,-0.034936294,0.3714597,-0.45381063,3.4425557,2.7547808,0.6285403,-0.09379885663,-0.1488789595,0.418874336,0.296802003,112.1874997,112,89.77399264,1945.292926,0.3844371253,-1.562268371,-0.5602888087,0.004629485106,66,2989.291089,40.56254851,0.0,504.5413256,624.2195365,437.4406325,394.51078,3804.814814,0,3,2,38.547752,0.9877289099,0.1303401,32.58843413,32.05977,0.5286654532421906
64.010086,883,10,0.028971417,0.33743975,-0.38760766,10.152504,1.0581448,0.66256025,0.08560287909,-0.1265864893,0.416579077,0.3457658335,331.5829386,108,34.55923408,2090.583014,0.3276636423,-3.935188319,3.439711191,0.01572563603,1,2202.127954,373.6082651,248.7234678,7590.366036,4265.087401,759.3974906,1540.258792,3206.956341,0,0,0,6.595878,0.9878391159,0.1658189,32.66021255,32.693707,-0.03349396245117475
22.3174,888,30,0.051827442,0.31710362,-0.3995136,10.506544,2.5048792,0.68289638,0.162926288,-0.1253785486,0.451341042,0.367361911,349.6459557,103,83.35955971,742.6979464,0.3006689505,-4.197507217,8.439711191,0.0163111072,348,4310.496523,0.0,77.42796343,5462.658879,587.8402328,0.0,318.0985414,2129.186926,1,0,7,47.48981,0.9888662773,0.2287455,33.27887417,33.160114,0.11875988166992357
180.0,928,50,0.03299604,0.16142668,-0.21638075,415.08133,1.8543341,0.83857332,0.2031442125,-0.07510413205,0.24937679,0.43578468,13143.78638,63,58.71854389,5699.802371,0.1561002388,-89.8156095,48.43971119,0.6853509693,526,6170.694547,45.99602147,826.3007729,1553.457292,528.5301119,67.218217,125.5407828,4229.678479,0,0,10,36.750008,0.9873827447,0.1816249,31.66556873,31.99155,-0.32598171555664024
0.0,898,50,0.10222877,0.23611464,-0.33060333,64.19266,1.3909631,0.76388536,0.4311364747,-0.1053835408,0.4328321,0.433057065,2120.900629,93,45.9568822,0.0,0.2119769308,-21.22230716,18.43971119,0.1050911125,1,2542.326258,0.0,293.4396281,3123.073542,3659.819078,2737.158555,157.054407,4563.312551,0,0,1,12.5731,0.9876872,0.1908733,33.03961277,33.140335,-0.10072231300781453
168.40216,866,30,0.025109421,0.50497866,-0.55588233,1.6227473,2.3657107,0.49502134,0.04962545456,-0.1272637497,0.580991751,0.2600653805,60.6840621,125,88.4678317,6297.546842,0.4922989382,-0.9020565501,-13.56028881,0.001620092521,1,3473.362948,488.700651,513.2350694,3938.287833,4875.921921,1310.334621,501.6818164,9124.475548,0,0,0,12.137221,0.988235715,0.1444723,37.39587926,37.485962,-0.09008265406249905
314.2485,915,50,0.045504507,0.21014492,-0.2834762,397.64334,2.656531,0.78985508,0.2155131509,-0.09221920575,0.328980707,0.4176797935,13011.58076,76,86.92630848,10282.75674,0.200582379,-112.722423,35.43971119,0.6565140007,451,5733.280045,0.0,577.1389203,1704.261556,891.778011,153.6193413,171.8274458,2774.473091,0,0,5,52.02566,0.9877694711,0.1687522,32.72173691,32.531677,0.19005966390624707
214.36075,746,40,0.16666667,0.28975707,-0.47058824,0.8611648,3.3667696,0.71024293,0.5732162248,-0.1184156443,0.63725491,0.4384548,31.2562148,245,122.1978346,7780.282761,0.241464224,-0.4052540276,-133.5602888,0.0003606738215,1,531.8009999,659.5855646,63.97335066,3769.909019,4665.779789,2568.347531,742.0217851,6229.823951,0,0,0,3.1382835,0.9878692854,0.1905362,36.29527682,36.27009,0.025188624199216747
180.0,886,50,0.09221902,0.077844314,-0.16738728,11.314172,2.3174627,0.922155686,1.169634376,-0.04900359246,0.2596063,0.507187353,388.0858541,105,79.49096861,6174.155187,0.07066558765,-1.893848477,6.439711191,0.01764667072,262,7031.123908,42.89458439,652.1543892,3008.402217,267.9507334,196.0475837,100.4304491,3128.966179,2,0,2,73.5048,0.9874283823,0.1873372,34.30086215,34.12149,0.17937167148437538
189.6992,760,40,0.13065933,0.3748979,-0.53963417,7.511643,2.820542,0.6251021,0.3475926043,-0.1190562296,0.6702935,0.377880715,283.9341383,231,106.614247,7170.479067,0.3259139916,-4.053539236,-119.5602888,0.01135847984,1,2261.25305,137.6697257,945.1182816,4000.46013,478.4142291,2000.563617,327.4856976,6564.298236,0,0,1,11.79646,0.9886328562,0.1549592,37.79920562,37.69012,0.1090849229785178
90.0,839,10,0.08207781,0.5374765,-0.5627871,139.47011,1.4272676,0.4625235,0.1524259833,-0.173742791,0.64486491,0.272300655,4675.969834,152,47.85154498,3017.401256,0.493361606,-78.49197874,-40.56028881,0.2295764154,1,92.41806858,523.5022713,529.7174227,4490.405814,773.7400533,1309.038214,548.0604933,2084.741699,0,0,0,32.87296,0.9885999417,0.1232748,33.52668062,33.597103,-0.07042249889648389
207.17392,899,50,0.055274688,0.24716352,-0.32466918,1.8648354,1.0424496,0.75283648,0.2227349451,-0.1087889765,0.379943868,0.404055584,60.13784815,92,33.61727032,6681.015247,0.2335016335,-0.6054545802,19.43971119,0.002020430344,7,2598.738118,0.0,262.12434,371.3184556,228.6818142,1132.849694,378.0628178,5862.459475,0,0,8,27.706112,0.9872203819,0.2829243,32.24834114,32.568302,-0.3199610145410148
168.39488,919,10,-0.1291735,0.6510604,-0.6497401,58.253517,2.3657722,0.3489396,-0.1981005134,-0.2098365414,0.5205666,0.10988305,1912.826499,72,77.68306512,5529.454792,0.7351601506,-37.84964596,39.43971119,0.0952696319,9,3772.722018,0.0,156.7103343,0.0,384.6879098,1237.198834,957.1410276,4896.033729,0,0,1,6.082033,0.9888390948,0.1133927,32.83624058,32.5201,0.3161409401074238
290.08594,807,10,0.17857143,0.342312,-0.4820322,5.178488,4.044282,0.657688,0.5201432807,-0.1149766217,0.66060363,0.418129715,191.2468881,184,149.359494,10713.17213,0.2811848567,-2.496197963,-72.56028881,0.007500172916,1,873.2333479,0.0,869.8094028,950.492713,1894.748373,1940.748028,1269.704536,6143.409636,0,0,0,4.4131627,0.98777152,0.1909807,36.93102854,36.939045,-0.008016412392578331
225.7257,916,50,0.09829868,0.14884393,-0.17661569,82.9817,0.66427225,0.85115607,0.6560070868,-0.04715584688,0.27491437,0.474727375,2950.011754,75,23.61497711,8024.582146,0.1342127682,-14.6558702,36.43971119,0.1361622943,53,4651.477732,0.0,471.5963022,2276.037296,426.5442336,903.1635048,410.5292109,465.1912014,4,2,0,57.441235,0.9884454277,0.1513381,35.55014846,35.76366,-0.2135119709082005
180.0,869,40,0.10323253,0.3589676,-0.4646608,37.020386,1.8543341,0.6410324,0.2867828382,-0.1230314679,0.56789333,0.372132465,1320.066116,122,66.12150431,6418.406896,0.3219104665,-17.20192218,-10.56028881,0.0601566898,3,723.528671,213.0574333,91.94178223,3155.491657,3279.22614,1475.948031,593.8617453,4966.097457,0,0,0,5.9822087,0.9884754331,0.1559171,35.65781609,35.791656,-0.1338404041406278
270.0,896,30,0.12041451,0.4589206,-0.5602941,1.9548962,1.9024591,0.5410794,0.2618158656,-0.1576916556,0.68070861,0.330746955,68.1270659,95,66.29966158,9409.352677,0.4036599008,-1.095316807,16.43971119,0.002169362673,1,655.6113288,0.0,315.3357844,0.0,817.6754942,779.2455714,1138.707771,1310.928662,0,0,0,10.77643,0.9882391741,0.1526886,34.84945436,34.666584,0.18287034510742473
187.30513,762,10,0.119477525,0.40570378,-0.52090245,1.2388133,3.735024,0.59429622,0.2937703825,-0.1376476283,0.640379975,0.3568868725,44.20513399,229,133.2785468,6683.693473,0.3572312965,-0.6453008831,-117.5602888,0.000985186048,1,536.7514312,23.16692832,862.5835143,2486.520941,1050.74913,1602.734,713.3217581,4983.077989,0,0,0,3.8491437,0.9884905228,0.1609317,35.68345124,35.96464,-0.2811903310449253
56.9823,903,50,0.07347191,0.16995841,-0.1776092,15.205215,1.701636,0.83004159,0.4297648182,-0.05240292496,0.25108111,0.45175675,519.8629025,88,58.17855452,1948.212101,0.157471241,-2.700586072,23.43971119,0.024081236,121,5282.310329,53.15442475,1272.965042,412.1751155,104.8546519,104.0231159,188.8129226,2126.245203,3,0,0,49.78925,0.9877485424,0.1465347,34.1897765,33.845222,0.34455402685546943
115.95926,901,10,-0.11061536,0.6273495,-0.59818083,68.89878,1.0593071,0.3726505,-0.1760411363,-0.1907190445,0.48756547,0.13101757,2276.153514,90,34.99547566,3830.852696,0.6967439908,-41.21392941,21.43971119,0.1128735596,3,2022.751589,32.67107006,226.5399609,1881.755456,874.4680616,1474.717332,803.1501326,6268.125143,1,0,0,5.8894806,0.9886779125,0.1594922,33.03619475,33.01115,0.025044389892578067
259.95184,852,50,0.036893204,0.22833085,-0.30801687,484.22815,5.30069,0.77166915,0.1608732711,-0.09134593161,0.344910074,0.404281177,16520.06754,139,180.8398723,8868.592118,0.2199069934,-149.1504391,-27.56028881,0.7996981321,34,6305.836055,102.3543459,118.2273442,4925.298687,720.465148,705.7672293,147.6140456,373.0668894,0,2,1,71.74641,0.9874507134,0.1681949,34.11628907,34.129272,-0.01298339093749945
207.1726,911,30,0.108948365,0.1542637,-0.32582462,1.1468455,2.0841851,0.8457363,0.7016988839,-0.08158645815,0.434772985,0.4773423325,41.69367386,80,75.77074141,7531.778968,0.1374569221,-0.3736704992,31.43971119,0.0008331001386,1,5002.782162,147.075329,1026.0494,1676.487795,3079.985975,545.8971076,894.3326527,9293.001195,0,0,0,8.484173,0.9879450506,0.2044168,36.35509217,36.455948,-0.10085570597656357
314.26416,920,50,0.041089457,0.18411134,-0.22642642,16.102564,1.3286077,0.81588866,0.2219715821,-0.08022655696,0.267515877,0.4284890585,504.2553613,71,41.60564465,9841.251836,0.176546305,-3.646045919,40.43971119,0.02556516993,347,6785.064418,85.25319156,121.9164369,3809.152313,168.4604802,149.9969467,125.5113769,404.6467124,0,0,2,62.493767,0.9872502973,0.1753311,31.31522168,31.666616,-0.35139475981933543
90.0,883,50,0.042179618,0.17272054,-0.23561573,2.6605692,1.4276185,0.82727946,0.2428015593,-0.06930166581,0.277795348,0.434729539,91.08248673,108,48.87339261,3081.078968,0.1654352536,-0.6268719543,3.439711191,0.003336324587,371,6346.971455,160.6015586,227.6904251,2300.772483,482.6315545,617.6703472,464.7763261,2973.440573,0,0,6,59.35849,0.9876443984,0.1783624,34.23421076,33.754803,0.47940805614258153
37.593746,910,50,0.03569111,0.16640502,-0.23902167,161.01906,2.3397944,0.83359498,0.2132021489,-0.07729421438,0.27471278,0.434643045,5283.958394,81,76.78206704,1233.666311,0.1604658401,-38.48704462,30.43971119,0.2652116231,311,4528.286174,0.0,759.0037751,1593.937884,213.9536812,297.1704284,319.5503418,2453.304557,6,0,22,72.0047,0.987636622,0.1711108,32.81573246,32.560535,0.2551970290917964
161.12447,931,50,0.08183336,0.20741825,-0.27394438,3.7755153,2.9380302,0.79258175,0.3926400879,-0.07014981575,0.35577774,0.437207555,136.2203714,60,106.0039579,5813.361461,0.1904445177,-1.034281198,51.43971119,0.005180095902,33,3120.289482,309.37831,356.0160619,3030.690322,665.7237391,190.7423021,1080.344156,2218.270268,0,0,0,19.344986,0.9877732857,0.2011257,36.07994156,35.88841,0.19153289911132987
295.97205,893,50,0.01017409,0.30686566,-0.36047235,435.22507,2.1169224,0.69313434,0.03304717389,-0.1326496826,0.37064644,0.351654215,13340.5736,98,64.88817171,9072.17251,0.3037435812,-156.8866038,13.43971119,0.7186624002,447,5567.625194,0.0,366.8861766,2463.691442,167.7029994,20.50233103,313.0515358,2532.889708,2,1,6,64.11725,0.9873513929,0.2040704,30.6521258,30.81507,-0.16294339860839813
148.38614,835,50,-0.0321267,0.3712053,-0.39127782,7.624458,2.7207422,0.6287947,-0.0863144614,-0.1201604652,0.35915112,0.298334,256.2221609,156,91.43134447,4986.56002,0.3831309013,-2.983281305,-44.56028881,0.01154504049,134,6234.921193,366.2381687,895.9536798,1033.028194,1083.698338,531.6194082,212.3262401,3577.361595,0,0,0,49.687954,0.9887132067,0.130958,33.60529508,33.40586,0.1994341791210914
256.29938,892,10,0.02332755,0.4445395,-0.55160797,10.48697,1.9572196,0.5554605,0.05235798397,-0.1513400633,0.57493552,0.289394025,369.067572,99,68.8803616,9019.935205,0.4341694826,-5.784696233,12.43971119,0.01627873794,1,757.7635503,369.0525984,116.9884136,8721.518954,1802.981918,752.2088228,954.0676852,1895.183859,0,0,0,8.909846,0.987991701,0.1697361,35.19296537,35.210682,-0.01771654528319999
244.01639,899,50,0.06911604,0.17574087,-0.24646859,15.285803,1.0583833,0.82425913,0.3910586159,-0.06721332907,0.31558463,0.446687585,539.1805444,92,37.33265984,8607.260606,0.163594357,-3.767470312,19.43971119,0.02421450329,8,2732.02405,19.85858449,154.801281,2440.922255,2244.271584,48.43241384,26.114793,4613.594098,0,0,1,9.921584,0.9872605971,0.1878633,35.27328884,35.01858,0.25470744961913994
0.0,860,20,0.012997243,0.44230217,-0.49166667,7.9661913,0.0,0.55769783,0.02931915041,-0.1527394876,0.504663913,0.2853475365,266.3311649,131,0.0,0.0,0.4365534612,-3.916710749,-19.56028881,0.01211016023,1,638.4164483,238.5567419,1317.052031,1412.838194,1676.585852,659.2751056,440.1745241,3333.71979,0,0,0,18.391186,0.9888009965,0.2332763,33.43268507,33.654972,-0.22228700641601762
0.0,880,10,0.07602765,0.3841962,-0.48581457,6.3082585,0.0,0.6158038,0.1973738318,-0.1437314956,0.56184222,0.345915725,215.4299881,111,0.0,0.0,0.3549866658,-3.064643891,0.4397111913,0.009368459141,8,2837.842258,0.0,134.8362134,2272.892073,5366.502502,663.5040405,492.2826884,9069.489708,0,0,3,18.75761,0.9892691006,0.1595209,34.15046927,34.14116,0.009310212382814598
207.1833,909,40,0.056777857,0.35198373,-0.44221377,6.498778,1.0425372,0.64801627,0.1608512013,-0.1130053583,0.498991627,0.3523970635,234.6421276,82,37.64140685,7480.472531,0.3319988481,-2.87384912,29.43971119,0.009683518666,1,1523.882084,23.26505072,210.766252,3056.797635,3778.492976,308.5939969,1098.209938,4667.678149,1,0,5,11.231229,0.9883359735,0.12723,36.10557671,36.0247,0.08087654520507925
134.2728,754,30,0.13794327,0.3305966,-0.44016588,2.180091,1.9921571,0.6694034,0.4159972388,-0.1211368811,0.57810915,0.403673335,76.63444793,237,70.02820504,4719.950635,0.2849930239,-0.9596016735,-125.5602888,0.002541764274,1,982.615011,404.4401455,534.1025918,2481.862072,977.9359961,832.2749487,937.5943664,2365.582139,0,0,0,14.692551,0.9881414071,0.1612127,35.15194913,35.237915,-0.08596590906250157
270.0,886,50,0.0345772,0.39328063,-0.46798542,6.813242,1.4274652,0.60671937,0.08769692795,-0.1352079377,0.50256262,0.320648285,234.9692596,105,49.22919825,9311.528945,0.379682087,-3.188497919,6.439711191,0.01020354354,65,4917.447933,0.0,30.40628792,5069.281495,409.9602879,92.32008071,481.8994621,1010.500241,1,1,8,63.017075,0.987549826,0.2177177,34.48714424,34.297974,0.18917060718749923
14.39591,863,40,0.1354222,0.38710594,-0.4981595,54.74975,1.914402,0.61289406,0.3489310161,0.0,0.6335817,0.37415813,2655.325494,128,92.8471899,698.1918059,0.334683202,-27.27410809,-16.56028881,0.08947549971,1,392.2772356,677.927875,349.5347772,3394.076006,1140.546663,3737.162833,441.5194134,4715.799926,0,0,0,6.9409175,0.9882894922,0.1622158,48.49931723,46.73609,1.7632256162304714
45.766262,912,40,0.123774506,0.24428976,-0.3920662,98.43657,3.3202038,0.75571024,0.5046052717,-0.1064488627,0.515840706,0.439742373,3477.901355,79,117.3074325,1616.985889,0.2140529156,-38.59365194,32.43971119,0.1617198042,1,1114.524009,0.0,36.33314302,2467.948414,5665.304177,1752.757016,947.145453,1888.420726,0,0,2,25.528097,0.9876957291,0.2530644,35.33139518,35.23148,0.09991553522461061
64.0211,860,20,0.08984375,0.2773486,-0.36839294,6.6918573,3.172801,0.7226514,0.3227742119,-0.1111853699,0.45823669,0.406247575,226.5973069,131,107.4362661,2167.859862,0.2524305617,-2.465232985,-19.56028881,0.0100028113,1,2334.61554,29.72112437,1536.547656,379.9027629,2031.342516,783.386682,500.2126105,5245.899637,0,0,0,6.6440573,0.9880016173,0.1800712,33.86164658,33.8796,-0.017953944902345143
57.012688,927,40,0.14466429,0.32812893,-0.46134663,29.054508,3.4030468,0.67187107,0.4395368405,-0.107994238,0.60601092,0.40826768,1079.269324,64,126.4108145,2117.81405,0.2806603913,-13.40419935,47.43971119,0.04698362488,1,0.0,0.0,757.5462244,2241.703251,2065.075058,1322.345134,443.2013934,2006.934001,0,0,1,5.715528,0.9878483833,0.2014381,37.1463638,37.04349,0.10287243647461253
0.0,902,50,0.06841686,0.27733842,-0.3659959,1.6984037,2.7802885,0.72266158,0.2458045857,-0.09733287453,0.43441276,0.39553922,60.46558135,89,98.98221516,0.0,0.2583637961,-0.6216087907,22.43971119,0.001745204488,13,2259.429106,0.0,612.6241279,430.4715744,223.3980889,223.5645933,431.9797541,603.9586548,0,0,1,24.3588,0.9880270562,0.1689411,35.60141876,35.60298,-0.0015628073828111155
236.99315,884,50,0.04639175,0.100594915,-0.14133483,429.01965,3.4012647,0.899405085,0.4566345668,-0.04347330655,0.18772658,0.4728984175,14407.06715,107,114.2191248,7958.554406,0.09592814085,-60.6354193,4.439711191,0.708400581,234,7132.493528,489.2390531,435.4625738,5130.933913,940.108849,616.4342033,365.16444,2962.759347,0,0,0,81.48314,0.9873526526,0.1739126,33.58136894,33.710167,-0.12879799115234647
256.31476,908,50,0.075452715,0.130729,-0.20921053,377.09222,1.9593772,0.869271,0.5727874272,-0.06618691212,0.284663245,0.4723618575,12502.80382,83,64.96476843,8498.327443,0.120865142,-78.89166321,28.43971119,0.6225288909,537,7582.416149,45.4830954,214.3428221,759.2021876,162.0841574,378.3762116,39.85193789,1637.097559,6,0,16,58.35708,0.9873560082,0.1555535,33.15582545,32.86763,0.2881954451171893
290.07056,908,10,0.07345255,0.23099415,-0.2948866,560.3545,4.047247,0.76900585,0.3166138025,-0.08156021209,0.36833915,0.4212292,19660.20447,83,141.998866,10177.21196,0.2140270406,-165.2410333,28.43971119,0.9255872495,45,4847.230287,0.0,627.2837199,1572.418915,433.2087607,488.0257193,274.5486112,270.2335587,1,4,3,67.14191,0.9882931135,0.1217578,35.08529774,34.897633,0.18766514112304833
235.1461,753,20,0.07974626,0.4841067,-0.5310969,0.95608515,4.0506043,0.5158933,0.1643891127,-0.1473782204,0.61084316,0.29781978,33.50204922,238,141.9366723,8239.722388,0.4455010012,-0.5077738593,-126.5602888,0.0005176423229,1,120.3988911,20.65006977,2426.185671,2288.079507,3583.38371,2314.972811,461.3908813,4484.082113,0,0,0,4.3528585,0.9885842994,0.1300517,35.04086348,35.036583,0.004280533222654981
233.83011,904,50,0.07351838,0.13250802,-0.19381344,2.70995,2.3559737,0.86749198,0.5506663944,-0.06356956561,0.26733182,0.47050518,88.32228973,87,76.7855465,7620.956373,0.122766245,-0.5252247317,24.43971119,0.003417984949,55,3804.069018,0.0,334.5362595,694.3925889,713.750023,859.5518912,871.6903363,1350.856962,0,1,4,28.08954,0.9871772355,0.2679415,32.59185215,32.463512,0.12833972934570426
0.0,850,40,-0.03240418,0.5384216,-0.5509029,29.375263,4.1663504,0.4615784,-0.06007208462,-0.1337335036,0.51849872,0.21458711,1078.834362,141,153.0131654,0.0,0.5558687104,-16.18291757,-29.56028881,0.04751405309,1,1630.520723,1095.025811,2193.890436,5973.77288,3504.330507,3147.326928,296.9108706,6815.079741,0,0,0,3.6538863,0.9889571793,0.1975206,36.72594734,36.835995,-0.11004738045898677
14.394169,869,40,-0.019240953,0.4014563,-0.4981837,6.648692,1.9143871,0.5985437,-0.04780880061,-0.1386135329,0.478942747,0.2896513735,232.7372924,122,67.01307118,503.8675155,0.4091807018,-3.312269981,-10.56028881,0.009931429425,1,1394.374234,0.0,203.173715,862.9053668,1971.461702,936.0061599,913.6400051,8053.500266,0,0,1,11.042338,0.9875625027,0.1543644,35.00497427,35.081375,-0.07640085207031433
72.002686,864,10,0.028449778,0.37195954,-0.44377336,5.9345717,1.5005854,0.62804046,0.07628113763,-0.1147643747,0.472223138,0.328245119,213.3887587,127,53.95638843,2588.992865,0.3613773737,-2.633604823,-15.56028881,0.008750498325,1,1443.413,0.0,1320.635736,1272.981891,3045.005841,216.4704934,1993.88726,6398.497554,0,0,0,6.2979136,0.9875266299,0.159266,35.95689284,35.775776,0.18111693057617373
99.21862,904,50,-0.09296149,0.33857414,-0.3659751,55.05379,2.892295,0.66142586,-0.2737590383,-0.1193153011,0.27301361,0.284232185,1799.573883,87,94.54205683,3243.214268,0.3700484965,-20.1483163,24.43971119,0.08997828655,42,4634.179192,0.0,504.9143434,503.1921251,1993.742313,416.0350091,405.4345291,7014.320007,0,0,4,16.064142,0.987360255,0.1962341,32.68755671,32.915134,-0.227577719931638
11.600574,903,50,0.05045045,0.3267875,-0.3842921,7.7866335,2.3657339,0.6732125,0.1539120619,-0.1127745629,0.43474255,0.361831475,266.8220936,88,81.06585113,397.5131797,0.3103009236,-2.99234174,23.43971119,0.01181322792,327,4982.652884,36.51539822,628.8291374,4069.372761,439.9915221,422.3691809,451.474442,1842.890104,0,2,4,56.772217,0.9885950925,0.1682834,34.26668195,33.90889,0.35779217949218634
244.03009,892,50,0.113919206,0.113302864,-0.20740934,12.6699705,1.0589032,0.886697136,0.9966434962,-0.06485697863,0.321328546,0.500308171,422.3352534,99,35.29701599,8134.392254,0.1003954917,-2.627870219,12.43971119,0.0198887364,76,6951.184668,330.0161429,474.7250855,1244.967852,270.6828688,419.9582368,23.01201795,4976.171652,0,0,0,75.338104,0.9872581686,0.1632163,33.33356249,33.64874,-0.3151763710839859
103.68455,891,40,-0.05381639,0.5204263,-0.5471211,80.96683,1.9594731,0.4795737,-0.1032099647,-0.1731864232,0.49330471,0.212878655,2683.830217,100,64.95120428,3436.860852,0.5484337647,-44.29866109,11.43971119,0.132830331,17,2392.973841,90.34248924,483.6655718,3671.064291,1035.179778,266.3513516,298.3312823,2302.642897,0,0,1,37.096363,0.9875726361,0.2721526,33.1472804,33.069023,0.0782572676757809
53.859505,908,50,0.14947289,0.36867616,-0.48034075,58.546745,2.3576267,0.63132384,0.404334675,-0.1216821556,0.62981364,0.390398365,2120.167582,83,85.37731175,1950.427415,0.3135690689,-28.1223874,28.43971119,0.09575453908,7,2229.920409,0.0,499.6257341,2783.158577,2300.332093,1502.388721,385.2156514,5434.837459,0,0,3,8.829826,0.987864965,0.1855482,36.21324434,36.107388,0.10585679727539343
325.63727,740,10,0.12356889,0.38533542,-0.50508475,0.8525212,1.6848794,0.61466458,0.3198487211,-0.1246399774,0.62865364,0.369116735,31.14355443,251,61.55053188,11895.89425,0.3377199499,-0.4305954572,-139.5602888,0.0003463800169,1,223.1357857,41.13460317,1746.875411,2122.859228,4411.031366,1691.392997,633.6111802,5163.64146,0,0,0,3.138426,0.9876335603,0.2232856,36.5311202,36.469368,0.06175221904296535
295.9847,923,10,-0.029271955,0.34576383,-0.36,17.008173,2.1159616,0.65423617,-0.08441467208,-0.1344421333,0.330728045,0.3124821075,516.8312521,68,64.29821022,8994.154933,0.3558850133,-6.12294228,43.43971119,0.02706276331,406,6986.294482,0.0,389.7336615,335.9983842,836.6721362,218.0708781,267.8448227,2468.109897,0,0,2,45.4442,0.9891934084,0.1453789,30.38722925,30.545982,-0.158753110839843
64.01553,785,50,0.059314664,0.30976024,-0.37328592,3.4099782,2.1159804,0.69023976,0.1908695398,-0.09912688937,0.432600584,0.374777212,121.4641664,206,75.37168286,2280.247126,0.2913869154,-1.27289685,-94.56028881,0.004575612134,41,4095.172695,0.0,490.1530045,1723.565723,1580.63921,549.8160673,290.7675811,1788.588437,0,0,1,19.550446,0.9878557416,0.2214669,35.62021787,35.808727,-0.18850939440429926
217.59636,904,10,-0.02090171,0.48343372,-0.5302952,79.6654,2.3398767,0.51656628,-0.04314668682,-0.1472118098,0.50939349,0.247832285,2791.135959,87,81.97930339,7623.648721,0.4935383114,-42.24617923,24.43971119,0.1306781738,1,1894.006224,247.7680139,281.9844477,1565.608641,863.180809,291.8562889,383.1555913,4382.071647,0,0,1,27.346863,0.9877567616,0.2266356,35.03573645,35.01664,0.019096740527345446
90.0,858,10,-0.18649635,0.6779355,-0.64109033,7.2611337,2.852836,0.3220645,-0.2746893483,-0.2334514967,0.45459398,0.067784075,223.9218028,133,87.97692021,2775.45671,0.8043679963,-4.6550426,-21.56028881,0.010944216,1,1228.121213,113.3949826,1198.236451,634.2049439,1466.290692,1231.541227,293.9011261,4844.592876,0,0,1,7.4541016,0.9888707104,0.1336069,30.83840789,30.47259,0.3658183972021476
140.59761,873,40,0.11674797,0.274519,-0.37623513,7.4080625,2.998045,0.725481,0.4237383629,-0.1010369634,0.4929831,0.421114485,262.8006617,118,106.3555025,4987.693469,0.242469464,-2.787173358,-6.560288809,0.01118719017,2,3071.74267,0.0,30.8451078,1693.392415,758.9059958,2902.747991,435.2961408,11682.82254,0,0,1,8.445471,0.9877247843,0.1958611,35.47495202,35.475716,-0.000763617207027778
99.227974,774,20,0.11183199,0.19751382,-0.25228694,5.043052,2.889395,0.80248618,0.5633461187,-0.06664863501,0.36411893,0.457159085,179.9707374,217,103.1134616,3541.135735,0.1754254565,-1.272296157,-105.5602888,0.007276204232,2,1083.128053,0.0,777.7744333,3005.046111,1711.883051,526.31331,386.5682116,2343.24061,0,5,2,11.651814,0.9875221844,0.2291422,35.68686926,35.593105,0.09376394383789233
18.87907,899,50,-0.006805708,0.25643834,-0.33120465,4.3336434,1.4700124,0.74356166,-0.02643626431,-0.1113406569,0.324398942,0.368377976,139.5232173,92,47.32758111,607.8184897,0.2581835845,-1.435322846,19.43971119,0.006103064806,273,4650.546584,0.0,434.5414371,1329.041138,160.0475334,581.9461305,358.4921412,3569.186168,0,0,6,34.67408,0.9874075393,0.1908558,32.19536183,31.916586,0.27877590775879213
259.94745,805,40,0.06369888,0.37423638,-0.4265233,1.5564349,5.298411,0.62576362,0.1697566744,-0.1023375638,0.49022218,0.34473125,57.3743432,186,195.3135664,9582.356583,0.3503979417,-0.6638557498,-74.56028881,0.0015104326,1,3873.473027,126.5834653,1099.732526,679.6414864,2347.477392,1101.215825,678.8699001,3592.580126,0,0,0,12.054973,0.9878303655,0.22009,36.86266814,36.814312,0.04835615879882482
45.73165,911,50,0.11370771,0.22163461,-0.22635135,17.075777,0.6643432,0.77836539,0.5107368976,-0.06049892439,0.34005906,0.44603655,606.812946,80,23.60841644,1625.1417,0.196433046,-3.865125176,31.43971119,0.02717455913,156,4912.654767,109.3380662,407.9124454,2636.664392,310.3221866,191.2346823,357.7384346,520.2893912,0,1,2,54.021534,0.9875936702,0.2095781,35.53647638,35.601295,-0.06481909119140283
270.0,864,40,0.03607448,0.28923476,-0.38093916,1.9911127,2.37781,0.71076524,0.1242941404,-0.09412532884,0.41701364,0.37341986,72.70695189,127,86.82748961,9859.24956,0.2788007664,-0.7584927994,-15.56028881,0.00222925341,2,3443.550838,79.13964505,98.50296729,1371.798812,1398.828595,506.3665185,590.0968335,3788.124306,0,2,3,27.671856,0.9886573748,0.1717124,36.51573911,36.205917,0.3098217516015609
165.62024,769,10,0.0047707944,0.39964995,-0.45438012,3.28857,1.9142637,0.60035005,0.01190763758,-0.1262816192,0.4591509144,0.3025604222,115.16689,222,67.03819503,5800.07966,0.3977433023,-1.494260831,-110.5602888,0.004374841032,1,2791.140066,66.1143737,1107.815504,3773.667365,965.9166092,2169.220619,502.8469379,6585.84649,0,1,0,9.483541,0.9890032184,0.1228729,35.02035536,34.968624,0.05173124500976911
90.0,909,50,0.07794015,0.3154629,-0.32765532,87.83207,2.3789911,0.6845371,0.2462852676,-0.1087966177,0.40559547,0.381238625,2845.347663,82,77.06816845,2915.57844,0.2908756743,-28.778645,29.43971119,0.1441832857,119,2718.242736,0.09064851422,610.4862705,1409.188971,362.6580758,462.556708,488.634698,2651.666028,0,1,8,69.15598,0.9892019786,0.1460211,32.395316,32.338356,0.05695998193359486
225.76216,911,40,0.09676444,0.2574195,-0.3592719,41.52894,1.993404,0.7425805,0.3744471296,-0.1075336746,0.45603634,0.41967247,1411.277399,80,67.7418208,7672.072388,0.2325104462,-14.92018118,31.43971119,0.06761242468,2,3158.008867,0.0,514.1635668,3518.547519,1973.854983,1143.255613,321.4473253,5740.888383,0,0,4,6.516912,0.9885868028,0.1561865,33.98298629,34.015884,-0.032898109414063015
7.307767,799,50,0.03517964,0.14146557,-0.20749414,5.814888,3.735046,0.85853443,0.2469343295,-0.06508822155,0.24267378,0.446857035,193.5526769,192,124.3236588,243.2442146,0.1364888622,-1.206555185,-80.56028881,0.008552579006,48,4660.199796,18.35535031,194.726466,1012.216439,1000.187965,122.4029304,139.4195779,740.9697971,0,1,3,38.273697,0.9876409395,0.1800658,33.28571021,33.493427,-0.20771706661133038
134.24792,927,10,-0.0040257648,0.30918634,-0.42351598,72.562546,2.6565588,0.69081366,-0.01297853671,-0.1540283131,0.4194902152,0.3433939476,2239.325523,64,81.98306497,4142.974719,0.3104310515,-30.73139778,47.43971119,0.11893228,89,4286.276297,13.56188757,371.3544145,699.4718152,485.4283573,366.5493618,781.1379051,3266.682621,0,0,18,39.772354,0.9879128632,0.2353434,30.86062502,30.625973,0.23465227219726614
72.00011,907,10,0.05730289,0.38044164,-0.44137022,4.2818017,1.5003772,0.61955836,0.1502271488,-0.1427447222,0.49867311,0.338430625,140.5031414,84,49.23341262,2362.613298,0.3586412346,-1.889859758,27.43971119,0.006017334887,27,3241.047907,0.0,479.8333839,2788.647034,939.2699517,255.5274168,910.8004012,2524.920607,0,0,3,36.143085,0.9882691358,0.1523092,32.81402345,32.691143,0.12288041411132866
123.003265,883,50,0.07125581,0.12407116,-0.20173328,1.8039428,1.7022955,0.87592884,0.5697221486,-0.05451616117,0.27298909,0.473592325,63.84680238,108,60.24920766,4353.444661,0.115230369,-0.363915298,3.439711191,0.001919733073,1,3779.665473,0.0,356.8256534,1375.580426,891.2536012,456.111128,465.4829251,4626.471441,0,1,2,20.200869,0.9875649777,0.1947986,35.39291954,34.934223,0.45869636495117305
295.97366,899,10,-0.13697545,0.7308156,-0.68084276,2.684972,1.0587611,0.2691844,-0.1871720827,-0.2516699084,0.54386731,0.066104475,82.08443325,92,32.36823506,9048.448228,0.8309193957,-1.828043747,19.43971119,0.003376679168,14,5060.808802,0.0,381.0830267,4675.266512,262.0335403,622.714782,415.0918506,1593.422535,1,0,2,33.581245,0.9894883689,0.1251801,30.57180233,30.104206,0.46759624479492246
325.60773,892,40,0.12133606,0.29906777,-0.42706892,48.707336,1.6854732,0.70093223,0.4043621879,-0.1117235969,0.54840498,0.411134145,1744.288949,99,60.35953754,11660.54257,0.2627800651,-20.80138938,12.43971119,0.07948324125,1,1619.470132,115.0732511,253.70966,2180.164072,3088.224487,4476.429941,423.6362808,4835.492123,0,0,0,8.868888,0.9878750579,0.2053404,35.81162699,35.86652,-0.05489293797851502
134.2394,916,40,0.16769013,0.2783555,-0.43836734,24.339708,1.9933484,0.7216445,0.6002750259,-0.1114508807,0.60605747,0.444667315,880.3382761,75,72.0970397,4855.279364,0.23167803,-10.66973305,36.43971119,0.03918682377,1,182.0284794,192.6530699,80.44995745,3832.111204,6599.985173,1815.456455,500.5105929,4181.260626,0,0,0,2.813291,0.9878147325,0.1976782,36.16881008,36.192505,-0.023694802812499915
328.3609,899,40,0.020050922,0.45889598,-0.5287984,19.738977,2.7214794,0.54110402,0.04359881989,-0.1510634103,0.548849322,0.280577471,683.844485,92,94.28394788,11375.85755,0.4496946925,-10.43793946,19.43971119,0.03157865702,1,815.3062968,343.0702634,343.0702634,5404.327554,5825.28232,3551.55458,671.3413395,1453.240565,0,0,0,2.6813812,0.988265717,0.1599881,34.64437316,34.667458,-0.023084420566405583
123.02043,920,50,0.050187927,0.24125975,-0.30696684,13.9482975,3.4000268,0.75874025,0.2071657673,-0.1015376857,0.357154767,0.4044640885,452.7176653,71,110.3541271,3992.854458,0.2291514233,-4.281664807,40.43971119,0.0220026885,103,5281.273311,109.9737287,723.2582943,441.9937618,816.9048694,187.8071905,262.2244242,1303.554111,0,2,0,51.274982,0.9876297123,0.1941633,32.45684036,32.759567,-0.30272690074218644
90.0,863,10,0.0014641288,0.3805668,-0.45067802,5.80649,0.47602448,0.6194332,0.003837149354,-0.1318433064,0.4521421488,0.3104486644,199.2271532,128,16.33293125,3088.000459,0.3800096012,-2.616857416,-16.56028881,0.008538691346,1,0.0,0.0,135.5281381,2870.58726,2182.492886,740.6553027,728.9917269,5957.82988,0,0,0,6.389527,0.9876228761,0.1635921,34.31111621,34.14047,0.17064761258789218
18.897703,889,30,0.13739546,0.2685743,-0.40077606,2.5849855,1.470176,0.7314257,0.5096756627,-0.07730641677,0.53817152,0.43441058,101.1871803,102,57.54885822,739.7353994,0.2316734105,-1.036000304,9.439711191,0.003211332843,1,1859.880557,0.0,323.6989105,2018.459244,3236.665872,705.8140767,1082.425319,9536.388467,0,0,2,4.608837,0.9880407664,0.1813098,39.14419649,38.87892,0.2652749812109363
201.055,870,40,0.17085099,0.27309138,-0.40342164,45.01645,3.969015,0.72690862,0.6233358743,-0.08448388954,0.57427263,0.448879805,1726.050923,121,152.1826355,7708.985678,0.2264334474,-18.16061009,-9.560288809,0.07337967289,1,2846.144415,710.8473633,888.961803,6694.206385,2306.318157,2294.159903,362.2860791,5864.727195,0,0,0,7.3309317,0.9878334136,0.2177436,38.3426708,38.30133,0.0413402335937505
299.44193,857,20,0.035226773,0.44811633,-0.5300279,2.4468377,10.266658,0.55188367,0.07843574292,-0.1579702811,0.565254673,0.2935552215,83.30139214,134,349.5233476,10194.35397,0.4323306378,-1.296892248,-22.56028881,0.002982879691,1,765.2191702,136.414276,814.6551055,2891.468096,2574.889215,788.3496257,602.6715992,2034.148577,0,0,2,17.930477,0.9887023994,0.1327048,34.04451065,34.175514,-0.13100357119140682
256.31747,867,40,0.049675122,0.4494885,-0.5296896,31.458197,1.9597573,0.5505115,0.1102694564,-0.1300397829,0.579364722,0.300093311,1151.138621,124,71.7127023,9379.334074,0.4271601039,-16.66307979,-12.56028881,0.05095857293,1,548.3536433,21.96546754,174.5744904,3961.986631,4622.496614,1666.287882,520.6878024,7210.406252,0,0,0,3.221408,0.9878925877,0.1784622,36.59264456,36.6897,-0.09705652032226908
332.82367,923,50,0.024624102,0.4295752,-0.50150955,64.08146,1.0424721,0.5704248,0.05718885342,-0.1588898607,0.526133652,0.297524451,2123.249996,68,34.54086225,11027.64912,0.4189972965,-32.13746417,43.43971119,0.1049072226,10,3788.103946,0.0,1225.62843,1694.332306,962.0489483,490.6223184,139.8198369,5410.831284,0,0,3,19.913652,0.9879730391,0.1614167,33.13360832,33.12952,0.004087903740234822
64.02999,881,40,0.12777129,0.117965974,-0.24246831,2.9101217,1.0588994,0.882034026,1.074015416,-0.06060297226,0.3702396,0.504902658,105.8623972,110,38.51991099,2329.238751,0.1028933093,-0.7056122905,1.439711191,0.003749006188,15,2616.765318,0.0,163.7251926,994.6272873,2361.813856,698.185272,369.1874701,6128.844833,0,0,3,15.938091,0.9873427294,0.2620668,36.3773093,36.444405,-0.06709530205078096
110.08362,931,50,0.0037546933,0.21193667,-0.27034792,82.8111,4.044729,0.78806333,0.01763291076,-0.0847855845,0.2741026133,0.3959090117,2756.709327,60,134.6455023,3664.587742,0.2111409128,-22.38780864,51.43971119,0.1358801754,25,6591.069669,0.0,548.6502599,2646.828242,540.5901127,1467.977066,507.582057,1095.148146,10,2,0,43.218826,0.9880618176,0.1075463,33.28912823,33.354267,-0.06513889036132525
112.681046,911,30,0.11518771,0.36223316,-0.47353464,9.477613,3.6032124,0.63776684,0.3171178259,-0.1231951475,0.58872235,0.376477275,340.0728323,80,129.2893734,4043.187083,0.3205083518,-4.48797806,31.43971119,0.01460957789,1,1919.691862,644.1193297,758.7850627,2662.887632,2505.441175,1807.082931,1945.670086,4868.769488,0,0,0,14.058907,0.9881959261,0.1570671,35.8816964,35.917274,-0.03557807509765354
332.8173,901,40,0.16439205,0.27285612,-0.44722,2.6135032,1.0425318,0.72714388,0.6002862014,-0.09535804736,0.61161205,0.445767965,99.7263105,90,39.7810303,12699.67506,0.2280007431,-1.168810901,21.43971119,0.003258492178,1,291.0409882,972.5927049,596.705545,6696.349328,10172.79271,6670.978897,1002.913517,5146.136668,0,0,0,1.5156718,0.9877813894,0.218933,38.15809772,38.20751,-0.04941418185546809
134.25089,889,50,0.09755675,0.20639333,-0.3309481,3.0138452,0.6645509,0.79360667,0.470394829,-0.1014467649,0.42850485,0.44558171,101.3635683,102,22.35060068,4515.211751,0.1862582675,-0.9974263426,9.439711191,0.003920532339,33,6597.218467,30.91597963,401.1938252,711.6682092,816.8579556,302.0340872,728.8447634,4610.84393,0,0,5,65.98942,0.9878421133,0.1867771,33.63263924,33.67559,-0.042951275136715594
220.5198,929,50,0.13554393,0.07045095,-0.21803279,16.488705,3.6553078,0.92954905,1.897020683,-0.05897470233,0.35357672,0.53254649,583.3861539,62,129.3282862,7802.201445,0.06090175136,-3.595078355,49.43971119,0.02620372609,1,1610.526951,21.58431888,406.0876293,1372.553906,2596.21608,544.835376,1220.359395,6780.646972,0,1,1,22.527588,0.9885938598,0.1784877,35.38095647,35.08128,0.2996767153613291
225.75072,909,10,-0.031297214,0.63127345,-0.6262764,65.901024,1.9929955,0.36872655,-0.04949949108,-0.2215909364,0.594979186,0.168714668,2065.281933,82,62.45878058,7074.835185,0.6510305503,-41.27225607,29.43971119,0.107916211,3,895.1541921,0.0,549.3049342,1097.42014,728.7328202,449.1474972,768.7796006,2254.779177,0,0,0,40.85745,0.9885556826,0.1484083,31.33914782,31.468237,-0.12908910321777256
168.4087,913,50,0.037373196,0.36075473,-0.4014769,89.36471,2.3656552,0.63924527,0.1033108703,-0.1119465482,0.438850096,0.338309233,3125.613046,78,82.74096963,5890.249404,0.3472721728,-35.87786674,33.43971119,0.1467177918,24,4229.584982,0.0,736.9895439,5099.049826,1265.397125,704.4085211,129.5746242,123.4444185,0,2,0,37.64491,0.9878508478,0.1145658,34.9759211,35.17053,-0.1946073118652336
196.34286,883,40,0.078529656,0.31348616,-0.3600493,1.9387978,3.3789816,0.68651384,0.2497078282,-0.1058632556,0.438578956,0.382521748,66.38315278,108,115.6940924,6722.649506,0.2888681997,-0.6980627907,3.439711191,0.002142740966,46,4262.652937,0.0,503.2153553,1191.431986,1066.729822,404.6201919,520.4986049,1968.797255,0,0,5,44.26448,0.9880224392,0.1768909,34.23933779,34.22518,0.014156210410156689
249.91641,730,10,0.015104292,0.55077386,-0.5727412,1.5583009,4.0447373,0.44922614,0.02737406227,-0.1627488481,0.587845492,0.232165216,54.1008734,261,140.4246257,8676.563082,0.5424548108,-0.8925031274,-149.5602888,0.001513518379,1,125.0443957,1460.047885,1626.277496,2552.410798,2548.100184,2651.620589,1201.441327,2045.486175,0,0,0,4.4529715,0.9887110112,0.1370449,34.71786059,34.660492,0.0573686466406258
341.1045,883,40,0.12171685,0.18701299,-0.29278642,38.023167,1.4701568,0.81298701,0.6473853216,-0.07367479596,0.41450327,0.46735193,1380.061372,108,53.35974802,12380.48225,0.1642503579,-11.13266694,3.439711191,0.0618149752,1,3249.895397,104.182842,420.2546046,1672.289322,2214.353953,1122.592989,635.3859497,5958.086073,0,0,1,4.9436517,0.9875570241,0.2354899,36.29527682,36.38307,-0.0877950794140645
80.777985,898,50,0.022695875,0.35115963,-0.43287036,6.717901,2.891241,0.64884037,0.06444769095,-0.1453954655,0.455566235,0.3357681225,216.3771011,93,93.12407941,2601.780858,0.3431897549,-2.907980224,18.43971119,0.01004587941,200,5199.679535,0.0,599.1318389,273.9229168,1010.338814,511.3138124,516.6997955,5310.363953,1,0,13,52.40338,0.9880852671,0.1861044,32.20903391,31.944546,0.2644881641503929
45.721012,891,10,0.16984764,0.19925857,-0.42825606,15.477,1.9919362,0.80074143,0.84814168,-0.1116267075,0.5981037,0.485294535,554.9707103,100,71.42639063,1639.453544,0.1654149721,-6.628119041,11.43971119,0.02453068319,8,2514.580796,0.0,270.4898693,8254.324321,922.4643264,16.55635841,219.9089445,1433.445186,0,0,0,20.150856,0.988170062,0.1672762,35.85777026,35.892727,-0.03495663819335704
298.41284,889,80,0.06367041,0.34904855,-0.40574133,50.740894,4.861403,0.65095145,0.1818902264,-0.1190976601,0.46941174,0.35731093,1738.548643,102,166.5675341,10224.5979,0.3268244857,-20.58767782,9.439711191,0.08284610866,1,0.0,0.0,21.44772578,3964.649001,2618.326085,810.9331524,683.0283261,7044.13773,0,1,0,9.701259,0.9885081663,0.153713,34.26326393,34.30565,-0.04238487371093669
0.0,916,50,0.01294686,0.38278288,-0.44784582,2.8363073,0.0,0.61721712,0.0337348555,-0.1419668516,0.46079268,0.31508199,93.95285877,75,0.0,0.0,0.3778270436,-1.270228369,36.43971119,0.003626940311,98,5094.362367,0.0,398.7215106,442.6203672,1161.90261,83.92782851,843.5983159,6355.811629,1,0,4,54.22788,0.9872669162,0.1592308,33.12506327,33.178806,-0.05374303493164234
225.75821,915,40,0.13806635,0.3134004,-0.4558602,53.869286,1.3291397,0.6865996,0.4391417759,-0.08283956074,0.59392655,0.412332975,2137.853934,76,52.74817521,8959.429635,0.2701303507,-24.55686349,35.43971119,0.08801948828,11,2360.320123,54.75839334,743.6725234,2182.045501,1441.964542,536.7712746,1558.486707,2240.253675,0,0,1,25.159525,0.9878099356,0.1755084,39.68595266,39.56087,0.12508153573241998
314.2331,872,40,0.026455026,0.34963325,-0.47435898,3.0958283,0.664763,0.65036675,0.07544927927,-0.1318174417,0.500814006,0.338410888,108.422298,119,23.28137258,11005.09186,0.3403836933,-1.468533955,-7.560288809,0.004056106685,1,971.4787952,89.12158702,89.12158702,5594.681911,1850.617665,1622.204696,1029.33894,12514.55164,0,0,0,4.3286443,0.9880238426,0.1847994,35.02206437,34.922115,0.09994904407226812
0.0,902,50,-0.03641208,0.30100334,-0.34718615,2.8924668,0.0,0.69899666,-0.1205684679,-0.1160280294,0.31077407,0.33129229,93.40083747,89,0.0,0.0,0.3119634977,-1.004224412,22.43971119,0.003719810518,77,3375.378768,26.64107836,172.5236294,989.5822274,2439.38218,490.399509,704.8091231,7144.315913,0,0,4,35.974037,0.9889620704,0.1320541,32.29106639,32.72453,-0.4334628763574244
225.72537,927,40,0.13201989,0.3561565,-0.48192394,18.333008,1.3283584,0.6438435,0.3696415717,-0.1175660188,0.61394383,0.387931695,672.2318224,64,48.7080346,8276.861977,0.309136758,-8.835115447,47.43971119,0.02925362506,21,3572.834695,0.0,780.1558398,2753.149497,614.6536606,643.5138155,433.1289111,733.5068394,0,2,3,30.494497,0.9889554568,0.1856443,36.667841,36.580906,0.08693508569336217
64.02544,848,40,0.17348294,0.15900621,-0.30916744,28.237629,2.1167307,0.84099379,1.084226293,-0.07246945073,0.48265038,0.507238365,1048.490914,143,78.59629102,2377.327506,0.1314213452,-8.73015547,-31.56028881,0.04563276311,1,3281.365653,527.9517056,1743.643085,5435.193708,3280.172598,3803.799675,698.4696304,9686.759869,0,0,0,4.1916637,0.9876413176,0.1879555,37.13098271,37.450176,-0.31919352901367404
14.400879,891,40,0.041446567,0.2693032,-0.353802,55.41112,1.9144446,0.7306968,0.1533336157,-0.09208281051,0.395248567,0.3860716835,1987.960891,100,68.6837045,516.6541344,0.2581415069,-19.60456508,11.43971119,0.09056919835,4,2683.139072,0.0,477.7435818,3479.563304,5137.434527,2670.737366,553.0699267,2484.439545,1,0,1,18.808838,0.9875238873,0.1391635,35.87656937,35.62329,0.25327835437499857
303.00848,897,30,-0.11255187,0.646833,-0.6462011,100.98206,3.4011152,0.353167,-0.1737359319,-0.1986972612,0.53364923,0.120307565,3391.633551,94,114.231542,10176.99309,0.7196352637,-65.25471825,17.43971119,0.1659292467,7,1088.007426,0.0,139.9382852,1759.950871,324.6459476,542.3536612,238.6915816,722.974342,2,1,2,21.632662,0.9877864358,0.1757057,33.58649597,33.497837,0.0886589033496108
217.58871,908,50,0.019856358,0.37972048,-0.4129111,429.739,2.339636,0.62027952,0.0521546884,-0.1301941626,0.432767458,0.320067939,14270.38412,83,77.69251667,7225.489127,0.3721806142,-177.4440032,28.43971119,0.7095901603,419,8458.526713,0.0,1745.096342,3617.226356,528.2444844,1180.755097,179.6907861,1229.346816,1,1,0,59.27632,0.9886115331,0.1147876,33.20709575,33.253796,-0.0466998737792963
314.237,923,40,0.10994248,0.315521,-0.41262388,37.895157,0.6647165,0.684479,0.3473465584,-0.09519314574,0.52256636,0.39721074,1413.884556,68,24.80085762,11724.3172,0.2808318388,-15.63644671,43.43971119,0.06160328679,1,1436.983899,34.76411973,210.3562674,596.0196197,1145.973255,993.0451197,682.3253527,1508.236126,0,0,0,5.4123154,0.9877432083,0.2076067,37.31042876,37.378445,-0.06801591163085874
262.0755,905,50,0.05156854,0.13266616,-0.19491066,459.4005,3.3598328,0.86733384,0.3858010135,-0.06049533378,0.2464792,0.45945119,15365.2732,86,112.3741678,8765.470773,0.1258247598,-89.54205466,25.43971119,0.7586409825,614,7148.723664,232.5535269,1083.086463,4025.017075,483.0370363,888.1827087,241.0858727,5085.137502,0,1,0,86.68187,0.9874555704,0.1716066,33.44635715,33.611305,-0.16494808681640905
90.0,932,40,0.12686567,0.2868307,-0.3675792,14.036533,1.9017977,0.7131693,0.440764901,-0.09408832628,0.49444487,0.420017485,506.5092561,59,68.62650045,3247.656173,0.2504417311,-5.159537571,52.43971119,0.02214860236,1,4300.257384,209.8922181,423.5947511,961.7601061,2592.32548,896.6344563,481.0961015,4926.772199,0,0,0,14.672256,0.9877904973,0.1767539,36.08506859,36.036945,0.04812324698242065
77.774155,745,40,0.088545896,0.45148772,-0.5390946,1.2350124,4.3712964,0.54851228,0.1956868487,-0.11483394,0.627640496,0.318529088,47.13838774,246,166.8451787,2968.511307,0.4115103353,-0.6657885158,-134.5602888,0.0009789005509,1,1866.26839,555.7515548,493.9167589,1089.717111,4647.236365,3182.048465,971.9384546,2779.469548,0,0,0,7.637918,0.9880658465,0.1785857,38.16835178,38.093777,0.07457507711914246
115.98171,882,50,-0.034674924,0.33466452,-0.39076155,3.4105031,3.172482,0.66533548,-0.103302321,-0.1406562951,0.356086626,0.315330278,105.8680872,109,98.47948855,3600.278735,0.3462689868,-1.332693478,2.439711191,0.004576480154,369,5228.036129,0.0,4.559171575,5330.90023,291.5105716,303.6752346,350.3635792,1851.729247,0,0,2,60.772617,0.9880713309,0.1384887,31.04178008,31.071926,-0.0301460369433606
34.399292,883,40,0.074074075,0.3751239,-0.54768544,2.7348013,1.6856145,0.6248761,0.1969406225,-0.1364070182,0.621759515,0.3494750875,99.60155783,108,61.39013833,1252.823403,0.3473369441,-1.497810853,3.439711191,0.003459081209,1,893.5096753,0.0,342.6089481,1272.732817,4479.455777,1840.682502,641.2417647,8759.463205,0,0,1,5.427812,0.9875839001,0.1866341,36.42003455,36.25529,0.16474356489257502
0.0,884,40,-0.009318085,0.54790515,-0.5729373,9.743991,0.0,0.45209485,-0.0169757653,-0.186627661,0.563619215,0.2213883825,318.640479,107,0.0,0.0,0.5530105768,-5.582695895,4.439711191,0.0150500836,1,528.6644858,0.0,226.071545,4823.812609,3426.969595,857.5436539,582.3879827,4726.420983,0,0,0,8.569115,0.9885279344,0.1568812,32.70122879,32.78687,-0.0856402590722638
295.95697,882,40,0.0048862677,0.48354685,-0.55831134,22.55614,2.1180654,0.51645315,0.01008420073,-0.1347449801,0.5631976077,0.2606697089,829.9375566,109,77.93275014,10889.53183,0.4811841106,-12.59334875,2.439711191,0.03623736144,1,895.3755789,120.3335853,415.1268167,3743.606621,4369.895774,3228.019446,258.475196,4498.538202,0,0,1,2.294755,0.988611325,0.1669737,36.79430774,36.92282,-0.1285133049218743
270.0,864,30,0.13875026,0.20941968,-0.29123017,68.054306,1.4274268,0.79058032,0.6593977331,-0.07103574473,0.42998043,0.46466529,2495.520777,127,52.34309843,9900.778503,0.180362645,-19.81946711,-15.56028881,0.1114770644,1,3965.135079,82.29984806,876.0897848,2178.266672,4539.067365,548.2501012,316.9017869,8663.491535,1,2,1,15.287712,0.9876430737,0.2216164,36.66955001,36.632954,0.03659636620117368
11.608194,872,40,0.07713819,0.38219896,-0.50857145,60.88274,2.3657982,0.61780104,0.2013006246,-0.1329913477,0.58570964,0.347469615,2180.622123,119,84.73521219,415.7678291,0.352716824,-30.96322336,-7.560288809,0.09961754248,1,0.0,287.9266049,1250.107282,287.9266049,11122.26459,2795.223071,1009.137742,6994.638707,0,0,0,1.4673011,0.9879976418,0.1443151,35.81675402,35.78092,0.03583589866210701
295.96228,929,50,0.16879432,0.086622514,-0.1726701,57.32681,1.0591927,0.913377486,1.926380702,-0.03317887204,0.34146442,0.541085903,2246.069329,62,41.49926076,11595.82749,0.07200112565,-9.898626015,49.43971119,0.09373714904,1,329.531774,0.0,649.9973121,1353.086533,2062.286335,792.9481053,1280.924208,3417.747496,0,0,0,9.5426,0.9873551708,0.1632314,39.1800857,37.072037,2.108048956835937
0.0,879,40,0.13488784,0.297764,-0.43255132,3.231404,0.46373534,0.702236,0.4514862567,-0.108112667,0.56743916,0.41856192,117.5497828,112,16.8694439,0.0,0.2575992572,-1.397748066,-0.5602888087,0.00428030639,1,322.1177686,0.0,101.3724834,5852.51482,4422.684043,3482.329386,1177.295572,14374.63334,0,0,0,4.540613,0.9875855939,0.2433387,36.3773093,36.30234,0.07496783881835967
322.4105,875,40,-0.08387396,0.54644626,-0.5645485,5.760274,2.3396614,0.45355374,-0.1532094858,-0.1817665072,0.48067454,0.18483989,189.4213851,116,76.93764274,10602.17682,0.5922788718,-3.251954046,-4.560288809,0.008462264571,1,662.5338542,0.0,83.57598295,3777.42387,3393.919287,1059.763499,726.1033618,4658.086908,0,0,1,8.0128975,0.9884685877,0.1152154,32.88409286,32.94405,-0.05995697520507548
107.98716,927,40,0.076325566,0.35866866,-0.46964,75.22192,1.5014037,0.64133134,0.2122107776,-0.132210662,0.545965566,0.358828453,2621.185758,64,52.31796789,3762.924502,0.3312930715,-35.32722251,47.43971119,0.1233300509,4,1970.042035,0.0,582.2057405,228.4524924,990.9273378,933.8522778,936.1461231,2834.723093,0,0,0,15.592482,0.9876666092,0.213796,34.84603634,34.93905,-0.09301242708984603
256.31857,904,40,0.08714341,0.3988024,-0.46964455,56.979618,1.9599123,0.6011976,0.2179662003,-0.1320299012,0.55678796,0.344170505,1986.585006,87,68.33201984,8936.504766,0.3640493989,-26.76016705,24.43971119,0.09316300232,1,2445.743507,33.88371822,194.6266008,2625.349146,2917.833535,1218.407228,469.0475956,5563.13652,0,0,0,7.5080276,0.9882813475,0.1633516,34.86483545,34.834763,0.03007287675781356
295.9869,795,20,0.11913815,0.40168068,-0.4914163,2.732802,3.1718915,0.59831932,0.2958625927,-0.1177864044,0.61055445,0.358728735,100.7710659,196,116.9623293,10914.40778,0.3538251869,-1.342943447,-84.56028881,0.003455774993,1,0.0,0.0,1089.633746,0.0,3371.702138,3730.597837,547.7465985,2491.443849,0,0,0,2.8426135,0.988094076,0.1275267,36.87463121,36.71224,0.16239289823241876
126.15625,918,50,-0.043074884,0.3275232,-0.37667638,487.33606,2.3567405,0.6724768,-0.1311167187,-0.1317370344,0.333601496,0.314700958,15369.30884,73,74.3254513,3978.639233,0.3416312238,-183.5679829,38.43971119,0.8048376409,471,5667.998526,28.68040717,1282.196646,2718.589034,393.5820384,191.6245719,95.44700328,2647.941372,4,0,10,49.796955,0.9889711064,0.1509291,31.53739298,31.555304,-0.01791059360839853
101.029594,822,40,0.032547697,0.46765038,-0.5288206,1.2899411,2.4225323,0.53234962,0.0694498466,-0.1165400555,0.561368297,0.2824486585,48.77418053,169,91.59877745,3820.047021,0.4524294371,-0.6821474265,-57.56028881,0.001069735401,1,409.580897,84.71791034,475.2901201,2341.871812,3587.050402,823.2691987,444.5314605,7270.806981,0,0,0,4.0450897,0.9880304538,0.1924771,37.81116869,38.012768,-0.20159910174804452
325.60138,896,40,0.13213903,0.2832239,-0.4191287,3.054748,1.685601,0.7167761,0.4649117474,-0.09415352165,0.55126773,0.424457565,114.8719,95,63.38597797,12244.03753,0.2457989686,-1.280332558,16.43971119,0.003988172747,1,1161.255067,872.8837161,872.8837161,3633.592259,8791.869744,2369.146946,306.6712794,3676.044945,0,0,0,2.0280747,0.987727035,0.2124117,37.60437848,37.671494,-0.06711505027343634
180.0,892,10,0.032410137,0.2669753,-0.3270474,3.233272,3.2427514,0.7330247,0.1209444938,-0.1192318148,0.359457537,0.3827174185,99.64265243,99,99.93478762,5547.221959,0.258322594,-1.057433201,12.43971119,0.004283395476,134,3432.257167,0.0,168.3845586,4076.234565,588.3679658,187.8642312,239.370482,2110.761045,0,0,14,52.316544,0.9889195881,0.1493892,30.81789977,31.40627,-0.5883693034863278
180.0,920,20,0.051168665,0.49601594,-0.54632807,25.43858,0.92740995,0.50398406,0.1029517584,-0.1840434587,0.597496735,0.2775763625,818.1347918,71,29.82659985,5789.012693,0.4706354665,-13.89781031,40.43971119,0.04100401356,1,1971.298338,0.0,1451.666429,0.0,5310.514421,1883.808017,1461.729657,11199.88532,0,0,0,3.3985941,0.9884763026,0.1393727,32.16118163,31.992939,0.1682426346386734
163.65695,927,50,0.0058261477,0.24919473,-0.30979428,490.56573,3.3789847,0.75080527,0.02328645252,-0.105769714,0.3156204277,0.3783157089,15669.0223,64,107.927202,5227.320708,0.2477428847,-151.9744571,47.43971119,0.8101785026,374,9000.202368,26.11982367,486.1565712,1328.525773,45.20066996,97.94756385,153.4185977,802.1435909,4,0,11,41.712048,0.9885901553,0.1647871,31.94071934,31.930986,0.009732935581055813
341.11133,835,10,0.13506408,0.29495695,-0.43550587,43.61542,1.4700967,0.70504305,0.4563639408,-0.1167084257,0.57056995,0.420053565,1548.447559,156,52.19180846,12110.23547,0.2551188609,-18.99477143,-44.56028881,0.07106280849,1,1191.094839,827.7011389,424.6077762,4284.297826,4067.321323,1709.389359,578.1564144,3932.715514,0,0,0,4.86587,0.9884489753,0.1587674,35.50229618,35.45303,0.04926654743164249
78.977165,896,50,0.07880749,0.11683945,-0.20714718,149.33899,2.4239967,0.88316055,0.6687700087,-0.05400836524,0.28595467,0.48098402,5354.452751,95,86.91083151,2831.675093,0.1076316262,-30.93515064,16.43971119,0.245896449,235,4537.543822,55.88599536,231.4562191,2416.887044,113.7904867,958.7487163,239.7907179,924.6275887,1,0,1,62.621532,0.9871671739,0.1148328,35.85435224,35.110756,0.743596319589841
115.966705,870,40,0.01310717,0.3943355,-0.49010476,3.3633425,2.117326,0.6056645,0.03315454848,-0.1340859973,0.50321193,0.309385835,118.4924518,121,74.59458828,4085.572375,0.3891668776,-1.648390169,-9.560288809,0.004498491306,1,1736.387511,0.0,191.622516,2591.257761,2992.935413,1388.556376,1028.351103,10050.10122,0,0,0,6.634937,0.9882951716,0.1470036,35.23056359,35.180916,0.049647757480471455
270.0,910,40,0.15014762,0.33443707,-0.4843462,23.447704,0.95237195,0.66556293,0.4476178498,-0.08262280951,0.63449382,0.407855275,943.2073369,81,38.31011389,10861.01995,0.2842221399,-11.35680633,30.43971119,0.03771172879,1,1543.370217,307.8709811,307.8709811,4837.363264,6316.896801,2421.884526,1144.360293,2634.698379,0,0,0,3.1239564,0.9878726976,0.1730804,40.22599982,40.063675,0.1623248932421859
0.0,862,40,0.10844264,0.38122496,-0.4668693,22.56417,0.0,0.61877504,0.2837141771,-0.08688013031,0.57531194,0.36360884,890.6988458,129,0.0,0.0,0.3398839189,-10.53451825,-17.56028881,0.03625064055,1,2557.489631,1009.18946,2200.712927,6203.604284,3258.980891,2893.637792,404.0160178,7044.66013,0,0,0,3.6538863,0.9879387633,0.1995444,39.47403542,39.534363,-0.060327372968750126
198.89374,894,40,0.09844084,0.21884687,-0.36717662,79.29679,1.470141,0.78115313,0.4477700319,-0.1001051904,0.46561746,0.439796985,2797.329616,97,51.8617331,7016.316162,0.1973034003,-29.11592733,14.43971119,0.1300686084,1,6030.033929,6.746224098,433.5496945,3028.10433,2940.693403,99.82097036,326.3904099,4398.301156,2,0,1,7.0115294,0.9879938742,0.2023747,35.27670686,35.35492,-0.07821257359375267
134.25853,885,50,0.059538785,0.079403274,-0.16853347,6.2341375,0.66446,0.920596726,0.7405019975,-0.05343688463,0.228072255,0.4900677555,206.4848907,106,22.0080084,4446.863402,0.07467569954,-1.050660825,5.439711191,0.009245886244,512,6117.679948,178.7180147,58.76833183,5617.897435,173.4258076,296.5477641,101.9983084,2201.381487,0,0,2,58.55082,0.987392529,0.1776674,33.12164525,32.657295,0.464350022949219
134.2516,907,10,-0.012867201,0.31858408,-0.37191713,399.2727,3.3191435,0.68141592,-0.04026233409,-0.1273466028,0.359049929,0.3342743595,12733.95114,84,105.8570024,4281.668431,0.3226833654,-148.4963567,27.43971119,0.6592084513,357,4131.00461,0.0,110.5514609,1681.728808,625.3208643,630.1516105,299.2036824,470.471912,0,3,3,44.776146,0.9879094419,0.1529519,31.89286706,31.742561,0.15030571966796913
45.757565,848,40,0.090079434,0.38584298,-0.46463546,31.820107,0.6646516,0.61415702,0.2328578743,-0.1510548871,0.554714894,0.352118227,1041.535455,143,21.75537017,1497.736204,0.3510864627,-14.78475005,-31.56028881,0.05155705861,2,523.0283679,179.9711332,1391.952568,1384.411236,3635.628855,2143.8131,420.9580288,5628.045421,0,0,0,5.5930753,0.9883368787,0.1618527,32.73199097,32.95698,-0.22499068893554863
277.9251,879,30,0.06811146,0.38892552,-0.4496044,69.62629,3.359583,0.61107448,0.1746781283,-0.1425243204,0.51771586,0.33959297,2306.375262,112,111.2863994,9206.286522,0.362435235,-31.30428634,-0.5602888087,0.1140766331,115,3894.927748,161.2619682,262.4786583,2852.235929,753.2780782,278.0862116,360.1171122,5684.478486,0,0,0,64.10471,0.9881935566,0.1426789,33.12506327,33.2632,-0.13813558253906422
0.0,840,40,0.11337669,0.28117856,-0.35810447,61.56734,2.3174627,0.71882144,0.4017905896,-0.09854035991,0.47148116,0.416099065,2164.317223,151,81.46729151,0.0,0.2492994656,-22.04753966,-39.56028881,0.1007496563,1,2135.444552,890.0973544,991.7328365,2451.35474,5227.288388,2369.222543,348.0807194,7716.153172,0,0,0,12.270744,0.9880078623,0.1903116,35.15365814,35.070957,0.08270095616210682
165.59933,889,40,0.018424856,0.40413436,-0.5367647,72.19854,1.9144427,0.59586564,0.04547838401,-0.1610562484,0.555189556,0.307145248,2450.930846,102,64.98977219,5621.616532,0.3966882426,-38.75362766,9.439711191,0.1183303282,1,2408.027486,7.286354364,111.14832,2879.206784,4912.110475,2524.208274,264.8970975,3061.787655,0,0,1,13.178272,0.9880100303,0.192231,33.94709708,33.936226,0.010871188886717675
332.84033,867,50,0.035270236,0.17527048,-0.21430853,336.8014,3.1241949,0.82472952,0.2000915638,-0.06672739089,0.249578766,0.429999878,11248.6632,124,104.3434386,11116.36938,0.1690886488,-72.17941294,-12.56028881,0.5559005058,60,7556.539586,203.321517,753.4317052,4957.941292,367.082949,395.7334288,290.330743,1076.062939,0,2,0,70.413185,0.9876910726,0.1270383,33.39850487,33.542843,-0.14433799499023792
341.11856,869,40,0.0878039,0.2688653,-0.31062356,6.6311574,1.4700334,0.7311347,0.3253619491,-0.08809095936,0.39842746,0.4094693,230.4009216,122,51.07661147,11852.23421,0.2452578781,-2.059793719,-10.56028881,0.009902432693,1,633.5701184,29.66713699,1032.014733,1345.385884,3415.946361,149.1885699,1592.511577,6769.275975,0,0,0,8.537851,0.9879766308,0.1899796,34.74520475,34.829063,-0.08385866552734456
134.24431,881,40,0.16803278,0.25041458,-0.369131,65.33876,0.6646293,0.74958542,0.6683493853,-0.08505519329,0.53716378,0.4588091,2438.710467,110,24.80669101,5010.548164,0.208336722,-24.11856182,1.439711191,0.1069864026,20,3877.915133,0.0,103.6829032,3539.751627,2267.70655,608.0791418,577.859799,3698.169889,0,0,3,6.221985,0.9884278628,0.165236,37.32410084,37.243805,0.08029590835937483
119.11501,808,50,0.04731985,0.24890605,-0.31668928,3.9444146,3.8067968,0.75109395,0.1893505579,-0.08923087,0.36400913,0.3992069,137.4000272,183,132.6062387,4149.260986,0.237127853,-1.24915382,-71.56028881,0.005459402394,81,4237.674445,585.133935,148.4131038,1482.916493,2022.069775,1416.542003,226.2767386,2495.794747,0,0,0,13.855361,0.9877383353,0.2097522,34.83407327,34.846954,-0.012881075703127465
329.6022,931,10,-0.054848187,0.5896679,-0.57513714,75.7803,3.7581878,0.4103321,-0.09285791051,-0.2023009668,0.520288953,0.1777419565,2382.531072,60,118.1573471,10362.68638,0.6220101152,-43.58406501,51.43971119,0.1242534363,6,2700.890791,0.0,848.2056841,1216.042337,639.8427369,763.0963198,476.8670197,4273.667195,0,0,0,42.51317,0.9889583571,0.1595443,31.43997941,31.185648,0.25433144552246034
281.0286,846,50,0.066785716,0.2890972,-0.35458788,1.9175493,2.4227457,0.7109028,0.2302184096,-0.09988424938,0.421373596,0.388844258,66.80260704,145,84.40238222,9790.331405,0.2697896365,-0.6799397411,-33.56028881,0.002107602609,1,3770.624866,278.8582482,583.591797,3537.180136,3993.650266,788.590512,984.1593718,8263.78954,0,0,0,10.83372,0.9874323702,0.2242604,34.83749129,35.055485,-0.21799348172851296
198.89226,911,40,0.12877531,0.23937677,-0.36825645,1.030773,1.4701283,0.76062323,0.5357227739,-0.1052917502,0.49703176,0.44469927,35.69815325,80,50.91408617,6888.118312,0.2085509522,-0.3795888057,31.43971119,0.0006411526122,1,1324.5752,3.362673268,575.1807632,306.5879353,3234.999433,1174.737214,691.8843473,8762.46506,0,0,0,7.288456,0.987643332,0.2028194,34.63241009,34.646038,-0.013627965419921395
248.71909,900,10,-0.10257076,0.6268199,-0.59145427,21.351664,2.553796,0.3731801,-0.1633760892,-0.1782161499,0.48888351,0.13530467,723.5133632,91,86.53684007,8427.988811,0.6911132935,-12.62853284,20.43971119,0.03424553574,1,2577.021391,0.0,406.0999109,1834.772061,3928.684217,2095.858726,553.4576712,4536.502154,0,0,3,3.5858767,0.9885569082,0.1440386,33.88557272,33.963665,-0.0780922885449229
0.0,904,50,0.09159983,0.12434692,-0.18862192,325.7032,1.8543341,0.87565308,0.7307704888,-0.05793197867,0.28022175,0.483626455,10944.79551,87,62.31227553,0.0,0.1129567633,-61.43476293,24.43971119,0.5375475623,503,7979.182927,386.0238616,275.7509499,3449.949501,537.9874189,998.9197313,574.4224646,1881.548853,0,0,0,72.50336,0.9872935626,0.1875326,33.60358607,33.59779,0.005796305595701767
90.0,904,50,0.081492394,0.1774701,-0.28679505,398.783,0.951979,0.8225299,0.4566165089,-0.08968092001,0.368287444,0.452011147,13292.85805,87,31.73285149,3000.020624,0.1630076367,-114.3689904,24.43971119,0.658398641,327,6555.681369,36.77851103,217.4644366,2188.772348,1076.815484,300.6628145,18.47891346,577.6589024,0,0,6,45.12495,0.9875894649,0.1061701,33.33356249,33.649017,-0.3154548439843765
303.0028,908,50,0.062333945,0.1390268,-0.23499326,350.26492,1.702317,0.8609732,0.4451572485,-0.06867142362,0.297327205,0.4616535725,12023.36783,83,58.4345799,10401.0248,0.1303607111,-82.30989541,28.43971119,0.5781649471,448,7494.120245,221.221711,354.3216329,1833.664952,923.6074029,0.0,206.2839076,1497.68572,0,0,1,40.719193,0.9872321392,0.2421133,34.3264973,33.779392,0.5471050575683591
180.0,922,10,-0.0072867554,0.5220207,-0.54808956,43.07314,0.46373534,0.4779793,-0.01393205929,-0.1731453381,0.5408028046,0.2353462723,1429.082473,69,15.38583086,5972.047664,0.5258245372,-23.60793835,42.43971119,0.07016604738,1,1033.786585,0.0,422.4404163,1741.435998,2134.410716,1508.322423,433.3727909,2257.005341,0,0,0,5.969467,0.9885810559,0.1262425,33.17804258,33.218914,-0.040871451982418705
249.91953,855,20,0.1395122,0.3383915,-0.4651163,3.0070224,4.0453353,0.6616085,0.4110656867,-0.1110237088,0.6046285,0.40056035,111.0267349,136,149.3638258,9227.64972,0.2911817574,-1.398615133,-24.56028881,0.003909249567,16,4694.847744,0.0,518.2052199,250.3250034,2816.422112,1572.374479,497.3846106,2963.059179,0,0,2,25.194914,0.9878855732,0.1769684,36.92248349,36.89149,0.030992553720700755
283.68185,900,40,0.045041837,0.30606282,-0.38568845,20.435738,1.9598536,0.69393718,0.1466860657,-0.09452414268,0.430730287,0.3694895085,748.2167955,91,71.75641909,10386.48689,0.2922771883,-7.881828114,20.43971119,0.03273088128,1,3425.659512,0.0,501.745913,1773.88152,3793.959797,1957.457209,624.58507,4492.625237,0,0,3,3.5858767,0.9878127823,0.1769441,36.61315268,36.536945,0.07620733698242077
64.01543,899,20,0.026025584,0.4883721,-0.56042403,1.5211443,2.1159728,0.5116279,0.05318158514,-0.1702287828,0.586449614,0.268826742,51.36546989,92,71.4514311,2161.650701,0.4756619309,-0.8524858188,19.43971119,0.001452073011,3,2060.423835,118.4646969,135.0918942,1230.183007,765.9928385,262.445839,1527.664051,2010.778785,0,1,2,28.277481,0.9880285184,0.1542889,33.76765103,33.466984,0.3006672348339876
303.01956,764,40,0.16084133,0.29313633,-0.4684709,4.4665527,5.0927005,0.70686367,0.5468257865,-0.1069546272,0.62931223,0.4338525,167.1680664,227,190.6026756,11341.00442,0.2459878928,-2.092449963,-115.5602888,0.006322855122,15,1459.835924,108.7809437,1059.252243,3262.07817,1561.706383,942.3822127,659.7900139,2194.765153,0,0,0,23.940813,0.9884162337,0.1855758,37.42664144,37.398533,0.02810857256835675
72.00089,881,40,0.07349762,0.25431666,-0.29018664,5.772326,1.5004405,0.74568334,0.2878684846,-0.09299109101,0.36368426,0.40959048,190.2418976,110,49.45088825,2372.975113,0.2356249908,-1.675051887,1.439711191,0.008482194801,100,5150.344604,19.81828624,262.4837283,1821.997817,143.3063842,211.7758111,392.7778916,2748.703993,2,0,6,39.58394,0.9885006848,0.1733003,32.95758029,33.361835,-0.40425518973632535
285.56134,790,10,-0.023526302,0.6079734,-0.5927602,1.5937302,3.453117,0.3920266,-0.03863272517,-0.1997896516,0.569233898,0.184250149,51.24262793,201,111.026816,9181.549986,0.6222767658,-0.9446998321,-89.56028881,0.001572107334,1,581.9129799,0.0,136.2955823,0.0,2149.634026,796.5192063,1361.63043,3849.639383,0,0,0,4.126329,0.9889279791,0.1131613,32.15263658,32.17743,-0.024792619218750644
142.4057,898,40,0.09652778,0.11913978,-0.16865034,1.2926238,2.3398118,0.88086022,0.803462267,-0.04590272472,0.26517812,0.488694,45.62822926,93,82.59283888,5026.76798,0.1076394815,-0.2180014434,18.43971119,0.001074171745,1,2125.772448,84.32283607,1103.561203,2114.323162,1513.12971,508.5160319,1011.359206,8359.329905,0,0,1,15.38028,0.9881348363,0.1622246,35.29892399,34.715324,0.58359958814453
134.23758,861,40,0.007729113,0.5248869,-0.5525482,25.60216,1.3292401,0.4751131,0.01469729138,-0.1719253239,0.560277313,0.2414211065,855.3363915,130,44.40826206,4484.71095,0.5208299898,-14.14642742,-18.56028881,0.0412745236,1,0.0,46.78665814,123.7016932,3448.24884,7570.177218,2513.415506,529.8622128,7578.420517,0,0,0,1.9363877,0.9882206541,0.1350686,33.40875893,33.497032,-0.08827323552734612
90.0,763,40,0.10530421,0.44458437,-0.5121951,3.9943826,3.7997909,0.55541563,0.2363283299,-0.1391008416,0.61749931,0.33035992,141.1134573,228,134.2389261,3179.517944,0.3977677641,-2.045903195,-116.5602888,0.005542033801,1,1155.238377,463.6790071,562.3834662,2056.268757,663.2698255,878.9227024,574.1580641,1964.563247,0,0,0,28.40776,0.9880260214,0.1439325,35.32797716,35.637486,-0.3095083441503874
225.76112,876,40,0.0705968,0.2821285,-0.37311828,3.5905466,1.3292092,0.7178715,0.2493454386,-0.1072866451,0.44371508,0.39423415,124.0670134,115,45.92922305,7800.903602,0.2622111307,-1.339698572,-3.560288809,0.004874215659,1,1923.911212,0.0,252.7682858,3526.587201,1643.178759,816.3287212,186.6607987,10724.26609,0,0,1,3.6091347,0.9875991623,0.2392537,34.55379563,34.50536,0.04843598034180019
244.03981,877,50,0.07889734,0.22710004,-0.30592993,3.9363964,2.1178207,0.77289996,0.3458891984,-0.08512126836,0.38482727,0.42589865,137.7934547,114,74.13425911,8542.60727,0.2091824509,-1.204261475,-2.560288809,0.005446142805,1,2313.284888,0.0,204.4591459,2332.039275,2261.080065,647.2745867,47.56443187,9481.020356,0,0,1,5.390692,0.9889303618,0.2114176,35.00497427,34.849895,0.1550787927050763
161.1129,874,40,0.037882466,0.12716928,-0.18871887,2.8182151,1.4700829,0.87283072,0.2955658797,-0.06678635927,0.226601336,0.455356593,88.31082689,117,46.06612054,5048.590302,0.1223517941,-0.5318503691,-5.560288809,0.003597021484,37,6055.542776,0.0,452.6466449,1198.51113,873.4771379,931.833018,219.4195949,2287.436653,1,0,10,21.589172,0.9871194049,0.152803,31.3357298,31.972397,-0.6366670505859382
189.7109,905,40,0.019635675,0.4373916,-0.48317823,73.92063,2.8206406,0.5626084,0.04479026286,-0.150936779,0.502813905,0.2911220375,2465.174919,86,94.06538423,6326.658101,0.4288031207,-35.71683916,25.43971119,0.1211781252,98,2986.987807,0.0,206.5560103,2677.826349,985.1684192,392.6208832,992.362588,3396.840444,0,0,0,28.263483,0.9885952314,0.1242128,33.34894358,33.402752,-0.053808342607425175
9.703353,889,10,0.007772596,0.5369797,-0.58439714,2.7726758,2.820577,0.4630203,0.01444774961,-0.1849446435,0.592169736,0.235396448,91.91613926,102,93.5040975,321.672929,0.5328059737,-1.620343808,9.439711191,0.003521713758,28,3612.623474,0.0,160.0445736,529.3747933,747.4700455,398.2761393,1116.701053,1255.268427,0,0,4,19.096617,0.9882240031,0.1628409,33.15069842,33.132053,0.018645044755857043
214.37782,904,10,0.1021061,0.109354414,-0.16077891,4.0551476,1.6851823,0.890645586,0.9252561479,-0.04488207192,0.26288501,0.496375843,141.7701499,87,58.91488322,7494.764353,0.09818866127,-0.651982211,24.43971119,0.005642520061,71,2008.200414,0.0,381.5635754,3222.12406,507.9746789,741.9867796,624.9879296,473.3167973,0,9,2,50.651005,0.9875576139,0.2559089,34.96054001,34.962044,-0.0015037522070286968
134.2392,910,40,0.11731023,0.11436515,-0.2654178,54.52312,0.6646902,0.88563485,1.016860204,-0.09072161203,0.38272803,0.50147254,1740.482687,81,21.21818754,4285.173034,0.1009489479,-14.47140656,30.43971119,0.08910072474,5,3432.479132,33.1690521,615.4385223,2450.362082,606.2616807,209.5529341,211.9156439,7014.660635,0,1,0,15.825265,0.9878980338,0.1705413,31.92192023,32.284668,-0.36274773874999866
314.2667,898,50,0.015015015,0.16122004,-0.24206233,3.996607,1.328547,0.83877996,0.09255955676,-0.0878478722,0.257077345,0.4268974875,123.4880553,93,41.04974179,9710.282653,0.1587993187,-0.9674280025,18.43971119,0.005545712261,266,4911.994229,0.0,1009.648211,3574.952594,434.1254803,369.3578178,221.5727056,2482.810591,8,1,14,32.260723,0.9877894708,0.1714576,30.89822324,31.039886,-0.1416632346093749
27.163301,906,50,0.12839147,0.09228901,-0.16742375,540.58044,1.0423505,0.90771099,1.376276477,-0.04995231317,0.29581522,0.51805123,18395.48183,85,35.47028021,924.343489,0.08043988834,-90.50600444,26.43971119,0.8928871534,783,6390.00848,98.16935269,125.4691941,982.6529858,292.4389015,90.6075164,344.5531007,1034.1515,2,0,0,91.16488,0.9873418645,0.167044,34.02912956,34.20506,-0.17592949151367065
302.99258,869,40,0.05496256,0.34910166,-0.44225627,3.5315104,1.7027838,0.65089834,0.1569902868,-0.1149174846,0.49721883,0.35293045,126.7709025,122,61.12496202,10876.54812,0.3299141391,-1.561832617,-10.56028881,0.004776588292,1,0.0,0.0,26.62814438,4303.382904,2871.961704,3170.69939,407.3575925,13240.54282,0,0,1,3.2821212,0.9881116529,0.1892949,35.89707749,35.9503,-0.053220819326170954
34.367058,913,50,0.04227908,0.23173863,-0.28449744,5.5182667,1.6849661,0.76826137,0.1816590568,-0.08446120081,0.32677652,0.405270225,188.1779049,78,57.45887393,1171.947882,0.2219409339,-1.569932749,33.43971119,0.008062060366,113,5678.914743,204.2136609,150.5063861,1477.742471,521.0625787,333.9075182,442.5719412,690.2457992,0,0,1,58.020794,0.9880634506,0.1952354,34.10090798,33.849373,0.2515351162304711
189.71103,890,40,-0.021513639,0.52991945,-0.58038634,30.07511,2.8206415,0.47008055,-0.04052147459,-0.1413406403,0.558872701,0.2242834555,1103.406136,101,103.4846801,6960.184501,0.5413199457,-17.45518302,10.43971119,0.04867138063,1,2194.190487,966.8480548,1257.181895,3788.342112,2703.889074,4178.275573,297.9023096,3618.318309,0,0,0,5.1865134,0.9884434616,0.1521239,36.68834912,36.711124,-0.022775300166017587
90.0,879,40,0.01653944,0.5301881,-0.59986204,59.91227,2.3802707,0.4698119,0.0311366915,-0.1651287122,0.61640148,0.24317567,2105.828286,112,83.66301875,3163.3678,0.5214190857,-35.9390965,-0.5602888087,0.09801268934,1,0.0,301.3697048,301.3697048,639.4064754,9605.911339,4230.712011,875.2052289,8889.629235,0,0,0,1.4555359,0.9881969814,0.1449846,35.14853111,35.108967,0.039564282607422285
283.68427,880,40,0.046100654,0.3691756,-0.45332164,47.517094,1.9595149,0.6308244,0.1245372575,-0.1274091375,0.499422294,0.338462527,1656.838078,111,68.32486221,9891.575032,0.3521563634,-21.54052698,0.4397111913,0.07751495412,28,3302.286639,103.0280799,524.1331194,2816.081243,2383.925638,1835.301495,328.1714267,4082.646098,0,0,0,6.6889725,0.9881337595,0.2036922,34.86825347,34.99074,-0.12248825973632904
76.32013,914,40,0.14196517,0.32942975,-0.4835227,23.061998,1.9601306,0.67057025,0.429637979,-0.08878649672,0.62548787,0.40626771,913.1090489,77,77.60875653,3021.793745,0.2826621995,-11.15099954,34.43971119,0.03707389199,1,2893.318452,377.5505924,377.5505924,3772.068839,1983.754196,620.7241121,351.8306701,2045.323612,0,0,0,3.5775697,0.9876234765,0.2378187,39.59366612,39.389923,0.20374302429687674
107.99547,895,50,0.053863026,0.14075816,-0.20037106,2.480873,1.5007337,0.85924184,0.379964201,-0.05983185044,0.254234086,0.456552433,84.39226988,96,51.05070813,3673.699883,0.1331764996,-0.4970951527,15.43971119,0.003039163407,409,6059.027329,29.9163169,301.7025486,5377.676269,419.5204229,181.3246976,504.1537782,3065.581405,0,0,7,61.806236,0.9875410649,0.1551046,34.01716649,33.866676,0.15049015943359478
127.93859,878,50,0.04261754,0.19328307,-0.23431407,514.6909,3.0143466,0.80671693,0.2193579708,-0.07081785317,0.27693161,0.424667235,17417.72601,113,102.0089207,4329.587539,0.185045821,-120.5993196,-1.560288809,0.8500739706,633,8335.43589,16.66381128,260.1265296,4465.006103,155.2280195,248.2658743,31.057924,440.2749006,0,2,3,53.965096,0.987509554,0.1696198,33.84113846,33.73981,0.10132751639648774
256.3038,897,10,0.028882833,0.3517067,-0.42370173,1.8610353,1.95784,0.6482933,0.08188909652,-0.12740045,0.452584563,0.3385880665,63.1194965,94,66.40275712,8692.885517,0.3415484141,-0.7885238762,17.43971119,0.00201414617,1,1878.856074,0.0,624.8749269,2613.512045,2037.34551,309.6985276,608.4969881,3321.991549,0,0,1,13.763333,0.9876451941,0.2026254,33.9163349,33.955788,-0.039452758691403744
112.65135,906,40,0.10243902,0.38867924,-0.45008758,2.9316394,3.6076748,0.61132076,0.2628803628,-0.1299101051,0.5525266,0.35687989,101.1439525,85,124.4677256,3886.563535,0.3488633196,-1.319494483,26.43971119,0.003784589718,1,508.2681684,10.72860964,10.72860964,4506.438576,7766.130819,2455.522657,1011.473389,2751.503676,0,0,0,1.813864,0.9879998145,0.1987165,34.50081632,34.577995,-0.07717898029297032
140.62338,820,40,0.18513033,0.2630854,-0.40214068,0.79790676,2.9969401,0.7369146,0.7010244792,-0.08167910294,0.58727101,0.461022465,30.83796611,171,115.82749,5434.894457,0.2143803131,-0.320870767,-59.56028881,0.0002560648547,1,619.0251849,805.4245078,224.3375855,3228.344747,1932.415806,2868.810158,462.8825652,6397.79294,0,0,0,3.3040783,0.9876854497,0.2137634,38.64858359,38.657703,-0.009119809658201916
314.26434,896,50,0.0086496025,0.15913312,-0.1994874,18.394253,0.66439086,0.84086688,0.05401507508,-0.06396142256,0.2081370025,0.4247582413,606.0728903,95,21.89103786,10354.70681,0.1577566818,-3.669421706,16.43971119,0.02935490509,234,6420.715891,0.0,349.0786074,3168.872669,180.1026022,176.949236,272.1713146,1458.340823,3,0,1,53.274513,0.9875501297,0.1673188,32.94903524,32.40142,0.5476146467382819
27.176226,910,40,0.12093577,0.27085125,-0.33957705,59.3077,1.0424712,0.72914875,0.4448600843,-0.1042832847,0.46051282,0.42504226,1993.052759,81,35.03255229,913.2650939,0.2380956455,-20.13953381,30.43971119,0.09701292009,1,3361.145561,98.14989888,177.8248683,1732.155705,2738.108868,560.2082263,1009.886881,7514.295648,0,0,0,8.840549,0.9880679419,0.1331101,33.60529508,33.705025,-0.0997296392382836
115.96166,890,60,0.042274054,0.1282198,-0.20587336,37.280815,3.1747568,0.8717802,0.3271484246,-0.07071713415,0.248147414,0.457027127,1187.016965,101,101.0839001,3692.206238,0.1227994293,-7.675126648,10.43971119,0.06058735772,5,3828.099592,0.0,339.9270861,3181.566448,1232.892035,415.599708,908.8152213,7659.429444,0,0,6,25.253437,0.9871935863,0.2507089,31.83988775,32.247826,-0.4079378725585947
337.67786,880,50,0.007662835,0.4371147,-0.44200432,7.201902,2.504964,0.5628853,0.01749047681,-0.1296017946,0.449667155,0.2852740675,246.8714421,111,85.86677174,11575.13949,0.4337651622,-3.183271796,0.4397111913,0.01084626533,1,3744.876335,0.0,228.7731205,3391.736742,3837.513079,1443.744086,144.6355217,5724.670299,0,0,2,7.5236726,0.9882877684,0.1535652,34.27864502,34.263287,0.015358429423827147
280.05206,841,20,0.08894507,0.49246988,-0.5466251,3.3427432,5.298671,0.50753012,0.1802441721,-0.1566760872,0.63557017,0.298237595,115.6529977,150,183.3246374,9689.305553,0.4486671121,-1.827227336,-38.56028881,0.004464426522,1,1419.760526,209.8727907,618.3122707,2756.833047,3099.982082,282.9439855,507.0035781,1649.270097,0,0,0,23.092955,0.9880363362,0.1631996,34.59822989,34.662907,-0.0646767567285167
165.6005,910,40,0.12002653,0.34926283,-0.48475525,3.2496846,1.9144328,0.65073717,0.3426756131,-0.1107066023,0.60478178,0.38538185,121.6136728,81,71.6442464,6197.30451,0.3073420245,-1.575301671,30.43971119,0.004310536771,1,109.3777231,297.7480896,747.7314171,6030.588014,7715.070376,4508.070353,542.6983742,2048.262278,0,0,0,4.1865187,0.9880417464,0.1946353,37.42322342,37.392258,0.03096572957031185
287.98743,903,50,0.11948271,0.21701962,-0.35760728,71.85957,3.0007055,0.78298038,0.5480365024,-0.1035196747,0.47708999,0.451231545,2476.266416,88,103.4037116,9923.989263,0.1910895277,-25.69750537,23.43971119,0.1177697781,1,5435.813519,231.0272688,248.1761901,1629.243943,581.0765088,717.7224522,548.7995809,3516.690816,0,0,0,32.71651,0.9879421035,0.2258021,34.45980008,34.53285,-0.07304827815429604
198.89536,932,50,0.0055018025,0.24041647,-0.26863503,40.513462,1.4701554,0.75958353,0.02278967338,-0.08141802644,0.2741368325,0.3825426663,1369.359967,59,49.6914322,6722.687477,0.2390937461,-10.88333508,52.43971119,0.06593314242,17,2187.155387,0.0,864.2072917,321.3625915,1108.773355,269.8533068,1481.705618,4742.524615,0,0,1,5.1941915,0.9875165092,0.2260792,33.80012222,33.79582,0.004303891142576788
180.0,826,20,0.12722503,0.3846611,-0.4547158,1.7728355,2.7802885,0.6153389,0.3298881583,-0.1130756627,0.58194083,0.371281965,64.60005789,165,101.3104702,6558.990059,0.33572258,-0.8061363127,-53.56028881,0.001868291351,81,3388.10251,0.0,889.1863938,598.7847991,4176.8207,695.7877369,597.0131762,2006.155993,0,0,1,15.557984,0.9877707012,0.1648894,36.43883366,36.500423,-0.06158977139648414
134.24095,871,40,0.110320285,-0.5219885,0.64285713,35.93665,0.66466933,1.5219885,-0.2117518621,0.2821189805,-0.532536845,0.8161543925,978.0269512,120,18.08917966,3653.408625,-0.4644025799,23.10213168,-8.560288809,0.0583645302,1,280.4817105,299.3838085,0.0,2512.226559,2816.637423,697.4008222,616.434044,6550.672176,0,0,0,4.960933,0.9863408913,0.0446023,27.21530669,27.35832,-0.14301354620605622
80.78035,894,10,-0.12612367,0.40755874,-0.40516657,99.16308,2.8919766,0.59244126,-0.3087038843,-0.1590192855,0.2790429,0.233158795,2921.77707,97,85.21025079,2380.141624,0.458961544,-40.17756499,14.43971119,0.162921224,19,2010.087385,22.46757673,0.0,1040.580849,794.0706316,611.5297737,1001.366591,1682.770634,0,0,1,37.84991,0.987288885,0.0440124,29.46436385,29.52455,-0.06018563425292811
0.0,904,50,0.10619047,0.060451977,-0.14346634,499.27618,2.7802885,0.939548023,1.728023657,-0.04504397434,0.24965681,0.5228692465,16611.9361,87,92.50586498,0.0,0.05403255315,-71.62932619,24.43971119,0.8245828562,372,7950.391269,113.7786284,212.5441692,2669.509756,251.1328787,86.33766227,203.7820314,698.3065792,0,0,4,51.768333,0.987236243,0.1659989,33.27203813,33.102684,0.1693541090039048
123.00333,880,50,0.090245776,0.17743538,-0.2638037,2.617815,1.7022928,0.82256462,0.5057616713,-0.07518496542,0.354049476,0.456405198,90.77756329,111,59.03014246,4265.367329,0.1614225864,-0.6905892829,0.4397111913,0.003265622544,45,6349.95051,0.0,744.9720753,1904.376504,271.8957373,169.4900847,208.3313865,4814.478049,0,1,2,24.432474,0.9872066062,0.2026387,34.67684435,34.636967,0.03987764467773758
103.68775,902,50,0.06360593,0.17000298,-0.20381187,420.56168,1.9590236,0.82999702,0.3719580208,-0.06162057419,0.2674178,0.446801475,14230.12981,89,66.28554492,3508.379894,0.1591897824,-85.71546245,22.43971119,0.6944137501,154,7706.799139,50.86639277,381.0295756,2162.870101,137.6719469,387.2550721,50.52936274,568.5337541,0,1,1,76.91686,0.9874326103,0.1808782,33.83601143,33.623615,0.2123961651074211
134.27356,769,50,0.098098285,0.31774417,-0.41715977,1.4320238,2.6553414,0.68225583,0.3077649546,-0.09159444803,0.515258055,0.3901770575,54.20278236,222,100.5059357,5082.318149,0.2865740119,-0.597382719,-110.5602888,0.001304695644,1,2311.323821,1073.132788,1580.630508,3269.953268,2298.597054,1868.485572,291.1022891,3280.995685,0,0,0,7.0460463,0.9881917532,0.1381674,37.85047592,37.824486,0.02599014119140719
314.26498,819,50,0.021847975,0.23470268,-0.26859504,8.113532,0.6643833,0.76529732,0.09269294265,-0.08547572833,0.290443015,0.3935726475,268.2759471,172,21.96799853,10391.24948,0.2295749017,-2.179254452,-60.56028881,0.01235381556,243,7126.037295,0.0,275.3317472,2234.063153,250.5958803,403.4392102,152.4246015,758.6438747,1,0,4,57.49105,0.9884658286,0.1443588,33.06524792,33.255177,-0.18992862418945577
270.0,894,20,0.069003284,0.46509624,-0.54545456,3.7508545,1.9023155,0.53490376,0.1480451419,-0.1703139779,0.614457844,0.301953522,125.1126761,97,63.45321659,9006.060497,0.4330030721,-2.045920691,14.43971119,0.00513931467,76,3090.277634,64.56138444,245.6336013,1412.779819,448.7396106,279.8891858,544.6512648,3605.4626,0,0,7,37.218838,0.9886081532,0.137359,33.35577962,33.396473,-0.04069331090820327
341.11185,908,50,0.04966443,0.15970516,-0.2457478,138.76195,2.9382513,0.84029484,0.309040668,-0.08290716047,0.29541223,0.444979635,4459.428239,83,94.42733272,10962.39867,0.1517734943,-34.10044394,28.43971119,0.2284053407,224,6298.273341,47.43195624,143.3716388,1696.881397,332.2117001,491.1904484,252.0087377,954.3137972,0,0,0,55.944237,0.9872435531,0.1674268,32.13725549,32.181,-0.043744265859373854
76.3038,848,10,-0.023483366,0.5582868,-0.5926913,3.088758,5.8553376,0.4417132,-0.04198805693,-0.1781920722,0.569207934,0.209114917,104.7646295,143,198.6015978,2588.075639,0.5713972533,-1.830679994,-31.56028881,0.004044414625,1,1317.178475,0.0,1335.138485,0.0,2431.617648,767.3858159,327.5430392,2727.170485,0,0,1,26.63841,0.9886565893,0.1264488,33.91804391,33.757732,0.16031151864257964
97.9279,846,10,0.000222,0.51686907,-0.5638261,3.296661,3.3584042,0.48313093,0.0004286797819,-0.1836597936,0.5640481,0.241676465,107.8048656,145,109.8239441,3202.362663,0.5167543251,-1.858743515,-33.56028881,0.00438822101,1,1327.501079,0.0,787.0442002,0.0,1966.529823,1608.056458,807.5680783,3623.832829,0,0,1,13.669421,0.9890285733,0.1116813,32.70122879,32.6241,0.07712905855468932
45.748596,879,40,0.025192589,0.23340358,-0.29551744,270.28806,0.6645448,0.76659642,0.1074752741,-0.1049773753,0.320710029,0.3958945045,8452.120466,112,20.78083917,1430.59462,0.2275235395,-79.87483555,-0.5602888087,0.4459082933,114,4711.802835,16.49247268,24.72795996,1446.336033,669.0261575,595.6368063,474.1425354,4030.410368,0,1,8,76.86189,0.9878207347,0.1789501,31.27078742,31.44696,-0.17617302921874867
256.30276,914,10,0.038502,0.46662387,-0.5248582,3.6611907,1.9576968,0.53337613,0.08233540345,-0.1569658471,0.5633602,0.285939065,124.4619924,77,66.55180358,8712.999347,0.4486579178,-1.921605961,34.43971119,0.004991038854,25,4552.284205,31.95405679,102.3678905,3580.694059,1899.383795,122.5130846,275.2763586,2502.092815,0,0,2,35.636845,0.9877744973,0.1829112,33.99494936,33.825863,0.1690864754785153
27.162886,925,50,0.03524804,0.12795727,-0.19870235,420.8244,4.162508,0.87204273,0.2733311585,-0.06606233002,0.23395039,0.453645385,13624.1091,66,134.7603968,879.3932157,0.123447027,-83.61879722,45.43971119,0.6948482067,143,6241.217571,0.0,633.1940369,1160.502435,237.8967789,126.3088683,285.6087421,518.0904178,8,0,7,74.63019,0.9878653587,0.1522607,32.37480788,32.078182,0.2966256595410144
14.380704,891,50,-0.0033884791,0.19035234,-0.27185446,19.541317,1.9142717,0.80964766,-0.017708062,-0.09013405508,0.2684659809,0.4031295905,633.5146876,100,62.05923776,466.2115251,0.1909973449,-5.312394181,11.43971119,0.03125178935,13,4093.168328,0.0,126.63747,4480.140745,1107.870133,626.3646552,618.7100941,730.7892663,0,0,2,33.409164,0.9874782333,0.1891723,32.41924214,32.217068,0.2021744214941421
45.76353,905,40,0.07659326,0.3380401,-0.40136054,69.06776,0.6647227,0.6619599,0.2259120971,-0.1162135957,0.4779538,0.36927658,2379.825127,86,22.90393932,1576.845674,0.3121485067,-27.72107345,25.43971119,0.1131529996,10,3476.349614,191.3757378,324.9328967,2478.78541,1351.250682,967.6105257,291.7572389,5977.975713,0,0,0,26.52086,0.9878583454,0.172733,34.45638206,34.497566,-0.04118416314452844
328.37408,939,30,-0.03484062,0.5899772,-0.5574563,62.682846,2.7210937,0.4100228,-0.05895425407,-0.206021472,0.52261568,0.18759109,1916.541829,52,83.19803947,10040.10985,0.6105323714,-34.9429474,59.43971119,0.1025943535,41,1454.591364,0.0,675.9865406,657.588046,548.4238395,143.1945455,402.7162877,2423.973066,0,0,2,23.314754,0.9886459482,0.2374879,30.57522035,30.314735,0.26048493740234235
123.00468,895,50,0.07396594,0.2602649,-0.3020869,419.6329,3.4014626,0.7397351,0.2831070687,-0.08130561249,0.37605284,0.40685052,14874.26533,96,120.5678993,4360.011445,0.241014162,-126.7656019,15.43971119,0.6928778392,17,4692.067343,8.702051562,1716.063905,3842.152735,461.5490376,1487.490018,12.70146648,1446.317032,0,1,0,45.566864,0.9875635191,0.1711727,35.44589885,35.44696,-0.0010615992187510415
275.56683,853,50,0.091770485,0.22306238,-0.3044355,4.8243914,9.4738245,0.77693762,0.4095756057,-0.09477871732,0.396205985,0.4343540525,161.1357046,138,316.4277646,9203.99106,0.2025918372,-1.468716008,-26.56028881,0.006914608149,92,4286.345997,24.35901596,721.1010077,1771.328914,223.1721553,92.1928145,241.110839,1330.738902,0,0,3,48.505924,0.9875391693,0.1426752,33.40021388,33.639572,-0.23935826355468492
270.0,832,10,0.11427393,0.43181062,-0.5082543,1.9889296,4.273178,0.56818938,0.2640275555,-0.1312248945,0.62252823,0.341231655,71.5565177,159,153.7378383,9713.898259,0.3824659234,-1.010882022,-47.56028881,0.002225643247,3,2655.870191,161.7867024,1089.999357,161.7867024,4432.948904,908.9102608,907.4937976,2385.382974,0,0,0,8.641041,0.9890212311,0.1311638,35.97740096,35.623875,0.3535262956933565
134.27039,879,40,0.13065326,0.10597492,-0.19946666,7.4160905,1.9922429,0.89402508,1.221344779,-0.0606301648,0.33011992,0.51233917,250.347911,112,67.25293444,4532.618857,0.09212895122,-1.479262802,-0.5602888087,0.01120046596,24,3347.796362,0.0,200.6595192,2028.741657,1687.045767,1488.231117,1486.37439,8661.195421,0,0,4,48.772926,0.9877567325,0.227582,33.75739697,33.71368,0.04371670266601768
225.73744,878,50,0.04230423,0.18816304,-0.25029376,2.6078753,0.66441214,0.81183696,0.2236389836,-0.08848910733,0.29259799,0.427070595,81.7642446,113,20.83119416,7077.505301,0.1802029475,-0.6527349144,-1.560288809,0.003249185396,127,4141.155646,0.0,384.5060825,1507.467305,743.5144945,70.49181034,258.6764201,4547.347427,0,0,7,34.13175,0.9874249007,0.1367697,31.3528199,31.566391,-0.21357109121093742
53.853516,901,50,0.03099839,0.1833825,-0.2605394,142.2789,4.706626,0.8166175,0.1681200222,-0.0910647455,0.29153779,0.423807945,4488.564518,90,148.4829758,1698.951715,0.1776979377,-37.06925924,21.43971119,0.2342212735,389,4848.772295,10.32997145,25.4607132,1603.094032,915.044291,1083.995486,716.8585179,477.7312953,0,0,0,52.885635,0.9877853893,0.1920272,31.54764704,32.15673,-0.6090836118554677
52.861263,926,10,0.059941906,0.45901638,-0.44892144,97.74405,5.3610845,0.54098362,0.1303038514,-0.1467213265,0.508863346,0.300462763,3191.17213,65,175.0300242,1725.827702,0.4315020633,-43.87939968,46.43971119,0.1605745932,71,2996.89136,0.0,302.4659232,876.4028999,148.1359587,431.0401479,308.0403855,6863.564777,0,1,2,24.286272,0.9886550683,0.1262132,32.64824948,32.791214,-0.14296450925781556
64.031815,874,50,0.039552703,0.16066065,-0.22633527,65.32972,1.0589687,0.83933935,0.2446650004,-0.07221870052,0.265887973,0.4394460265,2157.463809,117,34.97162769,2114.601493,0.154306087,-14.78641982,-5.560288809,0.1069714533,231,6285.090153,222.8821248,752.8763262,1496.498138,988.2909912,595.9498481,408.941256,1205.955757,0,0,0,48.32805,0.9873407554,0.2034713,33.02423168,33.175545,-0.1513130587695315
45.727654,784,40,0.14382055,0.14352849,-0.23650223,1.9993129,0.6642956,0.85647151,0.995101727,-0.05222806237,0.38032278,0.50014603,75.55193833,207,25.10303425,1728.000102,0.1228861436,-0.4728419593,-95.56028881,0.00224281397,25,3156.591292,407.4467465,1576.470626,2405.007115,2509.073063,1726.057024,512.9341206,4194.163562,0,0,0,8.961978,0.9876425733,0.2184638,37.78895156,37.30618,0.4827725133691416
214.36092,741,50,0.1368421,0.12992126,-0.17251624,6.7390075,3.3667765,0.87007874,1.045224435,-0.04380596191,0.30935834,0.50346042,243.8455357,250,121.8240845,7756.476509,0.1121425619,-1.162588235,-138.5602888,0.01008078295,1,2558.11878,0.0,57.20237386,821.7675601,4186.732317,2625.615739,418.7723198,2997.348859,0,1,0,20.954708,0.9874483973,0.2550292,36.18419117,37.058903,-0.8747115704785173
56.987072,823,10,0.11188005,0.47340223,-0.5181388,6.7434916,3.4007103,0.52659777,0.2358337354,-0.1819782786,0.63001885,0.31923891,212.1881075,168,107.0054395,1793.133242,0.4204379648,-3.494064645,-56.56028881,0.01008819824,5,660.2995312,431.1133468,547.5459045,3475.442513,1338.579788,641.9052666,444.4373387,923.73253,0,0,0,22.32907,0.9881134638,0.1267075,31.46561456,31.81875,-0.3531358214697278
345.60254,869,40,0.036958445,0.36731106,-0.46634355,3.712982,1.9144154,0.63268894,0.1003457376,-0.1232633933,0.503301995,0.3348236925,132.4793211,122,68.30640507,12331.11011,0.3537358144,-1.731525207,-10.56028881,0.005076685428,1,0.0,0.0,182.5968279,3731.839849,2675.753824,3555.425693,798.0747457,13464.05442,0,0,0,5.0064397,0.988125325,0.1972743,35.68003322,35.719273,-0.039239393525392074
161.12587,912,50,0.055507746,0.15617593,-0.21606648,48.701622,2.938006,0.84382407,0.3531567842,-0.06835589549,0.271574226,0.449665908,1614.742478,79,97.41201411,5342.261221,0.1475069561,-10.52278804,32.43971119,0.07947379208,10,5130.440608,0.0,560.3485599,3734.167737,547.9211411,262.9191242,894.325901,975.3038712,0,0,8,31.881912,0.9871822237,0.2170181,33.15582545,33.307026,-0.15120045942382632
293.90222,728,10,-0.003932584,0.5061104,-0.50738084,1.4502755,5.7038336,0.4938896,-0.007754887299,-0.1345036606,0.503448256,0.244978508,51.69135024,263,203.2985183,10475.39077,0.5081007217,-0.7358420014,-151.5602888,0.001334878234,1,366.7606349,1328.427662,1667.617338,2357.852286,2937.887929,3059.610428,864.9467106,2172.348205,0,0,0,4.922105,0.9889996842,0.0941058,35.642435,35.5321,0.1103343225097646
285.55875,873,50,0.09174523,0.07453754,-0.11455982,522.6489,3.4536798,0.92546246,1.214564705,-0.03250461812,0.20630505,0.508603845,18155.97019,118,119.9752023,9919.845146,0.06769907625,-59.87456391,-6.560288809,0.8632340078,110,5427.323697,51.57859704,235.3185617,5881.656981,424.2868256,411.0765664,401.2838584,1027.337348,0,0,4,72.93878,0.9873745593,0.1797064,34.73836871,33.31894,1.4194295010156281
237.00038,880,50,0.0023875115,0.4431456,-0.46533585,1.8392452,1.7024623,0.5568544,0.005375515372,-0.1395256374,0.4677233615,0.2796209558,62.45589509,111,57.81111012,8047.905124,0.4420875848,-0.8558667285,0.4397111913,0.001978112176,15,2092.302901,0.0,377.9129746,2219.621343,3202.861887,597.000696,456.6704547,6545.868068,0,0,2,12.211532,0.9874533041,0.1867613,33.95735114,34.057373,-0.1000219068749999
53.824425,921,40,-0.007857295,0.46980488,-0.46617237,25.230635,2.3556545,0.53019512,-0.01668906873,-0.1228731824,0.458315075,0.2611689125,901.1354025,70,84.13437339,1922.388988,0.4734962755,-11.76182491,41.43971119,0.04066013772,1,2139.700486,63.72297649,1045.385541,2911.453395,999.3169334,997.3081733,419.5506134,1587.532828,0,0,2,19.915018,0.9876372557,0.1787808,35.71592243,35.82059,-0.10466854290039151
64.039154,913,40,0.11521233,0.37702176,-0.52078843,22.37035,1.059247,0.62297824,0.304776979,-0.1275058516,0.63600076,0.369095285,819.3166581,78,38.79504398,2345.441428,0.3335842046,-11.65021946,33.43971119,0.03593012303,1,2182.215449,198.5119695,198.5119695,5081.158973,6605.677905,2244.239147,1161.821633,2680.444301,0,0,0,3.1239564,0.9885047608,0.1405437,36.62511575,36.66413,-0.03901541455078217
325.6164,879,30,0.06613303,0.2577002,-0.34763476,2.4553025,1.685299,0.7422998,0.25563579,-0.09689662665,0.41376779,0.404216415,85.88905493,112,58.95352543,11390.40296,0.2406577049,-0.8535484953,-0.5602888087,0.002996877816,135,4975.148007,0.0,108.6008662,3686.36874,1290.803843,235.0014431,465.8313206,4491.029479,0,0,0,25.755157,0.988264592,0.1898937,34.98104813,35.028294,-0.04724547961914283
140.60939,897,10,-0.005495547,0.49044943,-0.5679669,67.94384,2.9975398,0.50955057,-0.0111823245,-0.1409179609,0.562471353,0.2520275115,2477.652151,94,109.3088194,5127.487019,0.4931447179,-38.58985218,17.43971119,0.1112943882,52,1701.21741,197.9002532,261.400473,2509.36625,575.191755,197.9002532,305.2851683,2075.784179,0,0,0,52.12815,0.9879641896,0.1900794,36.46617782,36.165638,0.3005398500292955
270.0,828,10,-0.0757315,0.6087516,-0.57563025,1.9789568,0.9512113,0.3912484,-0.1242005761,-0.2402228511,0.49989875,0.15775845,55.92435304,163,26.88076696,7630.068186,0.6548532718,-1.139147398,-51.56028881,0.002209151362,3,280.4974202,512.9585982,0.0,1907.557509,2538.127675,531.865068,433.1931839,1942.097713,0,0,0,12.204857,0.9878473631,0.0332525,28.2595118,29.193956,-0.9344445751220718
180.0,851,10,-0.028305873,0.63136727,-0.6188893,63.56766,1.3909631,0.36863273,-0.04476176163,-0.1866791085,0.590583427,0.1701634285,2153.048826,140,47.11218675,6096.634493,0.6492386718,-39.3413446,-28.56028881,0.1040575584,5,1677.376081,135.4710789,727.9180309,549.3977191,2885.109456,1364.0775,660.9803616,6278.949869,0,1,0,13.528942,0.9887604422,0.1302497,33.87019163,33.86969,0.0005016885937507709
134.24689,882,50,0.09435897,0.27141827,-0.39567965,1.6218748,1.9930806,0.72858173,0.3463753367,-0.1238407185,0.49003862,0.41147035,54.04069059,109,66.40922717,4473.091663,0.2458075216,-0.6417428532,2.439711191,0.001618649679,2,1177.482842,35.36509749,341.2053963,1165.809584,3783.822592,356.4642269,245.1449303,9603.794109,0,0,2,8.677184,0.9877789981,0.2133139,33.31989041,33.14316,0.17672863631835867
72.00984,875,40,0.17630745,0.30713612,-0.445758,92.1063,1.5011623,0.69286388,0.5721739146,-0.08227608526,0.62206545,0.434585665,3642.576004,116,59.36725036,2847.810793,0.2529857339,-41.05712008,-4.560288809,0.1512515222,1,1940.554096,279.3425507,592.111691,922.5407544,855.6991268,1302.811765,1206.373126,1288.222031,0,0,0,14.98887,0.9876102629,0.2115938,39.54752285,39.453426,0.09409648891601563
55.173943,900,50,0.020075964,0.30084035,-0.34375,65.10848,4.0534244,0.69915965,0.06651186298,-0.1184166795,0.363825964,0.359617807,2069.931106,91,128.8666123,1754.091953,0.29480069,-22.38104,20.43971119,0.1066055917,6,4621.068311,0.0,249.0261363,780.7065085,531.6545967,1067.588255,105.0548874,5725.042146,0,0,3,27.706112,0.9877990009,0.1988472,31.79203547,32.033936,-0.2419000768750017
45.729176,890,20,-0.016132094,0.35784936,-0.39173383,15.007778,1.3284488,0.64215064,-0.04495505858,-0.1145719092,0.375601736,0.313009273,514.9849119,101,45.58510182,1569.175375,0.3636222195,-5.879054356,10.43971119,0.0237547371,3,976.8230288,112.9732813,181.6015595,4677.433992,949.8490719,865.0600212,691.9945814,6540.088229,0,0,1,10.423385,0.9880143826,0.1771764,34.31453423,34.088963,0.22557167506835896
163.64902,872,40,0.15631294,0.3250608,-0.43466806,23.65177,3.3791218,0.6749392,0.4793981368,-0.09738391538,0.590981,0.41562607,890.0972697,119,127.1679493,6158.674209,0.2742495907,-10.28066898,-7.560288809,0.03804918998,7,75.16097071,423.5849281,507.5288979,2264.2527,5623.20027,3262.20146,315.2974711,4913.095411,0,0,0,3.8217936,0.9877378304,0.207593,37.63343165,37.54632,0.0871097811035142
202.30893,932,50,0.01859337,0.26557207,-0.32424325,3.6031978,2.5047276,0.73442793,0.0697498804,-0.09403288446,0.34283662,0.37651065,124.0731073,59,86.24820328,6966.339062,0.2606341902,-1.168312565,52.43971119,0.004895136778,5,5268.464642,39.55808922,647.7145868,3100.549086,1343.450922,479.354046,249.4954492,1997.27397,0,0,2,41.282856,0.987988347,0.164417,34.43416493,34.296707,0.13745777667968895
339.53943,915,50,-0.12920448,0.5005321,-0.46417445,14.359184,5.4283886,0.4994679,-0.2576195621,-0.1853354301,0.33496997,0.18513171,418.3480041,76,158.1535229,9892.319985,0.5652030897,-6.665166336,35.43971119,0.02268216596,312,6886.301766,0.0,25.40301432,3896.752832,221.3591812,225.1018424,207.5243296,471.0136133,0,0,2,62.493767,0.9889637692,0.1318593,29.13452492,30.076496,-0.9419712042675776
127.951385,795,20,0.1534268,0.39537868,-0.46842283,1.054166,3.0134852,0.60462132,0.3870712723,-0.109914768,0.62184963,0.37902406,39.12960846,196,111.8576163,4749.429973,0.3347169943,-0.493795421,-84.56028881,0.0006798373006,1,292.5276541,0.0,77.77335256,0.0,2300.16762,2690.123855,1095.219627,1879.706835,0,0,0,2.5245173,0.9883295044,0.1415756,37.11901964,37.004044,0.11497606089843515
350.28943,911,10,-0.023039527,0.5292259,-0.5239295,42.823147,2.820638,0.4707741,-0.04345228515,-0.1599743663,0.500889973,0.2238672865,1442.743751,80,95.02939723,11801.51207,0.5414190144,-22.43631,31.43971119,0.06975263733,1,1197.0108,0.0,371.4803983,0.0,3610.454032,1105.438741,1189.723524,9610.625605,0,0,0,4.9517927,0.9891875134,0.1276287,33.69074558,33.625786,0.06495975236327922
115.97087,905,10,-0.060477573,0.39764705,-0.42702702,249.84055,1.0588666,0.60235295,-0.1517070627,-0.1395204145,0.366549447,0.2709376885,8158.137547,86,34.57556976,3786.840482,0.4216957785,-106.6886655,25.43971119,0.4120945221,235,4805.140918,21.76600596,145.0527451,1679.649072,502.1566274,512.9559829,14.88164721,243.2105485,1,3,8,46.262955,0.9886414207,0.1506914,32.65337651,32.571705,0.08167164549804795
194.38857,870,40,0.12740141,0.23550466,-0.34319067,6.833997,1.9143392,0.76449534,0.5386845655,-0.08825682724,0.47059208,0.445948375,246.2081519,121,68.96782609,7003.229673,0.2055010343,-2.345364009,-9.560288809,0.0102378658,1,2413.854973,67.71040595,357.5536671,1836.120739,471.8070369,66.63210287,283.0003558,4393.16499,0,0,1,7.5427847,0.9876147719,0.2181115,36.02696225,36.126057,-0.09909442114258127
31.628035,890,50,0.0501746,0.09747292,-0.17401181,2.2092993,2.7211556,0.90252708,0.5095268831,-0.05367774291,0.22418641,0.47635084,74.09690203,101,91.26386809,1060.761396,0.09258225523,-0.38444417,10.43971119,0.002590065645,145,4581.043989,0.0,938.4586919,4525.390542,1844.828756,358.7934959,875.3352283,4726.25333,0,0,4,30.55815,0.9871154534,0.2524718,33.53864369,33.207684,0.3309601267675788
263.8169,934,50,0.016506718,0.3024911,-0.3534073,2.7085996,4.2975674,0.6975089,0.05438946315,-0.1154545562,0.369914018,0.357007809,88.44955158,57,140.337431,8614.963431,0.2974979647,-0.9572388714,54.43971119,0.003415751811,1,3141.983982,71.03295277,533.735728,443.4040957,1742.916328,735.6763731,396.7742426,7176.309678,0,0,0,15.506635,0.9874313428,0.2384013,32.65508552,32.794346,-0.13926033571289054
107.997314,828,50,0.009226983,0.208,-0.2593172,12.690855,1.5005854,0.792,0.04414824402,-0.08426853053,0.268544183,0.4006134915,415.4837065,163,49.12740582,3535.705381,0.2060807875,-3.290956984,-51.56028881,0.01992327281,225,6221.428547,88.12935034,937.3485789,3130.423886,567.6383886,275.3374337,143.4369781,1865.672596,0,0,0,62.84162,0.9875581471,0.2099348,32.73882701,32.97169,-0.23286412159179548
0.0,896,20,0.120385826,0.24625492,-0.3947059,5.2555823,1.8543341,0.75374508,0.4868895066,-0.09303444976,0.515091726,0.437065453,194.8126073,95,68.73599161,0.0,0.216609318,-2.074409342,16.43971119,0.00762766272,1,1727.508993,0.0,267.1625543,123.2722334,6453.501207,3058.721382,402.4967457,7186.286768,0,0,1,8.714419,0.9874684315,0.2020425,37.06774934,37.176937,-0.1091877632714855
252.0075,909,50,0.061574075,0.126424,-0.18781132,13.68689,2.9998896,0.873576,0.4832219598,-0.06338778512,0.249385395,0.4675750375,439.7655167,82,96.38771115,8097.10668,0.1186395591,-2.570552878,29.43971119,0.02157040245,398,6425.986606,78.59307902,402.4052939,3814.178232,168.7241385,114.2315907,204.0637145,1496.824238,1,1,5,60.912872,0.9875621851,0.1502941,32.13041945,32.077267,0.05315275688476362
307.1732,732,10,-0.07296816,0.6134404,-0.5902696,1.4255925,5.356856,0.3865596,-0.1187554725,-0.2009469775,0.51730144,0.15679572,45.60266779,259,171.3581718,9826.031908,0.6582020173,-0.8414839147,-147.5602888,0.00129406029,1,669.555449,1081.239303,1428.683797,2638.94275,1698.764342,1738.82912,999.7532733,2012.766959,0,0,0,4.9926543,0.9893370556,0.1625231,31.98857162,32.25523,-0.26665832995117356
341.10516,881,50,0.10642491,0.29431915,-0.4120212,4.589127,1.4701508,0.70568085,0.3603725326,-0.1126653222,0.51844611,0.40605288,161.7089021,110,51.80429126,12019.65884,0.2629962609,-1.890817613,1.439711191,0.006525554587,1,719.3943798,19.72358181,125.6087072,4377.250402,3420.325539,3775.723942,213.6966567,14170.52599,0,0,0,5.3722115,0.98785666,0.1512931,35.23739963,35.189354,0.048045687128905
295.9747,927,50,-0.015287552,0.2452381,-0.30220976,344.94888,1.0587208,0.7547619,-0.06208442966,-0.1054378462,0.286922208,0.369737174,10892.93689,64,33.43271867,9346.410195,0.2489871902,-104.2469182,47.43971119,0.5693738835,631,7663.59379,35.70720194,924.4585411,3502.286132,72.06030026,129.4959917,135.6755806,1025.118115,4,0,11,59.080284,0.9876434087,0.140229,31.57840922,31.553362,0.025047327299805744
134.26663,891,40,0.06484296,0.40951896,-0.50325733,10.746768,2.6556702,0.59048104,0.1579536302,-0.1395286652,0.56810029,0.327662,376.7045947,100,93.08874689,4706.424893,0.3829645385,-5.40838977,11.43971119,0.01670836238,1,1885.897511,17.88392087,150.069737,2010.853527,2714.027678,425.0687321,299.6699634,5643.118917,0,0,1,19.537327,0.9879808704,0.1738428,35.05282655,34.99691,0.05591645478515517
142.42181,873,50,0.00068,0.23481669,-0.26672408,23.735079,2.3393059,0.76518331,0.002883595729,-0.0833483275,0.26740408,0.382931655,791.41812,118,78.00138678,4748.886705,0.2346570147,-6.33071711,-6.560288809,0.03818695695,347,6819.340803,15.77751876,1048.602482,4453.08378,324.1886262,284.6313639,98.88747983,2427.135129,2,1,0,47.553955,0.9873055025,0.1685697,33.34381655,33.109417,0.2343995883300778
201.04686,844,50,-0.103520535,0.5700656,-0.5724097,72.122955,3.9687986,0.4299344,-0.1812760828,-0.1830873334,0.468889165,0.1632069325,2379.093481,147,130.9173047,6631.859079,0.6290790959,-41.28387903,-35.56028881,0.1182053343,70,5684.038273,104.8727409,92.22484384,4253.220156,967.7770893,926.6231086,68.19476498,4165.346141,0,0,0,57.600044,0.9879668565,0.1549404,32.98663346,33.070118,-0.08348449043945294
303.0209,906,40,0.15341724,0.25123617,-0.37312663,2.8447967,1.7014902,0.74876383,0.6082285503,-0.1127586837,0.52654387,0.451090535,96.2760208,85,57.58327331,10255.0901,0.2126922102,-1.061469406,26.43971119,0.003640979117,1,3680.404748,33.95242095,154.7016542,2218.669274,812.9390519,411.1172589,1271.927169,1223.865649,0,0,5,28.119516,0.9879250641,0.2591062,33.84284747,34.09357,-0.25072323922851325
0.0,907,50,0.106879,0.23216309,-0.31464475,3.3721445,0.0,0.76783691,0.4583873031,-0.08196910161,0.42152375,0.437357955,120.9406349,84,0.0,0.0,0.2073497311,-1.061027563,27.43971119,0.004513047055,1,1728.59236,674.9283636,492.3533932,6049.197151,7368.77627,4215.985802,104.1498177,1576.786847,0,0,0,4.317749,0.9888386482,0.166513,35.8646063,36.27587,-0.41126497685547037
309.87784,867,50,0.012396694,0.17284624,-0.22879177,10.667994,4.3315253,0.82715376,0.07130838148,-0.07687233532,0.241188464,0.419775227,343.5510854,124,139.4920374,9979.277104,0.1707035181,-2.44074923,-12.56028881,0.01657809488,566,7314.416409,109.242685,555.8647453,2771.932762,463.037591,344.8277321,222.0366246,2808.849207,0,0,0,52.392117,0.9873327253,0.1643051,32.20390688,32.40537,-0.2014619249316425
225.72151,866,40,0.09492797,0.44032663,-0.48702982,7.466047,0.66422266,0.55967337,0.2150968547,-0.1424949818,0.58195779,0.32730067,256.1556467,125,22.78908571,7744.3712,0.3985273169,-3.636187527,-13.56028881,0.01128307835,5,4431.207896,0.0,117.9853796,8301.886318,1953.391081,1668.888574,1683.851574,5808.482664,0,0,1,6.209322,0.9876799338,0.1706434,34.3094072,34.273193,0.03621384062500255
161.11589,876,50,0.04040958,0.31594783,-0.39574468,2.0257723,1.4700567,0.68405217,0.1274959983,-0.1063040925,0.43615426,0.362230875,71.85725102,115,52.14516622,5715.02777,0.3031805109,-0.8016886106,-3.560288809,0.002286569523,56,3251.325108,37.70359087,1234.987136,359.5503381,1684.165579,914.491791,799.7990742,1775.094431,0,0,5,46.181217,0.9883841869,0.1813929,35.471534,35.250446,0.22108768041992022
244.02281,835,50,0.09608541,0.28214666,-0.3590538,80.411415,1.0586271,0.71785334,0.3393485553,-0.09012213071,0.45513921,0.406969375,2921.028197,156,38.45572932,8864.382113,0.2550364825,-28.87202412,-44.56028881,0.1319118487,105,3256.754793,328.2734871,278.0919524,2235.861184,1513.968673,275.1123613,476.8249188,6367.513446,0,0,0,15.524112,0.9873518337,0.2583235,36.326039,36.232574,0.09346453710937652
36.246437,896,50,0.039215688,0.13710633,-0.21692854,3.0108433,4.01856,0.86289367,0.2839528644,-0.07170154453,0.256144228,0.451054679,97.75847927,95,130.4778347,1176.878438,0.1317296109,-0.6531378412,16.43971119,0.003915568138,462,5150.125881,93.96415219,455.9234821,5194.537722,993.868865,257.185057,314.1992839,2675.727812,0,0,4,62.31959,0.9873740418,0.1893581,32.46880343,32.419865,0.04893877545898562
314.26987,907,40,0.12879884,0.2932331,-0.47549018,1.5366514,0.664325,0.7067669,0.4377442239,-0.1263512295,0.60428902,0.41778287,54.7227269,84,23.65772455,11191.67579,0.2554650169,-0.7306626508,27.43971119,0.001477716893,1,1284.442272,41.95689248,698.2951264,3267.115146,2259.016489,320.0299385,1406.341866,3358.597463,0,0,1,8.888396,0.988289658,0.1511963,35.61167282,35.608635,0.0030378712695338095
198.89703,880,40,0.18299925,0.3239098,-0.5127148,27.80057,2.9384067,0.6760902,0.5632309336,-0.1299917024,0.69571405,0.429544725,1006.463765,111,106.3791092,7200.667244,0.2646345495,-14.25376369,0.4397111913,0.04491000454,1,0.0,0.0,214.9601255,3859.287928,8067.368444,810.3509619,1676.803843,5282.842733,0,0,0,2.0794687,0.9884103612,0.1577178,36.20299028,36.233135,-0.030144943388670242
75.12162,888,50,0.06485437,0.24283871,-0.30905136,7.213917,5.402194,0.75716129,0.2659724127,-0.09493070022,0.37390573,0.41100783,242.4011522,103,181.5238586,2524.22744,0.2270895585,-2.22947086,8.439711191,0.01086613438,157,4130.593488,105.4226038,130.0503595,175.6142674,807.325855,429.3114994,251.712949,5424.350526,0,0,6,37.942875,0.9874952961,0.1960182,33.60187706,33.963024,-0.36114707940429724
202.33546,889,40,0.14272152,0.2921536,-0.410203,4.662713,2.5052032,0.7078464,0.486848942,-0.1020498833,0.55292452,0.42528396,169.8799175,102,91.27383844,7371.83079,0.2504569941,-1.912658861,9.439711191,0.006647242762,1,3015.524798,0.0,92.7683901,3741.047334,3281.808189,148.4027127,273.8367308,10686.02152,0,0,2,10.279327,0.987537531,0.2238251,36.43370663,36.418903,0.014803279169925077
270.0,887,30,0.000572,0.2541886,-0.33197764,1.9316144,0.47599882,0.7458114,0.002241479439,-0.09381929838,0.33254964,0.3731917,67.20676998,104,16.56145409,9394.125398,0.2540432041,-0.6412527899,7.439711191,0.002130861875,24,4087.93136,0.0,381.525724,1392.902923,810.1283154,421.7809998,382.8770313,4568.173131,0,0,1,18.979591,0.9885492704,0.1919818,34.79305703,34.50414,0.2889180834667968
134.24055,889,10,0.025610002,0.5128366,-0.5816694,22.723724,0.664674,0.4871634,0.04984075093,-0.1734435754,0.607279402,0.256386701,773.4627234,102,22.62395733,4569.23616,0.4997028536,-13.2176949,9.439711191,0.03651449284,1,1030.993498,805.1684952,805.1684952,3589.444592,5077.794557,3313.453257,147.6477944,3127.021712,0,0,0,3.5720868,0.9890278294,0.125302,34.03767461,34.061874,-0.024199779648434117
0.0,866,40,-0.029903881,0.42582554,-0.48397025,6.031626,2.7802885,0.57417446,-0.07006113317,-0.1333456518,0.454066369,0.2721352895,211.9306373,125,97.68979605,0.0,0.4385593763,-2.919127543,-13.56028881,0.00891099571,1,1695.109067,0.0,212.5494497,3013.326144,2688.417333,760.7894542,639.4330428,3921.245166,0,0,0,6.1419535,0.9885636262,0.2021115,35.13656804,35.074314,0.0622539225683596
225.73712,812,10,-0.025713706,0.53468645,-0.56213385,2.9261334,1.9925107,0.46531355,-0.04800141202,-0.1633398106,0.536420144,0.219799922,100.6789474,179,68.55595854,7766.896629,0.5484352202,-1.644878634,-67.56028881,0.00377548452,23,2216.145554,79.8649813,260.2977858,1499.236884,1454.001985,315.8196307,788.4661566,3674.682617,0,0,0,9.242781,0.9881439049,0.148643,34.40682077,34.394344,0.012476440166018676
233.84406,874,40,0.14555947,0.22444291,-0.36317137,90.932686,2.3567576,0.77555709,0.6456600032,-0.08496171146,0.50873084,0.46055828,3378.440255,117,87.56108609,8688.055093,0.191773119,-33.02414815,-5.560288809,0.1493107325,21,4701.451401,282.9433155,315.8067754,1963.594693,79.64187042,759.1759706,365.1617924,3517.001505,0,0,0,18.50325,0.9877522259,0.1955526,37.15319984,37.19182,-0.0386183973046883
180.0,878,40,0.031114463,0.42603385,-0.47010013,1.7525405,1.3909631,0.57396615,0.0728618188,-0.1522682534,0.501214593,0.3025403065,57.46597353,113,45.6098154,5902.217516,0.4127780355,-0.8238695169,-1.560288809,0.001834729784,13,2686.301815,10.11591281,5.911536773,3714.752559,2538.843177,1058.228486,431.4808181,5179.42685,0,1,2,32.183903,0.9884415055,0.1565028,32.79009731,32.769184,0.02091319745117204
237.00487,896,80,-0.16864112,0.5047106,-0.46911958,78.52653,3.4023328,0.4952894,-0.3334735716,-0.1895911635,0.30047846,0.16332414,2269.313183,95,98.32293208,6849.128262,0.5898255609,-36.83833277,16.43971119,0.1287948398,2,1372.075068,7.466827198,0.0,2162.671849,532.4998589,898.2045703,515.06833,1094.147792,1,0,1,25.6589,0.9876138974,0.0356605,28.89868154,29.107895,-0.20921335746093916
283.69186,847,20,0.012671977,0.40893826,-0.43677557,57.56892,1.9584484,0.59106174,0.03091191586,-0.1252674875,0.449447547,0.3018668585,1991.290799,144,67.74211293,9812.812029,0.4037562038,-25.14469785,-32.56028881,0.09413752308,7,2488.838513,39.49654089,1370.125446,3010.454022,3481.464453,385.0608111,1216.957411,7450.035616,0,4,0,10.371757,0.9884355094,0.1611191,34.58968484,34.706837,-0.11715186043945636
196.35155,907,50,0.011447261,0.41279578,-0.45574954,92.5976,3.3791313,0.58720422,0.02766403514,-0.1214267738,0.467196801,0.2993257405,3294.390431,84,120.2210189,6985.695821,0.408070399,-42.20131361,27.43971119,0.1520639783,1,2378.470615,34.73309229,385.6092906,262.3018156,2011.280843,1401.421487,61.35560987,5896.92941,0,0,2,17.942307,0.9881049936,0.1559032,35.57749262,35.47693,0.10056390906250101
78.98142,905,40,0.05272316,0.4390695,-0.51601225,8.740338,2.4249218,0.5609305,0.1198064397,-0.1206087977,0.56873541,0.30682683,324.8211483,86,90.11846953,2935.222361,0.4159203685,-4.510121477,25.43971119,0.01339035618,1,262.4365141,617.2491403,617.2491403,5292.313495,11325.04051,5887.500732,739.5898294,5826.479806,0,0,0,2.386897,0.9876538156,0.1591414,37.1634539,37.184647,-0.021192706445312126
295.9595,900,40,0.13619047,0.22733423,-0.4358839,30.79973,2.1178713,0.77266577,0.5964522709,-0.0934324256,0.57207437,0.45442812,1173.574722,91,80.6981172,11277.06599,0.1963734744,-13.42510643,20.43971119,0.04986967494,1,418.8325834,79.59626861,751.0077229,3049.084545,3590.026672,2472.431303,903.3009281,5494.712806,0,1,0,8.324754,0.9874858371,0.2194948,38.1034094,38.018024,0.08538495541991864
0.0,882,40,-0.013195099,0.5687705,-0.59673226,12.157119,0.0,0.4312295,-0.02315862088,-0.176105659,0.583537161,0.2090172005,415.6076282,109,0.0,0.0,0.5762754831,-7.254545096,2.439711191,0.01904064079,1,1044.405193,85.85672358,940.1393398,6185.021325,2159.233711,498.1525018,2082.978432,1091.578663,0,0,1,11.438697,0.9883388573,0.1248679,34.18635848,34.197273,-0.010914774394528592
303.0131,826,50,0.09777529,0.1645753,-0.18954892,17.404327,3.4006946,0.8354247,0.5905185737,-0.05446960914,0.28732421,0.466599995,601.5342791,165,117.5359653,10472.84199,0.1484839023,-3.298971386,-53.56028881,0.02771787783,208,6858.2576,35.18099223,293.5074864,3430.239935,126.2730369,93.62039604,203.4976769,12.03093441,0,0,3,68.388016,0.9875455601,0.2977059,34.56234068,34.82083,-0.25849061882812663
207.17003,887,50,0.11115627,0.27596265,-0.36176836,2.4444396,1.0424134,0.72403735,0.401340289,-0.1292639775,0.47292463,0.41759681,76.19307436,104,32.49197963,6457.480684,0.2452876712,-0.8843209052,7.439711191,0.002978913985,34,4609.785957,0.0,48.45891425,2179.155507,1085.184279,473.4870113,281.7079745,4095.951958,1,0,6,49.187202,0.9873525651,0.1681952,31.16995583,31.613895,-0.44393958625976637
180.0,877,10,0.0155937625,0.33804348,-0.38704225,8.010951,0.92740995,0.66195652,0.04599340032,-0.1162002199,0.4026360125,0.3387751412,271.8800773,114,31.47495084,6108.939365,0.3327721103,-3.1005765,-2.560288809,0.01218417874,1,3160.359821,0.0,599.1500652,1951.83588,4457.734245,483.0070122,72.59811864,7764.257718,0,0,4,9.694164,0.9888438642,0.1489685,33.93855203,33.98821,-0.04965674075195636
314.2791,887,50,0.10006267,0.14849374,-0.23650976,18.883364,1.3282518,0.85150626,0.6693435458,-0.06586429212,0.33657243,0.475784465,660.7857679,104,46.47953011,10997.57207,0.1336350599,-4.466099888,7.439711191,0.03016374135,3,5114.146434,307.9465822,1489.0083,7625.517646,457.285902,72.41136149,227.4724422,1615.924284,0,0,0,26.219158,0.9877093745,0.1664083,34.9930112,35.068176,-0.07516506953125202
194.39853,874,40,0.088249475,0.214301,-0.32461467,3.6971092,1.9144244,0.785699,0.4098888301,-0.08462359064,0.412864145,0.4369742375,132.5637739,117,68.64371854,6970.365599,0.1953890493,-1.200135883,-5.560288809,0.005050436793,1,955.4328484,0.0,141.2649405,2442.162893,2022.454383,2208.292346,405.8705758,9057.222728,0,0,0,6.541529,0.9878064916,0.2145087,35.85606125,35.798134,0.057927399902347076
325.60864,902,20,0.11974205,0.10060473,-0.23809524,89.288864,1.6854551,0.89939527,1.178508619,-0.05588549809,0.35783729,0.50956866,3314.009905,89,62.55668004,12085.16057,0.08855811339,-21.2592535,22.43971119,0.1465923663,88,3977.623451,0.0,390.6248498,3564.429679,1244.048962,355.2265209,217.6058475,2495.123474,0,0,0,36.28317,0.9884217955,0.1318313,37.11560162,36.258274,0.857327541630859
0.0,888,50,0.083631486,0.07813733,-0.14725643,12.765958,0.46373534,0.92186267,1.056789331,-0.04820576294,0.230887916,0.502747078,416.4589244,103,15.12825915,0.0,0.07160258898,-1.879869401,8.439711191,0.02004746963,668,7423.48572,0.0,105.2220162,4942.414244,373.3218171,390.0842238,377.1305017,3185.875814,2,0,39,51.321445,0.9874427587,0.184072,32.62261433,32.051064,0.5715507924023413
237.0102,878,60,0.09008655,0.14618434,-0.27438018,3.5128608,1.7029113,0.85381566,0.6120661342,-0.06596857262,0.36446673,0.471951105,129.4093727,113,62.73311003,8731.157609,0.1330150971,-0.9638593786,-1.560288809,0.004745747701,1,2905.621522,183.9846322,79.58568352,5629.592985,2841.927417,1620.711009,208.445724,13851.61923,0,0,1,6.627256,0.9872689445,0.1621614,36.838742,35.82589,1.0128524125976597
0.0,855,10,0.0016275285,0.6155004,-0.62713146,30.624289,0.0,0.3844996,0.002639947192,-0.1924137534,0.6287589885,0.1930635643,1029.556966,136,0.0,0.0,0.6144986556,-19.20545507,-24.56028881,0.04957955053,1,437.4828183,638.9114816,436.2505942,6842.021442,4160.464465,2300.745807,366.558484,6011.918407,0,0,0,5.406742,0.9893246544,0.1572117,33.61896716,33.62807,-0.009103671298831273
90.0,921,10,0.0297689,0.24880262,-0.2917862,14.577408,1.9017222,0.75119738,0.1191696869,-0.08781777902,0.3215551,0.39048314,494.2129482,70,64.47344652,3051.239654,0.2413960397,-4.253486486,41.43971119,0.02304304004,1,3255.153385,39.47429034,622.6962269,291.7864963,3264.550494,339.7192758,1569.573469,5676.3046,0,4,0,16.11111,0.9876585038,0.2206336,33.90266282,34.22578,-0.32311766706054357
198.87221,877,50,0.039906103,0.24949084,-0.30740544,15.56134,1.4699522,0.75050916,0.1593116259,-0.09355854251,0.347311543,0.3952076315,525.0177924,114,49.59412615,6709.669519,0.2395346328,-4.78364057,-2.560288809,0.02467015511,1,4499.383129,0.0,586.6809554,7559.894445,2690.068321,472.3164486,170.807539,8047.924902,0,0,1,8.796949,0.9879776071,0.1494922,33.73859786,33.830273,-0.09167481456054816
325.62122,913,50,0.005368263,0.2631579,-0.30148917,12.561142,3.3674924,0.7368421,0.02032217473,-0.08480995342,0.306857433,0.3711051815,437.8348133,78,117.378293,11349.9478,0.2617451992,-3.787048276,33.43971119,0.01970876818,325,5987.173934,0.0,1104.651991,2927.296961,488.380049,212.6027092,95.90926638,435.2923217,2,2,2,53.443417,0.9874002212,0.2007746,34.8562904,34.242424,0.6138663887695301
225.7255,891,20,0.14765513,0.3067504,-0.4618897,2.6092904,3.3177855,0.6932496,0.4797885884,-0.1138179568,0.60954483,0.420452365,95.36489427,100,121.2591222,8249.863044,0.2614571298,-1.20520436,11.43971119,0.003251525528,1,1785.22043,0.0,1011.571964,1934.740705,1454.573022,1343.613126,589.263341,4878.031609,0,0,1,16.59829,0.9878488977,0.1544328,36.5482103,36.411198,0.1370126376464853
248.70592,903,50,0.037262715,0.15070029,-0.19488074,12.563692,2.552291,0.84929971,0.2456337757,-0.06554715284,0.232143455,0.4432812125,404.3852525,88,82.15012279,8005.051879,0.145084788,-2.448421594,23.43971119,0.01971298508,984,7296.626101,204.2168196,508.1495984,5659.520517,35.07822397,442.7837689,94.70521837,1021.188021,0,1,1,66.25833,0.9875338356,0.1752964,32.18681678,32.422024,-0.23520699319335847
332.8234,880,40,0.097266756,0.15626833,-0.25787234,45.28032,1.0424746,0.84373167,0.6184764345,-0.06908738122,0.355139096,0.470499213,1607.710101,111,37.01380521,11817.13252,0.1410686165,-11.67654207,0.4397111913,0.07381603115,1,1401.21427,73.84404409,370.4918083,2260.50463,2250.978663,548.2712434,481.6332234,6031.280236,0,0,0,5.018625,0.9873809662,0.2695716,35.5057142,35.437782,0.06793191240234364
270.0,918,80,-0.06910569,0.33333334,-0.1251337,9.632663,1.4266595,0.66666666,-0.2066969749,-0.05076586261,0.05602801,0.298780485,277.6469185,73,41.12129884,7782.340977,0.3563685705,-1.205370762,38.43971119,0.01486598199,22,5749.844947,103.3214179,0.0,1739.455781,350.3862199,593.7321771,231.5487803,327.3337625,4,1,0,70.15791,0.986910243,0.021128,28.8234851,28.93746,-0.11397484567871174
56.997967,873,40,0.036376607,0.4368519,-0.5426777,28.648146,3.4017036,0.5631481,0.08307970572,-0.140131708,0.579054307,0.2997623535,1030.636875,118,122.3786408,2050.541303,0.4209607101,-15.54670998,-6.560288809,0.04631162953,1,177.7020379,1591.439337,824.6243045,6116.393734,3669.844778,1454.067624,667.3415423,7102.317785,0,0,0,3.0397754,0.9885586576,0.1731799,35.97569195,35.936604,0.03908840385741996
314.24167,879,40,0.112890564,0.3375947,-0.43110436,46.312763,2.6568568,0.6624053,0.333409129,-0.1153010256,0.543994924,0.387647932,1645.396664,112,94.39262594,11164.35647,0.2994834439,-19.96563405,-0.5602888087,0.0755233682,5,1507.480864,0.0,330.0828435,2352.009062,2348.404503,483.3338427,494.7792997,5997.922729,0,0,0,5.3866396,0.988325534,0.1802453,35.52793133,35.601643,-0.07371127864257687
22.314346,906,50,0.025542168,0.15774406,-0.19964403,336.56067,2.5048246,0.84225594,0.160901567,-0.0662558139,0.225186198,0.433899054,10905.86519,85,81.16598829,723.0709672,0.1537149347,-67.1923285,26.43971119,0.5555024139,654,6171.515273,495.4247746,1237.563495,5289.099887,118.7067143,126.2946693,171.1812696,2352.636996,0,0,0,49.564697,0.9876968116,0.1469976,32.40386105,32.297253,0.1066083949707064
115.9694,881,40,0.07280118,0.44945118,-0.52522796,1.3315282,1.0589224,0.55054882,0.1616183578,-0.1318501801,0.59802914,0.311675,48.36686973,110,38.46464669,4212.510754,0.4167306037,-0.6993558402,1.439711191,0.001138507426,1,1243.422324,0.0,572.4329346,4273.640013,2109.470485,330.6195531,832.6785261,6185.385399,0,0,0,10.274098,0.9890539329,0.1438821,36.32432999,36.386433,-0.062102657705075615
37.599865,887,40,0.16060889,0.27512977,-0.4319025,29.894419,4.672193,0.72487023,0.5816427906,-0.1058958941,0.59251139,0.44273956,1094.375658,104,171.0397612,1376.456822,0.230941483,-12.9114743,7.439711191,0.04837257436,1,178.5233352,413.4590188,2110.491461,3722.104914,2885.813274,2701.321164,542.3605597,2068.510272,0,0,0,5.131398,0.9875743496,0.2158979,36.60802565,36.66433,-0.05630387880859189
216.72527,849,10,0.06570049,0.37504444,-0.44166976,3.29317,6.3384867,0.62495556,0.174714696,-0.1174575653,0.50737025,0.345328025,117.2415242,142,225.6591193,7715.727093,0.3504038365,-1.454493604,-30.56028881,0.00438244799,1,2513.248985,1.700801951,603.6931921,1.700801951,2034.168151,1844.08205,694.7229213,3675.0812,0,0,2,15.690252,0.9882764606,0.1325926,35.60141876,35.546913,0.054505613027345134
348.39777,939,10,-0.29812798,0.73877245,-0.68455404,77.3048,2.3657477,0.26122755,-0.402999571,-0.2908412336,0.38642606,-0.018450215,2156.323367,52,65.98965454,9718.132024,0.9590211882,-52.91931315,59.43971119,0.1267744814,1,112.9450888,0.0,1880.662935,0.0,1012.167308,410.6567114,599.9188652,3006.227824,0,0,0,17.435928,0.9892727601,0.1228082,27.89378366,27.792404,0.10137948519531292
123.027145,911,10,-0.01663586,0.49637243,-0.5434986,14.435693,1.7012049,0.50362757,-0.03344749125,-0.1790109724,0.52686274,0.243495855,469.5238129,80,55.33203091,4001.48259,0.5046300123,-7.845778936,31.43971119,0.02280868786,90,3463.437731,0.0,259.6203527,4362.12782,2291.421621,870.3603971,1243.588898,2299.875711,0,1,2,26.960344,0.9883135012,0.150411,32.52520076,32.553417,-0.02821644581054983
64.0432,867,40,0.04619125,0.42493945,-0.5167526,23.925966,1.0594004,0.57506055,0.1084455784,-0.1421594809,0.56294385,0.3106259,841.1670089,124,37.24542055,2251.57166,0.4053109656,-12.36380514,-12.56028881,0.03850262421,1,0.0,0.0,510.0364315,2357.459612,7623.410662,5170.343396,455.4725682,7748.863558,0,0,0,1.7728157,0.9879009914,0.1709991,35.15707616,35.09753,0.0595457950097682
325.6001,933,50,0.057641633,0.36661094,-0.46868584,26.781872,1.6856266,0.63338906,0.1568006464,-0.1184158857,0.526327473,0.3455153465,970.7281139,58,61.09674223,11801.6086,0.3454788867,-12.55228418,53.43971119,0.04322539741,1,2905.882505,0.0,689.2563363,2252.552096,1795.964812,1393.610628,195.9811272,1734.015814,0,0,1,5.715528,0.9878419422,0.2041577,36.24571553,36.29245,-0.04673442117187676
320.6268,918,40,0.06889656,0.22741432,-0.32351422,2.976946,2.9967933,0.77258568,0.3016297752,-0.1008780199,0.39241078,0.42074112,99.35940628,73,100.0218355,10701.33233,0.2117462557,-0.9630843632,38.43971119,0.00385951263,3,4070.47942,3.520830105,501.5388249,230.0465926,444.160638,400.9506325,388.2628475,1128.008032,0,2,0,48.71721,0.987322831,0.2322104,33.37628774,33.516552,-0.14026423143554467
180.0,896,50,0.04179523,0.09207161,-0.12851007,9.825188,2.3174627,0.90792839,0.449065295,-0.04278445695,0.1703053,0.47486181,317.8702864,95,74.97592231,5823.466335,0.08822345588,-1.262635598,16.43971119,0.01518435798,62,5712.823106,0.0,175.7313434,3989.459795,1098.620967,657.1419975,209.1974141,1408.107224,1,3,5,60.50524,0.9871647766,0.2944438,32.35259075,33.76304,-1.4104478852539089
225.7555,847,40,0.018181818,0.3997862,-0.48764557,55.383816,0.66462696,0.6002138,0.04536537935,-0.1604601272,0.505827388,0.309197809,1802.221598,144,21.62734799,7346.215326,0.3925173601,-27.00767252,-32.56028881,0.09052404609,9,1334.013857,108.9118148,1620.272437,377.6417318,2590.255638,1144.551799,545.8774681,4402.904717,0,0,0,7.260364,0.9879045781,0.2220196,32.54058185,32.56253,-0.021948667578122638
180.0,896,40,-0.031415593,0.57788074,-0.5833818,14.676298,1.8543341,0.42211926,-0.05426954263,-0.188097468,0.551966207,0.1953518335,482.2906811,95,60.93689676,5915.137631,0.5960352061,-8.561885145,16.43971119,0.0232065731,299,6545.503332,0.0,679.3395958,4766.727847,464.7521083,183.5569774,277.5554622,1497.175385,3,0,4,45.25031,0.9881747294,0.1620931,32.86187573,32.647976,0.2138998083691419
173.48972,882,40,-0.004606365,0.51404226,-0.52802545,57.24537,4.193295,0.48595774,-0.008943664157,-0.1744728079,0.523419085,0.2406756875,1858.982165,109,136.1727702,5633.893103,0.5164101263,-30.22701225,2.439711191,0.09360247281,1,646.90674,0.0,609.089177,1059.11041,5554.24613,703.1550945,414.7796618,4686.896589,0,0,1,10.555897,0.9886462488,0.1610496,32.47393046,32.688625,-0.2146948756933611
134.23341,879,10,0.010705922,0.4399805,-0.491175,24.333023,0.6647591,0.5600195,0.02427754062,-0.1154093046,0.501880922,0.285362711,902.8436902,112,24.66498137,4980.547926,0.4352701031,-11.95177257,-0.5602888087,0.03917576887,1,1354.882328,0.0,376.3736283,2865.590731,7220.990726,5673.594302,208.1868898,7347.637899,0,0,1,1.9439625,0.9879319324,0.2321277,37.10363855,36.808952,0.2946862184570307
194.39458,863,50,0.028748067,0.07400444,-0.11616341,120.9147,1.9143906,0.92599556,0.3832848695,-0.02675819514,0.144911477,0.4773718135,4513.445745,128,71.45945123,7256.267351,0.0718769554,-14.04586387,-16.56028881,0.1988915843,4,1571.244292,219.9407089,1392.051813,3158.165402,2982.825813,2376.241355,296.9607043,3126.524046,0,1,0,17.585833,0.9872458641,0.223239,37.32751886,36.61041,0.7171100770410135
0.0,891,40,0.13027671,0.40764955,-0.5253277,19.448372,0.46373534,0.59235045,0.3187981242,-0.1314864788,0.65560441,0.36131358,707.147069,100,16.86151861,0.0,0.3545423078,-10.21676853,11.43971119,0.03109808745,1,2011.840755,217.9159487,830.7475826,5451.709786,5113.862569,4421.658083,238.1188374,1137.895711,0,0,0,3.762899,0.9883284518,0.1540874,36.3602192,36.44187,-0.08165244306640318
194.3841,900,10,0.0651949,0.22264832,-0.30476648,2.6519253,1.9143008,0.77735168,0.2915063256,-0.09403335493,0.36996138,0.42127329,88.9329134,91,64.19650933,6518.71466,0.208132785,-0.8082179389,20.43971119,0.003322030286,20,2709.049338,0.0,89.07712669,922.2767494,1521.918256,361.6958323,918.4175628,3437.824117,0,0,3,24.390394,0.9891537636,0.1438414,33.53522567,33.466103,0.0691230699023464
270.0,902,10,0.20042807,0.18165386,-0.40139335,71.47939,2.3793874,0.81834614,1.097310892,-0.08608175258,0.60182142,0.509387105,2723.241984,89,90.65057303,10286.53624,0.1452453274,-28.69135181,22.43971119,0.1171410795,1,5260.792327,0.0,203.2470046,2518.326458,2427.941186,586.5608472,727.7035456,4663.568035,0,0,1,7.3385935,0.9884361397,0.1626548,38.09828237,37.9944,0.10388234558593723
258.96545,796,10,0.03653643,0.41457364,-0.49475753,1.887364,7.2300916,0.58542636,0.08791806429,-0.1379914922,0.53129396,0.310981395,66.0058433,195,252.8544007,9056.669998,0.3994265992,-0.9337875509,-83.56028881,0.002057685586,90,2976.075309,0.0,1050.711647,2020.803228,1029.175056,723.9979326,508.9961039,3636.863764,0,0,1,11.443064,0.9883968761,0.1529894,34.97250308,34.932796,0.039706601728518365
180.0,905,50,-0.01735358,0.19673386,-0.27792916,329.75485,0.46373534,0.80326614,-0.08776230839,-0.09340172061,0.26057558,0.39295628,10618.26737,86,14.93250465,5796.087995,0.2001478968,-91.64848847,25.43971119,0.5442477212,225,5979.936954,0.0,139.3478351,279.3455252,368.6491379,141.2998153,189.8183359,1293.052243,4,0,17,46.9927,0.9875016019,0.16585,32.20048886,31.970108,0.2303808277734376
244.03487,882,40,0.10124269,0.34665936,-0.47954273,108.5161,2.1174455,0.65334064,0.2912123235,-0.1150249468,0.58078542,0.377291665,4000.563892,109,78.06192824,8996.610543,0.3115626339,-52.03810684,2.439711191,0.1783881869,7,4008.647897,109.8182423,767.9063024,2489.349465,2054.656685,4686.586769,163.0963544,5355.367509,0,0,1,13.3633585,0.9881447758,0.1645575,36.86608616,36.864975,0.0011111844140643257
314.27298,919,50,0.056179777,0.20262073,-0.2973822,4.1062174,0.66428804,0.79737927,0.2759040153,-0.09408135211,0.353561977,0.4267795235,136.1450274,72,22.0250183,10419.98007,0.1912375426,-1.221115964,39.43971119,0.0057269735,200,4098.006435,98.65198062,370.6237994,1925.87648,439.5585688,314.8780562,447.5549748,920.3910373,0,0,1,51.898834,0.9875778776,0.1765952,33.15582545,33.13068,0.025145365771486183
108.000946,797,40,0.17709506,0.34702474,-0.48075253,0.8785128,1.5002929,0.65297526,0.5088576749,-0.08731220817,0.65784759,0.41503516,34.86912155,194,59.54824505,4286.674154,0.2855683728,-0.4223472512,-82.56028881,0.0003893619749,1,564.6330833,430.5709109,265.3131192,1175.178272,2321.517689,2427.554328,502.3872203,4270.376376,0,0,0,5.0778933,0.9882501098,0.160346,39.69107969,39.534054,0.15702588750976787
165.61272,868,50,0.049599048,0.2519562,-0.3400335,1.9397717,1.9143281,0.7480438,0.1960776134,-0.09789324874,0.389632548,0.398821424,66.993324,123,66.11458588,5719.717743,0.2394594123,-0.6595873604,-11.56028881,0.002144351492,55,3841.749223,107.6784357,118.3320334,1560.691314,1216.979606,301.7744165,800.3990353,3594.862968,0,0,4,38.725964,0.9874272764,0.2962468,34.53670553,34.531715,0.004990136933592737
322.40887,887,50,0.07702642,0.19236332,-0.24306393,2.1901062,2.3397121,0.80763668,0.3983507317,-0.0719977427,0.32009035,0.44233155,74.75572535,104,79.86228026,11004.90421,0.1775462621,-0.5323358201,7.439711191,0.002558326275,10,4255.142705,28.28803641,279.9228638,1193.989806,1081.223097,43.6923693,119.73601,5285.881785,0,2,3,22.281116,0.9872685069,0.1449853,34.13337917,34.19851,-0.06513004630859598
201.05577,917,50,0.006843456,0.244373,-0.2914349,240.1181,3.9690356,0.755627,0.02789001235,-0.1017196875,0.298278356,0.381235228,7580.906166,74,125.3086979,6347.646956,0.2427006441,-69.97879446,37.43971119,0.3960166378,347,6612.518721,39.22161212,197.8773766,2104.732547,210.521536,258.9558033,131.9062615,3562.613617,0,0,15,50.070347,0.9881299924,0.1432336,31.57157318,31.751223,-0.17964943047363136
101.029785,883,50,0.090947635,0.1263462,-0.18945909,13.390071,2.4224908,0.8736538,0.714176277,-0.0521004755,0.280406725,0.4823007175,470.8243972,108,85.18011374,3552.429828,0.1148553119,-2.536870667,3.439711191,0.02107955687,1,4700.096018,0.0,619.4865432,271.1884661,1898.048293,839.9828416,1123.575274,5207.911776,1,0,1,25.56696,0.9872999227,0.1961175,35.16220319,34.847305,0.3148978921484371
225.76672,888,40,0.06636586,0.41804683,-0.5365099,23.634863,1.3293424,0.58195317,0.1583733732,-0.1370644179,0.60287576,0.324159515,853.4311435,103,48.00121772,8152.209303,0.3903027926,-12.68033798,8.439711191,0.03802123111,1,185.1060438,473.0847056,473.0847056,1072.802783,9016.322993,4456.68097,445.2571384,9141.424686,0,0,0,2.3688204,0.9888381806,0.1621388,36.10899473,35.991707,0.1172878818554679
270.0,895,50,-0.015628345,0.22362651,-0.29688355,2.8989425,0.47576073,0.77637349,-0.06957480219,-0.09682143985,0.281255205,0.3803725725,94.7444844,96,15.5490166,8824.256014,0.2271214222,-0.8606483406,15.43971119,0.003730519295,96,3769.75341,0.0,257.5352791,2573.105746,86.36345293,177.0521038,1084.867273,3524.91277,0,0,6,27.269072,0.9875246329,0.1601695,32.68242968,32.50614,0.17628801740234223
332.84018,881,40,0.1620766,0.18886144,-0.35708794,2.8912892,1.042318,0.81113856,0.8536572776,-0.0845200043,0.51916454,0.48660758,107.0352286,110,38.58650506,12321.7092,0.1582514199,-1.032444504,1.439711191,0.003717863137,2,1719.090751,0.0,458.4967963,806.5326234,1951.379322,394.1136159,957.0275743,4533.531125,0,0,2,19.01835,0.9880772951,0.2169555,37.01989706,36.91667,0.10322530707031063
211.6091,780,40,0.12985274,0.3135104,-0.45043033,1.8865886,2.7206032,0.6864896,0.4128726427,-0.1034707475,0.58028307,0.40817117,70.47970713,211,101.6370589,7905.352228,0.2728002155,-0.8497767257,-99.56028881,0.002056403317,13,2925.52681,837.7702888,1577.660007,2586.014351,2477.244749,1806.358671,210.7600317,3920.398147,0,0,0,7.3578906,0.9876473868,0.2118058,37.35828104,37.366142,-0.007861232949217367
0.0,880,50,0.006907761,0.22906713,-0.30242473,9.560167,0.46373534,0.77093287,0.0300249801,-0.102859307,0.309332491,0.3889203155,305.9631326,111,14.84136389,0.0,0.227484789,-2.891230924,0.4397111913,0.01474609633,205,4172.920841,0.0,668.6215376,1117.191336,729.6877159,1023.371627,365.2149754,2072.027017,0,1,4,32.9263,0.987936693,0.1621904,32.00395271,31.781513,0.22243949588867196
0.0,898,20,0.1821044,0.22725013,-0.427002,23.411762,0.0,0.77274987,0.7978282422,-0.0826811646,0.6091064,0.477427135,915.5943823,93,0.0,0.0,0.1858668814,-9.996869198,18.43971119,0.03765229199,1,2051.271182,336.0418879,688.3680857,2929.145367,4568.366307,3985.41351,154.3673342,4710.833551,0,0,0,2.3684173,0.9892165246,0.1523052,39.10830728,39.076138,0.032169737275388854
248.71861,929,40,0.17827986,0.27219284,-0.41623038,42.30591,2.553741,0.72780716,0.6525788158,-0.101847991,0.59451024,0.45304351,1549.748056,62,93.5485172,9111.048131,0.2236663386,-17.609005,49.43971119,0.06889728948,1,2014.893751,0.0,699.018441,529.0670117,2108.502147,1534.472572,1547.913466,3642.348983,0,0,0,6.691727,0.9874373021,0.1983869,36.63195179,36.53445,0.09750125899414286
270.0,864,40,-0.030531324,0.51766425,-0.55164176,9.852261,0.47569,0.48233575,-0.05886529484,-0.1617684507,0.521110436,0.225902213,337.7053199,127,16.30519569,9254.772723,0.5334692249,-5.434918598,-15.56028881,0.01522912823,48,1720.185861,44.57050388,212.082028,1221.659348,1303.256986,761.9792943,1314.350266,9933.292127,0,0,2,12.057014,0.9878263282,0.1606721,34.27693601,34.349834,-0.07289843213867186
56.98982,902,50,-0.025618568,0.24112348,-0.265262,5.9647923,1.7019795,0.75887652,-0.105807863,-0.09464094125,0.239643432,0.366628976,186.0752209,89,53.09425634,1777.831115,0.2473007183,-1.582232735,22.43971119,0.008800473723,42,7696.077577,0.0,322.9233471,2818.052046,292.1369444,275.5794063,205.6112234,908.7318059,4,0,9,59.20529,0.9886298619,0.1565441,31.19559098,31.229746,-0.034154884868165425
276.18082,803,40,0.06546061,0.24476855,-0.3148024,10.20808,4.299144,0.75523145,0.2663506376,-0.09543263972,0.38026301,0.41034603,344.9994602,188,145.2968981,9334.001479,0.2287458514,-3.213528083,-76.56028881,0.01581754131,143,5695.638975,19.63316852,0.2084148535,2480.498544,409.7149826,570.0458072,435.0725275,813.9381833,0,0,3,57.49105,0.9878982479,0.1615365,33.7967042,34.325523,-0.5288191764648431
225.73814,835,20,0.045048784,0.46263912,-0.5037594,1.5002517,2.6558971,0.53736088,0.09716346628,-0.1212774341,0.548808184,0.291204832,55.2443098,156,97.79905745,8312.437,0.4417977902,-0.7557658962,-44.56028881,0.001417523201,1,2524.577815,127.0187109,1039.591732,2189.972301,3236.742474,209.0143634,147.3762167,7368.018059,0,0,0,5.6999035,0.9883642374,0.1516158,36.82336091,36.86457,-0.041209707675783136
0.0,836,40,0.105632395,0.46776316,-0.517171,1.6544344,1.8543341,0.53223684,0.2253427829,-0.1022729553,0.622803395,0.3189346175,64.37131783,155,72.14908595,0.0,0.4183522171,-0.8556254931,-43.56028881,0.00167249305,1,1993.566183,782.7027506,1172.523193,5520.530474,5215.173308,2836.831054,639.3124415,11027.8901,0,0,0,4.730973,0.9884877939,0.1792201,38.90835311,38.721878,0.18647505824218769
266.71924,849,50,0.053747162,0.123090744,-0.18371212,396.6179,8.049938,0.876909256,0.4331278891,-0.06129217563,0.237459282,0.465328209,12818.06012,142,260.1612012,8619.9419,0.1164749658,-72.86351524,-30.56028881,0.6548182444,370,6480.996121,131.2856098,90.33357856,6339.528087,410.5510015,814.8749326,418.1559607,1811.019517,0,0,1,73.74884,0.9873376436,0.1653996,32.31841055,32.329006,-0.010595645068356419
122.98844,907,40,0.084890045,0.50291264,-0.54738104,47.077026,1.7029737,0.49708736,0.168461829,-0.1509711848,0.632271085,0.2909887025,1653.481486,84,59.81336809,4319.710182,0.4602203634,-25.76907145,27.43971119,0.07678721961,1,4207.378988,215.3873474,358.1680486,2620.532862,1294.873857,1805.678772,847.8340288,6516.803462,0,0,0,7.8866863,0.9879758337,0.1318582,35.12289596,35.094162,0.028733972695313525
0.0,907,40,0.101915956,0.12778002,-0.16841224,68.329315,0.92740995,0.87221998,0.791395715,-0.05706002008,0.270328196,0.487067968,2191.128859,84,29.73942744,0.0,0.1147571971,-11.507493,27.43971119,0.111931843,1,1015.726843,0.0,337.0996048,1112.661518,2605.461139,1154.023792,952.8156012,7285.564668,0,0,0,8.796767,0.9887485287,0.1478388,32.06718608,33.36692,-1.2997343911914072
56.97986,806,10,0.026390199,0.4868658,-0.5343483,2.3700528,1.7015246,0.5131342,0.05409315226,-0.1742648651,0.560738499,0.2697621995,77.45908397,185,55.60995809,1862.240268,0.4740173147,-1.266433685,-73.56028881,0.002855901538,1,1692.834292,315.0213404,215.6730922,319.0125677,3201.793111,1656.694339,420.6623151,3997.167631,0,0,0,15.261057,0.9885186365,0.1350313,32.68242968,32.86206,-0.17963086687500152
194.39386,905,50,0.1262987,0.2102541,-0.37471265,2.8306904,1.9143844,0.7897459,0.5978520654,-0.1237880183,0.50101135,0.4580223,91.93331856,86,62.17412928,6313.397134,0.1836992805,-1.060695501,25.43971119,0.003617651719,59,3647.823016,0.0,425.562791,2153.646485,1371.751018,433.4190872,323.7700622,4541.626939,0,0,5,43.038273,0.9872259913,0.2837344,32.47734848,32.658882,-0.18153366111327784
11.599309,892,40,-0.034122564,0.31824234,-0.352459,9.79789,2.3657231,0.68175766,-0.1068860853,-0.1168959601,0.318336436,0.323817548,317.5899343,99,76.68282088,375.9813371,0.3291015846,-3.453354512,12.43971119,0.01513921565,64,4506.387533,8.709590234,439.2035509,2958.521776,422.9794577,252.4546988,294.7110393,334.0401069,2,5,5,73.40455,0.98772847,0.1754762,32.41411511,32.73319,-0.3190735191503933
314.26447,930,10,-0.16894506,0.56491715,-0.5420211,19.30236,0.6643894,0.43508285,-0.298533204,-0.2045571402,0.37307604,0.133068895,582.8505906,61,20.06178282,9489.473409,0.6603571118,-10.4622864,50.43971119,0.03085662938,255,8393.485994,46.16039366,562.3301278,3366.441907,135.0693795,241.3503308,51.23030453,86.59534887,0,0,3,49.611988,0.9883200861,0.1731265,30.19582013,30.008865,0.1869547735546888
270.0,912,50,0.095659874,0.10408218,-0.17322609,142.15517,1.4278716,0.89591782,0.910333931,-0.05556570447,0.268885964,0.495788847,4682.903927,79,47.03723068,8894.393784,0.09412569178,-24.62498427,32.43971119,0.2340166629,1,4403.835147,92.89140952,1360.913777,92.89140952,291.9451458,243.1439663,220.377119,2609.594809,0,0,0,26.23516,0.9872794635,0.1899931,32.9421992,33.189014,-0.24681523481445566
207.16972,893,50,0.10053344,0.13811007,-0.20373422,350.48752,1.0424105,0.86188993,0.7226898815,-0.05627734813,0.30426766,0.481211685,12302.94886,98,36.59109766,7272.15186,0.1242253896,-71.40630151,13.43971119,0.5785330577,497,5925.618248,17.55485235,638.6374018,775.0666497,977.1504248,547.8212982,428.1160076,335.6742893,0,2,0,63.92402,0.9874187509,0.1685195,35.10238784,35.121635,-0.019247597011720075
309.8882,879,30,0.1276857,0.22473605,-0.3274171,8.269756,4.330591,0.77526395,0.5656415978,-0.09423800115,0.4551028,0.451474825,285.638394,112,149.5791482,10703.57671,0.1960404701,-2.707659527,-0.5602888087,0.01261216108,1,918.1929376,292.987625,1006.206755,292.987625,1760.84921,1571.836481,136.968807,6270.638695,0,0,0,5.344287,0.986717212,0.0899773,34.54012355,34.450447,0.08967646748046576
45.74879,867,10,0.07592675,0.37979326,-0.46998224,94.949814,1.3289155,0.62020674,0.1993910029,-0.1154311983,0.54590899,0.348066745,3473.977984,124,48.62171915,1673.834656,0.3509567921,-44.62472627,-12.56028881,0.1559538029,5,3508.355124,0.8506291324,336.605229,493.0380761,672.2085001,1354.163729,927.9731372,1541.475761,0,0,0,24.233877,0.9883804784,0.136283,36.58751753,36.48606,0.10145643380859326
314.27563,745,10,-0.029355045,0.55017745,-0.5725041,0.83161044,2.6552424,0.44982255,-0.0532587917,-0.1633472095,0.543149055,0.2102337525,28.82483471,246,92.03458689,10893.2532,0.5663279338,-0.4761003865,-134.5602888,0.0003118001753,1,885.2242063,601.1965159,961.4983623,2791.332465,4876.101573,2015.619312,621.9716398,5304.104502,0,0,0,3.7626178,0.9889319475,0.1486545,34.66146326,34.621975,0.03948831493163851
314.2752,895,40,0.0144873,0.32809332,-0.36833856,12.868181,0.6642617,0.67190668,0.04402185982,-0.1047181726,0.38282586,0.34319699,446.6677466,96,23.05720418,10908.81418,0.3233401336,-4.739847259,15.43971119,0.02021651443,1,3094.078811,253.7860754,546.5503209,4163.455848,2873.434452,1260.956042,846.197621,9184.308835,0,0,0,10.309705,0.9876697968,0.192544,34.71102455,34.808834,-0.09780952592773673
201.05737,916,50,0.019810896,0.3246121,-0.3704753,527.6047,3.969078,0.6753879,0.06084201416,-0.1254560545,0.390286196,0.347599398,16923.3065,75,127.3110788,6449.062142,0.3181812434,-195.4645095,36.43971119,0.8714293473,328,6274.098713,41.37184873,436.3919568,1067.678937,137.3185553,338.4971433,191.6367716,1346.855511,1,0,18,54.736534,0.9883594688,0.154717,32.07573113,32.203224,-0.12749305212890505
53.853394,909,20,0.06675252,0.49313188,-0.54843307,0.71321744,2.3572829,0.50686812,0.1350904945,-0.2197318835,0.61518559,0.28681032,20.73171435,82,68.52120121,1565.403646,0.4602140843,-0.3911520302,29.43971119,0.0001160152694,1,1135.966592,0.0,1663.018463,0.0,3976.116552,2601.071587,1347.753555,12539.03382,0,0,0,2.512986,0.9884167073,0.1518632,29.06787353,29.61992,-0.5520472005908204
196.33252,771,30,0.13679908,0.17571329,-0.31325302,4.230365,3.378803,0.82428671,0.7741301178,-0.06817286302,0.4500521,0.480542895,160.5189641,220,128.206894,7449.733704,0.1516758736,-1.325174612,-108.5602888,0.00593227471,1,1182.182877,245.8878493,743.393294,245.8878493,3925.204479,3732.337245,122.9380543,1637.324559,0,0,0,5.0446167,0.9873795724,0.3271731,37.94447147,38.169506,-0.22503460299804345
256.3107,901,50,0.101811364,0.09187547,-0.14581673,492.85248,1.958808,0.90812453,1.096213715,-0.04333097231,0.247628094,0.504967947,16799.97875,90,66.77035038,8736.923295,0.08252150308,-71.86613701,21.43971119,0.8139600702,420,7157.820251,195.419254,152.0793527,3508.421319,588.766765,1053.711653,421.8472221,1959.245405,0,0,0,72.50336,0.9873922198,0.1681072,34.0872359,33.958576,0.12865969760742502
45.74937,866,40,0.068814635,0.423533,-0.47093937,6.619132,0.664554,0.576467,0.1620949019,-0.1185537849,0.539754005,0.3226408175,240.2092918,125,24.1167642,1660.25149,0.3943877312,-3.117209854,-13.56028881,0.009882546452,6,1946.69704,0.0,350.3136923,3164.426581,2081.653258,418.6653052,414.7299834,6182.327141,0,0,0,6.4092913,0.9884278103,0.1489348,36.29014979,36.316517,-0.026367086220702163
8.343104,864,50,0.03601213,0.37533802,-0.4147427,81.36065,3.2773616,0.62466198,0.09569091637,-0.1219006022,0.45075483,0.330337055,2786.151917,127,112.231494,285.7051314,0.3618212984,-33.74373565,-15.56028881,0.1334815858,2,3670.964487,31.90369617,1200.390807,4857.378266,3145.943335,2198.230507,421.327328,3658.000971,0,2,0,15.352837,0.9886986742,0.1736596,34.24446482,34.351665,-0.1072006768261744
325.62027,870,50,0.10755355,0.12827823,-0.20121396,6.9487724,1.6852207,0.87172177,0.831954073,-0.06031752604,0.30876751,0.48963766,235.9856554,121,57.23139118,11058.31482,0.114481451,-1.398190012,-9.560288809,0.01042766833,291,5730.975162,0.0,500.4919849,702.1683323,340.0529629,112.4036119,460.2985595,129.433716,0,0,6,44.362087,0.9872839655,0.2286104,33.96076916,33.883682,0.07708690902343562
202.32889,900,40,-0.00878553,0.3571263,-0.5116159,100.01384,2.5050852,0.6428737,-0.02453193189,-0.1963273895,0.50283037,0.317044085,2989.233486,91,74.87248329,6047.245992,0.3602638438,-51.16867076,20.43971119,0.1643281143,2,1125.150761,0.0,13.59378088,1334.961561,1140.211798,222.9398758,1320.528687,1505.082301,0,0,0,17.730913,0.988320261,0.1924795,29.88819833,30.03524,-0.14704184333984216
134.23802,917,30,0.033670593,0.19827232,-0.30715728,42.061222,1.3292294,0.80172768,0.1689677372,-0.1002152644,0.340827873,0.4176991365,1374.375398,74,43.43335973,4386.306993,0.1915963734,-12.91941054,37.43971119,0.06849265224,104,3103.099494,0.0,762.2265707,2074.393229,1937.618809,1289.21882,922.7643521,6103.270274,0,0,2,8.711006,0.987275314,0.2425531,32.67559364,32.864643,-0.1890494569238257
341.10574,923,10,0.06765016,0.38077402,-0.48605978,47.304283,1.4701456,0.61922598,0.1771994857,-0.1330992396,0.55370994,0.34343807,1665.990646,68,51.77647059,12013.26679,0.3550145966,-22.99270939,43.43971119,0.07716303144,1,2884.932256,158.7064041,473.8179076,846.6361457,839.2157406,1912.141086,1513.328195,5295.492474,0,0,1,4.6437726,0.9888530822,0.1363664,35.21860052,35.232246,-0.013645878925778732
217.6079,908,40,0.1823968,0.21776815,-0.41161695,3.2449148,2.340239,0.78223185,0.8337447659,-0.07439348923,0.59401375,0.482314325,128.9328117,83,92.98659994,8646.389852,0.1780479363,-1.335661933,28.43971119,0.004302649018,1,309.1027242,555.1335082,143.5274363,5527.485376,10386.19842,5628.540221,529.9000924,4940.813151,0,0,0,1.7019476,0.9878029806,0.1477426,39.73380494,39.626556,0.10724854351562385
142.40295,879,50,0.039219365,0.33576834,-0.40466392,60.75992,4.672017,0.66423166,0.1164579931,-0.1088710734,0.443883285,0.3517255125,2154.001496,112,165.6277956,5048.330666,0.3225997189,-24.58734741,-0.5602888087,0.0994144367,20,6280.49303,1140.159488,269.3920373,5001.227028,956.8789561,1209.975035,535.8229155,2887.383023,0,0,0,36.050777,0.9877771093,0.2012827,35.45102588,35.31676,0.13426486315429997
207.16815,843,10,0.000952,0.54776835,-0.57566655,46.99124,1.0423958,0.45223165,0.001734793925,-0.165243498,0.57661855,0.226591825,1624.850022,148,36.04367195,7163.40265,0.5472468745,-27.05128501,-36.56028881,0.07664535646,1,460.2844725,0.0,1093.726681,3253.315121,2986.55005,711.2429766,654.4734474,3256.815474,0,0,0,5.422621,0.9892095497,0.1433608,34.57772177,34.471447,0.1062747790331997
248.69595,897,40,0.06262976,0.32017544,-0.40727273,9.934664,2.551154,0.67982456,0.19500171,-0.124211379,0.46990249,0.37122716,334.8760216,94,85.99387983,8383.002217,0.300122929,-4.046117729,17.43971119,0.01536539696,12,2153.658215,0.0,94.60125036,5635.03133,2663.952055,347.583066,728.7125424,6057.472376,0,0,1,7.373049,0.9883248194,0.1329849,33.70783568,33.73426,-0.02642487908202895
45.759445,897,40,0.031988043,0.3424544,-0.41089323,63.361248,0.664674,0.6575456,0.09313621546,-0.124562664,0.442881273,0.3447668215,2141.401356,94,22.46379057,1546.518427,0.3314999539,-26.03470785,17.43971119,0.1037162177,1,1917.134753,52.72444262,550.417805,80.53353915,2463.190533,1222.87009,411.5021664,6893.847815,0,0,0,6.1699715,0.988094594,0.1752485,33.7967042,33.974915,-0.17821035078124936
90.0,899,20,0.08249497,0.42648593,-0.546928,0.66777664,0.9522148,0.57351407,0.1929770414,-0.173298752,0.62942297,0.32800452,22.1247084,92,31.54868488,2981.870938,0.391302986,-0.3652257422,19.43971119,4.09e-05,1,1074.625863,0.0,586.0628752,774.7156897,3327.298558,921.0937099,495.5516615,12516.60207,0,0,0,3.8005557,0.9885118393,0.1394315,33.13189931,33.083523,0.04837651336914206
202.31166,898,50,0.042220935,0.15885234,-0.19783002,20.615269,2.5047765,0.84114766,0.2641245977,-0.06661581035,0.240050955,0.4416842975,663.1523375,93,80.57369471,6507.965054,0.1521454457,-4.078319079,18.43971119,0.03302776927,396,7676.331013,54.67204048,1101.231139,538.8704687,485.3896501,213.6544644,101.7980856,1243.994846,1,0,16,56.059574,0.9875084073,0.1552281,32.16801767,32.32308,-0.15506048551758056
248.69849,845,10,0.11111111,0.56239873,-0.5713121,3.5120323,2.551443,0.43760127,0.1972157623,-0.1849104954,0.68242321,0.27435619,115.2018956,146,83.69258734,8157.822885,0.4999099828,-2.006466549,-34.56028881,0.004744377621,2,234.1971039,0.0,577.6582601,0.0,1315.087181,1127.345674,873.1830986,2974.184989,0,0,0,10.702553,0.988655146,0.1339582,32.80206038,32.6491,0.1529591226757816
99.22916,766,50,0.14533482,0.22881551,-0.24666198,3.4046235,2.8890274,0.77118449,0.6323977873,-0.05869592381,0.3919968,0.458259655,125.8293442,225,106.7737514,3667.348278,0.195560649,-0.8397911737,-113.5602888,0.004566757139,5,1854.412885,188.6632266,243.2680383,2143.896463,625.6831708,569.6636022,581.5337813,2317.118505,0,0,0,14.692551,0.9882980998,0.1634267,36.9583727,37.282986,-0.3246129872558612
318.68167,762,20,0.13031736,0.30960855,-0.4594901,0.76603687,8.579737,0.69039145,0.4195549672,-0.1283170625,0.58980746,0.410354405,26.77713515,229,299.9082501,11139.64938,0.2692611811,-0.351986358,-117.5602888,0.0002033620478,1,847.319347,812.5961723,753.3599502,2902.747838,5087.82594,2034.203929,607.9422639,5469.499975,0,0,0,3.7626178,0.9883844081,0.1523,34.95541298,35.055946,-0.10053337009765784
16.352667,876,40,0.060696978,0.40151516,-0.47303656,3.3541331,3.3791509,0.59848484,0.1507942657,-0.105096627,0.533733538,0.329590909,126.5313479,115,127.4751196,616.88816,0.3771444032,-1.586627583,-3.560288809,0.004483261846,1,1943.537519,83.35538257,235.7464178,2085.737283,2661.734594,829.778477,952.5696551,8449.019104,0,0,1,5.824606,0.9883602985,0.1243216,37.72400918,37.763027,-0.03901801116210635
148.35583,915,20,0.07728156,0.36708862,-0.50427353,79.10964,2.721627,0.63291138,0.2099536791,-0.1475401393,0.58155509,0.35509647,2714.204852,76,93.37740899,5090.000582,0.3387194388,-39.89289742,35.43971119,0.129759121,8,6608.841083,0.0,437.7269405,2120.823387,5178.584218,1367.868497,930.6706627,2193.738477,0,0,1,26.753115,0.9882812527,0.1300421,34.3094072,34.401077,-0.09167007050780995
90.0,869,50,0.024989923,0.18607502,-0.25401762,2.5957632,4.275892,0.81392498,0.1335823618,-0.08151699439,0.279007543,0.4194574515,85.49240367,122,140.8280559,2964.182684,0.1814250196,-0.6593695901,-10.56028881,0.00322915578,177,5460.23657,13.76172835,36.19977272,3255.346353,221.6357764,80.36805924,535.4986899,3234.308055,0,1,4,65.60096,0.9876641222,0.1868973,32.93536316,32.9048,0.030562744960938915
194.38771,869,40,0.055078533,0.15249042,-0.2304336,1.9732231,1.9143318,0.84750958,0.3588401999,-0.0765551405,0.285512133,0.4512940565,63.90632457,122,61.99902553,6295.590239,0.1440914714,-0.4546969025,-10.56028881,0.00219966962,55,2399.916019,0.0,248.0565168,3251.398101,686.129368,344.3052799,539.8706272,2863.690058,0,0,4,18.936567,0.9872513977,0.2362906,32.38677095,32.705246,-0.31847502167968855
207.16595,829,40,0.15752162,0.26911578,-0.41780004,47.463776,2.0840611,0.73088422,0.5831633383,-0.0774248954,0.57532166,0.44420292,1875.371328,162,82.34465867,8185.465119,0.2267242264,-19.83036751,-50.56028881,0.07742678286,1,2192.618332,936.4831729,1706.133748,2989.658353,4413.13839,2821.045031,439.6743665,6350.096779,0,0,0,7.5356083,0.9879991273,0.2114703,39.51163364,39.38239,0.12924457139648382
103.68423,853,40,0.14557278,0.28260326,-0.4139073,53.124226,1.959519,0.71739674,0.5132972731,-0.1147125126,0.55948008,0.43148476,1862.426649,138,68.69672614,3634.956922,0.2414639178,-21.98850495,-26.56028881,0.08678739261,49,1633.58839,294.4470108,1908.490874,367.7567626,3393.375588,1777.740349,278.6900429,5341.493331,0,0,0,5.182206,0.9879285091,0.223652,35.05795358,35.171257,-0.11330343904296569
236.98813,885,50,-0.0066545676,0.5040675,-0.49193066,21.265574,1.701902,0.4959325,-0.01317560049,-0.1447609265,0.4852760924,0.2446389662,727.8647699,106,58.25163749,8111.48153,0.5074218513,-10.46118785,5.439711191,0.03410316987,75,4705.784409,30.97768796,131.6942401,3830.22057,412.2456794,209.8238845,348.2177594,2071.754043,2,2,4,60.137486,0.988358547,0.1401248,34.22737472,34.155323,0.07205169143554713
64.01508,912,50,0.080092415,0.25144055,-0.2850995,23.966343,1.058334,0.74855945,0.3172723835,-0.08582540101,0.365191915,0.4143259325,812.4409283,79,35.87672335,2170.062868,0.2313020691,-6.832792406,32.43971119,0.03856939511,3,5198.998788,77.72139487,285.9816108,1781.369964,757.9328235,560.0629659,959.2494642,1574.656343,0,0,2,43.179302,0.9875931022,0.2328346,33.8992448,34.029762,-0.13051746806640807
123.00732,926,10,-0.11968658,0.6298831,-0.6047165,92.10154,1.7021105,0.3701169,-0.1897127693,-0.1775030416,0.48502992,0.12521516,3155.699373,65,58.3198613,4214.63227,0.705271654,-55.69532091,46.43971119,0.1512436506,87,3818.666568,0.0,679.1858718,3036.697407,128.8887628,464.0815162,161.0513316,587.9215965,4,0,5,38.328957,0.9876888367,0.204083,34.26326393,34.159702,0.10356162897461019
27.157333,885,40,0.022069642,0.49419257,-0.5427466,1.9988401,2.0839002,0.50580743,0.04456779713,-0.1366304619,0.564816242,0.263938536,72.53820664,106,75.62505041,985.5436825,0.4832859169,-1.084863668,5.439711191,0.002242032107,1,953.1308035,284.1317584,363.2166384,462.750139,1124.293406,555.6891104,1364.947605,1531.488379,0,0,0,25.104084,0.9883580035,0.1429232,36.29014979,36.222107,0.06804285640625096
80.7688,749,20,0.009012875,0.58042437,-0.5771858,1.8886076,2.8883946,0.41957563,0.01550137123,-0.1748320396,0.586198675,0.2142942525,63.85130595,242,97.65277198,2730.685485,0.5751930777,-1.090077488,-130.5602888,0.00205974211,1,2454.566171,231.9204188,508.7814567,2085.796433,645.1152233,206.5103945,493.9539982,6603.757075,0,0,0,4.960142,0.9892224444,0.165281,33.80866727,33.92974,-0.12107363576171792
0.0,902,30,0.06959847,0.42530757,-0.49723077,11.698234,0.0,0.57469243,0.163258818,-0.1539598934,0.56682924,0.32214545,391.6831528,89,0.0,0.0,0.3957068138,-5.816721899,22.43971119,0.01828178886,1,1776.978776,50.31560305,457.1341731,2052.958605,1587.818328,680.1127236,653.9702949,7394.664261,0,0,1,10.415412,0.9888164232,0.1747704,33.48224636,33.46151,0.020736655410154015
148.36424,914,50,0.08542373,0.26133707,-0.38323507,97.67166,2.7213812,0.73866293,0.3256258446,-0.1052530344,0.4686588,0.41204333,3436.019973,77,95.73626739,5219.349113,0.2390126827,-37.43120546,34.43971119,0.1604548829,124,5791.573453,0.0,766.5782338,3047.31623,541.5843171,523.2811718,399.7830483,1938.139388,2,1,3,43.761868,0.9876334036,0.192416,35.17929329,34.9746,0.20469154439452808
270.0,877,40,0.08180599,0.24359234,-0.3708565,2.0598676,2.8528485,0.75640766,0.3344585117,-0.1102300391,0.45266249,0.419106825,70.20815214,114,97.23596871,9202.630828,0.2236650275,-0.7639152886,-2.560288809,0.00234295246,54,2011.260485,0.0,144.6820686,3140.179742,586.0383701,436.7682681,626.5592859,1810.328712,0,0,3,33.748894,0.9886944337,0.1694846,34.08381788,34.211452,-0.12763460413086136
90.0,887,40,0.070181444,0.36688474,-0.5067961,66.01084,1.9044769,0.63311526,0.1907701961,-0.1491889696,0.576977544,0.351648352,2259.039317,104,65.17548019,3080.002292,0.3411362392,-33.45403627,7.439711191,0.1080978122,1,663.6254315,0.0,473.8909404,1735.819883,5101.955281,1348.979164,381.0354969,4038.175498,0,0,0,10.455061,0.9893373073,0.2067568,34.22224769,34.299107,-0.07685890790038741
0.0,907,10,0.08484534,0.3121903,-0.40031728,4.035127,0.46373534,0.6878097,0.270906666,-0.1039211601,0.48516262,0.38632752,144.8975391,84,16.65229113,0.0,0.2857024079,-1.615331065,27.43971119,0.005609412265,1,1164.79523,293.629262,148.6499059,3912.625666,1895.428224,655.8982573,1235.335314,3114.107253,0,0,0,18.43279,0.9878644625,0.2018596,35.90904056,35.873215,0.03582583832031361
295.9865,785,10,-0.053110145,0.57770896,-0.60858583,2.4664128,1.0582733,0.42229104,-0.09177349699,-0.1576439246,0.555475685,0.1845904475,88.63395926,206,38.03051645,10636.68474,0.6083911666,-1.501023881,-94.56028881,0.003015250769,44,2983.76792,311.2427435,486.4209184,373.3587792,3452.516291,1978.494353,800.1921208,3764.225334,0,0,0,13.723612,0.9894331672,0.1543312,35.93638472,35.698814,0.23757032791015575
111.30422,892,40,-0.007636431,0.38186464,-0.48219177,14.331876,2.551134,0.61813536,-0.01994551129,-0.1433733041,0.474555339,0.3052494645,488.4115715,99,86.9393069,3793.102104,0.384780723,-6.910712656,12.43971119,0.02263700709,2,1575.643505,0.0,90.36087524,4328.621303,3203.643542,374.183076,472.861732,4343.499933,0,0,0,12.142702,0.9883256716,0.154722,34.07869085,33.98687,0.09182103798828223
207.15413,885,20,0.06882287,0.44289044,-0.49246535,8.488326,1.0422649,0.55710956,0.1550447223,-0.1457859405,0.56128822,0.312966215,289.807783,106,35.58492923,7072.640608,0.4124094488,-4.180206435,5.439711191,0.01297360734,2,1389.930795,163.5067729,0.0,2461.643434,2315.242679,1714.961519,1646.56069,7828.359099,0,0,1,13.89857,0.9882624977,0.1594108,34.14192422,33.97086,0.1710646924121093
76.31786,912,40,0.13559322,0.19282024,-0.34539878,46.861828,1.9598118,0.80717976,0.6995823553,-0.08399275101,0.480992,0.47138649,1720.083979,79,71.93575291,2801.280572,0.1666751228,-16.18601822,32.43971119,0.07643134958,1,1189.532505,151.5411211,283.4829263,1370.021728,1580.862103,1141.500078,246.3653476,6825.90569,0,0,0,9.2728815,0.9878366988,0.1720646,36.70543922,36.65947,0.045969615507814865
107.98256,879,40,-0.056077693,0.51607823,-0.5818864,2.9148436,3.0014894,0.48392177,-0.108451081,-0.1804592745,0.525808707,0.2139220385,97.52577056,112,100.4247935,3612.915071,0.5450187065,-1.696107849,-0.5602888087,0.00375681473,1,1018.194299,0.0,274.3762784,3405.326778,2745.721862,861.2111287,650.0998879,10890.23131,0,0,0,3.2235787,0.9880094271,0.2140244,33.45832022,33.6105,-0.15218011569336198
64.03798,879,40,0.08386662,0.38634047,-0.4682861,37.8882,1.0592024,0.61365953,0.2165191259,-0.1231002893,0.55215272,0.348763075,1354.507038,112,37.86659451,2289.364357,0.3539394006,-17.74251741,-0.5602888087,0.06159178209,1,450.2890898,4.88896497,552.6653983,2619.686699,3024.627312,496.3977066,650.186202,8424.050785,0,0,0,7.5626736,0.9883158432,0.1618021,35.75010263,35.74185,0.008250823359375659
244.01018,910,50,0.089173265,0.081785284,-0.14271152,20.009382,3.1715634,0.918214716,1.077163243,-0.04424375397,0.231884785,0.5036939905,669.5828991,81,106.1314445,8165.421787,0.0744922232,-2.855569319,30.43971119,0.03202582212,32,4344.386165,0.0,727.3347414,4585.254813,715.6852331,182.9491516,471.8489611,1967.434643,0,0,5,15.05819,0.9871797387,0.2104763,33.46344725,33.627453,-0.16400560034179534
90.0,885,30,0.069025986,0.36003727,-0.47623864,1.630366,1.4278619,0.63996273,0.191187979,-0.1487354042,0.545264626,0.354494358,54.37655637,106,47.6225664,3001.712544,0.3351853424,-0.7764432865,5.439711191,0.001632691462,1,2546.17663,0.0,532.2916926,4137.600073,2498.055286,382.6159157,562.3981669,5884.667632,0,0,0,17.222494,0.9875068693,0.1756524,33.3523616,33.50134,-0.14897735874023255
194.38683,889,20,-0.064914994,0.5825438,-0.6,90.73476,1.9143242,0.4174562,-0.1112427105,-0.2064160766,0.535085006,0.176270603,2886.658574,102,60.90279366,6184.271712,0.6203596273,-54.440856,9.439711191,0.148983425,1,1433.149827,0.0,578.6620286,5635.351805,1479.062449,1062.146601,1132.578164,3527.385251,0,0,0,16.073984,0.9885098691,0.147572,31.8142526,31.794567,0.019685491845702785
325.6079,883,40,0.045835562,0.31903353,-0.46254784,6.179747,1.6854696,0.68096647,0.1432211244,-0.1254710531,0.508383402,0.363401016,218.4130121,108,59.57015589,11508.07666,0.3044104489,-2.858428627,3.439711191,0.009155941408,1,1919.890642,19.94512431,85.22147437,4171.466167,4194.058879,2822.323394,184.2632934,12789.16265,0,0,3,11.32806,0.9881427905,0.1672725,35.34335825,35.412373,-0.0690143391113267
190.56575,773,40,0.17378211,0.23680721,-0.36334404,1.6552339,5.175063,0.76319279,0.7307688863,-0.06980441104,0.53712615,0.46848745,64.85503487,218,202.7682561,7466.708095,0.1956543534,-0.6014193724,-106.5602888,0.001673815173,6,4323.94646,144.0784155,96.24342959,2341.365287,1307.983645,1166.899074,933.0722655,1690.063911,0,0,0,7.3499637,0.9883841638,0.1737949,39.18179471,39.055546,0.12624890311523274
173.49915,926,50,0.14647725,0.099406525,-0.14794733,19.341887,4.193217,0.900593475,1.458841943,-0.0402574172,0.29442458,0.5235353625,682.81391,65,148.0303807,6124.926332,0.08484573059,-2.861580539,46.43971119,0.03092199465,15,2078.721706,35.40775849,219.3800374,3122.218456,2011.547741,468.2633514,378.0433653,2408.759341,0,1,2,25.665146,0.9873168338,0.1814227,35.30234201,35.724293,-0.4219507451269564
152.81729,874,40,0.028951487,0.48267624,-0.49833986,5.0450006,1.0425318,0.51732376,0.05985716189,-0.1549706017,0.527291347,0.2731376235,168.5903186,117,34.83860207,5106.741833,0.4687020451,-2.514124893,-5.560288809,0.007279426605,1,427.6441677,0.0,330.1188474,2238.971832,4568.57028,1636.248543,430.0627418,9315.591546,0,0,1,9.41547,0.9876722554,0.1691722,33.41730398,33.416897,0.00040715993164042175
0.0,912,40,0.07914246,0.31164384,-0.40636474,8.0615835,0.0,0.68835616,0.253139355,-0.09326228996,0.4855072,0.38374931,301.249566,79,0.0,0.0,0.2869795799,-3.275943283,32.43971119,0.01226790903,1,1651.367958,240.5609652,240.5609652,4845.176619,10758.61471,5158.040549,258.1297796,5144.602662,0,0,0,2.0518744,0.9877465257,0.2138727,37.3685351,37.54338,-0.17484563730468494
31.605206,922,40,0.10106762,0.31665364,-0.41354224,10.517619,2.7204895,0.68334636,0.3181692487,-0.1220140791,0.51460986,0.39220699,359.5950429,69,93.01292798,1080.574929,0.2846502102,-4.349479721,42.43971119,0.01632942178,1,1321.603919,360.9859734,948.6683467,1244.239623,2656.473952,259.5469969,1828.208626,7631.789796,0,0,0,7.8985844,0.9883206161,0.1598449,34.1897765,34.06521,0.12456806494140693
207.17996,914,40,0.15377417,0.2095408,-0.37680793,2.6643572,2.0843225,0.7904592,0.7303770576,-0.08704983619,0.5305821,0.472116685,99.36732878,77,77.734907,7726.786484,0.1773188374,-1.003950921,34.43971119,0.003342588752,1,0.0,445.0799425,1648.327562,4829.07904,6995.340106,6157.636264,545.5794313,2415.711029,0,0,0,3.4043736,0.9877392483,0.2270394,37.29504767,37.31161,-0.01656350553710695
71.99396,713,10,0.07007042,0.42641103,-0.50527215,2.3478184,1.499882,0.57358897,0.1639415342,-0.1395709404,0.57534257,0.321829695,82.41403205,278,52.64943968,2527.159906,0.39653223,-1.186287251,-166.5602888,0.002819132811,1,909.5592121,358.5427159,1794.460465,2794.725159,5107.397343,3514.565025,370.9135971,4353.006017,0,0,0,14.865545,0.9887204093,0.1759009,35.10238784,34.91597,0.18641799136718618
351.65323,897,50,0.0958129,0.19551122,-0.2890562,42.975143,3.2773924,0.80448878,0.4875696156,-0.08214774381,0.3848691,0.45015084,1491.931579,94,113.7784513,12208.04684,0.176778723,-12.42223153,17.43971119,0.07000399106,1,3905.976304,0.0,501.1136353,1795.679621,3551.3884,2989.055816,133.6932437,3717.290369,0,1,1,7.83355,0.9877462042,0.2044401,34.71615158,34.754402,-0.038250580644529464
31.605545,882,40,0.106071346,0.4246988,-0.49624357,8.742786,2.7204993,0.5753012,0.2491699436,-0.1194330644,0.602314916,0.340686273,321.9686473,109,100.1872263,1163.930419,0.3796504266,-4.338551336,2.439711191,0.0133944044,1,2678.490042,240.3164624,686.2274036,6229.870151,4039.450528,1138.996297,878.3263462,7440.988983,0,0,1,9.260481,0.9882611601,0.1440728,36.82677893,36.805637,0.021141570380862618
107.9931,897,50,0.038178474,0.13057584,-0.19281232,6.1769724,1.5009248,0.86942416,0.2901632549,-0.06475633022,0.230990794,0.453801317,198.96487,94,48.34590288,3478.537981,0.1255906537,-1.190996379,17.43971119,0.00915135309,501,6449.692668,115.4828526,578.5935414,2260.95299,182.2046072,238.8778151,213.5994185,1293.877983,1,0,5,62.454243,0.9872089108,0.1624346,32.21074292,32.27431,-0.06356814567382685
34.38098,902,50,0.032286026,0.19411765,-0.25027996,13.57999,1.685246,0.80588235,0.1654695308,-0.08569732363,0.282565986,0.419084188,433.1048157,89,53.74732664,1096.508025,0.1878503625,-3.398799354,22.43971119,0.02139362336,660,6659.151302,0.0,408.0639163,3653.549437,225.9851162,42.44484322,295.896626,1222.400798,1,0,6,60.912872,0.988189264,0.1500355,31.89286706,32.026447,-0.13358023614257775
350.2963,889,40,0.09974191,0.20971031,-0.3030103,14.179726,2.8205798,0.79028969,0.4733603686,-0.0797283033,0.40275221,0.4450158,506.7570267,102,100.8022745,12518.93806,0.1887934031,-4.296603029,9.439711191,0.02238539869,2,1486.743326,0.0,175.6262885,400.9153924,1572.549575,170.5582964,796.7520584,5702.669681,0,0,1,12.9943,0.9874249332,0.1820746,35.73813956,35.853542,-0.1154027678808589
180.0,864,40,0.1470172,0.02827889,-0.11263519,2.498174,1.3909631,0.97172111,5.02126959,-0.03352629557,0.25965239,0.559369155,85.0960748,127,47.38080694,6131.395757,0.02412140677,-0.2813823031,-15.56028881,0.003067773837,41,2495.319676,0.0,434.6648768,1147.36904,978.5851002,738.5300268,945.4782541,2243.088453,0,0,1,22.039486,0.9877961542,0.2083171,34.06330976,33.00861,1.0546999882714871
152.83038,928,50,0.13971187,0.19863662,-0.38633376,82.32714,2.0841293,0.80136338,0.6998308727,-0.1081188762,0.52604563,0.470537625,2875.387314,63,72.79104982,5337.808842,0.1708847264,-31.80575355,48.43971119,0.1350798573,2,3412.489068,5.891514119,547.6182489,1511.935189,240.3833985,436.6110716,352.1631541,1041.544196,0,1,0,29.142082,0.9883798471,0.1756003,34.92635981,34.879494,0.046866096621094755
214.38751,876,50,0.08151676,0.17396395,-0.26520312,9.695458,1.6853775,0.82603605,0.4659060338,-0.07685474925,0.34671988,0.453776405,333.9544177,115,58.05184877,7384.453221,0.1597829724,-2.571265711,-3.560288809,0.01496982523,11,5477.654616,0.0,339.256786,2640.10536,214.2558867,541.6934628,343.6022498,8306.492916,0,2,2,17.353867,0.9880448699,0.1855645,34.44441899,34.402954,0.04146488843750262
258.9739,862,40,0.035108026,0.5236065,-0.55825543,18.882563,2.4232936,0.4763935,0.06692259055,-0.1374658531,0.593363456,0.255750763,690.285236,129,88.58775128,9467.245504,0.5052237094,-10.54129333,-17.56028881,0.03016241675,1,476.4862591,423.8156221,1630.149613,5272.824705,2222.513855,3169.34905,1121.855322,8126.779577,0,0,0,2.8517904,0.9887927374,0.1565809,36.55675535,36.583523,-0.026767446630856284
107.992386,912,50,0.12598082,0.07219251,-0.13823447,491.87515,1.5009826,0.92780749,1.721225573,-0.04041535716,0.26421529,0.526894155,16880.98853,79,51.51321439,3706.262106,0.06309763839,-67.99410067,32.43971119,0.8123438728,467,7960.848816,321.4251957,534.2857572,3014.991172,932.2370749,582.7717912,280.8274071,1441.063233,0,0,0,84.79035,0.9873184593,0.1793259,34.31966126,34.46176,-0.14210021460937838
185.85617,759,10,0.0014347202,0.5466667,-0.5777202,1.6061137,4.6515374,0.4533333,0.002619695884,-0.1589521245,0.5791549202,0.2273840101,56.46351681,232,163.5265051,6533.841893,0.5458823862,-0.927884328,-120.5602888,0.001592585761,8,2325.135631,0.0,2545.714709,1761.313656,3882.277906,1897.282999,209.3748475,4950.929229,0,0,0,4.892241,0.9884972113,0.1465186,35.15536715,34.994785,0.16058184116210583
244.00815,934,50,0.11660416,0.20232019,-0.30201006,13.295155,1.0580713,0.79767981,0.5735001526,-0.08758509877,0.41861422,0.457141985,457.80756,57,36.43380165,8402.216881,0.1787288142,-4.015270559,54.43971119,0.02092259557,1,2987.160945,252.4155015,463.8995427,252.4155015,700.9875694,193.1085869,471.8205264,7725.187614,0,0,0,7.38476,0.9874863269,0.213403,34.43416493,34.450516,-0.016350817070311052
194.38728,866,20,0.08987943,0.2853457,-0.37738457,6.6333494,1.9143281,0.7146543,0.3138843363,-0.0959997629,0.467264,0.402266865,239.8750088,125,69.22588306,7029.427773,0.2596989911,-2.503323711,-13.56028881,0.009906057574,7,1988.784807,20.10289996,1622.537551,23.25122952,3217.802328,197.1331404,1536.99258,5477.033698,0,0,1,10.664383,0.9879771604,0.1665672,36.16197404,36.151024,0.010950175253903183
134.26268,923,50,0.009051929,0.2285883,-0.27450982,160.58492,1.3286426,0.7714117,0.03942678699,-0.09142071792,0.283561749,0.3902318145,5194.514874,68,42.9782183,4343.05717,0.2265191349,-44.08213748,43.43971119,0.2644936916,255,7095.632503,173.9546734,223.0840333,4781.114848,141.8413342,3.429461863,215.5208703,802.5219668,0,0,1,48.37926,0.988095921,0.1267963,32.34746372,32.436203,-0.08873928292968714
101.02487,837,40,0.069983296,0.38819617,-0.48444444,62.201965,2.4235554,0.61180383,0.1798149658,-0.1228582876,0.554427736,0.340893563,2251.684527,154,87.73166883,3657.057082,0.3610289225,-30.1333961,-42.56028881,0.1017991271,1,2333.412392,543.2649715,567.7383918,3553.482194,3278.92967,855.5154961,552.3237541,2438.4099,0,0,0,9.098626,0.9885928715,0.1791934,36.19957226,36.216644,-0.017072027109378496
171.66266,897,40,-0.042801555,0.5533583,-0.6076217,1.9059709,3.2773135,0.4466417,-0.07720918944,-0.1597065992,0.564820145,0.2019200725,68.14191261,94,117.1698949,6137.251086,0.5770428957,-1.158109278,17.43971119,0.002088455565,1,1531.596316,0.0,615.661322,655.0362593,1231.465746,570.306769,1101.04315,2938.714752,0,0,2,18.946571,0.9888196512,0.137013,35.75181164,35.48834,0.2634731695410153
90.0,880,20,0.06941901,0.20422232,-0.3042464,3.0238965,4.746879,0.79577768,0.3382624755,-0.100477011,0.37366541,0.432598345,98.22364401,111,154.1903809,2923.422796,0.1900454087,-0.9200096241,0.4397111913,0.003937154038,2,2704.573849,98.99351154,41.66435629,738.4037674,984.5047771,410.6385343,1309.311134,1383.396412,0,0,6,20.25164,0.9873845898,0.2389389,32.48247551,32.808167,-0.32569099390624956
18.897663,890,40,0.10800471,0.25637305,-0.36500788,6.091678,2.938418,0.74362695,0.4196426549,-0.1053018521,0.47301259,0.42581583,210.2095067,101,101.3979068,652.1139852,0.2286835531,-2.223510472,10.43971119,0.009010302892,7,857.4084866,0.0,303.5322334,2006.776598,4138.201594,1896.53951,660.1862946,6851.940354,0,2,0,8.195832,0.9872695333,0.2769803,34.50765236,34.518173,-0.010520857773435921
37.581707,849,50,0.011289623,0.17613636,-0.22749326,455.34198,4.671058,0.82386364,0.06373408034,-0.07445600331,0.238782883,0.4175766315,14856.00217,142,152.3980894,1226.141988,0.1741478469,-103.5872314,-30.56028881,0.7519294627,457,7247.79331,83.80582534,756.3392951,5004.421157,432.9456899,263.1514322,142.929326,1339.402205,0,0,0,64.32233,0.9880503048,0.1507773,32.62603235,32.749054,-0.12302160507812232
134.27513,775,40,0.06437613,0.37059602,-0.43483084,1.6624955,0.6642625,0.62940398,0.1732422484,-0.1093259589,0.49920697,0.346890055,60.35778171,216,24.11640271,4874.929879,0.3467384824,-0.7229043148,-104.5602888,0.001685823583,2,3531.959693,286.689074,381.6448494,330.6516294,3689.946791,3897.09844,112.7275376,1465.051578,0,0,0,12.7739,0.9884510925,0.16594,36.30553088,36.429466,-0.12393536755859458
225.74115,930,50,0.035,0.23430233,-0.230368,384.67557,3.9804997,0.76569767,0.1487448084,-0.07676064135,0.265368,0.400348835,12439.99197,61,128.7250561,7300.22469,0.2261017485,-88.61694171,50.43971119,0.6350693745,24,9929.643146,0.0,268.5719557,1988.184032,473.9989111,343.9421893,56.4686151,441.204271,6,0,1,61.36877,0.989110296,0.1232093,32.33891867,32.685284,-0.3463649908886737
295.98483,874,40,0.08883298,0.40915895,-0.46256602,5.374213,1.0583378,0.59084105,0.2165818398,-0.1245957946,0.551399,0.339837015,190.4387029,117,37.50288235,10488.4133,0.3728121412,-2.485928318,-5.560288809,0.007823840707,3,2061.349317,190.4958991,245.4508715,710.7721416,3011.066195,1803.590119,974.8072739,9688.785728,0,0,5,8.697952,0.9885191284,0.1352438,35.43564479,35.50308,-0.06743367069336159
322.426,799,20,-0.0059701493,0.53780967,-0.5737158,4.939019,4.6705775,0.46219033,-0.01108025641,-0.1742459411,0.5677456507,0.2281100904,166.7875109,192,157.7224132,10888.11968,0.541020474,-2.833593237,-80.56028881,0.007104166264,5,1830.155828,0.0,468.9443858,3029.745109,776.5602065,591.8383427,359.0765936,1075.048388,0,0,0,15.815275,0.9883841628,0.1525393,33.76936004,33.77557,-0.006209875771482132
134.25815,874,50,0.061362676,0.16552812,-0.23462288,397.97134,5.30078,0.83447188,0.368482368,-0.07072929913,0.295985556,0.447917278,13482.76623,117,179.5837298,4548.496511,0.1553708716,-93.37318195,-5.560288809,0.6570564098,126,6848.169183,110.9274819,230.2445701,5696.605868,342.7772902,306.8567355,301.7163282,2970.232739,0,0,1,68.56852,0.987207816,0.1873723,33.87873668,33.694923,0.18381327912109668
219.3845,859,40,0.19977574,0.3916152,-0.48012444,93.00681,2.9972782,0.6083848,0.5088334328,-0.11560436,0.67990018,0.40408027,3424.664382,132,110.3647345,8078.099691,0.3133799836,-44.65484257,-20.56028881,0.1527406834,5,2219.344724,102.2435975,1035.603341,2474.185559,4030.029844,622.181892,870.9450859,7850.772495,0,2,0,13.749573,0.9878030865,0.1742786,36.8216519,36.807285,0.014366591162108477
0.0,877,40,-0.018547408,0.47786722,-0.52821845,7.0661607,0.46373534,0.52213278,-0.03873183886,-0.1675938324,0.509671042,0.251792686,233.9704111,114,15.35492225,0.0,0.4867304183,-3.732476452,-2.560288809,0.01062179178,1,1848.600122,100.4574919,185.5751751,2558.167166,3661.541792,1239.465207,437.787322,3543.309579,0,0,0,7.151047,0.9880974822,0.2020427,33.11139119,33.367603,-0.25621211200195404
168.39877,932,10,-0.060963117,0.55655766,-0.5437943,257.66794,2.3657393,0.44344234,-0.109339574,-0.1755250494,0.482831183,0.1912396115,8463.048253,59,77.70220016,5531.021501,0.5904871497,-140.1183571,52.43971119,0.4250385713,19,4679.020041,0.0,1898.339798,1864.555241,434.2984951,627.7320651,525.1395358,626.1215111,0,3,1,45.061424,0.9881060538,0.1195199,32.84478563,32.79596,0.048826157343746956
236.98567,903,50,0.056082476,0.23064516,-0.2608097,18.617435,3.400583,0.76935484,0.2421051059,-0.07854085185,0.316892176,0.412718658,631.0215345,88,115.2597607,8032.420209,0.2177100083,-4.855607637,23.43971119,0.02972397815,144,4635.676624,4.054880985,162.73948,3289.100797,446.9330289,89.13408042,230.7849277,1525.70205,3,0,1,55.048717,0.9880385767,0.1440159,33.89411777,34.088608,-0.19449001808593636
31.63183,892,50,0.066198416,0.19640045,-0.30151737,2.9833977,2.7212667,0.80359955,0.335350887,-0.08127982328,0.367715786,0.434898983,105.6880292,99,96.40193613,1120.569937,0.1833990513,-0.8995462282,12.43971119,0.00387018172,74,3955.587406,3.543584458,902.0255988,1156.600851,2880.657785,197.007702,426.3440167,9185.693187,0,1,3,9.799968,0.9873376799,0.2355996,35.42539073,35.195232,0.23015833864257473
244.01859,923,50,0.05726455,0.12605992,-0.19927755,21.694407,3.172516,0.87394008,0.4506893283,-0.0686972588,0.2565421,0.465602315,689.4498251,68,100.8227882,7754.928457,0.1188411554,-4.323208276,43.43971119,0.03481232521,373,8789.743113,84.15088045,1114.876654,2845.200592,248.2465257,129.7781452,159.060286,618.2444907,1,0,4,44.233006,0.9874183272,0.1465348,31.7800724,32.050404,-0.27033119497070146
145.6408,781,40,0.14364135,0.3280363,-0.49664214,0.85069644,1.6848084,0.6719637,0.4365516814,-0.0983182819,0.64028349,0.407802525,33.09047438,210,65.53584402,5665.150264,0.280916723,-0.4224917005,-98.56028881,0.0003433624359,1,810.7648609,249.4615474,1249.953546,5374.428575,4753.699707,4076.294148,894.2825288,6956.361485,0,0,0,2.590733,0.9880283412,0.1412787,38.89809905,38.550236,0.3478633017089834
295.96982,878,40,-0.049463984,0.4090909,-0.45350352,4.1964636,3.1738327,0.5909091,-0.1206171217,-0.1310718431,0.404039536,0.270722558,144.7025301,113,109.4401538,10205.63643,0.4293261657,-1.903111014,-1.560288809,0.005876212423,9,1294.586303,60.8627968,108.4002344,2863.687944,2576.097177,1206.939332,394.4769899,7476.861636,0,0,1,4.95799,0.9873692944,0.2350042,34.48201721,34.132225,0.34979217337890844
107.98256,927,40,0.12719975,0.15411308,-0.2751466,56.763035,1.501775,0.84588692,0.8200452857,-0.07287186781,0.40234635,0.486543335,2023.851846,64,53.54488366,3850.053179,0.1345099348,-15.61815609,47.43971119,0.09280484194,2,2717.762762,0.0,544.0155927,1438.03421,808.0143341,448.0451624,563.4361334,5049.71462,0,0,1,20.143692,0.9872043227,0.3369413,35.65439807,35.66777,-0.013372315742188334
295.9779,860,20,0.0038610038,0.5271028,-0.5488152,6.049893,2.1164787,0.4728972,0.007311083751,-0.1536487431,0.5526762038,0.2383791019,211.2697217,131,73.91004536,10335.91314,0.5250676541,-3.320273237,-19.56028881,0.008941203602,1,2223.675628,115.6503424,631.3987744,1330.586303,781.2395848,545.0912444,332.3853934,4792.897363,0,0,1,6.4735923,0.9888737478,0.1549467,34.92123278,34.865402,0.055830558320309365
196.33742,916,50,0.07755633,0.098555215,-0.20452617,13.968987,3.3788877,0.901444785,0.779028301,-0.06944718656,0.2820825,0.4895005575,447.4447696,75,108.230155,6288.942187,0.09091163422,-2.85702341,36.43971119,0.02203690245,448,6209.056414,48.60682336,492.7830133,1430.338037,220.872274,0.0,99.8806287,665.0448759,0,1,2,57.655586,0.9875979599,0.1787501,32.03129687,32.34953,-0.3182323963574234
76.30307,807,40,0.103497,0.26205868,-0.35071847,0.96869946,1.9577377,0.73794132,0.393436932,-0.07972502407,0.45421547,0.42071916,36.30152183,184,73.36522914,2859.418918,0.2349363928,-0.3397407925,-72.56028881,0.0005385024371,1,1994.027036,0.0,1082.403193,0.0,2002.872067,1885.682553,519.4642078,2638.444761,0,0,0,5.185276,0.9883047653,0.1692335,37.47449372,37.473824,0.0006701726367168703
314.2334,895,40,0.14572865,0.24292453,-0.42973414,4.9603567,0.6647591,0.75707547,0.5974333537,-0.1012605215,0.57546279,0.45140206,183.8862134,96,24.64339585,11648.99896,0.2075234662,-2.131634621,15.43971119,0.00713945213,1,2289.507899,0.0,259.1452981,164.2410849,6552.713407,3035.583286,313.3554429,7164.169487,0,0,1,9.620583,0.9874766131,0.2168574,37.07116736,37.08272,-0.01155435020508122
45.72778,776,40,0.08319672,0.27283072,-0.35166162,4.435409,1.9921774,0.72716928,0.3038253707,-0.08326041913,0.43485834,0.405183,164.1832243,215,73.74339297,1692.68141,0.250132099,-1.559763114,-103.5602888,0.006271353205,2,3468.110814,238.7360171,452.866293,1713.997913,254.0510721,624.7493687,272.4429461,2108.863283,0,0,0,29.769838,0.9875825837,0.2028627,37.01647904,36.573822,0.4426570185156251
134.27867,920,40,0.10192476,0.37831488,-0.48231047,12.964184,1.9919475,0.62168512,0.2687075181,-0.1285884632,0.58423523,0.36180494,461.122381,71,70.85147619,4776.150973,0.3397552267,-6.252761678,40.43971119,0.02037527329,1,2056.331055,36.49029236,870.5313712,1188.11353,2019.303639,1420.792296,285.7125028,9118.920495,0,1,0,12.7739935,0.9879292051,0.1487453,35.56894757,35.598267,-0.029319031562501152
90.0,716,40,0.012035208,0.40664962,-0.48008612,1.39662,0.4755775,0.59335038,0.02952341278,-0.1314634539,0.492121328,0.302692794,49.18700186,275,16.74917399,3169.674047,0.4017555072,-0.6704978769,-163.5602888,0.001246148857,1,1537.368429,519.068621,1817.895387,2752.094722,5389.47905,3776.422452,252.8477953,4133.459852,0,0,0,9.855841,0.9877324913,0.1914358,35.21860052,35.28957,-0.0709693347363256
244.03024,894,50,0.087235995,0.15985997,-0.2522046,2.320251,3.1738384,0.84014003,0.5423101534,-0.0773269982,0.339440595,0.4636880125,78.02823416,97,106.7337137,8206.546925,0.1459144265,-0.5851779754,14.43971119,0.002773544974,183,5561.135964,4.759710388,388.645375,1316.694218,347.5974049,560.7206415,413.2352372,4739.219689,0,0,2,51.85112,0.9873271179,0.2637295,33.62922122,33.367844,0.2613775920703105
260.7799,872,40,0.11489792,0.24904762,-0.33553973,43.98392,2.891843,0.75095238,0.4595041536,-0.09159810436,0.45043765,0.43292515,1550.856163,119,101.9652759,9194.999333,0.2204325665,-14.75835264,-7.560288809,0.07167219197,1,3772.525807,96.07971503,79.35995236,3180.820416,2138.312928,1354.415833,849.5717129,3662.718754,0,1,0,6.016904,0.987905898,0.1953819,35.25961676,35.273026,-0.013408752695312387
351.66473,921,40,0.015031943,0.45006916,-0.5282799,13.468303,3.2772963,0.54993084,0.03332514021,-0.1478065121,0.543311843,0.2824813915,470.4448315,70,114.4752316,12283.57089,0.443303746,-7.115033762,41.43971119,0.02120892808,30,2990.351041,39.71922098,366.773538,2566.168465,1240.994934,771.7167356,779.4834393,2603.419733,0,0,2,24.998203,0.988635998,0.1514249,34.92977783,34.84911,0.0806681803417959
90.0,935,10,-0.16553524,0.6700337,-0.6527212,76.581375,1.4279616,0.3299663,-0.246686925,-0.2429539574,0.48718596,0.08221553,2331.67654,56,43.47721052,2740.234014,0.7809478893,-49.98628699,55.43971119,0.1255781633,10,1913.460505,0.0,329.8476172,1077.271538,869.0307709,166.1207272,754.4612587,3657.842916,0,0,0,23.891983,0.9888488641,0.1434761,30.4470446,30.301895,0.14514945839843918
27.177595,903,40,0.012266667,0.45027408,-0.5065076,57.535,1.0424839,0.54972592,0.02718229906,-0.1464446569,0.518774267,0.2809962935,1983.627877,88,35.94160293,936.9989582,0.4447507178,-29.14191477,23.43971119,0.09408143003,1,2271.030447,130.4546617,851.0110089,190.8654925,1801.542583,1334.223012,659.6738055,5960.942441,0,0,0,10.505889,0.9875893914,0.1686314,34.47689018,34.447243,0.029647443183591804
180.0,884,50,0.0317289,0.41872233,-0.4978297,65.06073,1.3909631,0.58127767,0.07559497728,-0.1198849748,0.5295586,0.306503285,2395.532363,107,51.2151819,6627.58972,0.4054367311,-32.3891637,4.439711191,0.1065266281,9,4743.885237,329.1592601,507.307876,2079.098635,1116.718612,531.6676659,399.66436,3067.942565,0,0,0,46.501762,0.9882416934,0.1436405,36.81994289,36.12859,0.691353259873047
134.27318,915,50,0.106692806,0.069751844,-0.14501077,13.781962,0.6642858,0.930248156,1.507986223,-0.04040879488,0.251703576,0.518470481,482.1545831,76,23.23968408,4697.475521,0.06230982404,-1.998532922,35.43971119,0.02172762173,169,6548.552621,90.6335431,298.7036495,1145.729495,71.08954353,206.6159684,96.90638571,569.660589,1,0,0,63.07424,0.987176028,0.1247986,34.98446615,34.286804,0.6976619507812529
280.05206,824,10,0.020911127,0.22209275,-0.28497916,2.5524974,5.298671,0.77790725,0.09373288464,-0.08436320413,0.305890287,0.3994091885,87.1471728,167,180.9068237,9561.51621,0.2174485403,-0.727408565,-55.56028881,0.00315760771,32,3148.976219,72.10434073,649.3261775,1213.988016,3188.071992,449.7669376,518.8363173,1929.400864,0,0,0,9.480041,0.9880373636,0.1937496,34.14192422,34.466496,-0.3245712939160157
283.69278,895,40,-0.06405694,0.64080817,-0.61860234,72.748344,1.9583206,0.35919183,-0.0998069875,-0.216172702,0.5545454,0.147567445,2295.287735,96,61.78710066,8950.809359,0.6818563805,-45.00229583,15.43971119,0.1192395316,10,2568.626951,0.0,153.3591422,3594.289561,861.0666413,646.3957013,687.5138977,2851.500947,0,0,0,21.760777,0.9892998547,0.1458702,31.55106506,31.768095,-0.21702995647949308
11.594982,895,50,0.067561716,0.21329953,-0.2506535,8.711866,2.3656864,0.78670047,0.3152676816,-0.07783182986,0.318215216,0.427131093,291.320627,96,79.10742031,387.7306454,0.1988886477,-2.183659704,15.43971119,0.01334327242,66,4485.145233,14.56637432,206.8062284,3687.938261,673.8503443,0.0,380.2385025,1517.381036,0,0,12,46.86842,0.9873573005,0.1941749,33.43952111,33.54192,-0.10239859825195197
103.685265,892,40,-0.088607594,0.4967678,-0.5217391,1.2475983,1.959373,0.5032322,-0.1780098954,-0.1469141053,0.433131506,0.207312303,43.46959138,99,68.26968559,3612.666114,0.5407851995,-0.6509208142,12.43971119,0.0009997136839,1,2125.171774,17.07081483,348.2613944,1005.801418,3965.818401,1021.577427,601.9380709,10446.59973,0,0,2,7.283702,0.9884457646,0.1885647,34.84261832,34.932682,-0.09006371735351593
314.2563,870,40,0.07910043,0.40076673,-0.47561353,8.704893,0.6644867,0.59923327,0.1968814839,-0.1332219165,0.55471396,0.33916685,303.9260878,121,23.20015227,10972.06914,0.3690659093,-4.140164888,-9.560288809,0.01333174126,1,837.2199986,26.18013019,268.5506926,1726.713349,2989.600348,1317.319081,446.5035307,2747.558416,0,0,1,9.532843,0.9884432185,0.158351,34.91439674,35.05177,-0.13737251659179606
194.38,928,50,0.102849595,0.156691,-0.22368082,18.12685,1.9142658,0.843309,0.6522223526,-0.06553902541,0.326530415,0.4730792975,621.5497303,63,65.63806683,6665.076203,0.1405753941,-4.054628672,48.43971119,0.02891270436,9,2755.854183,0.0,997.470171,4550.542993,1508.373814,647.703157,887.540598,1600.032425,0,1,0,33.401638,0.9874245763,0.195881,34.28889908,34.75597,-0.46707092122070293
90.0,914,50,0.07341442,0.20678926,-0.2625037,87.793526,3.3277986,0.79321074,0.3533119084,-0.07595221794,0.33591812,0.43331258,3025.947514,77,114.6980234,3101.997251,0.1916079464,-23.04612541,34.43971119,0.144119546,54,5917.879529,27.19051444,380.3497644,5574.164178,950.0405368,944.0211323,257.0016159,3764.084628,0,0,1,81.31501,0.9875176694,0.1778854,34.46663612,34.538074,-0.07143837340820625
27.157177,891,50,0.032893267,0.16401832,-0.20255983,14.815153,1.0422934,0.83598168,0.1993310016,-0.07128486853,0.235453097,0.4344374735,465.6615091,100,32.76077659,853.5890263,0.1586232216,-3.000954873,11.43971119,0.02343619574,454,6790.934682,63.75042459,608.0346119,4341.994083,380.9883967,117.1482042,110.1960144,2806.158671,8,0,14,38.538433,0.9878174976,0.1665583,31.43143436,31.7462,-0.3147662015234367
337.66663,901,40,0.12053641,0.21919584,-0.35642135,42.903004,2.5051653,0.78080416,0.5474054823,-0.1002248884,0.47695776,0.450670285,1495.659531,90,87.33361325,11771.53734,0.1927747604,-15.2915466,21.43971119,0.06988469577,1,1584.95437,10.5703444,452.5286074,1405.185695,2966.783971,2405.297039,401.2920711,3133.176315,0,3,1,6.8193736,0.9881311671,0.181579,34.86141743,35.014748,-0.1533301896289032
244.03166,905,40,0.1327044,0.2070022,-0.36365885,1.3714689,1.0589628,0.7929978,0.6379951751,-0.09622440728,0.49636325,0.4628511,48.91530508,86,37.76934966,8703.721315,0.1795320973,-0.498746803,25.43971119,0.001204556823,35,3323.820304,0.0,418.2201509,2774.594863,3197.181112,471.75767,669.3271057,6929.407088,0,0,3,14.766086,0.9888448601,0.1457036,35.66636114,35.740116,-0.07375497938476627
90.0,935,50,0.23936914,0.14140204,-0.105308965,63.684265,2.3783457,0.85859796,1.680938981,-0.02014624752,0.344678105,0.54898355,2497.76705,56,93.28133915,3529.899175,0.1075547553,-6.706524034,55.43971119,0.1042503866,12,3291.866319,0.0,565.355878,2996.075411,482.4872043,681.1442619,386.2026141,920.8994553,0,0,0,26.512661,0.987495119,0.1609148,39.22110194,35.121735,4.099367320859372
180.0,851,40,0.14313951,0.3355584,-0.47281992,47.251614,0.46373534,0.6644416,0.4253036323,-0.1597970051,0.61595943,0.403790555,1517.164382,140,14.88970812,5779.476418,0.287526735,-22.34150435,-28.56028881,0.07707593342,12,1196.816929,155.8561653,155.8561653,2529.73207,4783.350221,1234.941808,276.6768633,6756.101596,0,0,0,5.9707313,0.9889474077,0.1752233,32.10820232,32.820564,-0.7123619500195346
236.97412,726,40,0.017885603,0.47382408,-0.516129,1.0508249,3.3995311,0.52617592,0.03766785164,-0.146025499,0.534014603,0.2720307615,36.54524784,265,118.2277909,8241.409152,0.4653494506,-0.5423612048,-153.5602888,0.0006743121686,1,832.7098816,1514.768522,2540.508217,3232.24602,4878.22533,4830.985143,542.8658618,3940.26554,0,0,0,4.2375965,0.9884542235,0.1750998,34.77767594,34.797386,-0.01971022943359202
248.71187,854,40,0.14814109,0.33932853,-0.40282574,70.40147,2.5529711,0.66067147,0.4352884843,-0.1100656973,0.55096683,0.40440628,2481.486634,137,89.98624121,8766.509862,0.2890600317,-28.35952425,-25.56028881,0.1153585378,51,3415.301524,144.7396842,722.2415162,2583.062532,2287.983511,1251.965657,613.3958767,1245.026551,0,1,0,33.628006,0.9876625256,0.2141969,35.24765369,35.37045,-0.12279537616210945
212.66162,756,30,0.11981485,0.35675082,-0.419466,1.7353058,4.3981414,0.64324918,0.3349114616,-0.1037926425,0.53928085,0.381532015,63.33631732,235,160.5262193,7761.861826,0.314006774,-0.7279017827,-123.5602888,0.001806228993,1,2351.804555,743.5326287,1977.140392,3257.793441,2647.767037,2267.26151,312.0643662,3395.432013,0,0,0,4.996388,0.9876300195,0.1948592,36.49864901,36.599693,-0.10104428833984258
270.0,884,40,0.045990568,0.27134624,-0.33829612,7.3527093,0.47560793,0.72865376,0.1688680115,-0.09244593051,0.384286688,0.387322164,259.1531852,107,16.76325079,9516.405064,0.2588668723,-2.487393028,4.439711191,0.01109565333,1,1581.540855,0.0,654.8371784,6789.13647,4319.562541,335.9783421,1707.957966,5184.53146,0,0,2,8.078466,0.9878247394,0.2108165,35.24594468,35.00931,0.2366330039746103
207.15222,912,50,0.037374657,0.21687025,-0.26862085,3.6874387,2.083805,0.78312975,0.1715454818,-0.078602442,0.305995507,0.4102522035,126.507534,79,71.49055303,7106.915843,0.2087647988,-0.9905229179,32.43971119,0.005034444817,19,3978.402601,75.61658334,121.6252712,505.9934786,451.4730907,424.7563705,680.9922043,562.1595232,0,2,3,54.07826,0.98728226,0.2689131,34.30769819,34.28223,0.02546781280273791
198.87189,850,20,0.19880927,0.32769555,-0.4753328,5.251579,5.860564,0.67230445,0.6048432052,-0.09547323062,0.67414207,0.43555686,203.54049,141,227.1435064,7707.868803,0.2625466369,-2.49624775,-29.56028881,0.007621042517,1,385.9494832,0.1918559442,811.6253902,233.0270259,2051.805465,2299.170604,1453.80462,7036.107971,0,0,0,2.9259655,0.9880773303,0.1501557,38.75796023,38.499897,0.2580632268261738
337.68362,867,10,-0.15316483,0.64753085,-0.6229857,8.945762,2.5048606,0.35246915,-0.2361720032,-0.2123260816,0.46982087,0.09965216,285.9939761,124,80.07982355,10795.66851,0.7467098026,-5.573081802,-12.56028881,0.01373006307,1,842.7385778,0.0,294.0378394,900.4291778,2539.580065,1446.417734,1230.471859,3435.059232,0,0,0,12.084704,0.9890695992,0.1171102,31.96977251,31.95776,0.012012652822264158
137.64905,956,30,-0.021950668,0.60768956,-0.58178633,6.937598,5.6293488,0.39231044,-0.03606217265,-0.187911061,0.559835662,0.185179886,227.7927806,35,184.8370309,4519.642078,0.6210287518,-4.036199679,76.43971119,0.01040918938,1,500.3256143,0.0,440.85559,0.0,1682.812642,1132.116992,917.6635703,7715.842457,0,0,0,3.2229521,0.9893799798,0.1304897,32.83453157,32.87075,-0.03621885724609086
0.0,870,20,0.051384717,0.23020338,-0.2955115,5.999806,0.46373534,0.76979662,0.222248987,-0.08219122786,0.346896217,0.4105906685,210.0538158,121,16.23542123,0.0,0.2183744445,-1.773011671,-9.560288809,0.008858375406,1,915.6663256,0.0,175.2351324,2520.747719,2173.277615,615.0293051,419.9018033,5609.72628,0,0,0,7.4802127,0.9882154535,0.1782847,35.0101013,35.05555,-0.04544832158202894
247.32385,819,10,0.09824723,0.467167,-0.55220324,1.5952876,3.603949,0.532833,0.2098550944,-0.1719541987,0.65045047,0.315540115,53.27749432,172,120.360349,8259.82413,0.4212691363,-0.8809229815,-60.56028881,0.001574682786,1,0.0,0.0,1208.673668,0.0,4704.679995,1125.086816,1414.075541,2972.763948,0,0,0,5.138257,0.9883995376,0.1193311,33.39679586,33.357643,0.0391527325585912
103.697136,904,20,0.0751569,0.18146265,-0.27414593,14.271072,1.957709,0.81853735,0.4119029292,-0.07280004902,0.34930283,0.446847125,508.3386939,87,69.73402111,3693.714577,0.1678244798,-3.912356306,24.43971119,0.02253645633,38,3905.65747,72.62406581,780.4508053,3122.157034,3062.476975,916.8624726,971.9565693,4014.46645,0,0,3,23.648403,0.9875311599,0.2080081,35.62021787,35.42113,0.1990867359667945
194.39575,892,40,0.11806256,0.16622189,-0.21533571,1.5162541,1.9144007,0.83377811,0.7060233562,-0.05571080271,0.33339827,0.475920335,54.51201231,99,68.82608563,6988.870478,0.1465973081,-0.3265036532,12.43971119,0.001443986154,1,1316.266864,172.5941029,538.2249414,1193.042594,1075.26709,264.8244332,447.9856837,7217.043515,0,0,1,16.975773,0.987269884,0.3196156,35.95176581,35.7085,0.2432659015527321
270.0,884,10,0.042347565,0.3567339,-0.43307915,60.5524,0.4760866,0.6432661,0.1183772771,-0.1372858262,0.475426715,0.3428068325,2005.802081,107,15.77039875,8943.767083,0.341627088,-26.22398192,4.439711191,0.09907126368,9,3967.529451,108.2822656,118.3254169,880.5189261,476.5874938,664.1860779,277.3273776,2849.31686,0,0,2,30.247204,0.9888666531,0.1611103,33.12506327,33.08233,0.04273447361327953
22.31448,889,50,0.047861505,0.120767154,-0.19336312,341.84882,5.000116,0.879232846,0.3930575975,-0.06096893371,0.241224625,0.4635471755,11351.8065,102,166.0393308,740.999074,0.1149870563,-66.1009544,9.439711191,0.5642473561,617,7356.72352,193.1284202,1084.628925,4877.672236,154.4322166,140.2447874,83.57329344,1696.381817,0,0,0,62.983246,0.9875010907,0.1331907,33.20709575,33.182762,0.024333604003906828
323.77213,775,10,-0.030907279,0.632202,-0.61625636,1.4792042,4.017609,0.367798,-0.04881108872,-0.2249511547,0.585349081,0.1684453605,45.5531031,216,123.7250117,9970.783763,0.6517416436,-0.911568996,-104.5602888,0.001382717234,1,93.48700144,0.0,232.5657521,0.0,4165.825584,1062.722881,786.6181251,3847.047164,0,0,0,3.68309,0.9888710101,0.1230889,30.79568264,31.012266,-0.2165835190576182
332.81744,899,40,0.27473918,0.21279408,-0.39241275,56.790375,1.0425303,0.78720592,1.285064488,-0.07704832411,0.66715193,0.53097255,2213.502177,92,40.63440483,12972.13001,0.154331209,-22.28526723,19.43971119,0.09285005372,1,1152.051961,0.0,199.2970358,3063.015914,5239.089094,2734.066868,670.227404,2620.121448,1,0,0,19.578989,0.9880227044,0.1770015,38.97671351,39.10359,-0.1268745942480436
251.99336,895,20,-0.26587525,0.7531315,-0.67698455,12.362443,1.4998342,0.2468685,-0.3525582077,-0.2311593761,0.4111093,-0.009503375,394.8441947,96,47.90322001,8048.418528,0.9533705258,-8.369182911,15.43971119,0.01938018232,1,267.8424012,429.2185593,247.0154225,1861.577718,1341.795519,1227.5481,1098.663535,6604.794801,0,0,0,15.659946,0.9887965889,0.1486866,31.93901033,31.78521,0.1538006742382798
207.16252,887,50,0.051471986,0.23859127,-0.32678002,1.6583374,2.083997,0.76140873,0.214832477,-0.09602370262,0.378252006,0.406440358,56.79454498,104,71.37248509,7094.877714,0.2263105035,-0.5419115287,7.439711191,0.001678947389,302,6314.891976,0.0,1117.851758,181.6380357,1215.531906,485.5624503,366.3419038,1261.698101,1,0,11,64.14533,0.9872961767,0.1848857,34.24788284,34.05069,0.1971931427343776
0.0,884,40,0.06815327,0.29761645,-0.4622967,3.1471407,0.0,0.70238355,0.228230126,-0.1158893784,0.53044997,0.38526841,114.3715623,107,0.0,0.0,0.2773329157,-1.45491276,4.439711191,0.004140961308,1,367.4027444,0.0,288.7456207,3206.153349,2303.427293,447.6035244,809.6420961,10598.25035,0,0,0,3.9508483,0.9878885906,0.2008022,36.34142009,36.23709,0.10432902554687473
64.01243,921,20,0.06305665,0.296205,-0.36836627,3.8908389,1.0582336,0.703795,0.2121655087,-0.1015328665,0.43142292,0.383425825,136.6907773,70,37.17727129,2248.848908,0.277527305,-1.433253813,41.43971119,0.005370804982,1,2714.816891,414.5861453,290.3658826,3233.505975,1411.281278,143.8062937,1477.591343,2374.432089,0,0,0,13.904826,0.9878150893,0.1886235,35.13144101,35.187042,-0.05560122632812181
247.32558,910,50,0.035074625,0.20812894,-0.27735242,15.583789,3.6042068,0.79187106,0.1677177009,-0.09053001721,0.312427045,0.4134728425,509.1030253,81,117.7449583,8079.819421,0.2008288955,-4.322201592,30.43971119,0.02470727872,145,5410.435485,1.515494751,219.0481683,1950.354715,239.309765,477.9912188,224.8612276,391.9185392,0,2,4,56.972008,0.9876969937,0.2350727,32.6687576,32.87282,-0.20406420786132884
56.998085,875,50,0.10344828,0.15500945,-0.2247557,1.8297545,1.7023573,0.84499055,0.6630898321,-0.06430166749,0.32820398,0.474219415,63.35317286,116,58.94218941,1973.494003,0.138973989,-0.4112477535,-4.560288809,0.001962417533,4,3851.602674,0.0,1304.697799,2080.924477,591.9559041,905.3190229,253.0991792,6277.010206,0,0,1,12.215693,0.9874204292,0.2023783,34.62386504,34.714733,-0.09086808377929856
207.17104,886,40,0.06609959,0.28505242,-0.40159574,1.617647,1.0424227,0.71494758,0.2310750946,-0.1012246541,0.46769533,0.390523585,58.67977076,105,37.81364233,7515.081557,0.2662105719,-0.649640144,6.439711191,0.001611658224,1,3362.526881,41.50883928,333.2577058,2081.690355,1271.188717,322.7111818,528.3177327,8369.80291,0,0,0,13.206184,0.9875812354,0.1858999,36.2747687,36.15394,0.1208304065429715
96.94437,861,50,0.031988367,0.35902014,-0.4301826,10.819089,3.8298872,0.64097986,0.08885160425,-0.10606539,0.462170967,0.3364841135,395.3443803,130,139.9493415,3542.480507,0.347535672,-4.654183836,-18.56028881,0.01682795865,200,3996.504897,64.21960562,421.4308903,227.4947359,1236.797147,647.965949,1249.606751,984.3813349,0,0,0,35.68663,0.9880101404,0.179799,36.54137426,36.33193,0.20944600682616965
254.43488,922,50,0.08703312,0.21386741,-0.31958237,2.9892385,3.452301,0.78613259,0.4050550058,-0.09389742514,0.40661549,0.436582855,102.3801986,69,118.2399002,8714.290792,0.195253862,-0.9553079243,42.43971119,0.003879840572,1,1436.857256,244.4422656,872.460721,2624.416967,1317.641897,603.0190766,1752.482996,1808.952559,0,0,1,16.044022,0.9877251328,0.2112611,34.24959185,33.98718,0.26241304750976724
279.23044,757,20,0.239031,0.19277748,-0.3783369,0.8207872,2.88863,0.80722252,1.233533432,-0.09226915206,0.6173679,0.52312676,30.09930001,234,105.9296989,10239.73179,0.1466976862,-0.3105340848,-122.5602888,0.0002939019294,1,0.0,508.8549994,580.1706933,3274.967478,4353.192114,2016.472932,1175.237729,6380.808151,0,0,0,2.3930547,0.9876588107,0.2107166,36.67125902,36.58735,0.08391008201171957
225.74718,892,50,0.08981556,0.120157905,-0.20042306,7.2618403,1.9928693,0.879842095,0.7413099459,-0.06176836998,0.29023862,0.4848288275,243.6515588,99,66.86538004,7574.340668,0.1093658555,-1.455440254,12.43971119,0.01094538449,198,5408.292746,117.5835888,435.303405,2640.142914,215.7269985,607.9038876,243.5046133,1970.151649,1,0,2,53.076336,0.9873266033,0.2041137,33.55231577,33.437935,0.11438089451171862
27.15925,896,50,0.104053095,0.067495055,-0.14061557,20.78922,1.0423127,0.932504945,1.519132951,-0.04397549661,0.244668665,0.51827902,692.943235,95,34.7422142,905.2681416,0.06047198563,-2.92328802,16.43971119,0.03331542969,628,7914.026143,3.657696905,915.3294836,4493.226677,107.2768856,152.597253,186.9908102,2444.410637,2,2,2,86.01523,0.9871802904,0.1455391,33.33185348,33.26796,0.06389388527343698
36.2572,872,20,0.040150095,0.46548268,-0.5349535,22.189152,4.0191116,0.53451732,0.08606985151,-0.1372511663,0.575103595,0.2873337075,800.0524067,119,144.9131498,1307.290162,0.4467935062,-11.87016452,-7.560288809,0.03563047834,1,590.2336353,338.4818354,860.1982097,1673.315758,3920.473734,4037.866861,658.4870759,4987.069979,0,0,0,3.465759,0.9886816068,0.1433335,36.05601542,36.009396,0.046619820634766995
0.0,802,10,0.034399725,0.45139608,-0.53471845,1.5632403,0.92740995,0.54860392,0.07603895463,-0.1346848331,0.569118175,0.2915018225,56.71953827,189,33.64950619,0.0,0.435868179,-0.8358934302,-77.56028881,0.001521686598,1,403.8068989,340.2187106,1098.928461,840.1224864,3208.837924,2398.150211,811.2588634,3524.53153,0,0,0,9.523734,0.9880007329,0.1894016,36.28331375,36.377605,-0.09429168823242406
180.0,873,40,0.022687608,0.3869015,-0.45244956,6.654183,2.7802885,0.6130985,0.05848806462,-0.1202765131,0.475137168,0.317893054,236.9324717,118,98.99646978,6409.178242,0.3781236304,-3.010682171,-6.560288809,0.009940509817,2,1607.626648,0.0,204.3886736,3515.097236,2321.970797,67.33768851,70.29286038,6112.135303,0,1,0,5.9534874,0.9882984971,0.1372601,35.60654579,35.54583,0.06071601705077967
74.44696,866,10,-0.058796298,0.6004199,-0.5926184,56.603123,3.4549124,0.3995801,-0.0977624751,-0.1860220042,0.533822102,0.170391901,1883.494737,125,114.9637861,2477.256553,0.6357223674,-33.54405219,-13.56028881,0.09254039762,1,1974.388293,423.1441881,1384.069659,5820.225811,3068.273427,3069.631653,308.7148379,4592.549148,0,0,0,10.49895,0.9887612921,0.1555567,33.27545615,33.314236,-0.038779537255862806
270.0,876,40,0.06747682,0.3882409,-0.512056,1.8756065,1.903249,0.6117591,0.1733549069,-0.1670308543,0.57953282,0.33961796,61.29296668,115,62.19629626,8823.333148,0.3620436387,-0.960415562,-3.560288809,0.002038242367,28,2983.846016,0.0,62.34601547,535.2479988,967.2178472,836.2033539,484.7228102,2909.410376,0,0,4,21.953745,0.9889324635,0.1864679,32.67901166,32.61953,0.05948193587890671
207.15558,776,50,0.080454744,0.1204049,-0.17683268,8.926044,2.0838675,0.8795951,0.6626976671,-0.04588653751,0.257287424,0.480024922,320.5714401,215,74.84036663,7439.820217,0.1107177546,-1.578416282,-103.5602888,0.01369745568,172,4278.743412,246.094525,576.7966574,3062.499952,739.504541,435.1156894,272.3706526,649.5629966,0,0,0,31.6312,0.9874800208,0.1981448,35.91416759,35.231403,0.68276423916992
240.87537,794,20,0.14829932,0.37695903,-0.47034645,1.4100584,7.578021,0.62304097,0.3923687708,-0.1185868376,0.61864577,0.385670145,51.14472271,197,274.8650572,8736.875015,0.3210562622,-0.6632159627,-85.56028881,0.001268371758,20,1371.054476,78.08826708,552.1274889,1094.882982,2270.750916,937.8787563,213.1552606,4428.354083,0,0,1,6.116611,0.988180586,0.1569418,36.27135068,36.238155,0.03319531500976325
207.15692,902,50,0.044190664,0.17485505,-0.22183433,25.250929,2.0838926,0.82514495,0.2512902757,-0.06891429491,0.266024994,0.434667807,844.206357,89,69.67012502,6925.812066,0.1671280892,-5.601522917,22.43971119,0.04069369763,659,7493.176758,206.7993756,186.0437196,3700.154302,159.885919,348.6433357,95.1983714,1278.359304,0,0,1,64.132416,0.989021781,0.1524116,33.43268507,33.285557,0.14712827678710738
247.90077,873,50,0.000888,0.19268486,-0.2413793,254.1147,6.139747,0.80731514,0.004584767235,-0.08509081548,0.2422673,0.40410157,7979.806675,118,192.8026757,7784.674477,0.1925137558,-61.33802841,-6.560288809,0.4191626262,512,6324.393141,115.6686468,1116.50865,6214.225149,349.6664227,515.4804801,166.8802977,756.9685944,0,0,0,63.694035,0.9873437873,0.1862621,31.40238119,31.97846,-0.5760791218896486
107.988266,882,50,0.030825196,0.27763757,-0.33597255,8.559845,1.501315,0.72236243,0.1106282832,-0.09816848038,0.366797746,0.376593813,293.8441251,109,51.53745106,3707.043474,0.2690793375,-2.875872952,2.439711191,0.01309187734,61,4072.941381,0.0,947.5560326,3530.691854,495.1917101,533.38544,588.1029539,9433.971576,0,0,1,41.60931,0.9879437389,0.1832956,34.32820631,34.181232,0.14697385760742065
332.83502,832,40,0.110305704,0.3319179,-0.4236006,44.284935,1.042366,0.6680821,0.3313300486,-0.09315790825,0.533906304,0.389193902,1675.449032,159,39.43623504,12592.27573,0.2953054624,-18.75912504,-47.56028881,0.07216997641,1,1704.743256,199.2713321,871.261651,3846.839232,4449.474695,2984.128779,693.1682713,8344.26608,0,0,0,4.653164,0.9876952845,0.2284846,37.83338582,37.83776,-0.004375105292972137
314.235,890,40,0.043025274,0.45925272,-0.5701171,2.3616447,0.66474044,0.54074728,0.09348184623,-0.1323106409,0.613142374,0.291886277,87.95656943,101,24.75744496,11703.29838,0.4394932459,-1.346414028,10.43971119,0.002841997177,1,493.9215002,363.5038176,284.7795729,2302.688537,10203.4345,2474.285484,997.0580251,5174.385154,0,0,0,1.6807178,0.9885459193,0.140857,37.24377737,37.157337,0.08644018127929343
0.0,870,50,-0.49653122,0.3084922,-0.014103425,1.8799323,0.0,0.6915078,-1.604341628,-0.005069133681,-0.482427795,0.09748829,58.40463737,121,0.0,0.0,0.4616682084,-0.0265134842,-9.560288809,0.002045395884,97,4609.540842,0.0,0.0,2156.974907,646.426977,377.7065821,554.7653677,2327.534109,1,0,5,32.67804,0.988305393,0.0562523,31.06741523,28.175592,2.89182280751465
244.02994,920,50,0.052902836,0.17842324,-0.18760692,152.40594,1.0588974,0.82157676,0.2948494075,-0.05636417584,0.240509756,0.437239798,5170.874145,71,35.92658651,8279.520518,0.1689841446,-28.59240899,40.43971119,0.2509682228,10,3105.584754,0.0,622.0427323,1762.49534,390.9862606,544.8087283,385.8504604,786.7971319,0,1,0,31.905243,0.989144376,0.1772592,33.92829797,34.233547,-0.3052492406933567
325.6159,911,50,-0.011455947,0.29909042,-0.46751285,101.317955,1.6853087,0.70090958,-0.03817498406,-0.1590247926,0.456056903,0.3447268165,3242.401887,80,53.93365973,10420.43938,0.302516784,-47.3674459,31.43971119,0.1664847117,38,2841.320504,0.0,569.1446549,2380.654344,315.1825126,701.6417885,230.0097269,543.5830211,0,0,1,29.54995,0.9881862959,0.1575577,32.0022437,31.715595,0.28664845463867294
225.74571,892,50,0.08100502,0.20094563,-0.23068641,498.57642,1.9928166,0.79905437,0.4011229161,-0.06085283453,0.31169143,0.440029695,17802.00431,99,71.15484864,8060.401457,0.1846680252,-115.0148044,12.43971119,0.8234256725,26,4637.085731,0.0,184.723359,3182.568975,1281.000107,1006.499206,289.3977266,3210.784682,0,1,0,30.78637,0.9877040914,0.1398241,35.70566837,36.289673,-0.5840044815625021
270.0,918,40,-0.094974756,0.51497006,-0.48920864,108.02828,0.47616825,0.48502994,-0.184070285,-0.1614054226,0.394233884,0.195027592,3510.687552,73,15.47444751,8774.421282,0.5638792158,-52.84836794,38.43971119,0.1775814855,135,5363.003213,0.0,779.6750615,1727.826729,328.9295114,507.5649017,396.242482,3784.359607,0,0,3,41.18745,0.9887477743,0.1915027,32.4978566,32.575027,-0.07717086582031385
18.873323,923,50,0.18475853,0.1532435,-0.24156545,20.53027,1.4699621,0.8467565,1.197836732,-0.05924518202,0.42632398,0.515757515,751.5024779,68,53.8073859,690.8505831,0.1249304562,-4.959403911,43.43971119,0.03288720757,21,4515.200077,156.0261555,477.8577827,3778.601849,1221.739835,381.0577265,399.1522159,1618.663377,0,1,1,40.122265,0.9875192055,0.1390369,36.60460763,37.105698,-0.5010900018359408
236.99673,849,40,0.13360481,0.37519237,-0.49032688,32.800724,1.7022955,0.62480763,0.3551502387,-0.1063463867,0.62393169,0.37920622,1245.783328,142,64.65379707,9001.221285,0.3250648647,-16.08307666,-30.56028881,0.05317869171,1,1734.08685,740.6500475,1864.109839,5614.08877,4337.771939,3479.608052,194.6846566,5981.543043,0,0,0,5.7057433,0.9881254946,0.1489925,37.98036068,37.935894,0.044466667548825
107.99989,898,50,0.10302479,0.16410862,-0.2325,6.3134108,1.5003772,0.83589138,0.6239818975,-0.07167873843,0.33552479,0.469458085,211.7971837,93,50.33343711,3623.092694,0.1472013639,-1.467868011,18.43971119,0.00937697943,23,4004.117576,93.29382018,337.5625998,2598.311609,842.9202114,391.788168,1092.681955,2692.167261,0,0,4,38.982918,0.9871839526,0.2082192,33.54718874,33.538322,0.008866291269534088
68.721596,880,40,-0.03374355,0.57961786,-0.59461117,41.9234,2.5540826,0.42038214,-0.05811662425,-0.1613365507,0.56086762,0.193319295,1481.57045,111,90.26112643,2428.617095,0.5991762242,-24.92812192,0.4397111913,0.06826473786,1,1354.47293,0.0,368.6323148,3756.003451,4904.387594,4056.38057,231.1056649,5030.349492,0,0,1,4.095787,0.9890151777,0.1602308,35.33994023,35.464333,-0.12439235056640285
140.59462,901,40,0.02568464,0.49556136,-0.5862642,2.8253834,2.9981732,0.50443864,0.05172500736,-0.1525642765,0.61194884,0.26506164,101.3698922,90,107.5692927,5044.292915,0.4828330449,-1.656421139,21.43971119,0.003608875605,1,401.5803277,778.0162966,232.568176,5985.559727,7098.238272,4243.87013,304.7336714,1284.482736,0,0,0,4.317749,0.9888363396,0.167338,35.87827838,35.8413,0.03697741564452883
0.0,874,40,-0.0013215027,0.49830508,-0.57575756,2.6852198,0.92740995,0.50169492,-0.002646683867,-0.1668724088,0.5744360573,0.2501867087,92.4862468,117,31.94251194,0.0,0.4989635915,-1.5460356,-5.560288809,0.003377088952,1,167.6277797,0.0,106.8824272,6125.299047,4625.510399,3228.180383,1294.755318,14371.63436,0,0,0,3.5617263,0.9886750391,0.1432819,34.44270998,34.395824,0.04688554762694963
347.14313,934,40,0.06796443,0.36428395,-0.5125272,39.665413,4.273099,0.63571605,0.186059174,-0.1346759479,0.58049163,0.35184024,1418.245951,57,152.7856361,12412.18234,0.339525599,-20.32960306,54.43971119,0.06453073524,1,843.3562378,0.0,247.3676303,1698.332572,2721.044856,724.004843,597.1773287,2642.043773,0,0,0,6.9433513,0.988023016,0.2051827,35.75522966,35.7194,0.03583116146484144
225.72968,917,50,0.06382979,0.18497519,-0.27019498,8.1926565,0.66431975,0.81502481,0.3432166947,-0.07822520065,0.33402477,0.4394273,282.3033038,74,22.89119045,7778.213871,0.1731682625,-2.213614659,37.43971119,0.01248466268,50,6704.693938,30.81767293,368.860534,1859.748798,177.1238611,95.35349334,87.89316442,371.0882542,0,1,5,55.793747,0.9876115191,0.1786378,34.45809107,34.427757,0.03033380681640807
161.10106,904,40,0.13767837,0.2981132,-0.44397804,66.05508,2.9384403,0.7018868,0.4602885128,-0.1246735413,0.58165641,0.419782585,2304.015494,87,102.493434,5619.239858,0.2570694605,-29.32700495,24.43971119,0.1081709713,1,2569.707182,0.0,422.3535086,3261.911265,4396.842419,2523.120949,524.8466772,3298.11842,0,0,3,11.83227,0.9875912072,0.2280386,34.88021654,34.89901,-0.01879316458984448
171.65999,865,40,0.1371666,0.20396326,-0.31174302,2.8491914,3.2773356,0.79603674,0.6692253041,-0.06131906862,0.44890962,0.46660167,111.003424,126,127.6837608,6687.808565,0.1759863131,-0.8882155316,-14.56028881,0.003648246573,1,4039.437108,1134.521486,942.2494514,5046.007614,5994.686389,2423.391936,394.4039724,10207.88634,0,0,0,11.013533,0.9876097047,0.2022659,38.95962341,38.690998,0.26862533260742083
115.97663,902,10,0.046856698,0.3822197,-0.42249417,2.1754575,1.0586482,0.6177803,0.1222711098,-0.1369228361,0.469350868,0.332318499,71.31487373,89,34.70413129,3801.893957,0.3643101469,-0.9191181108,22.43971119,0.002534101917,12,5242.962825,9.321105104,423.047418,2202.007444,676.7214982,639.0789396,173.5281663,128.4256072,5,0,0,60.936115,0.988506617,0.1466176,32.78155226,32.959175,-0.17762284986328325
93.71918,942,10,0.009166666,0.4806974,-0.5224072,13.563682,7.1124845,0.5193026,0.01902992626,-0.1674436124,0.531573866,0.264234633,446.9797776,49,234.3859684,3088.437066,0.4762910075,-7.085765135,62.43971119,0.02136665504,3,2291.836844,75.34207302,135.3527211,1076.892169,1557.802526,282.6290699,274.6896088,7457.837396,0,0,2,11.817537,0.988805211,0.1426201,32.95416227,32.932995,0.021167427470700773
45.743332,871,50,0.118856475,0.16189002,-0.28168613,10.498924,1.3287855,0.83810998,0.7296731562,-0.07830624494,0.400542605,0.4784832275,367.6401638,120,46.52999859,1601.79139,0.1426483429,-2.957401271,-8.560288809,0.01629850611,257,5534.090886,5.451841662,365.0885591,417.2934901,629.2821238,125.8689358,723.0021797,378.4022979,1,0,4,60.058952,0.9873175206,0.1782176,35.01693734,35.277744,-0.26080695321289227
0.0,881,10,0.04645139,0.29776734,-0.39762086,4.151258,1.8543341,0.70223266,0.1554768001,-0.1209174376,0.44407225,0.374342025,140.1072861,110,62.58481603,0.0,0.2839356332,-1.650626776,1.439711191,0.005801456532,1,1859.93416,0.0,237.0062732,6011.632297,3439.706297,1630.122881,83.88524961,13701.3342,0,0,1,5.8072915,0.9882754114,0.1515726,33.75056093,33.773003,-0.022441694511719845
8.344328,890,40,0.0988787,0.39762846,-0.5197708,49.56031,3.277372,0.60237154,0.2480472669,-0.1131537004,0.6186495,0.35062512,1880.370371,101,124.3469462,316.5925947,0.3583114748,-25.76000198,10.43971119,0.08089379283,1,3774.010932,1739.48646,1262.972938,4459.425486,868.8362599,2706.712068,546.0747595,3695.865156,0,0,0,6.4940133,0.9879474411,0.196937,37.94105345,37.842182,0.09887129057617017
101.02167,855,40,0.0529517,0.32250813,-0.4005291,52.124874,2.4242496,0.67749187,0.1636796578,-0.1116399254,0.4534808,0.365221785,1823.382726,136,84.80279194,3533.8439,0.3054307763,-20.87752887,-24.56028881,0.0851347777,12,1398.192163,12.48250093,431.8295769,2626.157016,4308.574546,1066.730872,470.1810654,6242.111546,0,0,0,6.7402806,0.9876700013,0.2389314,34.98104813,35.007133,-0.026085353886720952
287.99655,875,20,0.104596704,0.20635663,-0.313486,2.0780709,2.9992359,0.79364337,0.5044290313,-0.0824404913,0.418082704,0.449120037,74.28059362,116,107.2076141,10294.42965,0.1847724067,-0.6514461342,-4.560288809,0.002373055012,5,1191.681672,9.427726191,736.2957732,1014.043583,2088.150637,499.6569072,569.5115488,4151.399802,0,0,0,14.649013,0.9873390191,0.2244056,35.7449756,35.727585,0.01739076113280902
161.12291,899,50,0.08288611,0.18978855,-0.2307282,3.7764168,1.469995,0.81021145,0.4344396454,-0.0711325002,0.31361431,0.44654878,126.6881672,92,49.31419971,5405.220672,0.1740577154,-0.8713258507,19.43971119,0.0051815867,203,4804.262245,310.8590542,177.1427467,2225.682173,888.1920807,336.2649573,365.0495925,3972.101288,0,0,0,54.441406,0.9872147852,0.1610659,33.54718874,33.96878,-0.42159177757812216
295.96548,921,40,0.08952243,0.3338654,-0.43257144,0.9488305,2.1174185,0.6661346,0.2673385486,-0.11922975,0.52209387,0.377828515,33.33378274,70,74.38796313,10397.6938,0.3039769581,-0.4104369757,41.43971119,0.0005056454062,1,3432.642613,0.0,944.856809,66.44148915,4207.621376,1783.09517,750.145375,10159.83161,0,0,1,5.3646593,0.9876045863,0.2210905,35.13144101,35.10207,0.029371155263675064
90.0,910,30,0.20117474,0.12559487,-0.37339056,92.801476,2.3802059,0.87440513,1.589122371,-0.08535249311,0.5745653,0.537789935,3471.978778,81,89.05057041,3367.167242,0.1003283547,-34.65119509,30.43971119,0.1524011253,1,484.4517492,0.0,560.8339689,2244.247726,5893.547905,1965.825646,850.3656179,2743.149495,1,0,0,70.443634,0.9875056016,0.2040094,37.41296936,37.42278,-0.00980972325195495
152.8498,928,50,0.001120825,0.47257105,-0.49831876,14.210689,4.1620374,0.52742895,0.002366751515,-0.15025805,0.499439585,0.2642748875,481.3916183,63,140.9903432,5177.835682,0.4720413806,-7.081452921,48.43971119,0.02243660178,46,5332.339114,0.0,416.8138921,2084.968428,196.8350952,924.3076144,109.5371257,773.7216521,9,0,0,45.144604,0.9891081674,0.13867,33.87531866,34.02074,-0.14542184903320532
170.29,895,10,0.043010753,0.33042666,-0.39607844,67.695404,2.820633,0.66957334,0.1297745721,-0.1178803073,0.439089193,0.3562920465,2306.045208,96,96.08491609,5800.932046,0.3162147605,-26.81269001,15.43971119,0.110883553,7,3667.107209,7.814858393,474.8990118,1978.302961,666.2889208,246.5491951,278.1102863,3421.887122,0,0,0,24.60198,0.9886621296,0.1198459,34.06501877,34.004124,0.060895082255861155
134.26096,880,50,0.13079916,0.23732424,-0.2196556,1.8993086,3.3185885,0.76267576,0.5488286043,-0.05008672769,0.35045476,0.44673746,71.11070946,111,124.2489939,5026.772436,0.2062824288,-0.4171937701,0.4397111913,0.002077438209,1,4004.156844,0.0,905.1781869,4033.206484,5119.745244,1492.147175,28.71020607,9098.700179,0,1,0,16.969944,0.988230867,0.3107024,37.44031352,36.912178,0.5281354804492153
90.0,805,40,0.13985346,0.2820513,-0.42405063,1.7192825,3.3270204,0.7179487,0.4940922723,-0.0937649275,0.56390409,0.42890108,64.94637694,186,125.6791254,3399.775153,0.2426054498,-0.7290628273,-74.56028881,0.001779731478,1,1367.731222,94.03577537,174.3010951,557.4296226,1935.300019,2006.164531,266.7123681,5508.551777,0,0,0,6.2820687,0.9880587087,0.1815662,37.77527948,37.842846,-0.06756643674804508
237.00859,906,40,0.09814595,0.34024268,-0.44350666,74.17742,3.402673,0.65975732,0.287613349,-0.1180554676,0.54165261,0.378951635,2639.934002,85,121.09928,8435.006712,0.3068492389,-32.89817979,26.43971119,0.1216027753,1,1576.00668,13.78262784,465.9077572,1609.015988,657.2624615,271.7254023,617.8917734,7170.384305,0,0,2,11.793539,0.9875455881,0.2215121,35.58945569,35.57101,0.018445100400391823
11.60469,880,10,0.030063638,0.46067417,-0.5735137,41.15614,2.3657687,0.53932583,0.06511873515,-0.1626854288,0.603577338,0.284694734,1429.837839,111,82.19103163,403.167665,0.4468246285,-23.60361013,0.4397111913,0.06699593036,1,256.4745875,420.6974504,713.0644329,2675.732346,2859.699834,4971.006078,417.4437609,4447.976491,0,0,0,13.065167,0.9886597221,0.1326174,34.74178673,34.72285,0.018935930439454296
123.01712,790,40,0.061523627,0.46213943,-0.5316336,1.9625603,1.7016625,0.53786057,0.1328403997,-0.1066504235,0.593157227,0.2996920985,76.0883123,201,65.97332461,4769.364307,0.4337069361,-1.043362998,-89.56028881,0.002182036692,1,928.2627892,305.7543468,323.1531853,2381.061401,467.3650065,905.3857219,519.6520027,4530.385145,0,0,0,5.5538015,0.9878164444,0.187672,38.7699233,38.65047,0.11945256635742396
225.74301,858,40,0.11839709,0.16346154,-0.23555349,72.48402,2.6561282,0.83653846,0.7199074629,-0.0566252637,0.35395058,0.477467775,2670.343988,133,97.85296083,8316.474301,0.1441081693,-17.07386388,-21.56028881,0.1188024226,11,4251.614624,469.5263634,429.5155659,1773.210834,4573.438355,1767.003306,560.3656906,8006.543645,0,0,0,12.2265215,0.9873032563,0.2085976,36.84045101,37.063736,-0.22328495191406006
0.0,897,50,0.078782454,0.17098151,-0.23789474,445.15378,0.0,0.82901849,0.4580867676,-0.07664477236,0.316677194,0.453900472,14633.9136,94,0.0,0.0,0.1575111671,-105.8997428,17.43971119,0.7350813739,286,7413.167339,1.524868911,246.8431917,1929.361389,134.7685899,214.3450742,176.8187052,409.7235299,35,1,29,34.0473,0.9877549273,0.1194296,32.8738388,32.90519,-0.03135071416015478
0.0,879,30,-0.08331042,0.5585443,-0.5206484,3.0077019,1.3909631,0.4414557,-0.1488897662,-0.180584721,0.43733798,0.17907264,95.27657258,112,44.06227783,0.0,0.6050768602,-1.565955182,-0.5602888087,0.003910373247,6,3890.627974,0.0,196.4325505,898.6365008,1344.979622,266.4945953,209.0688052,5544.273931,0,3,3,21.856213,0.988462331,0.1578165,31.6775318,31.809278,-0.13174668815917912
230.90312,928,10,0.01010101,0.36025238,-0.43113175,17.153826,3.671788,0.63974762,0.02796108914,-0.1333110384,0.44123276,0.324924315,574.7004209,63,123.0150119,7735.890538,0.3566134671,-7.395559023,48.43971119,0.02730362771,3,3490.686059,0.0,321.5828128,2817.478439,2797.721868,770.3879594,1031.818424,3207.147071,0,1,1,27.290655,0.9879460041,0.1675272,33.50275448,33.597244,-0.09448978269531239
225.73146,825,20,0.13208441,0.50184655,-0.53010035,2.616328,5.95777,0.49815345,0.2626733941,-0.1706379488,0.66218476,0.31511893,86.04451557,166,195.9362257,7423.745847,0.4355604445,-1.386916389,-54.56028881,0.003263163512,1,0.0,0.0,281.1200247,0.0,1236.765286,1158.675651,872.9445523,2879.08814,0,0,0,10.702553,0.988527936,0.1182377,32.88751088,33.233627,-0.34611643933593683
68.69668,762,50,0.10527697,0.16473001,-0.1862165,7.806718,2.551237,0.83526999,0.6352317845,-0.04962736759,0.29149347,0.47027348,277.7167685,229,90.75789536,2443.820819,0.1473877337,-1.453739702,-117.5602888,0.01184644139,6,3382.479215,0.0,350.7303272,2203.694414,1251.134403,571.5721935,290.1921287,3494.329267,0,1,0,23.95508,0.9873490261,0.1753587,35.5740746,36.29065,-0.716574814062497
281.03336,826,10,0.038012795,0.5013216,-0.57098955,1.8478745,4.834807,0.4986784,0.07567421946,-0.1559534103,0.609002345,0.2683455975,65.14271455,165,170.440391,9907.207415,0.4822649648,-1.055117029,-53.56028881,0.001992382332,3,1141.224427,0.0,820.3026434,946.0927048,4006.364464,650.8972782,305.1981137,1750.875829,0,0,1,10.559404,0.9891344596,0.1610282,35.25278072,35.323486,-0.07070560812500304
79.94624,796,30,0.172765,0.286217,-0.4767677,0.873368,5.297791,0.713783,0.601513838,-0.1102432557,0.6495327,0.443274,32.56334563,195,197.527044,2980.779058,0.23676872,-0.4163936526,-83.56028881,0.0003808540886,1,614.4176175,74.51862308,869.5839755,4585.560638,3161.074139,3080.931518,1391.903714,8061.931633,0,0,0,3.5680492,0.9880460371,0.1574274,37.28479361,37.23939,0.04540228309570438
14.385039,807,20,0.14398761,0.34741402,-0.45795488,0.982282,1.9143089,0.65258598,0.4132658324,-0.1146234524,0.60194249,0.398286795,35.71598884,184,69.60469122,523.0431712,0.2973907056,-0.4498408354,-72.56028881,0.0005609637001,1,1666.307004,685.5894504,271.8748135,2794.853594,957.9865433,1888.490261,770.1254778,5620.601922,0,0,0,5.611624,0.9881637838,0.1621832,36.3602192,36.406784,-0.04656485761718443
270.0,865,40,0.15942536,0.21468355,-0.3732112,67.81613,2.3791194,0.78531645,0.7391632788,-0.07486948253,0.53263656,0.472370905,2629.226159,126,92.23827666,10467.87929,0.1804575478,-25.30973926,-14.56028881,0.1110831959,2,3848.807209,123.3970096,1036.244365,3496.90735,2193.257309,3015.481929,596.0874815,3902.984247,0,1,0,15.913957,0.9876750008,0.2042674,38.7699233,38.536766,0.23315724775390834
80.78331,921,20,-0.020584602,0.5378412,-0.5744681,35.14206,2.892895,0.4621588,-0.03820161116,-0.1474500193,0.553883498,0.220787099,1266.902483,70,104.2914348,2912.310093,0.548912447,-20.18799244,41.43971119,0.05705052745,1,1640.340655,0.0,92.91520656,3702.445276,4214.056281,773.8047833,371.8994146,6270.403592,0,0,1,5.729056,0.9885929126,0.1630321,36.05088839,36.131413,-0.0805241161035184
140.63203,858,40,0.2065744,0.26545253,-0.42069393,9.1151085,5.9768353,0.73454747,0.7752765568,-0.05932698928,0.62726833,0.470560935,379.7341368,133,248.9941171,5858.71057,0.2106168329,-3.834670817,-21.56028881,0.0140101091,1,4037.002839,1039.136601,1306.192698,1993.658287,3362.792355,2195.874856,640.683069,4619.387027,0,0,0,8.115235,0.9884459545,0.144071,41.65985921,41.07067,0.5891881284570317
0.0,881,50,-0.016124904,0.469282,-0.47364515,1.7280092,0.92740995,0.530718,-0.03428773374,-0.1462730923,0.457520246,0.257296548,57.925553,110,31.08822234,0.0,0.4768491272,-0.8184631767,1.439711191,0.001794162704,8,2053.265245,0.0,1593.686821,3358.136315,774.7243838,889.1594565,274.5742535,6664.073804,0,2,2,10.051291,0.9885136737,0.1227503,33.52155359,33.629074,-0.10752050667968405
291.3038,911,10,0.022581412,0.46595365,-0.5470278,2.6565921,2.5511832,0.53404635,0.04835900094,-0.1380551759,0.569609212,0.278313881,96.32640268,80,92.50434051,10562.4974,0.4554317587,-1.453229732,31.43971119,0.00332974771,1,2652.106151,124.3357675,364.4802262,2199.642029,1064.887499,328.0357393,1310.254567,1271.980628,0,0,4,28.119516,0.9877250674,0.1828147,36.25938761,35.654804,0.6045833802636693
170.29297,903,50,0.08273381,0.14606741,-0.21609537,13.775976,2.820608,0.85393259,0.5625570614,-0.07337552683,0.29882918,0.4683332,441.2623769,88,90.3477322,5454.704677,0.1339826967,-2.976924631,23.43971119,0.02171772276,997,8107.018884,246.9522054,286.694303,3485.868363,539.6375548,248.895679,202.0101292,1427.208496,0,0,1,73.17641,0.9876158044,0.1856674,32.03129687,32.34075,-0.30945477794922027
270.0,920,40,0.15248963,0.31632653,-0.45115453,29.1186,0.9525535,0.68367347,0.4805448508,-0.09548158716,0.60364416,0.41808155,1113.349763,71,36.42088609,10323.45086,0.2680900145,-13.1369883,40.43971119,0.04708961296,1,371.6246893,200.9922332,200.9922332,2943.840151,3059.115806,1976.006453,1243.418694,3028.939475,0,0,0,5.716555,0.9875919829,0.2510803,38.23500317,38.289345,-0.05434161759765743
325.61877,880,50,0.08789648,0.16885743,-0.25461254,3.2749815,1.6852509,0.83114257,0.5174720941,-0.06777441056,0.34250902,0.459519525,116.554809,111,59.97716223,11588.59479,0.1540154563,-0.8338513582,0.4397111913,0.004352369913,3,4455.711898,192.586458,802.4483921,1587.93377,1533.703432,342.726107,462.0287087,2698.281673,0,0,1,42.346256,0.9875483351,0.2049775,35.58945569,35.377598,0.21185788116211057
332.8214,892,40,0.20348275,0.22095898,-0.45336863,38.506664,3.1247237,0.77904102,0.9167583578,-0.0872753595,0.65685138,0.491261885,1508.036313,99,122.3735405,13034.28302,0.1759976391,-17.4577135,12.43971119,0.06261452766,1,1066.534065,0.0,157.0455709,2369.593952,3440.658533,1902.052821,796.6603461,5580.769241,0,0,0,3.2232766,0.9875327055,0.2033912,39.1629956,39.181927,-0.018931127294919747
0.0,878,40,0.022231456,0.52594036,-0.5264353,7.6016603,0.0,0.47405964,0.04218970056,-0.148514743,0.548666756,0.248145548,264.6668787,113,0.0,0.0,0.51424794,-4.001782321,-1.560288809,0.01150734024,1,676.8469657,325.1287755,131.877697,5530.164588,3920.595089,799.5625504,355.218928,7903.763778,0,0,0,11.282045,0.98819322,0.1606525,34.81698317,34.83261,-0.015627913984374686
10.575239,895,40,-0.020216104,0.40856594,-0.4454321,35.56568,5.1752224,0.59143406,-0.04935982714,-0.1122895719,0.425215996,0.285608978,1290.076034,96,187.721151,383.5962755,0.4168255515,-15.84209553,15.43971119,0.05775106212,1,1717.072033,186.4064839,200.3477251,598.4478524,642.598115,1092.890624,1105.288578,5802.136686,0,0,3,4.789501,0.9886760201,0.1697214,36.27305969,35.8315,0.4415586829199185
64.01333,769,20,0.11188325,0.40645635,-0.4825986,6.0728464,1.0582677,0.59354365,0.2745895358,-0.1254341944,0.59448185,0.35271345,217.9766807,222,37.98510045,2297.672669,0.3609806926,-2.930747171,-110.5602888,0.008979161329,1,2018.341209,81.92385734,380.8843027,2142.017916,938.9548976,221.754438,381.8212181,3154.111254,0,1,0,17.161228,0.9884107324,0.1429435,35.89365947,35.824448,0.0692118381640654
325.61703,863,40,-0.020449553,0.3893235,-0.44657403,9.248149,1.6852858,0.6106765,-0.05239129338,-0.1424764,0.426124477,0.2951134735,305.4288204,128,55.65814888,10753.80872,0.3972849915,-4.129983169,-16.56028881,0.01423011637,1,1719.337518,0.0,172.7112643,2119.702512,1763.215352,32.04272636,593.3317006,3716.794315,0,0,0,9.690255,0.9892070467,0.1862877,33.02594069,32.94542,0.08052137847656127
53.844852,914,50,-0.028103044,0.33719158,-0.39056066,408.266,2.3568025,0.66280842,-0.08309800025,-0.130330918,0.362457616,0.317352688,13193.11274,77,76.16005518,1739.99599,0.3466676898,-159.4526384,34.43971119,0.6740805501,393,7049.379554,213.0489556,378.3215076,1445.845771,323.592634,344.8250519,289.14677,815.3982949,0,0,0,55.944237,0.9883430348,0.164295,32.31499253,32.325607,-0.010614769804689672
0.0,880,50,0.06784354,0.22855839,-0.3107812,4.337154,0.92740995,0.77144161,0.2955393615,-0.1090087488,0.37862474,0.419642575,136.5675752,111,29.20212841,0.0,0.2130521797,-1.347905925,0.4397111913,0.006108870238,1,1646.991311,61.60601792,61.60601792,1446.303131,1535.902642,2416.992801,294.2059507,12293.62374,0,0,0,5.4945197,0.9876594083,0.1779267,31.48783169,31.916706,-0.428874395205078
180.0,928,60,0.12826823,0.14783312,-0.25121412,38.558887,1.8543341,0.85216688,0.861825849,-0.05457404019,0.37948235,0.490217555,1463.82146,63,70.39658718,6833.388704,0.1288708274,-9.686536866,48.43971119,0.06270088813,1,1574.42567,62.12901326,732.6691478,1455.415645,2608.753036,703.0178842,935.0394105,6760.448141,0,0,2,7.2620387,0.9873675621,0.2492054,37.96327058,37.525814,0.4374565236035153
225.73682,826,50,0.07359736,0.15609555,-0.22629969,3.1036487,0.6644045,0.84390445,0.4684878725,-0.06039739939,0.29989705,0.458750905,110.3510846,165,23.62308503,8026.134823,0.1446073296,-0.7023547387,-53.56028881,0.004069039175,201,5941.654828,241.211999,691.2485833,1610.683763,1782.596499,537.1300472,706.5846727,3193.970952,0,0,1,12.373563,0.9877520842,0.2320116,35.55527549,35.690163,-0.1348871686914066
252.00137,790,10,-0.07341468,0.47094297,-0.47134632,2.541918,1.5004797,0.52905703,-0.1555583718,-0.157322482,0.39793164,0.227821175,82.13337286,201,48.48286163,8142.561043,0.5055170974,-1.198123695,-89.56028881,0.003140112699,28,3023.051298,0.0,49.73531808,1467.408836,2292.081627,158.2246504,512.8851413,2272.907586,0,1,1,9.293572,0.9892687411,0.1240227,32.31157451,32.53092,-0.21934361133789082
270.0,900,50,0.09608541,0.26494023,-0.34783763,74.933304,0.47607264,0.73505977,0.3613045307,-0.09526170154,0.44392304,0.41557259,2638.918037,91,16.76579851,9508.560708,0.2394833394,-26.06462287,20.43971119,0.1228527705,99,4809.172016,0.0,450.6628966,3092.330508,1552.602342,566.0131698,315.5197175,4472.190213,0,0,5,42.4616,0.987572657,0.2320726,35.21689151,35.149033,0.067858917226566
90.0,923,40,0.1756591,0.23518604,-0.45037755,67.1255,1.9043171,0.76481396,0.7437319327,-0.09828489846,0.62603665,0.47023653,2545.091411,68,72.20297942,3412.387647,0.1938734719,-30.23181823,43.43971119,0.1099411104,9,2252.121972,6.200775601,331.6915539,1449.981461,1094.285925,175.1866359,209.6818483,6828.108531,0,1,0,19.610876,0.9887105023,0.1398664,37.9154183,37.8153,0.10011831220703016
230.92049,883,50,0.03370298,0.1456561,-0.21420765,253.02751,3.6731539,0.8543439,0.2298096022,-0.07056066412,0.24791063,0.44402344,8229.338134,108,119.4637906,7510.340651,0.1407470554,-54.2004283,3.439711191,0.4173647548,535,6334.639754,78.40006552,1213.260542,6238.378319,312.3189283,446.9861953,154.1104825,691.5089608,0,0,0,61.145504,0.9882957317,0.1557316,32.52349175,32.403545,0.11994637036132616
126.165886,893,50,0.08063737,0.16239317,-0.21506062,15.490425,2.3561988,0.83760683,0.4935173851,-0.0699322431,0.29569799,0.4591221,506.9795046,98,77.11502431,4129.229404,0.1492982119,-3.331380405,13.43971119,0.02455288393,297,6281.521195,0.0,80.86973845,4740.044881,280.5473202,77.41592505,237.0003981,1830.569638,6,0,5,44.895004,0.9876772374,0.1516346,32.72857295,32.83801,-0.10943593061523416
0.0,867,40,0.012756517,0.34576613,-0.3920751,35.227013,0.46373534,0.65423387,0.03678709048,-0.1098223514,0.404831617,0.3334951935,1229.929908,124,16.19103964,0.0,0.3413553585,-13.81163464,-12.56028881,0.05719101307,22,1391.507913,103.0166441,192.4489345,3838.340165,4020.149613,786.1317603,181.2493961,5959.94396,0,0,0,4.3889437,0.9874549253,0.2104852,34.91439674,34.755592,0.15880439380859457
134.2575,906,50,0.041856017,0.54731554,-0.57530475,2.066113,1.3287657,0.45268446,0.07633563878,-0.1939873872,0.617160767,0.2472702385,66.41685639,85,42.71423716,4315.814816,0.5244070915,-1.188644623,26.43971119,0.002353280394,6,6407.822074,0.0,800.1462745,290.4347113,414.1766178,1006.598166,172.7761501,172.8542656,2,3,1,69.977295,0.9891443539,0.110207,32.14580054,32.332325,-0.18652444168944982
103.68687,859,50,0.11532441,0.17867902,-0.28207713,73.04197,1.9591483,0.82132098,0.6418357024,-0.07211311774,0.39740154,0.468322695,2636.847963,132,70.72613462,3743.142633,0.1580729674,-20.60346927,-20.56028881,0.119725097,5,2816.544743,0.0,1010.169105,4565.34727,3415.72482,1801.578954,226.6566068,3256.361708,0,1,0,15.352837,0.987082004,0.3153876,36.10044968,35.95985,0.1405993687207001
281.02176,885,40,0.19358438,0.20033215,-0.36981758,3.8913443,2.4242287,0.79966785,0.9615174725,-0.08166880977,0.56340196,0.496626115,147.0498213,106,91.60906091,10619.51768,0.1615509749,-1.439087532,5.439711191,0.005371640755,1,0.0,0.0,160.665976,4669.078282,3691.830878,3992.296685,409.5360071,14390.59457,0,0,0,4.821599,0.9876482651,0.2059628,37.78895156,37.884125,-0.095173195859374
90.0,900,40,0.0834624,0.38265836,-0.4819143,41.357384,0.95252967,0.61734164,0.2175435458,-0.1398435358,0.5653767,0.35040202,1423.753581,91,32.79142434,3098.305789,0.3507207749,-19.93071476,20.43971119,0.06732872484,1,3913.499124,273.3412037,510.4020049,2888.278455,2370.812869,1329.185098,412.0663354,2498.127719,0,0,0,5.0379744,0.987676212,0.1884822,34.42561988,34.443935,-0.01831551428711009
18.880747,920,50,0.060247302,0.16087098,-0.20512821,20.626757,2.9381216,0.83912902,0.3721933481,-0.06519176758,0.265375512,0.449688161,682.45185,71,97.20997447,624.6837891,0.1511789375,-4.231129742,40.43971119,0.03304676682,757,8948.175251,192.5713374,279.2175203,2822.282369,88.00036781,162.9951766,143.603404,1292.438827,0,1,0,54.941074,0.9873226046,0.1732671,33.08575604,33.085094,0.0006615880957028253
106.29461,885,20,-0.023021001,0.564546,-0.6133758,92.20634,4.94617,0.435454,-0.04070579758,-0.1798935165,0.590354799,0.2062164995,3160.393234,106,169.5310995,3643.271887,0.577542414,-56.55713756,5.439711191,0.151416957,1,2664.157176,0.0,390.5402358,5901.181592,1164.0867,978.0374724,372.9714606,3289.855512,0,0,1,48.87558,0.9885014991,0.1483741,34.275227,33.981968,0.2932590739746104
122.99324,891,40,0.10571755,0.2723059,-0.37628478,48.49151,1.702754,0.7276941,0.3868103469,-0.09749676314,0.48200233,0.416705825,1742.443814,100,61.18500278,4419.511997,0.2435183874,-18.24661717,11.43971119,0.0791263327,2,868.0166475,85.12045504,916.4666231,2467.42023,1516.348422,289.760405,377.5006734,9004.312301,0,0,0,7.262124,0.9876197091,0.2063786,35.9329667,35.959045,-0.02607871015624852
180.0,857,50,0.08974359,0.2634133,-0.3320068,83.0331,1.8543341,0.7365867,0.3394064898,-0.09182697696,0.42175039,0.413165145,2913.241036,134,65.05986401,6315.353593,0.2397736448,-27.56755383,-22.56028881,0.1362472938,11,1600.429616,242.9376277,1588.849935,3217.450195,3084.791614,2188.613337,118.0111876,2997.084374,0,0,0,28.54498,0.9887922097,0.1314603,35.08529774,35.193638,-0.10834010790038917
117.66784,939,40,0.2216293,0.19497542,-0.43100065,7.7910542,6.9565763,0.80502458,1.130903559,-0.09440563335,0.65262995,0.51332694,295.0948342,52,263.4880566,4456.800177,0.1517631541,-3.357949424,59.43971119,0.01182053837,1,405.5202123,312.0414619,359.6458375,5767.569705,8431.671351,4716.035282,235.043611,2845.645949,0,0,0,2.0172684,0.987990951,0.1568256,37.87611107,37.908695,-0.0325841509472653
97.92489,866,50,0.11752921,0.07811544,-0.1854676,70.14247,3.3596709,0.92188456,1.485540749,-0.0410819839,0.30299681,0.519706885,2648.332792,125,126.8493484,3697.299187,0.06893459405,-13.00915557,-13.56028881,0.114930233,32,4755.480921,0.0,676.7569759,872.921718,3172.581477,1597.794131,463.6310748,8295.275826,0,4,0,19.412138,0.9888623666,0.1640547,37.75648037,37.147167,0.6093131641894516
322.426,905,50,0.091937765,0.19726482,-0.284,26.709478,2.3391747,0.80273518,0.4637119435,-0.07290492632,0.375937765,0.4473364725,962.8547636,86,84.32532836,11623.19271,0.1791287333,-7.585491752,25.43971119,0.04310568043,2,2567.699338,146.3902436,235.9170287,1822.531875,1052.751354,635.6061676,1188.20988,1971.995053,0,0,0,30.633072,0.9872911022,0.2297164,36.04917938,35.964386,0.08479339367187322
314.23938,901,10,0.03832886,0.3540205,-0.43289548,3.331524,1.9933484,0.6459795,0.1079623853,-0.1291733372,0.47122434,0.34215418,113.3631682,90,67.82850431,10692.75554,0.3404512978,-1.442201681,21.43971119,0.004445873482,1,212.3273044,67.27852,1129.509266,4071.767381,5358.59039,5382.221269,634.7958893,1178.858307,0,0,0,2.7696168,0.9879910924,0.1732318,34.02742055,33.90305,0.12437108100586158
127.935356,850,20,-0.073772125,0.5924506,-0.59952605,55.786427,3.0145645,0.4075494,-0.1243104734,-0.157071724,0.525753925,0.1668886375,1996.75398,141,107.8997883,4579.168177,0.6361569397,-33.44541622,-29.56028881,0.09118983847,1,2135.827978,304.450506,360.1623101,4491.82537,3736.704009,3730.049323,266.5020356,8281.268215,0,0,0,5.5114884,0.9887876931,0.1552914,35.79282788,35.619923,0.17290524206054414
180.0,902,10,0.09818755,0.40039158,-0.47588342,3.8207884,0.92740995,0.59960842,0.2446178617,-0.1166961128,0.57407097,0.348897985,139.86499,89,33.94906228,6589.136995,0.3610781117,-1.818249851,22.43971119,0.005254963416,1,967.151222,71.17684443,185.2603449,5777.976201,9663.892042,5500.415611,998.0849116,4264.582275,0,1,1,1.8172168,0.988206223,0.134552,36.60631664,36.592365,0.013951375107424724
314.27185,919,40,0.095584504,0.3510235,-0.4256,2.9479568,1.992191,0.6489765,0.2715287587,-0.122167308,0.521184504,0.372280502,101.93363,72,68.88542611,10866.80459,0.3174710929,-1.254650414,39.43971119,0.003811573582,1,4276.250718,0.0,525.6294873,1014.15958,1537.731515,385.8224101,1681.015474,2122.431515,0,0,5,22.204544,0.9880580948,0.1724488,34.57772177,34.46124,0.1164829089160122
270.0,915,50,-0.0017226529,0.2572973,-0.3130116,6.098298,0.95136505,0.7427027,-0.006669264061,-0.0983310687,0.3112889471,0.3704900236,202.8506933,76,31.64572476,8981.143132,0.2577405339,-1.908838014,35.43971119,0.009021250297,467,6922.462381,191.3772216,498.0079283,2477.529207,258.4903229,125.016412,145.8884029,688.9340201,1,0,0,44.659336,0.9874281409,0.2255105,33.26349308,33.102295,0.1611981581250035
152.82498,906,50,0.025661271,0.15977444,-0.23926689,217.36891,1.0424598,0.84022556,0.1596103896,-0.07591490803,0.264928161,0.4329434155,7197.387012,85,34.51729424,5060.247696,0.1556744248,-52.00918308,26.43971119,0.3583966094,450,5278.991074,0.0,504.939119,3240.001672,644.6036315,433.5082868,525.4942441,1975.76726,0,0,1,49.567673,0.9873350743,0.1720346,33.11139119,32.995575,0.11581623882812409
34.36629,895,10,0.019659735,0.41115648,-0.4691218,13.991745,1.6849506,0.58884352,0.04769968678,-0.1446612715,0.488781535,0.3042516275,469.3358863,96,56.5195966,1152.774952,0.4030732526,-6.5638326,15.43971119,0.02207453704,45,2545.406108,76.14259138,796.5495951,3198.120764,2813.460665,941.542645,1156.467311,3992.512337,0,0,1,23.648403,0.988596533,0.1528836,33.54377072,33.619556,-0.07578570700195542
0.0,857,10,-0.08561495,0.58855325,-0.60025626,8.804421,0.92740995,0.41144675,-0.1452200459,-0.1935593846,0.51464131,0.1629159,289.3147419,134,30.47484557,0.0,0.6389422071,-5.284908821,-22.56028881,0.01349632937,1,402.8963244,0.0,857.3358927,2066.088264,2117.917257,1451.349293,958.6175364,3064.452679,0,0,0,12.1030855,0.9884264151,0.154244,32.86016672,32.96449,-0.1043222631542946
134.23666,875,40,0.15552856,0.23500666,-0.38377303,2.6165464,0.66472036,0.76499334,0.6590007248,-0.09302694088,0.53930159,0.46026095,96.13986234,116,24.42384507,4932.262624,0.1984564126,-1.00415994,-4.560288809,0.003263524677,1,1003.437273,14.27545297,193.1878475,2587.723078,3805.063453,1280.343797,255.6022891,10157.91082,0,0,0,3.8511827,0.988084608,0.1604533,36.74303744,36.854782,-0.11174466449218556
292.67267,780,50,0.07113272,0.18574713,-0.20177074,9.1708765,3.6044717,0.81425287,0.3809039528,-0.04930757358,0.27290346,0.442692795,336.0881639,211,132.0942742,10725.67276,0.1725344314,-1.850414538,-99.56028881,0.01410233188,18,3463.42984,0.0,713.313717,2394.792841,867.6388381,664.8165736,165.701504,665.5444534,1,3,0,30.260332,0.9875207191,0.3032681,36.64733288,36.54191,0.1054246158398442
194.3917,837,40,0.13813269,0.37427652,-0.52316463,34.625362,1.9143659,0.62572348,0.3680824209,-0.1164365892,0.66129732,0.381928085,1305.556548,154,72.18156841,7329.579884,0.3225766975,-18.1147647,-42.56028881,0.05619607094,1,1981.624043,1061.455682,1302.240952,4018.838249,4498.502651,2387.824017,810.4336663,5571.225391,0,0,0,4.1998615,0.9879932981,0.1832568,37.70521007,37.59387,0.11134181438476531
225.74944,922,10,-0.0031532478,0.47831476,-0.5666448,90.901436,1.9929495,0.52168524,-0.006578657832,-0.1669468044,0.5634915522,0.2592659961,3109.763998,69,68.17936963,7722.952595,0.479823005,-51.50882602,42.43971119,0.1492590548,2,2166.666073,0.0,889.4723121,1698.671304,992.9262771,1025.133455,385.52066,1119.04716,0,0,0,58.01247,0.988892086,0.1473965,34.21028462,33.98954,0.22074451990234678
126.14821,911,40,0.18778576,0.22361624,-0.38013318,1.0861514,2.3571928,0.77638376,0.8360293094,-0.081321427,0.56791894,0.48208476,41.40834639,80,89.86542389,4809.263953,0.1816242944,-0.4128821856,31.43971119,0.0007327311248,1,1800.641798,1.475863018,1212.503358,1017.839168,4485.340483,897.0904891,464.6007323,9781.453117,0,0,0,5.9021387,0.9881065751,0.1559101,38.12391752,38.275818,-0.15190035109375088
37.580105,920,50,0.041295916,0.15186404,-0.19612867,419.95197,4.670958,0.84813596,0.2701480086,-0.07025179826,0.237424586,0.444715938,13071.9418,71,145.3939867,1169.764594,0.1455926754,-82.36462134,40.43971119,0.6934054809,305,6433.651449,54.82356789,1042.723611,5183.689895,342.5518043,336.2885361,338.3639657,942.0282749,0,0,0,57.586086,0.9874236569,0.1944433,31.12723058,31.674246,-0.5470152543505868
295.95926,906,10,0.08024894,0.4036491,-0.49282297,40.294804,2.1178906,0.5963509,0.1983173569,-0.1146677308,0.57307191,0.33829992,1499.560018,85,78.81671456,11014.04224,0.3712566876,-19.85820498,26.43971119,0.06557155064,1,1801.70397,86.31301244,358.2860067,583.1256806,2126.093659,1683.508155,456.6491738,2371.117769,0,0,1,5.8210216,0.9884456526,0.1728468,37.2147242,37.19313,0.021593706835936644
165.60165,919,30,0.046589345,0.2756444,-0.34984693,65.716095,1.9144229,0.7243556,0.1684087768,-0.1108642798,0.396436275,0.3854724725,2177.186733,72,63.42519499,5486.414178,0.262802308,-22.99057409,39.43971119,0.1076103964,225,4386.531419,78.73166052,272.0623642,78.73166052,2343.908208,1029.172074,1601.084774,4139.61891,0,0,1,9.979188,0.9877730375,0.1794452,33.1301903,33.258995,-0.12880475615234133
191.59608,811,10,0.012319456,0.20528771,-0.2639304,13.166359,2.3656957,0.79471229,0.05971977681,-0.08507012566,0.276249856,0.403515873,432.7387576,180,77.7533271,6297.18889,0.2027586771,-3.475002397,-68.56028881,0.02070960736,181,5891.78113,54.77309304,135.8469405,1454.442808,267.1672001,337.4081885,168.371277,1114.802418,1,0,0,57.771107,0.9876138636,0.1686347,32.86700276,33.00201,-0.13500758545898606
45.74122,902,10,-0.29382095,0.72582,-0.63289124,6.504769,1.9926565,0.27418,-0.4042554553,-0.2468352692,0.33907029,-0.009820475,192.4370506,89,58.95073904,1353.208003,0.9390811219,-4.116811318,22.43971119,0.009693425902,68,3702.707496,0.0,28.98051404,3633.283766,843.7177946,301.6360779,191.579395,1326.977518,1,4,4,52.74969,0.9878740448,0.1536016,29.58399455,29.516932,0.06706301618652333
27.1824,920,40,0.13681369,0.2950709,-0.43670413,23.00156,3.1248298,0.7049291,0.4620977273,-0.1011332196,0.57351782,0.420871395,857.2153183,71,116.4552305,1013.025624,0.2547011614,-10.04487625,40.43971119,0.03697394648,1,2036.512266,63.81802756,63.81802756,2881.45542,1674.989432,1766.53834,572.925479,1657.329639,0,0,0,6.294792,0.9876600622,0.232753,37.26770351,37.258152,0.0095515019433563
214.36044,749,40,0.24358188,-0.02083002,0.0032372936,6.6169705,1.6848332,1.02083002,-12.28349139,0.001240339161,0.2403445864,0.63220595,197.9615706,242,50.40557858,6413.075195,-0.01575620457,0.02142107625,-130.5602888,0.009878972008,2,4132.729545,0.0,173.4082714,1058.609528,3419.12679,1865.839014,199.8326386,2726.087297,1,3,0,22.488493,0.987032651,0.4234229,29.9172515,32.514397,-2.5971451674804698
180.0,872,40,0.018648839,0.43099025,-0.5169976,5.276756,1.3909631,0.56900975,0.04316958311,-0.1496597702,0.535646439,0.2938292945,181.8359568,119,47.93231034,6202.764014,0.4229527822,-2.728070188,-7.560288809,0.007662677382,1,527.09302,0.0,122.2768265,1706.650444,5089.779887,1757.401218,921.0936201,8772.552097,0,0,1,6.1364527,0.988326902,0.1713015,34.45980008,34.3441,0.11569912785156333
134.26886,899,40,0.14567266,0.29691058,-0.39684764,7.4605083,1.3284956,0.70308942,0.4889811567,-0.09390285534,0.5425203,0.42438104,276.2127494,92,49.18531118,4971.078309,0.253658826,-2.960685112,19.43971119,0.01127391908,1,1383.346519,9.718219179,564.708351,3312.309742,2002.698869,879.0957535,1373.894106,6967.455249,0,0,0,15.986756,0.9881070189,0.1550563,37.02331508,37.075848,-0.05253254573241861
99.22002,880,40,0.07820832,0.40048608,-0.541159,38.749626,2.8918622,0.59951392,0.1947970899,-0.1318830096,0.61936732,0.33886112,1421.328689,111,106.0729389,3639.370893,0.3691647365,-20.96970886,0.4397111913,0.06301631064,1,301.4697998,1390.107654,1651.987945,4280.128259,1831.354551,3201.600185,772.7844145,3671.802159,0,0,0,6.316321,0.9879955602,0.200995,36.67980407,36.622875,0.056928856376956105
341.12427,914,50,0.06022267,0.2062358,-0.25642762,4.0777106,2.9380336,0.7937642,0.2905997419,-0.07747422846,0.31665029,0.426993435,138.0152756,77,99.44146524,11545.78261,0.1938157295,-1.045637624,34.43971119,0.00567983219,148,4356.203955,403.7109338,320.7515817,833.856139,55.14979934,247.5552429,235.3210901,491.5822726,0,0,0,37.878094,0.9871075208,0.228457,33.84626549,33.749485,0.09678047413085977
161.12354,889,40,0.13094847,0.23796166,-0.41717955,10.838261,1.4699897,0.76203834,0.5479894557,-0.1093569903,0.54812802,0.446493405,387.8579197,102,52.60503941,5765.965688,0.2068009447,-4.521500847,9.439711191,0.01685966312,1,940.6245366,71.36910622,71.36910622,4248.819527,3871.789248,1083.704164,1132.554559,4665.929514,0,0,0,11.135311,0.98823029,0.1585234,35.78599184,35.712936,0.07305543863281372
11.600041,905,50,0.057692308,0.11178749,-0.15792507,499.70514,2.3657293,0.88821251,0.5115133602,-0.05067985853,0.215617378,0.472952409,16457.97026,86,77.91615363,382.051563,0.1053382117,-78.91596921,25.43971119,0.8252922216,583,7570.974621,248.6076928,480.675699,2816.035086,384.878715,248.6076928,193.3447359,874.9415001,0,0,0,60.85156,0.9873199681,0.1686369,32.93536316,32.951237,-0.01587356485351421
126.14889,875,40,0.117484175,0.32168245,-0.47944298,4.195668,2.3571546,0.67831755,0.3640860388,-0.09756587233,0.596927155,0.3979008625,162.0777506,116,91.05637418,4873.104433,0.2838898527,-2.011583569,-4.560288809,0.00587489675,1,4073.929713,78.03147159,579.0915714,2361.546831,3343.233035,1245.825899,802.2012362,10073.21833,0,0,1,6.634937,0.9878396019,0.1915233,38.62978448,38.473118,0.15666665163085725
287.9984,820,20,0.003363007,0.35905045,-0.39750347,5.2486086,2.9989402,0.64094955,0.009340377161,-0.109143744,0.400866477,0.3221562785,184.6602812,171,105.5108473,10132.56456,0.3578429608,-2.086340131,-59.56028881,0.007616130406,24,5549.355561,0.0,548.6778555,2215.006906,1354.10974,1164.572611,223.0986201,1564.05302,0,0,1,37.35145,0.9883606057,0.1596352,35.18271131,35.017353,0.16535825213867383
