Aspect,Elevation,LandCover,NDBI,NDVI,NDWI,Population,Slope,Builtup_Green_Ratio,Water_Cooling_Index,Surface_Dryness,Population_Heat_Exposure,Elevation_Cooling,Terrain_Heat_Index,Aspect_Heat_Index,Road_Length,Park_Distance,Water_Distance,Forest_Distance,Hospital_Distance,School_Distance,Bus_Stop_Distance,Metro_Distance,Commercial_Density,Industrial_Density,Residential_Density,Nighttime_Lights,Emissivity,Albedo,Actual_LST,Predicted_LST,Error
180.0,892,10,0.0681688,0.44080308,-0.5245236,11.341858,0.92740995,0.1542967967,-0.1488071638,0.5926924,394.0170284,99,32.21829374,6253.21399,618.9524019,322.8858196,188.1452943,8935.968759,1901.543949,838.1948039,804.3517528,2099.366109,0,0,0,11.157654,0.9887960245,0.1571658,34.74007772,34.860325,-0.12024713961913847
64.00745,891,50,0.11623206,0.18130235,-0.26908565,17.273823,1.0580449,0.6375785063,-0.07982887828,0.38531771,589.2301754,100,36.09114103,2183.368499,3587.612357,354.539169,676.3399462,6769.507607,475.6232632,1212.758634,835.6254289,2051.846292,0,0,0,26.325205,0.9877755245,0.1550071,34.11116204,33.981678,0.1294840309668004
295.9925,893,80,0.042321645,0.26872247,-0.29095355,13.545995,1.0580468,0.1569081174,-0.1044634109,0.333275195,421.093704,98,32.89066961,9201.286298,2847.159445,50.84686675,0.0,5181.663889,1753.270693,1113.046156,1979.486425,2209.89552,0,0,3,16.875546,0.9871276007,0.0304535,31.08621434,29.556671,1.5295431974218765
22.30329,898,50,0.048790835,0.41585097,-0.49267644,19.07639,2.5046265,0.1170462312,-0.1539559431,0.541467275,636.0796486,93,83.51380654,743.6768102,4156.417465,207.1144254,486.9252228,6460.303611,518.9480009,1511.310864,1047.502593,1900.411867,0,0,0,20.824167,0.988656977,0.1545364,33.34381655,33.487423,-0.1436063931152347
115.9925,883,50,0.084994756,0.14405668,-0.23828457,23.999746,2.1153724,0.5859416884,-0.07616581033,0.323279326,791.9169193,108,69.80070515,3827.391476,3000.449142,109.498756,797.1770244,7018.411355,366.3292565,928.8715073,546.3222008,2051.648099,0,1,0,34.06765,0.9881498933,0.1193039,32.99688752,33.136932,-0.14004485304687364
256.29938,892,10,0.02332755,0.4445395,-0.55160797,10.48697,1.9572196,0.05235798397,-0.1513400633,0.57493552,369.067572,99,68.8803616,9019.935205,757.7635503,369.0525984,116.9884136,8721.518954,1802.981918,752.2088228,954.0676852,1895.183859,0,0,0,8.909846,0.987991701,0.1697361,35.19296537,35.089424,0.10354123669922188
214.35892,900,50,0.10648715,0.19574119,-0.3287827,9.138006,1.6848024,0.5412549858,-0.09651950175,0.43526985,313.0822944,91,57.72394996,7344.26991,1894.519161,94.07557938,865.5120206,9251.201175,1959.698343,1392.918915,1170.974253,2544.867198,0,0,0,7.7613053,0.9873968941,0.2423319,34.26155492,34.30899,-0.0474355585156232
27.14631,906,40,0.14701131,0.35732648,-0.46305418,8.932467,1.042192,0.4102719676,-0.1221491955,0.61006549,318.9397044,85,37.21216193,969.2771423,1749.320858,44.00858777,705.2567032,9389.097313,1856.863875,1304.354514,1210.821011,2718.088319,0,0,0,7.7613053,0.9881716986,0.1700526,35.70566837,35.696842,0.00882617639648231
123.027664,894,40,0.06348918,0.37097204,-0.4742268,9.184859,1.7011812,0.1706826674,-0.1246452348,0.53771598,328.3753489,97,60.82030983,4398.46187,257.1836625,320.7450434,446.0619679,9599.668648,1732.662166,1218.975516,1323.379264,2983.012187,0,0,0,8.077397,0.9884456436,0.1606295,35.75181164,35.64743,0.10438122007812467
180.0,868,40,0.12820514,0.18860595,-0.32658958,12.202322,2.3174627,0.6761662279,-0.08784287997,0.45479472,432.6265408,123,82.16435129,6381.799902,1351.203254,201.9729907,240.1989351,7949.483022,2528.616472,818.6930425,473.7041189,7701.50926,0,0,2,8.796949,0.9878216433,0.1850309,35.4544439,35.433895,0.020548788916016747
341.1279,883,40,0.013756121,0.49840596,-0.5585851,12.42201,1.4699513,0.02754496763,-0.1326852519,0.572341221,459.3520273,108,54.35715393,12614.52796,328.2130446,260.9067452,307.7060614,8394.052812,1422.945453,423.8358531,739.5415781,1541.239109,0,0,0,11.626989,0.9883837413,0.1183076,36.97888082,36.89766,0.08122151824218804
90.0,901,40,0.12582375,0.23516674,-0.4356909,8.736443,4.272191,0.5327750639,-0.1145932665,0.56151465,312.2690112,90,152.7020618,3216.893993,1218.026152,259.1040808,582.9920407,9460.428429,1861.115566,1336.774668,1370.469293,2853.884109,0,0,0,7.7613053,0.9882726823,0.1470692,35.74326659,35.955257,-0.21199082577148687
27.146515,886,50,0.116560794,0.21028131,-0.36156648,15.859103,1.0421939,0.5516853052,-0.09732707028,0.478127274,562.1130574,105,36.93971844,962.1862312,2716.342565,256.376484,522.2750844,6775.206023,163.1880899,1153.724174,612.8813202,1795.109114,0,0,0,26.325205,0.9874514236,0.2179205,35.44418984,35.419315,0.024874501865234322
239.66896,887,30,0.096593186,0.3611111,-0.5523416,13.016658,2.7528296,0.2667501383,-0.1397465764,0.648934786,471.575627,104,99.73123245,8682.876979,459.8780249,160.6658834,324.9809667,8380.038722,1535.251817,561.3128137,872.9952483,1543.282311,0,0,0,11.626989,0.9885978735,0.1189729,36.22862543,36.095276,0.13334955109375102
90.0,886,50,0.092509605,0.25110325,-0.39106968,16.20206,2.8510807,0.3669512591,-0.1043730623,0.483579285,576.0687068,105,101.3709597,3199.974794,2689.180477,224.7138398,386.8508553,6654.647243,103.9610867,1274.004163,661.8930887,1669.502,0,0,0,26.325205,0.9879300628,0.1990078,35.55527549,35.65737,-0.1020960309960941
352.69522,910,30,0.12860446,0.20208123,-0.38022742,8.804742,3.735021,0.6332661074,-0.09129658676,0.50883188,324.4910454,81,137.6509237,12998.27305,1173.24432,0.0,946.3743344,9040.904863,2212.685088,1581.981271,1467.474132,2417.042782,0,0,0,7.7613053,0.9875869846,0.2833871,36.85412309,36.736416,0.11770722696289226
134.27861,874,40,-0.09224431,0.48297665,-0.5135269,11.388466,0.66422117,-0.1905966125,-0.157901911,0.42128259,382.4986674,117,22.30886165,4509.947994,1117.72174,171.008434,318.6053857,7692.112005,2767.445894,587.6063066,365.429996,7563.290371,0,0,1,6.6311574,0.9878283467,0.1567193,33.58649597,33.362316,0.22417983840820455
198.87221,877,50,0.039906103,0.24949084,-0.30740544,15.56134,1.4699522,0.1593116259,-0.09355854251,0.347311543,525.0177924,114,49.59412615,6709.669519,4499.383129,0.0,586.6809554,7559.894445,2690.068321,472.3164486,170.807539,8047.924902,0,0,1,8.796949,0.9879776071,0.1494922,33.73859786,33.782543,-0.04394532237304816
332.85333,906,10,0.042669088,0.47430968,-0.5697804,16.647459,1.0421953,0.08977113195,-0.1652404314,0.612449488,573.2413489,85,35.88712485,11461.52646,3925.789855,16.60937655,272.7166092,4671.16791,2099.889183,967.0122018,1442.567539,2142.210288,0,1,3,22.995224,0.9884238243,0.1432053,34.43416493,34.30926,0.12490360797851707
90.0,892,10,0.061232932,0.3672793,-0.4719429,15.413943,3.325285,0.1662676452,-0.1410576695,0.533175832,524.1279246,99,113.0713099,3060.314497,2309.316239,97.08716454,168.3476521,6440.412086,245.7715362,1210.276206,826.9573296,1523.103038,0,0,1,32.957077,0.9888290702,0.1460848,34.00349441,34.005463,-0.001968236484373165
314.27847,893,10,-0.13075061,0.5588937,-0.5973613,13.2659,0.66422266,-0.2335275607,-0.1706499776,0.46661069,459.5887899,98,23.01157769,10887.98059,1152.956179,0.0,475.7858726,8293.741301,1677.799155,766.0439111,1064.497519,1501.667018,0,0,0,8.638086,0.9884105265,0.1553961,34.64437316,34.559696,0.08467696249023504
332.85333,900,40,0.08884462,0.46790758,-0.54893327,9.774898,1.0421953,0.1894714946,-0.1414762334,0.63777789,351.8925949,91,37.51863278,11982.59276,2136.602044,292.8803339,673.3441139,8693.851842,2244.611278,1251.484416,1468.966761,2018.799241,0,0,0,6.659486,0.9884094256,0.1526985,35.99961809,36.14819,-0.14857145467773591
270.0,875,40,0.071644805,0.17521822,-0.25711682,11.334549,0.9510622,0.4065686567,-0.08010153857,0.328761625,378.4601357,116,31.75592864,9015.289151,1467.402679,142.1414977,368.7057351,7597.309766,2860.991029,508.2335053,350.9381891,7551.907932,0,0,1,8.449886,0.9873222801,0.2093172,33.38995982,33.57489,-0.1849303167187486
123.027145,911,10,-0.01663586,0.49637243,-0.5434986,14.435693,1.7012049,-0.03344749125,-0.1790109724,0.52686274,469.5238129,80,55.33203091,4001.48259,3463.437731,0.0,259.6203527,4362.12782,2291.421621,870.3603971,1243.588898,2299.875711,0,1,2,26.960344,0.9883135012,0.150411,32.52520076,32.39918,0.12601939403320017
348.40924,898,40,0.13232553,0.24332345,-0.39713237,9.083845,2.365651,0.5415997932,-0.1071526495,0.5294579,321.6900878,93,83.77581056,12338.36542,1732.462874,170.7296456,885.0570032,8762.314866,2457.336227,1470.489824,1650.353888,2163.95896,0,0,0,6.659486,0.9877174214,0.2000746,35.41342766,35.458702,-0.04527442740234022
11.590765,904,40,0.11033139,0.42892924,-0.52184063,9.115021,2.365651,0.2566268579,-0.1434488751,0.63217202,320.5509535,87,83.1936299,407.6162603,1739.599958,299.5510577,733.4093913,9191.804705,2233.798495,1725.682372,1743.53966,2723.532856,0,0,0,7.139996,0.9878723301,0.1565229,35.16733022,35.068996,0.09833379055663727
207.14677,881,50,0.10194817,0.14437214,-0.22623967,17.456491,1.0421963,0.7012909764,-0.06821007292,0.32818784,591.3740286,110,35.30651289,7017.516859,4249.281088,0.0,771.3433588,7367.010696,2802.50887,278.2562078,167.9119006,8027.747189,0,0,1,10.4348345,0.9876863375,0.1974759,33.87702767,33.960598,-0.08357032194336256
161.12761,915,50,0.05566761,0.22022413,-0.295876,14.92693,2.9379754,0.2516344397,-0.0919575312,0.35154361,498.9453087,76,98.20432217,5385.827166,6845.817598,226.834049,542.7472494,5164.539604,1525.537592,1403.417919,1611.264702,1605.128141,0,1,0,24.041492,0.9875093388,0.1564674,33.42584903,33.482185,-0.05633633376952929
270.0,886,30,-0.013367991,0.45469084,-0.5348706,14.640088,0.9510685,-0.0293356588,-0.1464275607,0.521502609,515.653451,105,33.49855234,9509.945006,2291.350656,0.0,309.006566,8015.418778,1568.305915,816.7458585,1063.935684,1231.340681,0,0,0,9.452374,0.9879482419,0.1939867,35.22201854,35.12369,0.09832698116210992
134.27817,887,50,0.10793183,0.23976608,-0.34007585,31.218285,0.6642264,0.4482850325,-0.09913974461,0.44800768,1072.681423,104,22.82326912,4613.888895,4797.327052,0.0,427.1167491,6440.293578,55.15068077,880.0199042,371.1326803,1437.152038,0,3,0,49.49463,0.987534662,0.183536,34.3606775,34.515945,-0.15526793457031118
90.0,888,50,0.0847169,0.18981738,-0.28166914,73.67474,0.9510727,0.4439684687,-0.08400862988,0.36638604,2507.465005,103,32.36905231,3063.083093,5040.313461,0.0,518.5732071,6480.06249,118.3175782,895.9880055,288.1161055,1493.882339,0,4,0,49.49463,0.9874438124,0.1390612,34.03425659,34.256786,-0.22252975643554862
139.48276,915,50,0.11215718,0.15341665,-0.23343758,20.126131,3.6551685,0.7263282813,-0.06046807935,0.34559476,723.2603865,76,131.3535414,5012.506125,3124.470593,40.69307552,636.4338583,4640.801178,1894.638026,924.6177401,1158.880507,1808.571183,0,1,1,22.995224,0.9871389445,0.2168394,35.93638472,36.168034,-0.23164887985351612
134.2781,896,20,0.109208606,0.42914572,-0.526297,8.709285,0.6642271,0.253887464,-0.1484571811,0.635505606,303.2459135,95,23.12751893,4675.38783,2241.075583,237.827744,1013.668,8701.854149,2655.341364,1785.458746,1962.88281,2276.092334,0,0,1,7.139996,0.9883826724,0.1396,34.81869218,35.078793,-0.26010039202148505
90.0,884,40,0.13630281,0.35675675,-0.4564797,15.752148,0.47557017,0.3809929792,-0.1111014953,0.59278251,578.0279875,107,17.45113544,3302.566664,2118.332537,26.82968062,1076.323421,7053.814314,2914.862744,160.7427273,459.7450366,8104.122189,0,0,2,10.015614,0.9874802098,0.1466613,36.69518516,36.712105,-0.01691963736328006
64.00824,765,20,0.14930992,0.36785474,-0.4950386,2.3135402,5.2760134,0.4047932799,-0.1122526479,0.64434852,86.76200951,226,197.8601992,2400.426639,538.5546798,348.1577623,801.7386606,4943.41984,5226.763385,3773.539199,1000.936024,6265.721662,0,0,0,2.8346834,0.9877752671,0.1658599,37.50183788,37.371872,0.12996593175780902
277.93033,785,20,0.053618755,0.47365078,-0.5509522,0.90321016,6.6918597,0.1129646411,-0.1236111796,0.604570955,33.97700547,206,251.7347165,10455.19721,380.2078013,196.1070324,1203.7942,4530.021572,3615.401793,3013.305562,1639.401818,7585.488166,0,0,0,2.651209,0.9879119979,0.167784,37.61805056,37.470184,0.14786623382812536
142.43451,936,30,0.11293841,0.22958827,-0.3168909,16.55081,2.3389077,0.4897838472,-0.08762386384,0.42982931,580.7466677,55,82.06926747,4997.844036,3148.259174,251.9339351,556.9705618,251.9339351,650.6403375,225.2016626,540.7868439,7651.090399,0,0,0,10.524009,0.9887762373,0.1527531,35.08871576,35.026253,0.06246301341796823
180.0,908,50,0.073837414,0.253423,-0.30776942,46.41563,2.7802885,0.2902151692,-0.08202165834,0.381606834,1651.193084,83,98.90619051,6403.333428,3442.407377,0.0,370.6584663,3863.593834,2114.471817,672.9335324,798.7825382,2433.861881,0,1,0,39.166817,0.9885816569,0.1470185,35.5740746,35.555805,0.018269393701174863
260.7691,887,10,0.014116066,0.5636105,-0.5547703,13.231817,2.8884876,0.0250014231,-0.1893505831,0.568886366,422.7015931,104,92.27518111,8330.489607,2224.0388,257.9257738,454.3039465,7861.51763,1800.731783,915.1687703,1363.114693,1206.531821,0,0,0,8.225737,0.9883106283,0.1222406,31.94584637,31.80201,0.14383678748047046
254.43202,893,30,0.11595033,0.45306122,-0.5268888,9.747991,3.4516869,0.255362768,-0.1288137554,0.64283913,357.1878928,98,126.4774219,9322.950452,1397.841998,211.5907319,809.6831316,8490.248559,2581.319553,1682.017642,1988.731954,2066.93204,0,0,1,6.2982297,0.9883105048,0.1467157,36.64220585,36.549824,0.09238208901367528
71.994026,795,10,0.08037383,0.36628714,-0.4539007,1.5297426,1.499888,0.2188310486,-0.09902175877,0.53427453,58.00605926,196,56.87400757,2729.929688,3014.372873,466.8412355,533.7364534,3613.981598,1804.925992,2372.12077,134.8944432,6834.094842,0,0,0,6.161094,0.9878605717,0.1787807,37.91883632,37.67444,0.24439784343749693
99.23086,789,10,0.12281926,0.23325975,-0.3516129,1.4626255,2.8885,0.5242866519,-0.0636601825,0.47443216,58.09317954,202,114.7266673,3941.293356,3334.856854,408.3751862,629.9849275,3588.442981,1708.110745,2376.670659,232.1493131,6778.220205,0,0,0,6.161094,0.9877039361,0.1605054,39.71842385,39.317863,0.4005603856445319
0.0,991,30,0.15326902,0.35135135,-0.45971915,14.186135,0.0,0.4349891664,-0.1253355211,0.61298817,500.4401259,0,0.0,0.0,1072.954865,0.0,632.1816457,0.0,895.0120105,531.2243184,741.0703886,7382.652609,0,0,0,10.524009,0.9891301501,0.146415,35.27670686,35.29596,-0.019252612656252666
134.27785,917,80,-0.1386612,0.5506977,-0.466784,13.423521,0.66423017,-0.2513354687,-0.2062635447,0.3281228,363.3523208,74,17.97960265,3634.677401,91.33206267,0.0,542.9236423,1702.113263,1965.442453,669.2128031,1043.634156,8476.654316,0,0,0,6.9996276,0.9868199749,0.0272001,27.06833183,28.858633,-1.7903012113818342
307.9572,922,30,-0.013480663,0.5317301,-0.5797451,14.2488165,3.0130925,-0.02530486451,-0.174565386,0.566264437,482.9754159,69,102.1312615,10438.46391,573.7078447,195.4680397,832.5222218,1854.021671,2256.960968,663.4238659,1196.120448,8242.126229,0,0,0,7.4183764,0.9882638711,0.1549273,33.89582678,33.83091,0.0649170509960939
180.0,911,80,0.08217131,0.14400993,-0.15948412,12.634155,2.3174627,0.5666598832,-0.05140496937,0.24165543,415.2468073,80,76.16805296,5916.060497,921.3172858,559.1463862,0.0,1483.969767,3019.741563,954.5586228,2077.732321,4544.193329,0,0,0,10.165776,0.9880252728,0.1661796,32.86700276,32.521748,0.3452551708886702
256.29987,923,40,0.17124675,0.21372591,-0.3297749,13.007293,1.9572887,0.7975132111,-0.08664279943,0.50102165,465.1009781,68,69.98665201,9164.498733,1304.347177,333.5575184,460.2427464,1944.682067,3097.211316,601.600869,1589.332144,4023.91415,0,0,0,11.117337,0.9878727952,0.2079322,35.75693867,35.91014,-0.1532023212109408
80.76914,895,20,0.16380218,0.28379107,-0.43484804,9.745167,2.8885,0.5751661385,-0.1093762526,0.59865022,353.7534977,96,104.8537165,2931.952401,1754.817526,290.7875847,439.1956574,9021.85924,2665.049665,2196.663653,1566.482056,2831.590877,0,0,0,6.245452,0.988025499,0.1690446,36.30040385,36.273396,0.027008311669924012
101.03536,892,40,0.06014901,0.42087913,-0.4930716,11.106035,2.421282,0.1425740354,-0.1351409311,0.55322061,391.0061478,99,85.24519754,3557.115289,1506.501943,247.2258847,244.0072502,9175.664371,2634.130933,2194.326678,1377.191627,3026.238637,0,0,1,6.245452,0.987899702,0.198984,35.20663745,35.175407,0.031230040332033582
0.0,874,40,0.13470359,0.31764096,-0.43614322,9.125743,0.46373534,0.422744113,-0.1012031159,0.57084681,339.8927366,117,17.27204829,0.0,842.7824492,248.7129698,1491.89206,6707.548377,2557.091132,955.7926482,1176.56016,8876.834542,0,0,1,6.7457347,0.9882733188,0.1978659,37.24548638,37.238575,0.006911398310549544
281.03537,879,40,0.011733535,0.448142,-0.4937071,7.024046,2.421282,0.02612433262,-0.1380116685,0.505440635,245.4323954,112,84.60380829,9819.865082,2065.206794,390.8356209,1397.028741,6663.815675,2368.418566,1341.511996,1526.294694,9267.11532,0,0,0,5.5811706,0.9881050814,0.1894883,34.9417409,34.963367,-0.02162656215820391
244.00839,780,40,0.021835912,0.5068583,-0.5540586,0.87656087,4.2251287,0.04299607194,-0.1367447989,0.575894512,32.02025245,211,154.3414636,8913.482812,786.7190469,46.41900729,1159.149088,4343.914414,3745.01308,2909.636404,1668.902982,7395.600548,0,0,0,2.651209,0.9880237615,0.1592993,36.52941119,36.65749,-0.12807858661133054
124.857285,944,50,0.031463146,0.32510537,-0.37648532,23.097813,4.0502625,0.09648153295,-0.1080160083,0.407948466,798.827649,47,140.0765376,4318.133991,5411.7143,121.7616799,477.5547443,751.9071266,132.145546,148.3475978,165.5473565,7846.064869,0,0,3,18.47298,0.9876522372,0.1861593,34.58455781,34.20116,0.3833973790917966
194.37994,917,40,0.095885575,0.28,-0.36642647,13.150716,1.9142653,0.3412298043,-0.09287650801,0.462312045,476.1401929,74,69.30867105,7037.799473,1775.296683,629.8836868,239.7822411,1213.276291,2941.645662,1156.90144,2298.023166,4770.286139,0,0,0,9.6220875,0.9879137577,0.151981,36.2064083,36.239185,-0.03277703325195347
45.72221,917,50,0.06357424,0.19471598,-0.2402633,30.284388,3.3175907,0.3248290712,-0.06492846786,0.30383754,1071.852908,74,117.4192207,1618.2425,3271.146334,0.0,309.9302092,3338.978728,2281.995709,673.0507662,802.5895076,2697.458466,0,2,0,38.31353,0.987543914,0.1616147,35.39291954,35.23295,0.15997123677734493
332.85275,879,10,0.090005524,0.38139144,-0.48157027,13.386896,3.1238477,0.235375363,-0.1460393827,0.571575794,452.3643293,112,105.5597406,11247.61939,387.8652273,463.6690896,235.2901354,7650.373805,1840.889683,756.9522075,1487.104907,1073.063047,0,0,0,8.225737,0.9889848719,0.1323499,33.79157717,33.742916,0.048661062822262124
337.69592,881,10,-0.000644,0.46528432,-0.5128122,13.412737,2.5046408,-0.001381131581,-0.154447553,0.5121682,454.589965,110,84.88830979,11445.32816,929.6086948,456.3159643,275.7526962,7718.503663,1916.686626,852.032196,1532.719136,1170.111591,0,0,0,8.225737,0.9878223927,0.1639241,33.89240876,33.75085,0.14155808250976776
217.56567,871,20,-0.22393823,0.6553525,-0.56093556,11.524127,2.3389134,-0.3411859176,-0.2225074814,0.33699733,337.207384,120,68.43892549,6366.187255,1076.534925,248.1205434,898.9837501,7040.25484,3282.364035,685.405143,946.3574495,7215.963734,0,0,1,8.805304,0.9885548348,0.063644,29.26099166,29.452696,-0.19170418655761878
76.29996,774,40,0.19421636,0.29340973,-0.4785457,0.8547505,1.9573009,0.6596805072,-0.09392638174,0.67276206,33.31828692,217,76.29584653,2974.182477,0.0,394.3026496,765.891717,4314.765857,4133.447795,2938.526346,1415.584162,7013.98206,0,0,0,2.2548518,0.9875127189,0.1772622,38.98013153,38.860912,0.11921920700195443
322.4342,772,20,0.13161466,0.4312337,-0.5244145,0.82869023,2.3389173,0.3044988394,-0.1188029149,0.65602916,31.0859041,219,87.7376808,12095.18136,411.1338051,203.9191087,940.2387009,4275.749988,3938.302525,2873.013217,1588.071196,7177.59727,0,0,0,2.2548518,0.9889823799,0.1618627,37.51209194,37.39071,0.12138301666015394
142.4342,786,40,0.12255476,0.42647457,-0.49814445,1.4535304,2.3389173,0.2866948553,-0.1232783871,0.62069921,53.0494118,205,85.36332436,5198.412451,1624.45219,621.9104455,362.7803835,3519.125484,2084.432021,2184.676026,243.3101845,6849.906538,0,0,0,5.4980016,0.9877798501,0.1919512,36.49694,36.524952,-0.028011934814450967
99.230804,794,30,0.10358974,0.25035766,-0.33884802,1.4215891,2.8885186,0.4121208799,-0.0683818923,0.44243776,55.03229703,197,111.8198033,3841.404721,2445.836609,260.4643785,685.2754987,3396.210975,1694.153062,2178.299775,296.1993776,6615.487635,0,0,0,6.161094,0.9875371805,0.1763842,38.71181696,38.336704,0.37511270584960954
180.0,775,40,0.12791899,0.35953608,-0.49380532,2.27505,2.3174627,0.3548021879,-0.1058653772,0.62172431,86.68327347,216,88.29926946,6858.30607,1571.605381,45.52286276,1148.830141,3301.536854,1206.322878,2266.853794,742.8651362,6344.079752,0,0,0,5.832104,0.9883575631,0.141196,38.10170039,37.938705,0.16299494566406025
279.7636,943,20,0.1678736,0.4255639,-0.52780014,10.7754135,8.148445,0.3935485399,-0.1893143762,0.69567374,335.1509666,48,253.4435655,8701.572422,842.7879866,0.0,954.4151825,0.0,1264.284821,968.9787587,570.4954529,6978.703831,0,0,0,4.3949103,0.9881975241,0.1330544,31.10330444,31.491196,-0.3878912387109388
45.722336,924,20,0.047819436,0.32007426,-0.41420454,11.206385,1.3282863,0.1489357509,-0.1111021885,0.462023976,397.7183366,67,47.14132325,1622.700935,1201.126884,149.8439459,1143.521048,1359.820908,2736.607242,559.839115,1672.532411,7734.876454,0,0,0,7.4063673,0.9884409428,0.1328748,35.49033311,35.43273,0.05760148158203293
314.27765,913,50,0.0919664,0.19332013,-0.27294686,49.21443,1.9919835,0.4732726352,-0.07086580077,0.36491326,1767.158855,78,71.52681198,11284.87178,3015.44509,0.0,649.0428294,3786.145674,1874.781074,392.8349014,501.2699233,2290.972753,0,1,0,39.166817,0.9874231306,0.2004766,35.90733155,35.75748,0.14985092866211147
0.0,879,10,-0.045667186,0.52057016,-0.5704249,13.20495,1.3909631,-0.08755712942,-0.1760002185,0.524757714,442.8309782,112,46.64626146,0.0,490.3631501,555.6462938,197.9532607,7647.933475,1979.616859,836.5646571,1620.021668,1164.281402,0,0,0,8.225737,0.98869896,0.1279769,33.53522567,33.524857,0.010369102617190151
168.40894,794,50,0.0528,0.42136854,-0.44170472,0.8594354,2.3656533,0.1250093106,-0.1169532272,0.49450472,30.64558943,197,84.3540303,6005.09501,1568.307288,0.0,1148.050283,4124.726699,3548.840675,2633.055909,1394.41591,7457.069424,0,0,0,2.651209,0.989023487,0.1606825,35.65781609,35.710514,-0.052697978603518436
251.99417,809,50,0.084641896,0.26723224,-0.31102577,0.8829859,1.4999,0.315554521,-0.08668160192,0.395667666,30.8892813,182,52.47063743,8815.45085,2022.928861,0.0,779.4413642,3956.10761,3158.654382,2417.313885,1065.773783,7490.80335,0,0,0,2.9785178,0.9876190058,0.1912181,34.98275714,35.356487,-0.37373013416992507
90.0,784,20,0.1887575,0.20924908,-0.39809424,1.4263616,1.9016593,0.8977803851,-0.09097139481,0.58685174,53.36929817,207,71.15322103,3367.474864,2301.196405,53.11924467,904.0241815,3252.96957,1500.990042,2103.139091,512.6718,6421.876581,0,0,0,6.161094,0.9882177796,0.1792005,37.41638738,37.235893,0.18049413048828455
202.30421,786,40,0.23595801,0.10916365,-0.3676298,1.4488778,2.5046432,2.141886276,-0.09125129458,0.60358781,52.82760705,205,91.32192293,7376.224076,1840.101148,56.04432905,993.6300916,3233.417749,1403.561233,2121.773005,596.3681296,6366.870098,0,0,0,6.161094,0.9879913574,0.1699079,36.46105079,36.399124,0.0619266444921891
325.63974,751,50,0.12473573,0.32905295,-0.44670936,0.77533823,1.6848296,0.3779264206,-0.09660289798,0.57144509,29.47147672,240,64.04226492,12377.93217,3247.910844,184.153456,492.0015568,4489.372889,5307.279049,3386.762757,505.5128747,5946.861961,0,0,0,3.041178,0.987723415,0.1938461,38.01112286,38.110825,-0.0997017249609371
328.3949,753,40,0.12166071,0.38280204,-0.4820557,0.8738415,2.7204862,0.3169881796,-0.1092577462,0.60371641,32.77514248,238,102.0371804,12317.09599,185.5121091,635.1948038,250.4251742,4242.737982,4624.714583,2978.507962,895.9040748,6498.14243,0,0,0,2.487871,0.9880985655,0.1482905,37.50696491,37.640827,-0.13386226895507747
355.11526,768,20,0.05854241,0.4728972,-0.5408682,0.8468943,5.5676403,0.1235339859,-0.1348615825,0.59941061,30.83234086,223,202.6975309,12928.45487,0.0,377.1942862,681.7642798,4121.090405,4137.25671,2754.359819,1328.40099,6906.338975,0,0,0,2.227273,0.9881913333,0.1296994,36.40636247,36.44722,-0.0408573786328148
301.82013,787,30,0.077798165,0.40273514,-0.4936107,0.8756085,6.133299,0.1926960457,-0.1281050634,0.571408865,31.44525399,204,220.2618463,10839.10292,1091.308376,0.0,1020.642055,4048.358528,3747.36581,2627.012248,1436.337414,7238.559711,0,0,0,2.3424475,0.9883789001,0.1733476,35.91245858,35.73388,0.17857949064453038
60.873653,933,40,0.05809955,0.19549736,-0.2776823,12.355872,3.805449,0.2956759826,-0.08463953809,0.33578185,416.5952846,58,128.3059673,2052.439261,3899.53097,125.9331747,522.5293956,1412.684487,811.1976998,224.0301147,672.9439289,8307.409768,0,0,1,10.506965,0.9873388771,0.264156,33.71638073,33.860638,-0.14425693479492452
254.43228,925,40,0.04977946,0.39371535,-0.44030562,12.385048,3.4517434,0.1261148319,-0.1169551475,0.49008508,441.1157757,66,122.9400538,9062.063592,1384.092278,74.06019402,406.3137262,1583.653243,2804.22219,411.6499728,1552.672962,4024.935208,0,0,0,13.74725,0.9878878342,0.1924715,35.61679985,35.549282,0.06751777602539022
198.8729,912,50,0.17383108,0.064884566,-0.1250321,20.50746,1.4699583,2.638418837,-0.02850149599,0.29886318,767.8758268,79,55.04072396,7446.543478,1945.54364,0.0,422.7368067,3554.737271,1864.562798,259.3126771,385.5616726,2279.751674,0,1,0,33.914833,0.9875818713,0.1663183,37.44373154,37.42359,0.02013992623047045
202.3043,875,40,0.065397926,0.42120495,-0.5264199,5.1190715,2.5046449,0.1548961612,-0.1367683198,0.591817826,183.7684549,116,89.91371252,7262.478874,0.0,515.7093028,678.6126759,7295.125749,2989.927887,1683.478739,1679.963225,6046.49488,0,0,0,7.330324,0.9889677429,0.1798511,35.8987865,35.95303,-0.05424313256835944
180.0,877,40,0.024154589,0.471384,-0.55086374,5.0911794,1.8543341,0.05113337666,-0.1354515973,0.575018329,186.2040085,114,67.82012879,6583.292181,0.0,473.8115746,687.6271209,7245.121102,3020.314904,1754.056626,1777.533086,6144.04763,0,0,0,7.6470346,0.9888203754,0.1689241,36.57384545,36.571056,0.0027890840332034372
180.0,797,30,0.15352242,0.32474226,-0.45061147,1.3555206,0.92740995,0.4713002851,-0.1083553201,0.60413389,49.93335706,194,34.16303092,6630.665938,2517.299034,334.6801597,503.6665164,3416.598164,2488.424626,1968.453923,376.4909929,6874.67961,0,0,0,4.5615497,0.9882088526,0.145413,36.83703299,36.810234,0.026798920175778562
90.0,922,50,0.06853786,0.26115775,-0.29609445,12.122612,0.9511,0.2614374742,-0.08302112314,0.36463231,423.0879436,69,33.19407922,3141.065219,2008.901428,471.9190662,890.5442225,1497.946886,2365.887893,162.8230527,1665.01362,7869.986733,0,0,0,7.759016,0.9875562613,0.2546105,34.90072466,34.903008,-0.00228284732421713
31.605206,922,40,0.10106762,0.31665364,-0.41354224,10.517619,2.7204895,0.3181692487,-0.1220140791,0.51460986,359.5950429,69,93.01292798,1080.574929,1321.603919,360.9859734,948.6683467,1244.239623,2656.473952,259.5469969,1828.208626,7631.789796,0,0,0,7.8985844,0.9883206161,0.1598449,34.1897765,34.262905,-0.0731286208496087
232.04327,922,50,0.052226722,0.27993438,-0.33580598,32.395973,3.0131257,0.1859036334,-0.08268948771,0.388032702,1184.291659,69,110.1500991,8482.749052,3191.113667,0.0,811.3294087,3923.352486,1520.672227,47.33917939,249.6471104,1937.224581,0,1,1,36.186687,0.9882732385,0.1406608,36.55675535,36.56365,-0.006892873876950034
290.0853,756,40,0.10130944,0.4350697,-0.5156916,0.84372085,4.0444074,0.2323239611,-0.134816922,0.61700104,30.222226,235,144.8713689,10390.90535,253.2136984,306.1445732,582.8850351,3927.757064,4149.865289,2572.381678,1266.691481,6801.64052,0,0,0,2.227273,0.9881682526,0.1666659,35.82017204,35.901794,-0.08162239359374723
139.48193,793,50,0.05367868,0.3641775,-0.41669008,1.4591134,3.6552126,0.1469933936,-0.1068646806,0.47036876,52.61729617,198,131.8111423,5029.877747,5370.613319,296.4644169,919.8917973,3014.328099,1726.695821,1781.885058,228.4750424,6296.250393,0,0,0,8.777308,0.9878600481,0.176015,36.06114245,36.16473,-0.10358762202148597
110.0853,937,50,0.04850322,0.40632877,-0.43321916,12.034663,4.0444074,0.1190763422,-0.1210875078,0.48172238,420.5326437,54,141.3255474,3846.760166,2673.052044,38.22352124,486.4955131,1422.654742,882.6191495,295.1455814,594.053639,8184.822083,0,0,1,10.506965,0.9885879675,0.1880361,34.94344991,34.914864,0.028586323574216976
214.36044,919,50,0.09645343,0.23740354,-0.25564256,14.117333,3.3667576,0.4045805276,-0.0677603228,0.35209599,503.2002505,72,120.0051927,7640.694393,2449.028738,46.69705226,108.8558586,3040.421053,2145.068225,408.5226829,422.0283605,2544.23834,0,1,1,25.665146,0.9877448451,0.2270984,35.64414401,35.78571,-0.14156537110351763
225.72272,919,30,0.05249144,0.18056872,-0.23133959,17.631178,3.97919,0.2890995762,-0.05849804751,0.28383103,638.8738711,72,144.1877859,8179.166923,2515.664573,10.80950183,352.8879067,3425.986449,1815.456204,233.2470736,354.3280872,2224.573423,0,1,1,33.914833,0.9881195399,0.1803413,36.23546147,35.473595,0.7618668044726533
325.63956,891,10,-0.030290952,0.46583498,-0.5077282,10.65073,1.6848332,-0.06488578041,-0.1563872652,0.477437248,357.4476672,100,56.54445253,10928.74395,1278.605774,369.4680187,444.2265527,8505.430026,3289.148441,2057.341467,1736.581673,2655.207813,0,0,0,5.649584,0.9878855525,0.1797868,33.56086082,33.745754,-0.18489342194335734
165.61981,882,50,0.036453202,0.15248644,-0.22280571,11.2238,1.9142673,0.2375011239,-0.07171273782,0.259258912,369.1420262,109,62.95875816,5447.106349,4925.576983,0.0,909.8684985,6103.047032,3032.967204,1292.674722,1146.301665,8979.676811,0,0,1,8.851653,0.9873035827,0.1930776,32.88921989,33.16844,-0.2792218824609378
34.360565,747,10,0.13037384,0.26598638,-0.3623719,0.82052255,5.0429015,0.4883164452,-0.0895631282,0.49274574,29.95918281,244,184.1280388,1254.583982,640.1336338,483.4671734,41.14069467,4059.199592,4935.831177,2906.303522,493.3448983,6088.684,0,0,0,2.8613472,0.9892254943,0.1518653,36.51232109,36.528416,-0.016094589931640257
247.32034,952,20,0.16036211,0.22211765,-0.38211814,12.886634,3.6034214,0.7187334126,-0.1032631508,0.54248025,456.0956003,39,127.5356037,8753.388894,2028.956173,65.10593342,203.3576168,1117.990763,703.772362,144.82593,290.425516,7892.680288,0,0,1,15.59297,0.9872568879,0.2882537,35.39291954,35.485615,-0.09269523661132695
220.51819,928,50,0.09774003,0.19892885,-0.32852903,12.515894,3.6552193,0.4888740669,-0.09678075552,0.42626906,428.1936858,63,125.0523394,7544.366912,1214.479107,247.5412503,589.9377584,1739.504046,2019.568464,0.0,1492.076904,8063.229548,0,0,0,7.077009,0.9872682021,0.2286581,34.21199363,34.097477,0.11451667077148642
152.85225,928,20,0.03574917,0.36807096,-0.44623497,12.19145,2.0837216,0.09686259249,-0.1388774204,0.48198414,407.2595434,63,69.60743041,5106.08152,1307.18983,331.3818355,760.3175972,1568.019841,2209.116934,0.0,1639.764829,7913.452194,0,0,0,7.759016,0.9885280667,0.1854066,33.40534091,33.2793,0.12604022030273399
152.85225,916,40,0.09798111,0.29866666,-0.40063274,11.578443,1.0422055,0.3269670039,-0.1042430488,0.49861385,415.4343888,75,37.3943202,5484.336803,2945.175915,234.9851134,565.0030865,1204.60178,2647.675181,669.3481309,1750.857393,4196.907763,0,0,1,15.111803,0.9875496978,0.1924186,35.87998739,36.06701,-0.18702158216797216
173.49915,926,50,0.14647725,0.099406525,-0.14794733,19.341887,4.193217,1.458841943,-0.0402574172,0.29442458,682.81391,65,148.0303807,6124.926332,2078.721706,35.40775849,219.3800374,3122.218456,2011.547741,468.2633514,378.0433653,2408.759341,0,1,2,25.665146,0.9873168338,0.1814227,35.30234201,35.47088,-0.16853659107422203
64.00889,878,10,0.1024441,0.3417984,-0.46188593,5.42141,2.1154778,0.298846494,-0.1036934483,0.56433003,203.9058145,113,79.56568935,2407.452093,614.5366573,294.9488513,1146.305836,6745.794998,3480.526611,1489.208055,1659.494825,6646.597805,0,0,0,7.7799606,0.9880925895,0.1569795,37.61121452,37.77377,-0.16255485866211217
304.02145,904,20,0.041311476,0.55037117,-0.5726067,10.932475,7.417945,0.07492498384,-0.1847241825,0.613918176,359.1682163,87,243.7042001,9988.117231,464.4696568,0.0,794.1978066,0.0,1400.46943,1184.473531,411.626004,6529.750163,0,0,0,4.9004426,0.9890160564,0.1293109,32.85333068,32.96754,-0.11421006096679776
347.16144,878,20,0.0226188,0.40597016,-0.4604651,9.055589,4.272789,0.05557852202,-0.1644158724,0.4830839,282.3706418,113,133.2337601,10825.15987,455.9251178,539.6410454,69.93660403,7994.856987,3114.675543,1546.052271,2250.980557,2216.71696,0,0,0,5.1223617,0.9884340634,0.1550658,31.1819189,31.41321,-0.23129101516113337
314.27704,886,40,0.037092265,0.44463086,-0.54116946,10.327822,0.6642399,0.08323540475,-0.1407910759,0.578261725,370.5797735,105,23.83405443,11276.79333,886.4594581,521.917103,667.1689364,8712.767102,3425.131389,1929.870229,1399.830821,3073.208603,0,0,0,6.253245,0.9878938001,0.1685472,35.8816964,36.096195,-0.2144988209472629
236.97408,873,40,0.06550218,0.37683824,-0.47914097,5.1122656,1.7012602,0.1733603777,-0.1365399471,0.54464315,177.2859754,118,58.99724262,8217.918278,450.3715325,555.3974447,534.1219237,7176.957426,3290.843374,1126.192884,1361.21897,5682.858906,0,0,0,7.330324,0.988822675,0.1592358,34.67855336,34.72624,-0.04768489073241966
225.72296,885,40,0.12611564,0.3599034,-0.45760518,7.245795,0.6642399,0.3494443111,-0.09881404275,0.58372082,275.5322522,106,25.25872118,8583.45503,4485.460909,112.4928227,901.9702762,6438.915744,3798.218013,1201.014672,1179.585699,7140.743839,0,0,0,7.2714925,0.9881190254,0.1679617,38.02650395,37.983353,0.04315128886718611
219.36717,743,40,0.11557985,0.39042357,-0.50049686,0.8428375,2.996535,0.295280762,-0.1251480086,0.61607671,30.65583917,248,108.9905172,7978.862691,748.2331171,721.4297289,14.8800631,3802.99378,4762.543273,2628.787619,644.4532383,6146.564311,0,0,0,3.1382835,0.9880079448,0.1707322,36.37218227,36.338932,0.03325023264648763
214.36075,746,40,0.16666667,0.28975707,-0.47058824,0.8611648,3.3667696,0.5732162248,-0.1184156443,0.63725491,31.2562148,245,122.1978346,7780.282761,531.8009999,659.5855646,63.97335066,3769.909019,4665.779789,2568.347531,742.0217851,6229.823951,0,0,0,3.1382835,0.9878692854,0.1905362,36.29527682,36.245842,0.04943484001952925
134.27696,793,40,-0.06111111,0.5607763,-0.5772903,1.401276,1.9920082,-0.1087819297,-0.1454485116,0.51617919,50.83814717,198,72.26984979,4871.554108,4951.376479,378.1297495,1058.734537,2649.557204,1531.246499,1544.140856,494.0901088,5881.45266,0,0,0,7.812292,0.9880390913,0.2164319,36.27989573,36.076557,0.20333857057617166
298.00668,911,30,0.12825279,0.42282897,-0.5038076,10.2142935,5.904529,0.3026050579,-0.1475635954,0.63206039,350.289248,80,202.4900717,10219.84886,414.1999228,0.0,700.367307,0.0,1361.543699,1076.101488,540.2181933,6524.787215,0,0,0,5.528193,0.9879321881,0.1598827,34.29402611,34.448795,-0.1547692086035184
31.605545,882,40,0.106071346,0.4246988,-0.49624357,8.742786,2.7204993,0.2491699436,-0.1194330644,0.602314916,321.9686473,109,100.1872263,1163.930419,2678.490042,240.3164624,686.2274036,6229.870151,4039.450528,1138.996297,878.3263462,7440.988983,0,0,1,9.260481,0.9882611601,0.1440728,36.82677893,36.838154,-0.011374909111324882
0.0,894,40,0.07870696,0.3529412,-0.49359158,8.217096,1.3909631,0.2223729817,-0.1227604229,0.57229854,299.4073512,97,50.68269586,0.0,3379.646027,97.77278058,972.1657773,5877.323844,3476.258375,1250.134405,659.7243479,8607.936848,0,0,1,7.94575,0.9879273068,0.2282426,36.43712465,36.521225,-0.08410032558593628
214.36092,741,50,0.1368421,0.12992126,-0.17251624,6.7390075,3.3667765,1.045224435,-0.04380596191,0.30935834,243.8455357,250,121.8240845,7756.476509,2558.11878,0.0,57.20237386,821.7675601,4186.732317,2625.615739,418.7723198,2997.348859,0,1,0,20.954708,0.9874483973,0.2550292,36.18419117,36.628136,-0.44394451115234546
90.0,746,40,0.16039349,0.3674678,-0.49164134,4.2042594,2.8512626,0.4352985254,-0.1175111807,0.65203483,155.1670322,245,105.2318407,3321.639216,1291.232391,526.94085,418.3325853,1200.588715,4658.159335,3052.415393,984.8042877,2977.86999,0,0,0,7.637918,0.987998495,0.1681641,36.9071024,36.91967,-0.01256770498046933
64.009186,731,30,0.042817425,0.49941927,-0.5296208,1.023323,2.1155005,0.08556310192,-0.1463154121,0.572438225,35.91933196,260,74.25550362,2246.76588,1739.206692,1862.021644,2405.243321,3440.650275,4736.093052,4598.728756,195.9183263,3969.829331,0,0,0,4.2375965,0.9878854087,0.1499434,35.10067883,34.95082,0.14985790714843716
303.0257,720,10,0.017077798,0.5325444,-0.545756,0.9943064,1.7012708,0.032008204,-0.1551000258,0.562833798,34.5184917,271,59.06157497,10519.88613,448.3907484,1439.493917,1917.527576,3898.245802,4864.678369,4166.815268,303.143243,4308.794688,0,0,0,3.9487202,0.988904626,0.135199,34.71615158,34.769638,-0.053486481523435714
295.9908,762,10,-0.18315972,0.72531646,-0.6561361,1.3318098,1.0581108,-0.2521761933,-0.2190927286,0.47297638,43.02376728,229,34.18199267,9561.905384,897.5514836,0.0,1318.553235,3006.254532,693.962185,1081.948165,187.6531036,4487.855345,0,0,0,7.0366645,0.9891619992,0.1356897,32.30473847,32.257008,0.04773087112304353
295.9908,766,10,-0.1871574,0.7168743,-0.66349673,1.2760392,4.2252483,-0.260710545,-0.2312065551,0.47633933,40.3214572,225,133.5132718,9352.988823,715.4943172,0.0,1331.506555,2953.492139,791.1242529,1096.088804,213.6559741,4485.840117,0,0,0,3.8332422,0.9887434791,0.1310503,31.59891734,31.409567,0.18935046072753892
225.72334,789,50,-0.011717974,0.44921765,-0.48686516,2.0652916,5.299033,-0.02602735366,-0.1347094205,0.475147186,72.45078189,202,185.8909822,7918.4133,2376.768837,264.1882742,1555.754431,3044.22143,0.0,1062.561857,211.2314411,4482.048334,0,0,0,9.798581,0.9873650859,0.1889175,35.08017071,35.09915,-0.018980901328127686
214.36104,758,10,0.0338765,0.4615634,-0.5141129,1.9846207,1.684845,0.07323644716,-0.1412702492,0.5479894,69.80398673,233,59.26013874,7539.604515,1655.546599,56.00094455,1436.167988,3283.167884,301.9519428,997.4717581,332.4322825,4418.305174,0,0,0,7.0366645,0.9886618505,0.164785,35.17245725,35.164272,0.008184941650391409
279.62445,807,10,0.15986228,0.4749568,-0.50883394,5.624013,10.959441,0.3358756089,-0.13499645,0.66869622,200.3958488,184,390.5087847,9963.628998,103.47625,475.4003256,1547.952556,2520.739879,2252.032542,1934.977692,1065.452743,4610.205148,0,0,0,3.3510575,0.9885491042,0.1195809,35.63218094,35.61142,0.020761262265622804
90.0,921,10,0.0297689,0.24880262,-0.2917862,14.577408,1.9017222,0.1191696869,-0.08781777902,0.3215551,494.2129482,70,64.47344652,3051.239654,3255.153385,39.47429034,622.6962269,291.7864963,3264.550494,339.7192758,1569.573469,5676.3046,0,4,0,16.11111,0.9876585038,0.2206336,33.90266282,34.06119,-0.15852873883788732
77.774155,745,40,0.088545896,0.45148772,-0.5390946,1.2350124,4.3712964,0.1956868487,-0.11483394,0.627640496,47.13838774,246,166.8451787,2968.511307,1866.26839,555.7515548,493.9167589,1089.717111,4647.236365,3182.048465,971.9384546,2779.469548,0,0,0,7.637918,0.9880658465,0.1785857,38.16835178,37.971703,0.1966492043164081
198.87347,730,20,-0.11858476,0.6185654,-0.60189307,0.9500978,1.4699634,-0.1913999071,-0.1823796052,0.48330831,32.11666921,261,49.68996694,6722.627346,1185.725305,1872.641373,2312.018593,3465.029748,4565.052238,4425.318973,173.6045125,3891.06318,0,0,0,4.2375965,0.9885798078,0.1532768,33.80354024,33.756397,0.04714299268554356
175.81024,796,20,0.067672156,0.4810845,-0.5443787,2.2422707,6.482037,0.1403740548,-0.1558787525,0.612050856,77.60925366,195,224.3556292,6085.126792,2052.719936,194.5949932,1610.06132,2825.498149,187.5178473,917.5828817,432.2484817,4309.665306,0,0,0,8.511534,0.9885869664,0.143904,34.61190197,34.76557,-0.15366962423828312
180.0,842,20,0.19420503,0.3015403,-0.44587034,7.986715,4.1663504,0.6419145813,-0.09279210038,0.64007537,306.7370109,149,160.0124542,6913.062751,1577.869223,622.0766953,1456.552769,2091.323912,2943.240985,2306.955038,857.2442458,4685.567196,0,0,0,4.9407287,0.9878809338,0.1729312,38.40590417,38.49952,-0.0936151781445318
214.3612,876,40,-0.17509207,0.518823,-0.5445545,5.0815086,1.6848485,-0.336830171,-0.1571955596,0.36946243,175.3075105,115,58.1257692,7395.270042,824.2590907,79.75167229,530.9020202,7484.188465,3889.194203,358.3760987,1040.562065,4633.58757,0,0,1,5.7082763,0.9877385132,0.1681312,34.49910731,33.666836,0.83227152508789
45.723663,749,40,0.14603916,0.30103996,-0.42977443,1.5595915,0.66424817,0.4835094005,-0.0900783686,0.57581359,59.78557668,242,25.46337288,1752.776647,2228.178231,501.7265436,519.0142352,825.2983766,4524.095178,3182.571631,809.6955046,2573.893599,0,0,0,7.077154,0.9876074201,0.2261113,38.33412575,38.14895,0.18517708056640458
207.1484,880,50,-0.0086727,0.44243732,-0.49316216,5.3261857,1.0422117,-0.01955789377,-0.1481123299,0.48448946,180.735723,111,35.36581256,7029.254695,1812.803113,0.0,414.5900146,7275.608771,3963.920289,147.0948689,1175.775955,4847.825364,0,0,2,8.968897,0.9879763645,0.1919792,33.933425,33.99462,-0.06119627685546902
90.0,751,40,0.19933309,0.28592682,-0.42217836,1.557377,2.3766987,0.6947175241,-0.07228560942,0.62151145,62.59913861,240,95.53196905,3617.571388,2694.912302,521.9511635,583.3528856,697.2437198,4467.768992,3191.965874,670.5261748,2476.464868,0,0,0,7.077154,0.987714668,0.1947277,40.19523764,40.353527,-0.1582894290917949
34.36145,930,50,0.037020907,0.23450586,-0.28733623,14.83953,1.6848533,0.157197392,-0.08466609543,0.324357137,507.639184,61,57.6364315,1175.45626,4314.334156,161.3126809,381.8849943,286.2205216,3181.890418,218.1113356,1192.065732,5570.435077,0,1,0,16.848913,0.9875762304,0.1508415,34.20857561,34.263557,-0.054981824082034336
288.00497,732,20,0.022886924,0.50348675,-0.5411008,0.8575964,1.4999688,0.04536674947,-0.1620522198,0.563987724,29.1363585,259,50.96060186,9784.80793,1114.105913,1356.754666,1897.955871,3842.735324,4336.726489,3819.7942,198.775338,3999.280609,0,0,0,3.509748,0.9885447762,0.1271378,33.97444124,34.147823,-0.17338209374023705
288.84305,859,20,0.15669161,0.4544803,-0.54414004,7.6425195,9.9496975,0.3440140221,-0.1471436275,0.70083165,270.425772,132,352.0638224,10220.53065,729.1872768,855.8177461,1467.522877,2348.301517,2880.88787,1993.101703,834.6395849,4375.446706,0,0,0,4.9407287,0.9882040482,0.1401034,35.38437449,35.40542,-0.021043905996094736
270.0,877,40,0.03355464,0.38279846,-0.48007694,4.9659996,0.95113987,0.08742776091,-0.1247280288,0.51363158,178.2733594,114,34.14476712,9692.672355,439.0815942,79.5472143,766.2529993,7349.889131,4199.07262,394.2032331,1332.356013,4625.421939,0,0,2,5.7082763,0.9876662503,0.1455845,35.8987865,35.76473,0.1340579538574218
90.0,762,50,0.058118418,0.29877284,-0.3355653,1.909279,1.9017642,0.193874862,-0.0695404031,0.393683718,73.40916073,229,73.12022697,3460.376648,3877.976696,363.1504067,496.2463328,363.1504067,4409.726455,3173.0996,325.0479695,2309.153506,0,0,0,15.876764,0.9881724116,0.1904175,38.44862942,37.872883,0.575746576982425
198.8738,726,20,0.10894597,0.47723934,-0.53881454,0.9087841,1.4699662,0.2278063741,-0.1432732415,0.64776051,32.35555643,265,52.33539444,7080.529312,762.4031673,1416.822617,2113.653373,3633.769199,4174.579023,3966.604533,417.4679285,3783.409564,0,0,0,3.509748,0.9887734187,0.1540614,35.60312777,35.74028,-0.1371523813671871
303.025,781,10,0.07667984,0.4446506,-0.5267974,1.3856691,1.7013024,0.1720626877,-0.1561349883,0.60347724,47.28572818,210,58.05666219,10340.67786,986.9935597,10.15430852,910.5956035,3236.394015,982.0893429,432.8960471,518.6152815,3789.850848,0,0,0,3.844909,0.9889074714,0.1248863,34.12483412,34.24238,-0.11754411486327854
277.9298,827,10,0.15834583,0.42267296,-0.5428122,8.523497,3.357604,0.3737454238,-0.1477409354,0.70115803,300.8702727,164,118.5198084,9810.622885,680.4289813,859.8694485,1312.770515,2640.344809,2613.255789,1823.434152,973.3530401,4158.479854,0,0,0,3.3701935,0.9883537242,0.139485,35.29892399,35.312195,-0.013270834218751304
300.3287,930,40,0.11826146,0.27565196,-0.40547797,14.483893,2.7530193,0.4274737833,-0.1216922413,0.52373943,491.6366155,61,93.44760357,10194.26101,3777.629721,10.93529021,104.6922542,284.5570655,3248.787323,279.6671201,1057.563214,5609.782808,0,0,0,16.848913,0.9878932712,0.1790336,33.94367906,33.77994,0.16373750116211028
152.85133,883,40,0.03624161,0.38209817,-0.44212905,7.436132,1.042214,0.09460136549,-0.111394583,0.47837066,269.7820936,108,37.81141525,5545.430315,1363.01946,56.05552999,579.8850227,6996.94034,4253.281672,127.8340638,1489.413033,5027.218704,0,0,3,8.968897,0.9881343447,0.1755685,36.27989573,36.110786,0.16910929201171854
260.76974,747,40,0.19763575,0.30528846,-0.43083003,1.0829757,2.888686,0.6452601903,-0.06769434942,0.62846578,44.27079214,244,118.0861375,10659.96491,800.7632322,740.7292308,924.3792927,811.7223749,4118.052039,3545.844195,704.7623495,2178.297017,0,0,0,7.37025,0.9879496482,0.1826149,40.87884164,40.586285,0.29255700254882555
270.0,772,40,0.08428759,0.4565542,-0.54074544,1.4609828,2.3767197,0.1842133457,-0.1414810594,0.62503303,52.31767424,219,85.11013752,9668.677855,987.4448317,61.88515554,906.9369786,3020.238835,904.0484302,281.2130921,614.92214,3697.898106,0,0,0,6.9968467,0.9880607216,0.158753,35.80991798,35.93074,-0.12082237644531091
233.82274,819,10,0.09786163,0.51884794,-0.58883476,8.526658,2.3555596,0.1882504911,-0.1789830368,0.68669639,287.8377789,172,79.5175605,7893.247055,457.0593962,739.4338142,1176.743848,2778.110954,2543.17989,1709.581269,1003.115683,4027.977083,0,0,0,3.5843997,0.9887634637,0.1138615,33.75739697,33.222168,0.5352290012500021
152.85127,878,40,0.14974949,0.28780213,-0.41114876,6.739576,2.0837398,0.5185193406,-0.1019519449,0.56089825,245.8126489,113,76.00027061,5574.946489,299.7264184,34.23332275,904.6546347,7217.416465,4395.488497,461.032521,1531.235094,4692.538228,0,0,1,6.0699725,0.9881425998,0.1696957,36.47301386,36.677998,-0.20498372911132634
270.0,884,40,0.0326754,0.34068966,-0.41622147,7.0189443,2.3767197,0.09562888148,-0.1053658273,0.44889687,254.2387222,107,86.08904041,9779.883135,1471.477797,81.51388717,643.8519954,6928.361394,4352.51114,227.075433,1585.243157,5059.199491,0,0,2,8.078466,0.9877379445,0.2167806,36.22178939,36.04123,0.18056014195312287
286.30478,767,50,0.0756579,0.25586593,-0.36698085,1.968429,4.9431877,0.2945423708,-0.09227992287,0.44263875,71.46149578,224,179.4566057,10393.95773,2596.360585,38.62552317,322.023042,38.62552317,4379.58888,3192.690716,71.27035709,2186.75727,0,0,0,5.848166,0.987333773,0.2089919,36.30382187,36.17231,0.1315119945117189
198.8739,925,40,0.09774685,0.2908272,-0.38645622,14.204177,2.9380019,0.3349477019,-0.1056202233,0.48420307,500.6153617,66,103.5476314,7009.1586,2965.064884,422.8828375,435.8365777,819.0959337,2640.706233,762.776311,792.4156247,5018.859075,0,0,0,14.672256,0.9878469489,0.1914435,35.24423567,35.20754,0.03669706526367378
270.0,884,40,0.045990568,0.27134624,-0.33829612,7.3527093,0.47560793,0.1688680115,-0.09244593051,0.384286688,259.1531852,107,16.76325079,9516.405064,1581.540855,0.0,654.8371784,6789.13647,4319.562541,335.9783421,1707.957966,5184.53146,0,0,2,8.078466,0.9878247394,0.2108165,35.24594468,34.995964,0.24998062970703216
251.99529,916,40,0.05428186,0.31320226,-0.42277452,12.695976,1.4999897,0.1727608834,-0.1139968224,0.47705638,449.7165154,75,53.13259422,8926.170285,2412.580913,840.985963,476.6000097,934.4278227,1725.803379,1282.674598,1351.58074,4139.449187,0,0,0,14.146941,0.9878835809,0.2221795,35.42197271,35.365566,0.05640645633788921
0.0,918,40,-0.010716537,0.56677526,-0.60547394,14.631616,1.8543341,-0.0188746107,-0.1737996272,0.594757403,505.9279471,73,64.11864858,0.0,2807.240106,133.342474,256.0987805,2307.500585,992.1896291,1240.126531,591.414219,2626.97968,0,0,2,27.038927,0.9892211892,0.1366701,34.57772177,34.551853,0.025868590068355957
180.0,921,40,0.016212093,0.31013462,-0.380621,13.85525,1.8543341,0.05210636155,-0.1213004128,0.396833093,457.8194524,70,61.27281876,5947.745542,2333.324983,0.0,368.7579315,2763.812005,835.9945563,1167.18097,529.8508141,2295.320824,0,0,4,28.23424,0.988421617,0.1603893,33.04303079,33.07742,-0.03438849100585628
157.69444,875,20,0.02063158,0.55585283,-0.5839292,5.7152147,2.504667,0.037050328,-0.1811751096,0.60456078,191.1824141,116,83.78482853,5275.113065,294.894428,416.4864988,470.8832363,7861.022181,4703.288262,965.4616161,1968.740109,3888.305931,0,0,0,5.5498443,0.9894022081,0.1337623,33.45148418,33.47585,-0.02436497161132678
108.00467,785,10,-0.045252524,0.5759976,-0.60533667,1.559884,5.979538,-0.07842757752,-0.1948989895,0.560084146,51.29537031,206,196.6316829,3551.635598,1119.61012,109.3316504,980.5585437,2451.266041,956.7164885,139.205354,604.1623881,3468.875462,0,0,0,8.513,0.9891720031,0.1487418,32.88409286,32.835106,0.048986964003908895
145.63802,919,50,0.035209868,0.24263386,-0.32152587,14.126157,3.3668191,0.1445196,-0.1019348344,0.356735738,467.9057026,72,111.5203418,4824.01973,4392.977228,0.0,371.860994,2980.801919,749.5822416,1283.328655,544.7334469,2097.961574,0,0,6,28.446938,0.9875441211,0.1923856,33.12335426,33.105877,0.017477337392577397
281.03455,885,40,0.05360624,0.36121497,-0.45431852,11.548326,2.421462,0.1479956502,-0.1221341277,0.50792476,409.5184211,106,85.86814185,9965.84485,174.1725727,3.458697035,436.4315422,4929.657589,3231.620963,219.225576,530.8247041,7950.697699,0,0,1,10.467527,0.9879929795,0.2172788,35.46127994,35.360954,0.10032565533202842
203.72784,920,30,0.089108914,0.4268375,-0.51034975,12.623244,3.5414524,0.2082774745,-0.1373228491,0.599458664,447.4853765,71,125.5420683,7222.012755,1742.139382,650.6613481,126.5100415,1092.57799,1821.519503,987.4902264,1063.349351,4221.731742,0,0,0,14.146941,0.9880309668,0.1767825,35.44931687,35.52875,-0.07943450329101864
180.0,878,40,-0.04263495,0.46440503,-0.5146199,6.8566318,0.46373534,-0.09160827076,-0.1468497893,0.47198495,237.6491732,113,16.07295292,6238.755765,1259.282004,32.11140919,526.8241692,7427.88739,4468.131062,752.348933,2005.682791,4326.222015,0,0,2,5.478115,0.9879772444,0.1695472,34.65975425,34.66769,-0.007936027099610499
180.0,878,40,0.03218884,0.3901875,-0.4528859,6.735456,0.92740995,0.08228494009,-0.1258184685,0.48507474,235.9125955,113,32.48298087,6304.58683,1363.304489,1.634776414,608.9134693,7349.045865,4419.620581,772.4859887,1981.195339,4412.166992,0,0,2,5.478115,0.9880967455,0.1524874,35.02548239,35.030643,-0.005161073134765104
225.72455,779,20,0.08926478,0.38090402,-0.48823208,2.0657122,3.3177292,0.2337361623,-0.1210145681,0.57749686,75.35334067,212,121.0245932,8234.011937,1821.793494,130.4021031,549.1198797,2667.365302,1269.202037,122.587082,244.4050215,3210.694737,0,0,0,7.8173127,0.9888031356,0.171398,36.47814089,36.33369,0.14445024668945194
244.01024,878,40,0.072316386,0.39349362,-0.4722056,7.5765686,1.0581504,0.1833144627,-0.1321175814,0.544521986,264.6478579,113,36.96095838,8523.223471,1757.611471,126.6481185,203.2691061,7692.071059,4595.891618,679.5672463,1994.89545,4040.309893,0,0,1,8.080416,0.9887127759,0.1574462,34.92977783,34.728085,0.20169326579101465
270.0,881,40,0.124506265,0.2716388,-0.4409271,6.734238,0.95116293,0.4566711158,-0.1200412406,0.565433365,237.6883375,110,33.57177687,9529.786612,1053.985688,86.28893915,844.859853,7054.893943,4194.861396,775.1180367,2034.728328,4717.632664,0,0,1,6.9301143,0.9877685119,0.1890834,35.29550597,35.415836,-0.12033036422851495
123.02448,898,50,0.06418219,0.24556032,-0.29019982,13.737682,1.7013263,0.2603102965,-0.08094907743,0.35438201,480.4176482,93,59.49673168,4302.263756,3457.623016,53.33079061,743.3503037,4590.291282,3024.794271,488.3678326,230.1105583,8378.707905,0,0,1,11.746232,0.9872736507,0.1781627,34.97079407,35.118122,-0.1473280308300815
156.27202,775,20,0.1359574,0.33411628,-0.46015424,1.9585723,3.5414562,0.405702164,-0.1141037607,0.59611164,71.43503464,216,129.1675811,5699.711551,1510.779849,254.4525521,755.9639271,2364.069307,1268.327223,153.2161311,345.4113881,3156.927643,0,0,0,8.447805,0.9880517869,0.1743713,36.47301386,36.45676,0.01625345350586116
180.0,883,40,0.109486446,0.34355664,-0.45005807,7.0039687,2.3174627,0.3177603717,-0.1249694188,0.559544516,245.3652618,108,81.18609126,6305.817317,2452.56728,32.3517625,537.2493405,7232.983252,4247.213927,576.1381601,2175.334415,4508.878855,0,0,2,7.6152363,0.988673197,0.1408093,35.03231843,34.96747,0.06485016828124657
174.14407,784,10,0.12149909,0.4206582,-0.5159944,2.086121,4.6515355,0.2881459201,-0.1278049018,0.63749349,76.11564176,207,169.7191149,6353.93999,2611.206502,75.97681966,539.3852314,2488.235316,1416.876013,221.2284173,126.903823,3025.451688,0,0,1,7.8173127,0.9883044282,0.1448851,36.48668594,36.507095,-0.020409396914061517
101.03437,919,10,-0.20278262,0.6641001,-0.5833333,14.999506,2.421498,-0.3048903767,-0.1749058245,0.38055068,509.3434922,72,82.22765787,3430.859579,2114.498778,164.5260367,22.52257187,1405.231402,2027.374906,653.7476231,587.1142823,4355.299366,0,0,0,11.014858,0.9890470518,0.117545,33.95735114,33.4866,0.4707521714941407
180.0,929,30,0.06631097,0.20838471,-0.2990456,17.621939,1.8543341,0.3166944234,-0.07889586266,0.36535657,629.1729939,62,66.20706935,6426.712685,2718.316987,612.1591606,334.1118014,1492.22408,1539.116027,669.4554176,725.5645214,3898.748639,0,0,0,12.906454,0.9875792579,0.2005002,35.70395936,35.823116,-0.11915694249023545
225.72487,924,50,0.046906188,0.27248502,-0.35077792,3.1528177,2.6552663,0.1715128236,-0.09343413582,0.397684108,112.1801248,67,94.47679295,8031.496429,5387.802987,151.1890922,41.69454778,2440.16179,769.4456805,1561.582209,518.7880956,2428.96816,1,0,2,37.16851,0.9879798655,0.1785746,35.58091064,35.441616,0.13929458165038966
76.30112,896,10,0.02157972,0.4507611,-0.53567904,14.441798,1.957464,0.04776799065,-0.1437419528,0.55725876,512.4701782,95,69.46101343,2707.560967,1429.19911,369.1752356,356.0348678,4206.802429,2756.063372,793.3078044,366.3013938,8741.285325,0,0,0,11.746232,0.9889799019,0.1399143,35.48520608,35.426575,0.05863137296874754
68.69406,921,40,0.116740085,0.3033586,-0.43171674,12.961228,2.5509386,0.3835609869,-0.1166514046,0.548456825,458.7578506,70,90.2895242,2431.400737,2970.00876,516.5730287,604.8153316,1632.33374,1231.90209,767.610539,813.8900383,3605.442576,0,0,0,13.594037,0.988198429,0.1461737,35.39462855,35.325687,0.06894114155273456
37.568367,888,40,0.19081633,0.20212229,-0.4106137,13.880093,2.3389978,0.939416004,-0.1021231186,0.60143003,505.7506788,103,85.22635439,1368.883271,1532.503764,304.9864276,260.743299,4113.428994,2657.821221,823.1325851,345.2955043,8769.863426,0,0,0,11.746232,0.9878311877,0.1910489,36.43712465,36.53838,-0.1012550191894519
217.5685,929,50,0.08289652,0.11943128,-0.18129532,3.749287,2.3390017,0.6883304736,-0.05321579738,0.26419184,128.46281,62,80.14183258,7454.606938,6149.333121,13.39502138,231.9260901,2566.448644,631.691546,1461.671745,348.0654514,2337.154984,1,0,2,37.814205,0.9874890416,0.1979179,34.26326393,34.052933,0.2103311907421883
210.3737,803,10,-0.028242677,0.66963905,-0.6167763,2.2068975,3.757264,-0.04211308155,-0.2004078268,0.588533623,72.25500709,188,123.0148373,6887.747703,176.2501361,468.534387,373.1735703,1879.733506,1737.166028,729.1016059,612.736419,2755.250406,0,0,0,8.312572,0.9890556363,0.1139447,32.74053602,32.852314,-0.11177797536132772
90.0,930,40,0.114964925,0.33392072,-0.42427093,2.3121896,2.3768141,0.3432601154,-0.1231462868,0.539235855,79.59065715,61,81.81517473,3097.998167,2995.163997,474.7261861,690.5097148,1809.273209,1252.344258,592.0895738,610.4827848,3566.669029,0,0,0,18.527401,0.988191003,0.1307935,34.42220186,34.61814,-0.195939314316405
194.38138,943,50,-0.0041511,0.33314964,-0.3632009,3.6346927,1.9142776,-0.01242287737,-0.1127795568,0.3590498,121.5423833,48,64.01252622,6500.02026,6798.809109,0.0,113.7949328,3009.32695,251.217496,1380.569288,261.2274623,1857.488702,12,0,1,43.101578,0.9872641137,0.2295454,33.43952111,33.297615,0.1419060587304699
251.99582,939,50,-0.017559659,0.3742779,-0.40503573,5.8300557,1.5000316,-0.04679108202,-0.1324066726,0.387476071,190.3211857,52,48.96827877,8226.361073,6017.262137,0.0,10.33705662,2960.11603,77.70982292,1445.103408,41.60585037,1607.80203,18,0,0,43.101578,0.9890115027,0.1504955,32.64483146,32.612064,0.03276709842773329
180.0,930,20,0.023646072,0.3385621,-0.3693501,2.3380146,0.46373534,0.0696369589,-0.1115653578,0.392996172,79.14105425,61,15.69729449,6092.943032,3617.723101,256.2327855,885.953462,1945.217193,1038.392817,455.8460361,633.8255359,3349.619511,0,0,0,17.497526,0.9885877368,0.1352226,33.84968351,33.993374,-0.14369036084961095
180.0,752,10,-0.044510387,0.49787235,-0.52071154,1.4738039,0.92740995,-0.08922199637,-0.1639276187,0.476201153,48.97600966,239,30.81878035,5981.58394,909.8843072,137.8338294,1809.753188,1529.518205,4858.113898,1003.654996,151.0088386,5796.188693,0,0,0,4.207737,0.9894844359,0.2189233,33.23102189,33.17251,0.0585136502539072
186.50142,746,40,0.12052891,0.1790909,-0.26567456,1.4399098,4.193221,0.6692670757,-0.0674329818,0.38620347,52.10935393,245,151.7498091,6749.359233,3262.769486,217.6959364,1353.639051,1324.017071,4734.267138,517.199581,614.6267289,6278.050937,0,0,0,5.171302,0.9879201766,0.1833079,36.1893182,36.42281,-0.2334914008300757
112.109344,807,30,0.12809917,0.12764646,-0.21856953,1.7039533,6.137099,0.9957457827,-0.05099436469,0.3466687,63.35973479,184,228.2016561,4168.669589,5927.919473,48.16300827,1260.754477,344.0390108,2691.990295,952.5744436,773.7595284,3667.781255,0,0,0,9.6492195,0.9872792717,0.2713813,37.18396202,36.73506,0.4489003744921902
108.004074,802,50,0.10939378,0.2170852,-0.2919781,1.6343839,1.5000407,0.5016102881,-0.06964401037,0.40137188,60.35947846,189,55.3980459,3988.701539,6230.475628,0.0,1264.01181,402.3631589,2625.850431,925.9148307,688.3396272,3594.514884,0,0,0,9.6492195,0.9880014189,0.2055451,36.93102854,37.141506,-0.21047765506835958
134.27463,931,20,0.063622005,0.26087797,-0.37814415,3.1451623,1.3283584,0.2429452351,-0.1107571826,0.441766155,107.860278,60,45.55475765,4604.817667,3593.077929,335.9306549,895.1995028,2021.708236,1082.071714,377.7824633,496.4829792,3375.422377,0,0,0,17.497526,0.9877759585,0.1792617,34.29402611,34.226913,0.06711265785155973
37.568733,917,10,0.011097411,0.32718676,-0.40385097,15.773786,2.3390093,0.03381431658,-0.122456258,0.414948381,533.0480644,74,79.04281065,1269.570946,3062.272126,71.54032767,22.99538575,2419.18444,541.9294972,1113.314232,587.3106537,647.5047591,3,0,2,38.63918,0.9879056749,0.2066892,33.79328618,33.36022,0.43306431720703387
0.0,905,10,-0.19398285,0.57063967,-0.52809495,13.926769,0.46373534,-0.339344626,-0.1521092508,0.3341121,480.889516,86,16.01272077,0.0,2364.121535,42.78499504,1405.297889,4143.52613,998.8962957,236.4811152,859.1459749,2640.615922,0,1,1,21.49687,0.9887800905,0.1925939,34.52986949,33.679363,0.8505062392675811
207.1498,889,50,-0.049419854,0.2603871,-0.35478503,21.484407,2.0837598,-0.1890676854,-0.1099412644,0.305365176,719.0891886,102,69.74403081,6933.362489,2643.179579,0.0,193.0420371,6017.042654,3026.402524,344.8349428,617.9727866,3222.015905,0,0,2,13.172581,0.9877385806,0.2066939,33.47028329,33.368332,0.10195138082031008
202.3064,747,10,0.113362886,0.1965812,-0.2962963,1.4580195,2.504682,0.5737534037,-0.08222157089,0.409659186,51.09026225,244,87.76622002,7088.990944,2767.522374,168.8659413,921.5396767,1125.298976,4349.610403,152.7178105,329.3187546,5788.034552,0,0,0,6.9562683,0.9881043068,0.1344467,35.04086348,35.13314,-0.09227708396484502
180.0,748,40,0.08035855,0.29066432,-0.38676783,1.6185108,0.92740995,0.2755172453,-0.09859112618,0.46712638,58.48705477,243,33.51320024,6504.541,4158.07266,309.7982476,744.7450337,1167.569898,4139.994607,186.0056694,139.9639199,5520.636813,0,0,0,6.9562683,0.9883529791,0.2034083,36.13633889,36.029053,0.10728615562499755
286.30405,816,50,0.10024365,0.117596194,-0.14991103,1.787928,4.9433975,0.8452518299,-0.04055403839,0.25015468,63.25554715,175,174.8936834,10129.22183,4069.488488,0.0,1181.982537,286.081556,3039.019687,1042.187805,783.702148,3912.081547,0,1,0,8.696168,0.9871722801,0.2346615,35.37924746,36.10531,-0.7260610727148418
174.14394,785,10,-0.25809437,0.54282475,-0.34586838,1.6599317,4.6515365,-0.47459107,-0.133661916,0.08777401,49.39393119,206,138.4139322,5181.932359,205.8704618,626.6561172,0.0,3127.822879,2434.078499,903.8591547,1000.448706,2340.579444,0,0,0,4.260943,0.9872257137,0.0270604,29.75660456,28.074078,1.6825269537988277
345.61847,911,50,0.04,0.353167,-0.41744158,18.408373,1.9142787,0.1129410702,-0.128636584,0.45744158,617.6750038,80,64.23175494,11596.89071,3327.471344,38.36112196,75.20229192,2319.68065,403.3628981,1088.352498,507.2848378,577.8755056,4,0,1,38.63918,0.9882643275,0.1580484,33.55402478,33.263687,0.2903376462109364
270.0,758,10,0.10802676,0.32851806,-0.41260594,1.7152449,2.3768508,0.3278325928,-0.1104407663,0.5206327,60.9215148,233,84.42021963,9589.772863,4191.008761,522.4543669,770.2685315,1124.580482,4080.080645,262.0884536,193.9328639,5301.836402,0,0,0,8.771037,0.9881640943,0.1222801,35.51767727,35.376106,0.14157100779296883
172.69414,814,30,0.061195612,0.32270122,-0.3942737,1.7860593,3.7350302,0.1890496798,-0.1031163989,0.455469312,63.96779422,177,133.7702747,6185.048397,5373.131137,45.82328085,1080.41951,247.5052241,2776.317977,733.4887293,610.8835599,3465.036016,0,0,0,12.7190895,0.9878909947,0.2202748,35.81504501,35.987988,-0.17294250831054825
244.01108,814,50,0.08900901,0.1763611,-0.25490198,1.7052976,3.1716652,0.5018519281,-0.07121977644,0.34391099,59.59772438,177,110.8451853,8527.840004,6043.075467,94.67487897,1049.197066,308.7145516,2715.342756,712.0136513,517.034699,3390.196416,0,0,0,12.7190895,0.9876466108,0.1645519,34.94857694,35.493454,-0.5448770394921851
288.00394,929,40,0.021612478,0.41659865,-0.4562238,2.5674946,1.5000526,0.05175418551,-0.1362468981,0.477836278,87.3345034,62,51.02497543,9796.585775,2062.650895,472.8644074,308.0130481,1827.975908,2357.952365,587.3563062,464.034807,4504.472476,0,0,0,17.596111,0.9884426736,0.1493007,34.01545748,34.006092,0.009365408466798897
90.0,939,30,0.038372986,0.32312566,-0.4074698,3.6027892,0.4756321,0.118389226,-0.1184276353,0.445842786,123.9482079,52,16.3633627,3096.306248,3837.204441,198.7521312,1036.855774,2235.909207,870.3378149,163.4750442,429.5003214,3188.099913,0,0,0,19.502567,0.9883918631,0.1617742,34.40340275,34.217896,0.18550724218749792
27.150007,898,40,0.14558902,0.28695652,-0.48883998,13.187894,1.0422266,0.5055937612,-0.1181679803,0.634429,484.9915096,93,38.32841332,998.4553167,818.9941308,70.11656208,822.761964,4530.81658,1603.627936,127.8169203,1433.807292,3177.770285,0,0,0,9.352641,0.9881776601,0.120891,36.77550863,36.718475,0.05703328820312237
270.0,752,40,0.14073385,0.31143668,-0.44493622,1.5937014,2.851508,0.4504395899,-0.1116628503,0.58567007,57.89558286,239,103.5888641,9808.491963,1863.609899,113.5150867,1835.250614,1229.817641,4795.276514,970.1273618,299.9064729,5852.328994,0,0,0,5.3229003,0.9877772214,0.222221,36.32774801,36.2997,0.02804631932617241
314.27432,938,50,0.12007986,0.18951224,-0.3439338,3.7123637,1.3283659,0.6302999744,-0.1009309948,0.46401366,127.2103862,53,45.51869181,10769.13817,4246.825279,252.2994103,962.0497971,2315.611174,880.7453189,85.4114903,297.5948114,3224.412095,0,0,0,19.502567,0.9884454419,0.1472633,34.26668195,34.35428,-0.08759661445312616
225.7257,916,50,0.09829868,0.14884393,-0.17661569,82.9817,0.66427225,0.6560070868,-0.04715584688,0.27491437,2950.011754,75,23.61497711,8024.582146,4651.477732,0.0,471.5963022,2276.037296,426.5442336,903.1635048,410.5292109,465.1912014,4,2,0,57.441235,0.9884454277,0.1513381,35.55014846,35.448315,0.10183379325195574
332.84985,941,30,0.15655185,0.3275961,-0.4306028,2.5392375,1.042228,0.4764263788,-0.1100078901,0.58715465,91.68931351,50,37.63380536,12018.87348,1451.641741,229.8865039,221.4682136,2070.378134,2122.544492,476.4295043,674.0042137,4233.227162,0,0,0,19.026455,0.9874531156,0.2668908,36.10899473,36.131905,-0.0229098720507821
111.30538,929,40,0.10068027,0.25070956,-0.3233233,4.714385,2.551002,0.3999858806,-0.087909984,0.42400357,166.4771732,62,90.0825032,3930.481924,4516.293405,0.0,331.7477682,2260.723556,1646.785979,301.8998809,360.3947632,3827.713021,0,0,0,22.387424,0.9879246321,0.1985229,35.31259607,35.114136,0.1984603278124979
64.01123,934,10,0.11333334,0.13513513,-0.24299066,3.708512,1.0581882,0.8325062017,-0.06952717588,0.356324,128.3966811,57,36.63675697,2216.206793,4609.950849,254.840974,692.5742335,2386.419418,1090.090153,271.0266812,18.11099737,3370.028299,0,0,0,23.023241,0.9874465089,0.1600966,34.62215603,34.47976,0.14239681369140555
244.01123,893,10,-0.04735505,0.2789845,-0.38189575,21.814358,1.0581882,-0.1691345414,-0.1106583257,0.3345407,751.4201679,98,36.45048619,8405.242062,4274.375142,0.0,465.9765385,6047.048206,3310.810053,361.5947683,320.3674386,3664.540058,0,0,3,14.616462,0.9885866437,0.17542,34.446128,34.155598,0.2905303132324235
260.77032,752,20,0.14515266,0.3830156,-0.4526699,1.5512694,2.888866,0.3779863631,-0.1136675278,0.59782256,56.34351932,239,104.9262477,9471.415837,2912.550487,99.99033731,1867.778366,1078.686739,4705.72476,1055.860454,256.973158,5833.884867,0,0,0,5.3229003,0.9882012804,0.1926242,36.32091197,36.359257,-0.03834477438476824
225.72588,766,40,0.13637987,0.33979508,-0.45722893,1.4851766,1.3283705,0.4001814522,-0.1169874077,0.5936088,53.60031402,225,47.9411512,8146.491166,1576.638244,194.3196124,1418.606186,819.9679839,4977.85676,682.1879921,679.6990651,6073.766899,0,0,0,5.8835874,0.9878327102,0.167955,36.09019562,35.90973,0.18046661609375292
9.700609,812,20,-0.0082682595,0.5132713,-0.51955694,1.8263391,5.6275034,-0.01607762187,-0.1640950672,0.5112886805,60.60059889,179,186.7287823,321.8803753,1767.031604,0.0,990.3545962,0.0,3321.950426,766.6487972,709.4395427,3692.480021,0,0,0,10.628164,0.988788415,0.1593362,33.1814606,33.112328,0.06913302431640744
260.77032,828,10,0.0459247,0.54350734,-0.551295,1.6051531,5.763118,0.08434174643,-0.1562079364,0.5972197,55.79057567,163,200.3096595,9063.637775,531.0131262,396.4719605,838.7813499,3605.513133,3478.814941,181.4423693,673.1402559,2493.678765,0,0,0,5.882454,0.9888367841,0.1362268,34.75716782,34.804695,-0.04752730939453187
325.6366,935,50,0.048489667,0.2006018,-0.2768,3.8096516,3.366876,0.2405219943,-0.08411700727,0.325289667,128.6169428,56,113.6684777,10993.75701,4074.474763,248.2795087,555.0946293,2484.65043,1149.885097,383.7925868,123.9872952,3379.881961,0,0,0,23.023241,0.9877047629,0.1785393,33.76081499,33.83834,-0.07752576927734367
341.12506,894,50,-0.02849201,0.26495728,-0.36154553,19.919823,1.4699763,-0.1071300248,-0.09366502947,0.33305352,715.8123797,97,52.82312164,12258.21841,4315.684123,0.0,588.1632734,6105.711631,3433.629392,266.9062319,265.4271707,3794.915601,0,0,4,14.616462,0.988749928,0.1322726,35.93467571,35.47129,0.46338512162109424
21.528643,822,20,0.18705338,0.42572796,-0.5109375,1.5881112,6.4534025,0.4383433886,-0.1472393407,0.69799088,54.82641608,169,222.7910304,743.2340624,1390.796642,0.0,780.643061,0.0,3150.366881,410.2194182,730.808223,3308.731223,0,0,0,12.7190895,0.9883931784,0.1416501,34.52303345,34.683876,-0.16084258759765646
249.91682,804,20,0.055242967,0.56062526,-0.5793074,2.0563493,4.0448155,0.09836268226,-0.1749643431,0.634550367,69.61028731,187,136.9226372,8460.032371,1831.427693,150.0199434,207.9734489,3044.090803,2863.646779,845.5381001,908.8713913,1854.832581,0,0,1,4.680665,0.9889663542,0.1256294,33.85139252,33.73695,0.11444259934570056
71.9963,933,50,0.0954039,0.18820032,-0.27540502,3.8167677,2.9980876,0.5042480901,-0.07857872372,0.37080892,132.2947534,58,103.9181032,2495.497107,5146.967927,100.3983931,377.9529795,2436.899395,1608.379713,108.0081128,509.0970789,3715.005772,0,0,0,22.387424,0.9879898299,0.2076896,34.66146326,34.765717,-0.10425329273437711
134.274,935,10,0.091539025,0.44238564,-0.5632256,3.3055265,0.664276,0.2064546452,-0.1520069465,0.654764625,117.0487252,56,23.52201956,4754.643634,2068.432105,61.21133939,741.7879366,2626.162128,654.5006147,165.011475,414.3212094,2948.150753,0,0,0,19.502567,0.9877097547,0.1597971,35.41000964,35.45833,-0.0483186070703141
214.36351,926,50,0.026518391,0.21867637,-0.29760548,52.897175,1.6848948,0.1207157192,-0.09299842373,0.324123871,1763.793699,65,56.18082312,7147.697552,5018.142572,0.0,497.514962,2001.054487,481.8127628,752.2436343,667.2210971,737.3382845,4,2,0,57.441235,0.9879273521,0.2109336,33.34381655,33.197853,0.14596346162109342
149.62547,808,20,0.056944087,0.5667808,-0.57894737,2.0746856,3.7572956,0.1002923787,-0.1846888108,0.635891457,68.52198923,183,124.0946429,4941.777609,1859.670411,77.6548556,147.5738416,2924.418053,2909.535482,948.6759729,777.1206047,1736.390912,0,0,1,10.256703,0.9884276954,0.1243763,33.0276497,32.901455,0.1261947744628884
204.99565,809,10,0.107177034,0.50605327,-0.555,1.9763589,5.6103525,0.2113723357,-0.1702044639,0.662177034,66.45665542,182,188.652609,6893.143384,1529.018804,260.5125629,465.5092993,3108.659364,3199.762344,364.2576547,1041.064644,1939.883895,0,0,0,13.63802,0.988767913,0.1175763,33.6258032,33.095528,0.5302755510742188
90.0,836,30,0.19629057,0.2682927,-0.42682928,1.5957268,3.3258197,0.7289115895,-0.1105027848,0.62311985,57.35556065,155,119.5406717,3234.889868,636.1117715,179.6129365,837.8292022,3385.352831,3556.964576,77.22895236,815.9516832,2279.601068,0,0,0,15.945108,0.9877996118,0.1930976,35.94322076,36.045597,-0.10237631641601297
307.95334,935,50,0.084084086,0.12728113,-0.20137863,3.8478405,3.0133526,0.6554673006,-0.06382980665,0.285462716,127.466536,56,99.82264538,10201.50017,5788.468694,177.8770712,377.8587391,2448.481162,1792.827176,123.475788,707.9970125,3827.795139,0,0,0,25.311293,0.9876511725,0.1963679,33.12677228,33.137596,-0.010823850371096455
90.0,932,20,0.09093815,0.11485692,-0.20304568,3.7888296,0.4756405,0.7849177244,-0.05479927372,0.29398383,134.1624927,59,16.84243469,3186.900868,5762.558172,216.1773509,255.9291525,2569.816093,1500.835779,33.87733249,555.1313122,3578.998738,0,0,0,21.703333,0.9879039143,0.1335751,35.41000964,35.35069,0.059320705673826524
18.875105,931,10,-0.04203869,0.5331144,-0.6069994,3.1756756,1.4699777,-0.07870727694,-0.1768470049,0.56496071,109.1455014,60,50.52199071,648.7226844,1209.667787,0.0,708.5862729,2708.985111,725.0531921,245.640388,393.5262115,2953.219235,0,0,0,17.810524,0.9890308994,0.1702582,34.36922255,34.431145,-0.06192216435546527
270.0,918,80,-0.06910569,0.33333334,-0.1251337,9.632663,1.4266595,-0.2066969749,-0.05076586261,0.05602801,277.6469185,73,41.12129884,7782.340977,5749.844947,103.3214179,0.0,1739.455781,350.3862199,593.7321771,231.5487803,327.3337625,4,1,0,70.15791,0.986910243,0.021128,28.8234851,28.615587,0.20789786550292888
207.15047,770,40,0.1280498,0.34144446,-0.49725512,1.4718453,2.0837724,0.3739286657,-0.115453672,0.62530492,54.80953248,221,77.59687179,7714.00392,2013.197309,392.6472423,1597.46035,731.3919571,4765.37719,1098.536882,370.47741,5710.448385,0,0,0,5.109521,0.9880164933,0.1634137,37.23865034,37.18409,0.05456067935546827
142.43047,927,50,0.08768473,0.10809733,-0.17761764,14.586346,2.3390343,0.8037293855,-0.0465158301,0.26530237,522.1613564,64,83.7326444,5098.719543,8380.306979,52.19485827,147.8407327,1623.897378,595.2321396,385.4455718,63.09254768,99.472285,4,1,1,69.57698,0.9872428781,0.1140607,35.79795491,35.125034,0.6729205777246108
207.15047,919,50,0.02771855,0.21888922,-0.27453417,9.331833,1.0422308,0.1260568845,-0.09077099632,0.30225272,302.9456067,72,33.83464343,6724.865824,4925.90716,101.6702196,22.64567248,1641.036933,445.085202,516.4958712,229.5034983,340.3089167,4,1,0,70.15791,0.987231509,0.200167,32.4636764,32.60112,-0.1374435951171904
115.98847,899,30,0.03314362,0.20660122,-0.24617045,13.089905,1.0581995,0.1596504105,-0.06138082524,0.27931407,476.5558261,92,38.52519456,4222.718281,1815.296362,144.0808507,766.3052747,3474.05522,1456.860609,221.6218029,830.4040588,2639.830217,0,0,0,11.054387,0.9873918273,0.2796317,36.40636247,36.102097,0.3042659123828102
270.0,902,40,0.079353,0.3368334,-0.42377868,15.397572,5.2177057,0.2348879655,-0.1093247493,0.50313168,554.1225093,89,187.7729927,9716.666855,4005.784758,0.0,684.1461929,6202.969785,3717.872877,340.0645915,449.3525826,4147.399703,1,0,4,10.192362,0.9884474995,0.1557705,35.98765502,36.02396,-0.03630509352539235
180.0,783,10,0.07869742,0.46916696,-0.56571865,1.165549,2.7802885,0.1673818594,-0.1495500406,0.64441607,41.5848351,208,99.1960345,6422.098358,0.0,0.0,1195.136039,413.1726996,5097.710513,988.5681207,773.1476499,5721.34114,0,0,0,4.1553216,0.9892754304,0.1458187,35.67832421,35.663925,0.014399039101562039
180.0,765,10,0.0034778577,0.5241135,-0.5589409,1.2921396,3.7047918,0.006623059015,-0.1798428648,0.5624187577,42.50408827,226,121.8667067,5920.982446,1817.554668,1.734142359,455.479879,469.9944906,4682.679974,959.9206018,494.5260433,5146.220749,0,0,0,5.040717,0.988717519,0.1243614,32.89434692,32.731003,0.16334411238280921
115.98837,759,20,0.017002769,0.52375114,-0.50347745,1.7085649,3.1717272,0.03240158564,-0.1488507283,0.520480219,58.36581284,232,108.3484954,3962.246617,1554.449519,93.9776601,288.0529706,422.1782612,4568.85456,964.6627436,425.3897167,4959.93368,0,0,0,5.040717,0.9884343256,0.19802,34.16072333,34.191223,-0.030499814531246727
71.99648,937,50,0.10452242,0.15460925,-0.22736625,3.8597696,1.5000856,0.6716979871,-0.06233250423,0.33188867,135.8763162,54,52.80784254,2534.507884,5109.198963,174.362624,229.6194759,2669.316514,1693.592581,0.0,815.972586,3619.061661,0,0,0,21.703333,0.9871872346,0.190035,35.20321943,35.350395,-0.14717577263672155
76.30179,928,50,0.13124876,0.07703704,-0.11446091,14.737821,1.9575578,1.681877734,-0.03398502771,0.24570967,502.5478907,63,66.75115292,2601.829919,8158.827159,98.63154691,152.7037347,1524.505629,536.2203754,287.3969316,56.39895729,195.7955299,4,1,1,69.57698,0.9873597246,0.2155606,34.09919897,34.174675,-0.07547601779296542
314.27368,925,50,-0.033568174,0.3071279,-0.3290701,14.059955,0.66427976,-0.1089423386,-0.1027959826,0.295501926,468.884646,66,22.15302824,10480.69522,4945.506895,33.82667187,77.14191645,1561.028659,528.419291,527.5216361,349.7522342,466.5189209,6,0,0,70.15791,0.9873032531,0.2523487,33.34894358,33.114967,0.23397623380859045
270.0,889,40,0.04969651,0.40257558,-0.5022489,13.834459,0.47564366,0.123140528,-0.1427356132,0.55194541,480.2791757,102,16.5125174,9373.360927,888.2802271,227.2672366,971.1745317,3959.255459,1835.95048,435.0106061,961.6426007,3225.993852,0,0,0,8.781606,0.9880482354,0.1668705,34.71615158,34.720783,-0.004631653642576339
45.726322,901,50,-0.015765317,0.40259025,-0.42977527,11.361451,1.9921255,-0.03906268053,-0.1065404441,0.414009953,414.4251935,90,72.6656301,1667.93307,4218.913015,10.77592548,604.5949213,6271.042298,3845.408059,412.8711883,533.1925354,4278.984428,1,0,4,10.192362,0.9873999207,0.1791784,36.47643188,36.2367,0.23973372936523418
134.27368,897,40,-0.04622871,0.5123095,-0.54769045,11.382794,2.6553354,-0.09006010993,-0.1298850637,0.50146174,421.1369691,94,98.24124924,4967.814636,4074.625092,27.07252822,510.9121783,6365.495985,3935.911641,414.2525221,505.7803988,4322.00803,1,0,3,10.192362,0.987916729,0.1733805,36.99767993,37.208717,-0.21103741619140948
134.27368,893,40,0.016870273,0.47469458,-0.5419708,11.471397,1.3283811,0.0354645054,-0.1274209696,0.558841073,425.552149,98,49.27869132,4981.124189,3996.401194,0.0,419.0118831,6460.042568,4026.745917,434.4964723,496.3631965,4366.788915,0,0,3,10.192362,0.9879854744,0.1860117,37.09680251,37.223904,-0.12710114600585598
106.303535,811,20,-0.063710615,0.63721263,-0.6168854,2.1291864,4.943548,-0.09982662831,-0.1931611489,0.553174785,70.92970231,180,164.6846833,3541.295441,3310.23189,25.18585559,70.19500893,2611.978927,3145.940619,1062.958,465.9466218,1425.084205,0,0,1,10.256703,0.988973814,0.126605,33.31305437,33.295055,0.01799898059570637
251.99655,875,30,0.1364435,0.32059702,-0.48456377,2.1186788,2.9981294,0.4242685458,-0.1181075592,0.62100727,77.70910243,116,109.9656751,9242.753416,2980.309013,11.62693201,991.6493483,3511.63004,3289.80754,605.6244754,608.076174,2527.679351,0,0,2,17.459705,0.987923296,0.1704909,36.67809506,36.59121,0.08688564837890311
0.0,936,50,0.07757705,0.29038653,-0.36406496,3.1614504,2.3174627,0.2662341667,-0.09946210465,0.44164201,111.4391118,55,81.68908326,0.0,4299.695598,84.8730406,318.0460189,2728.39295,1798.430465,88.5583351,950.1879004,3623.527342,0,0,0,25.311293,0.9879007062,0.186113,35.2493627,35.208424,0.04093908549804581
288.00345,932,50,-0.034340303,0.3331115,-0.34384435,6.122571,1.5000916,-0.1027809668,-0.1084410982,0.309504047,203.2918744,59,49.80855805,9562.773739,5695.48276,0.0,385.7061971,1558.238956,668.5658608,462.7040398,656.2239359,774.7750642,7,0,1,61.51434,0.9875636876,0.1754708,33.20367773,32.983845,0.21983297291992443
145.63602,760,40,0.12282414,0.29304555,-0.39870298,1.134417,1.6849043,0.4177044679,-0.0951848348,0.52152712,41.88355422,231,62.20797168,5376.994651,3261.127273,544.0743334,1851.896454,864.1686355,4387.250114,1515.736051,372.501895,5355.097357,0,0,0,5.109521,0.9877056349,0.2389421,36.92077448,36.87206,0.048715611591795493
198.87534,785,20,0.15034756,0.36896,-0.50369066,1.1954455,1.4699798,0.4063886907,-0.1272245354,0.65403822,43.33386358,206,53.28549409,7209.058759,446.9315543,0.0,1267.216403,316.5911756,4943.77612,1208.724095,761.4625003,5502.237165,0,0,0,4.1553216,0.9889737077,0.1127052,36.24913355,36.361862,-0.11272863261718413
232.04701,763,10,-0.009233412,0.5703308,-0.57453936,1.2039121,3.0133777,-0.01616123619,-0.1774519132,0.565305948,40.35494648,228,101.0079522,7778.17971,1306.15767,0.0,586.7333019,212.1768193,4958.849205,1162.46731,768.7773095,5280.540218,0,0,0,4.3565907,0.9890941127,0.1195653,33.51984458,33.515324,0.004520941083981711
191.59268,761,20,0.11184756,0.3621347,-0.42553192,1.5048877,4.7232957,0.308005707,-0.1243819934,0.53737948,51.65237983,230,162.1180528,6576.050745,1220.236284,165.3587429,105.2204988,230.4404948,4680.80803,1176.382189,620.0244085,4809.35917,0,0,0,5.040717,0.9874812281,0.1670958,34.32307928,34.609,-0.285921879667967
266.28116,850,30,0.1445804,0.3308311,-0.42275724,2.1062624,7.1131506,0.4357047908,-0.1005401344,0.56733764,77.85842928,141,262.9390967,9843.138663,2301.448689,0.0,1013.558359,3241.494885,3161.967509,348.7684507,764.3764974,2230.457939,0,0,2,15.945108,0.9876541361,0.2044022,36.96520874,36.94962,0.015589446787110717
180.0,890,40,0.07044108,0.36623126,-0.4393476,13.266138,0.92740995,0.191816677,-0.1166697124,0.50978868,472.5427259,101,33.03454447,6411.639217,2279.534671,403.2572698,608.2788475,3522.05556,1807.438683,491.6298991,581.0366037,2932.539719,0,0,0,11.054387,0.9883497318,0.1952292,35.62021787,35.80853,-0.18831103014648676
45.72664,789,40,0.101378135,0.39303482,-0.4973262,3.4942322,1.3283886,0.2572821737,-0.1089334666,0.598704335,132.3479269,202,50.31419416,1731.947295,563.042661,0.0,854.5993431,0.0,2576.047678,3076.218724,332.5063497,652.5404539,0,0,0,6.6343837,0.9878278556,0.2084242,37.87611107,38.00239,-0.12628074518554655
280.05206,824,10,0.020911127,0.22209275,-0.28497916,2.5524974,5.298671,0.09373288464,-0.08436320413,0.305890287,87.1471728,167,180.9068237,9561.51621,3148.976219,72.10434073,649.3261775,1213.988016,3188.071992,449.7669376,518.8363173,1929.400864,0,0,0,9.480041,0.9880373636,0.1937496,34.14192422,33.98559,0.15633233157226556
101.033676,893,40,0.059602648,0.36202657,-0.48551503,9.011654,2.4216473,0.1641826051,-0.1236259424,0.545117678,325.771391,98,87.54257646,3652.368496,998.8283858,116.1949663,677.1950768,3911.055025,1631.11699,624.8982272,1249.743116,7825.143585,0,0,1,7.2005596,0.9879131171,0.1765006,36.15001097,36.01596,0.13405027664062175
341.12457,889,40,0.086002715,0.38920036,-0.49745548,8.997052,1.4699805,0.2204065496,-0.1239317586,0.583458195,327.6421926,102,53.53171618,12422.60265,1441.61687,27.15775565,902.1779084,3676.30738,1418.653605,700.9573743,1290.989617,8074.656257,0,0,1,7.2005596,0.9886226649,0.1305501,36.41661653,36.512886,-0.09626951736328238
314.27338,889,40,0.060957603,0.3623011,-0.42692307,12.156819,0.6642835,0.1677881047,-0.1086014553,0.487880673,439.6145731,102,24.02180268,11364.74581,2499.548805,28.03367828,775.5893821,3305.686028,1146.084269,242.9595354,1047.534869,8496.648848,0,0,3,9.458217,0.9882747714,0.1436284,36.16197404,36.22325,-0.06127730277344057
320.6293,881,40,0.0063166204,0.5455941,-0.55947953,10.682258,2.9966867,0.01155632745,-0.1780052591,0.5657961504,353.2480213,110,99.09643141,10602.78321,1577.199086,24.19819655,111.9482039,2492.942084,1086.863343,1044.581028,1293.189805,9711.169486,0,0,0,13.366943,0.9883097982,0.1733926,33.06866594,33.13386,-0.0651956017480444
59.673653,775,40,0.1418991,0.31757548,-0.41992435,5.0535965,2.753214,0.4454175193,-0.08421096101,0.56182345,195.944822,216,106.7513061,2313.746916,2016.914817,470.9139849,625.3402449,470.9139849,2114.83119,2618.433669,211.3748659,370.1741619,0,0,0,17.080679,0.9878902318,0.1892249,38.77334132,38.977737,-0.2043961067578124
348.40726,889,40,0.14746268,0.37749195,-0.49476624,11.915579,2.3656676,0.3896058556,-0.1230002674,0.64222892,434.2305288,102,86.21025407,12696.74506,1909.07542,109.2827756,764.3232933,3238.356571,1056.271205,203.0165356,1093.005489,8545.747147,0,0,3,9.458217,0.9882424686,0.1351796,36.44225168,36.448,-0.0057501815722673655
341.12454,882,20,0.091854416,0.43780488,-0.50143266,11.138312,1.4699807,0.2093286109,-0.1541831114,0.593287076,374.0968711,109,49.37150086,11457.17799,1476.967626,0.0,195.9138981,2324.994343,1047.483955,1145.608282,1381.503589,9930.124682,0,0,0,13.366943,0.9883386933,0.136836,33.58649597,33.57745,0.009046171416017046
56.97748,880,20,0.05515873,0.46028826,-0.5233525,11.7396755,1.701416,0.1195754039,-0.1518497723,0.57851123,404.1656695,111,58.57520821,1961.582443,956.9152851,0.0,258.1110047,2291.26168,1088.558316,1148.01468,1445.470565,10018.37763,0,0,0,10.140123,0.9884110956,0.1439814,34.42732889,34.291073,0.13625604454101392
152.84901,780,50,0.08555201,0.32544377,-0.3713069,1.8274753,3.1239524,0.26207273,-0.08853972638,0.45685891,67.49678881,211,115.381453,5645.393592,2269.276618,381.2562043,711.9441969,381.2562043,2139.66428,2640.827445,107.5279903,499.9938133,0,0,0,6.6343837,0.9881588788,0.1657334,36.93444656,37.08116,-0.14671493902343968
67.32327,772,20,0.09014423,0.37803397,-0.47276264,1.3460643,3.6038609,0.237826256,-0.1273256752,0.56290687,47.70095684,219,127.7112938,2385.758538,419.5167022,0.0,932.9134641,0.0,4946.467325,1530.792132,949.1162971,5263.555393,0,0,0,3.9375215,0.9883964244,0.136525,35.4373538,35.479877,-0.04252367192383133
270.0,874,20,0.109767735,0.30839375,-0.43782118,13.669767,0.47565418,0.354783298,-0.1129936615,0.547588915,491.8727737,117,17.11523985,9715.282557,1131.117625,137.0401399,0.0,2225.381425,795.8946659,970.586022,1104.172344,9842.570895,0,0,0,13.366943,0.9882478074,0.1695922,35.98252799,36.249626,-0.2670981696679675
281.03357,877,40,0.1593583,0.20621523,-0.39454424,12.868188,2.4216733,0.7690472365,-0.1008375683,0.55390254,464.5913571,114,87.43177244,10146.39883,1401.984597,93.70891658,0.0,2181.402795,826.4960901,953.8565066,1167.021748,9929.683117,0,0,0,13.366943,0.988530358,0.1708139,36.1038677,36.04619,0.05767934550781462
332.8489,880,40,0.14655173,0.3465405,-0.47761193,14.558563,2.0837839,0.4216824514,-0.1305503189,0.62416366,513.0805447,111,73.43780965,11730.43623,990.6449053,27.98744689,168.6655327,2104.290574,916.2548983,949.6506387,1305.587403,10104.48234,0,0,0,10.140123,0.9879245422,0.1577335,35.24252666,35.144802,0.09772456649414352
104.88999,782,40,0.11722488,0.36486128,-0.44261378,1.9754218,5.3981004,0.3204079973,-0.0842068143,0.55983866,77.57950026,209,211.9962083,4119.278732,3393.769416,546.5308653,496.2689405,546.5308653,1954.291176,2451.843382,167.949286,658.8201079,0,0,0,17.080679,0.9877843834,0.1819844,39.27237224,39.37821,-0.1058359204003878
232.04752,820,20,0.08196721,0.33690986,-0.41994303,1.7615427,3.0134106,0.2425712289,-0.1194188519,0.50191024,61.13893092,171,104.5882694,8053.81402,1823.943933,77.87915609,327.0002544,836.5553893,3693.887298,167.6687863,335.5788084,2152.035212,0,0,0,8.074384,0.9876651213,0.1651961,34.70760653,34.73574,-0.028134131621094127
68.695435,903,40,0.11687871,0.2517432,-0.40210074,9.290989,2.551095,0.4624405721,-0.09450824218,0.51897945,344.6977408,88,94.64618709,2548.615788,3441.315575,0.0,1005.914885,3694.937341,1409.969908,561.2738101,852.1358873,8043.55028,0,0,1,7.2005596,0.9875598315,0.2205955,37.10022053,36.991978,0.10824283834961079
314.27298,878,40,0.11744145,0.36634198,-0.48007035,14.366217,0.66428804,0.3197060407,-0.1255552315,0.5975118,514.5267085,113,23.79150605,11255.70092,1053.153083,66.71036484,103.6414746,2011.663792,834.5524077,850.5636414,1241.699553,10148.72263,0,0,0,10.140123,0.9880392404,0.1886383,35.81504501,36.050903,-0.23585831031250137
45.727146,887,40,0.099588476,0.28140557,-0.36964005,9.843324,1.9921548,0.3526434553,-0.0874258669,0.469228526,364.4829529,104,73.76638869,1693.204979,3623.358865,0.0,1205.004016,3309.738479,1021.510381,687.8130237,862.6449798,8422.720784,0,0,1,13.221336,0.9877244533,0.1919345,37.02844211,37.073517,-0.0450747357031247
214.36458,885,40,0.19029777,0.3632138,-0.48284578,13.992675,1.6849161,0.5224891808,-0.08690971143,0.67314355,556.4844051,106,67.00859797,8525.213783,377.3917158,191.1305553,838.2406736,2987.029226,722.7189194,380.6591011,746.2627413,8750.691907,0,0,0,17.346767,0.9883041358,0.1382001,39.76969415,39.892006,-0.12231177041015684
283.6978,846,20,0.11080056,0.43770173,-0.52482027,2.0697677,5.8546686,0.2525646753,-0.1504817716,0.63562083,71.59968694,145,202.5311531,9813.987177,1817.709902,228.4263425,1061.799506,1441.82716,3739.171772,590.8209859,470.1798072,1358.228962,0,0,0,10.962634,0.9883688217,0.1346548,34.59310286,34.60995,-0.016848159287107478
71.99708,809,30,0.10490856,0.37982196,-0.485623,3.537776,2.9982133,0.2754792817,-0.1005518381,0.59053156,136.0528689,182,115.302812,2768.804267,1305.316247,0.0,314.7071501,0.0,2573.363636,3038.165451,785.0858566,1308.347658,0,0,0,2.9213314,0.9881440694,0.1447744,38.45717447,38.252754,0.20442025857421697
244.01244,778,20,0.088883385,0.5257048,-0.5429769,1.3006934,2.1157458,0.1687537023,-0.1694064145,0.631860285,43.40120269,213,70.59766145,8142.144311,329.4958732,0.0,471.5691379,0.0,5015.080759,1976.78046,1420.563372,4560.067318,0,0,0,3.7912545,0.9887729649,0.122846,33.36774269,32.92999,0.43775382891601566
180.0,819,40,0.15485038,0.40313438,-0.51913357,1.5654243,3.2427514,0.3831655698,-0.1106002824,0.67398395,59.74699004,172,123.7649343,6869.995699,143.7009342,337.3903394,606.298342,357.3416522,4104.573718,444.3422201,741.1216482,2438.935658,0,0,0,7.095967,0.9879595493,0.1764098,38.16664277,37.993595,0.1730476467089872
140.62862,813,40,0.1600928,0.32966024,-0.46213397,1.7563909,2.996716,0.4841610228,-0.09480889255,0.62222677,67.70792252,178,115.5217866,5421.157504,442.4791488,314.7676172,583.3608283,447.0367822,4070.201081,404.0209034,647.9020563,2343.607735,0,0,0,7.095967,0.9881697058,0.1656114,38.54946101,38.6511,-0.10163914869140456
108.00292,885,50,0.088440806,0.24958949,-0.32232842,21.162077,1.5001336,0.3529310268,-0.08954765022,0.410769226,741.2119553,106,52.54290299,3782.854373,3080.68716,0.0,499.4012823,1609.130941,963.0206501,720.7830368,1444.312872,10631.82423,0,0,4,18.606358,0.9879944956,0.1545339,35.02548239,35.36073,-0.33524682752929635
58.644905,804,30,0.13990921,0.32275468,-0.48750892,3.5284615,4.4472203,0.4321457531,-0.09501566323,0.62741813,137.7750702,187,173.6496457,2289.894875,1260.781247,0.0,240.8972608,0.0,2550.155098,3007.945756,813.502135,1381.892848,0,0,0,2.9213314,0.9881144518,0.1549286,39.04678292,38.961807,0.08497566902343578
111.30427,784,20,0.042974837,0.4658936,-0.51391333,1.2809587,2.5511293,0.09204417666,-0.1654998251,0.556888167,42.1187865,207,83.88285299,3659.75951,445.8488564,0.0,606.6380884,0.0,4878.175302,2062.385807,1514.399733,4647.219239,0,0,0,3.7912545,0.9888157266,0.1294316,32.88067484,32.784206,0.09646844961913814
281.03336,826,10,0.038012795,0.5013216,-0.57098955,1.8478745,4.834807,0.07567421946,-0.1559534103,0.609002345,65.14271455,165,170.440391,9907.207415,1141.224427,0.0,820.3026434,946.0927048,4006.364464,650.8972782,305.1981137,1750.875829,0,0,1,10.559404,0.9891344596,0.1610282,35.25278072,35.224106,0.02867488503905946
216.22867,854,20,0.13339713,0.3838631,-0.4929113,2.0435457,4.017649,0.3466093008,-0.1242760359,0.62630843,74.12216272,137,145.7255558,7842.905917,1231.108582,285.4698203,1166.087076,1302.460654,3639.618331,780.3547331,549.8538391,1281.641445,0,0,0,10.962634,0.9882477738,0.1380942,36.27135068,36.2948,-0.023449124687502376
71.997154,871,20,0.056059796,0.3680681,-0.43235216,19.429773,1.5001396,0.1518955336,-0.1079714777,0.488411956,707.0020961,120,54.58642474,2619.801003,2666.258097,0.0,244.1340885,1859.23208,292.3056172,527.8016723,692.549245,9992.537196,0,0,1,27.129656,0.9877799359,0.1702972,36.38756336,35.912975,0.4745880487207046
139.47719,827,10,0.03784693,0.5132275,-0.5506608,1.7635717,3.655471,0.07359958384,-0.1494890613,0.58850773,62.31246262,164,129.1591377,4928.162086,2362.596257,103.4465837,775.7118483,548.2029562,4197.920494,582.9899682,582.0072637,2115.450056,0,0,1,7.095967,0.9884038258,0.1366221,35.33310419,35.289516,0.04358774102539087
111.30422,870,40,0.03794684,0.38177988,-0.4237656,19.102844,2.551134,0.09913488661,-0.1113074073,0.46171244,683.1245152,121,91.2294618,3980.278608,3409.594052,9.742199652,175.8864982,1781.685901,203.2424942,443.6248511,644.8217203,10042.19758,1,0,1,27.129656,0.9880718285,0.1746731,35.76035669,35.49513,0.26522805840820496
180.0,826,20,0.12722503,0.3846611,-0.4547158,1.7728355,2.7802885,0.3298881583,-0.1130756627,0.58194083,64.60005789,165,101.3104702,6558.990059,3388.10251,0.0,889.1863938,598.7847991,4176.8207,695.7877369,597.0131762,2006.155993,0,0,1,15.557984,0.9877707012,0.1648894,36.43883366,36.54079,-0.10195689786132789
180.0,893,40,0.05466238,0.2275574,-0.3611111,13.5404215,0.92740995,0.2391625911,-0.08512868704,0.41577348,501.8898094,98,34.37541461,6671.887259,4237.198676,0.0,1094.994794,2984.477121,766.7943367,590.7687507,567.8613313,8786.233078,0,0,3,21.344864,0.9875380854,0.1733144,37.06604033,36.589104,0.4769366312695311
214.36517,792,40,0.15212409,0.31492618,-0.44357744,1.5485233,3.366947,0.4815178343,-0.08237378932,0.59570153,61.15557445,199,132.9702807,8465.888188,2689.77514,456.0136079,215.1764734,456.0136079,1921.543261,2364.286238,562.9041532,1380.413366,0,0,0,3.904075,0.9880319601,0.1807991,39.49283453,39.529675,-0.03684000002929366
90.0,782,40,0.081240766,0.35774922,-0.4375963,1.8243089,2.8517158,0.2264555892,-0.1016790695,0.518837066,67.91921243,209,106.1696795,3350.709476,4078.26256,765.9777042,328.5748237,1013.697041,1247.647584,1709.588888,718.8604708,1391.370673,0,0,0,9.095096,0.9878080259,0.1719658,37.23010529,36.928127,0.301978001181638
142.42894,774,40,0.14638002,0.22061484,-0.30026487,3.102523,2.3390822,0.660515424,-0.06222496812,0.44664489,119.2877571,217,89.93450469,5476.197533,2595.91736,666.6262913,502.0915345,1059.826838,1057.220246,1527.068665,644.4430724,1454.610842,0,0,0,9.095096,0.9878662331,0.1810676,38.44862942,38.24219,0.20643810530273754
168.40681,770,40,0.1474029,0.34498033,-0.4607162,3.2345834,2.3656712,0.4260441627,-0.09299197511,0.6081191,125.2110726,221,91.57538753,6519.045795,1855.581446,592.5843588,593.8961262,1095.243292,962.7089151,1437.048818,559.953409,1494.754058,0,0,0,9.095096,0.9878007233,0.1910155,38.71010795,38.86617,-0.15606102583007697
247.32385,819,10,0.09824723,0.467167,-0.55220324,1.5952876,3.603949,0.2098550944,-0.1719541987,0.65045047,53.27749432,172,120.360349,8259.82413,0.0,0.0,1208.673668,0.0,4704.679995,1125.086816,1414.075541,2972.763948,0,0,0,5.138257,0.9883995376,0.1193311,33.39679586,33.12122,0.2755762249902318
314.27222,921,50,0.11941143,0.12427746,-0.21657544,3.4450848,1.3284156,0.953175695,-0.06134316597,0.33598687,119.7590536,70,46.17877477,10924.82357,6087.683289,160.3980387,271.6924734,3210.599721,2504.554872,150.8530598,299.9066897,2990.371309,0,0,2,38.75075,0.9879262208,0.1822592,34.76229485,34.51186,0.2504349562011754
0.0,929,10,0.130862,0.3342475,-0.43775398,4.4648266,0.92740995,0.390344447,-0.1406496547,0.56861598,146.9667508,62,30.52714902,0.0,5743.752119,0.0,302.7947275,2943.306783,1237.958725,46.46335132,936.6710091,4268.54286,0,0,7,43.467064,0.9884097538,0.1169111,32.91656405,33.034744,-0.11818021269531442
120.32541,908,40,0.12404837,0.40164816,-0.46407187,6.467458,2.7532911,0.3080813035,-0.1050018361,0.58812024,242.6963027,83,103.3193521,4515.302941,2589.007141,46.50692798,1346.122952,5425.007051,1712.731875,1660.379277,1761.934443,6904.459598,0,0,1,7.3803205,0.9879922935,0.1481671,37.52576402,37.35939,0.1663737612109344
251.99734,872,10,-0.02929503,0.47948927,-0.46437213,19.725807,1.5001546,-0.06096916587,-0.1435239034,0.4350771,661.0037152,119,50.26956636,8444.327676,2877.787674,0.0,150.1168132,1633.729489,106.7466251,304.3113574,589.4755766,10143.71427,1,0,1,25.766603,0.9881739393,0.1534805,33.50959052,33.67021,-0.16062127199218423
180.0,794,40,0.13297151,0.18388143,-0.27037773,1.7925365,0.46373534,0.7192258844,-0.05944220107,0.40334924,67.82385193,197,17.54626309,6810.624691,2520.595441,699.055551,207.9239674,831.3225525,1425.430537,1867.07442,692.3610204,1452.242394,0,0,0,7.613183,0.9875940863,0.2112632,37.83680384,37.903217,-0.06641347567382638
270.0,832,10,0.11427393,0.43181062,-0.5082543,1.9889296,4.273178,0.2640275555,-0.1312248945,0.62252823,71.5565177,159,153.7378383,9713.898259,2655.870191,161.7867024,1089.999357,161.7867024,4432.948904,908.9102608,907.4937976,2385.382974,0,0,0,8.641041,0.9890212311,0.1311638,35.97740096,35.765697,0.21170348075195022
152.84819,924,50,0.07645658,0.18940029,-0.25301206,4.07256,1.0422432,0.4015570565,-0.07888516093,0.32946864,135.9338944,67,34.78799014,5101.766389,5832.385443,21.35610378,266.8552112,3145.955786,1429.366885,222.5999195,754.988742,4050.214289,0,0,8,43.467064,0.9885151634,0.1571435,33.37799675,33.087402,0.2905944062500012
225.72784,891,40,-0.033314724,0.47934985,-0.5560538,10.152612,1.3284172,-0.06935512523,-0.169939814,0.522739076,341.9102605,100,44.73720368,7601.853059,2191.023571,0.0,147.6761063,4861.458396,3855.148024,1079.735547,1003.106127,5084.525007,0,0,0,10.435038,0.988548771,0.1405614,33.6770735,33.79884,-0.1217660690917981
134.27216,894,40,0.10682372,0.06334623,-0.12856042,9.894311,1.3284172,1.66013953,-0.04164149159,0.23538414,324.4354205,97,43.55892926,4402.797192,2565.064323,0.0,1170.075774,4773.921537,1060.461026,973.2693633,1123.903274,7437.465536,0,0,3,18.437511,0.987788252,0.1799387,32.79009731,33.223015,-0.4329175215429686
288.00253,780,40,0.05955528,0.37861866,-0.45210084,3.728185,1.5001637,0.1568818561,-0.09867689928,0.51165612,141.3493223,211,56.87677041,10919.2442,1736.928162,364.0381112,605.7199233,1289.537085,348.1609764,822.4220807,440.3170149,1977.173805,0,0,0,18.171864,0.9882903986,0.1827825,37.91370929,37.62254,0.291169769736328
256.30255,781,10,-0.07677068,0.63643205,-0.6062061,1.4475586,1.957664,-0.1204374333,-0.1735825641,0.52943542,50.10275636,210,67.75847446,8871.118735,91.79633024,0.0,1317.60103,1200.359763,3551.186234,2880.174701,675.0573155,3914.530814,0,0,0,5.5308084,0.9891238006,0.1296267,34.61190197,34.574696,0.037206382841795005
262.59378,858,50,0.13540372,0.20069005,-0.30622458,2.0609682,7.157788,0.6713455622,-0.06666485378,0.4416283,78.19530463,133,271.5740171,9963.084643,3622.832984,0.0,973.2423898,815.3910748,3520.652815,1221.338088,710.2529294,1412.536959,0,0,1,16.773151,0.9876752977,0.1545681,37.94105345,37.438034,0.5030193923828108
270.0,890,40,0.066288196,0.23744191,-0.39069882,9.514491,1.4267509,0.2780056409,-0.1128786912,0.456987016,328.1276235,101,49.20456408,9311.528945,894.5508799,20.11658355,86.86532264,4730.472547,3870.705936,1059.631407,1026.216814,5049.863395,0,0,0,9.344958,0.987875469,0.1618596,34.48714424,34.418682,0.06846214161132735
90.0,785,30,0.21859986,0.25558314,-0.4298273,1.7283981,2.8517408,0.85196502,-0.08188022292,0.64842716,67.85761661,206,111.9605107,3533.436825,1833.958872,459.8715224,559.5438521,746.0411619,1125.85003,1538.274638,896.6892563,1704.852147,0,0,0,9.095096,0.9880148708,0.1709088,39.26040917,39.18632,0.07408791145508076
23.730461,773,20,0.10131654,0.32080764,-0.38938054,1.5259674,3.5415232,0.3148357199,-0.09785759922,0.49069708,55.40888024,218,128.5950374,861.6686514,1223.757457,30.38708301,1151.721627,1588.135894,3354.233862,2544.295392,744.1822933,3766.57496,0,0,0,7.1371202,0.9877205239,0.1715485,36.31065791,36.430202,-0.11954457413085606
260.771,779,20,-0.045595054,0.5945787,-0.61071426,1.4497411,2.8890772,-0.07655588422,-0.1665451104,0.565119206,51.13713656,212,101.9072546,9198.250804,731.516756,0.0,1194.140433,1295.505047,3427.387159,2785.934152,743.6707962,3800.447622,0,0,0,5.5308084,0.9887746721,0.1516173,35.27328884,35.21217,0.061119192783202436
45.72803,911,50,0.08826274,0.20137693,-0.2912262,3.7332947,1.3284217,0.4361304423,-0.08946564296,0.37948894,125.4393293,80,44.63519236,1536.469493,4397.584446,0.0,424.3068065,3668.484267,2361.628546,373.8914266,169.2971847,2349.346299,0,0,2,34.60045,0.9878503932,0.1494418,33.60016805,33.92961,-0.3294431560546869
90.0,926,50,0.08200913,0.21459642,-0.30072463,3.1531475,1.9020331,0.3803826149,-0.09678129659,0.38273376,103.7099502,65,62.55963546,2960.183601,6643.371989,31.32227777,307.8771225,3297.583971,1443.611228,282.058024,580.2069648,3949.53278,0,0,7,43.467064,0.9878696427,0.1909421,32.8909289,32.867626,0.023302709814451816
45.72803,925,50,0.10550622,0.18941899,-0.30297542,3.2362914,0.66430014,0.5540740448,-0.09399319435,0.40848164,108.2642814,66,22.22296092,1529.748622,5866.851851,22.96432413,277.6028826,3360.086962,1540.273585,363.6897789,533.5715503,3864.640683,0,0,7,43.467064,0.98802939,0.1805246,33.45319319,33.720688,-0.26749467621093714
115.98702,903,40,0.063249946,0.17141403,-0.24150944,9.26243,2.1157873,0.3668491827,-0.06758001537,0.304759386,323.5187925,88,73.90036442,4051.202617,1246.595964,0.0,1036.388093,4855.542907,1149.820291,1181.906241,1193.956618,7372.03067,0,0,2,12.08063,0.9874899859,0.1788683,34.92806882,34.97704,-0.04897051715820311
295.9869,795,20,0.11913815,0.40168068,-0.4914163,2.732802,3.1718915,0.2958625927,-0.1177864044,0.61055445,100.7710659,196,116.9623293,10914.40778,0.0,0.0,1089.633746,0.0,3371.702138,3730.597837,547.7465985,2491.443849,0,0,0,2.8426135,0.988094076,0.1275267,36.87463121,36.776733,0.09789781156249688
127.951385,795,20,0.1534268,0.39537868,-0.46842283,1.054166,3.0134852,0.3870712723,-0.109914768,0.62184963,39.12960846,196,111.8576163,4749.429973,292.5276541,0.0,77.77335256,0.0,2300.16762,2690.123855,1095.219627,1879.706835,0,0,0,2.5245173,0.9883295044,0.1415756,37.11901964,37.020786,0.09823335459960703
270.0,793,40,0.15101178,0.32375795,-0.4139839,1.0757117,0.95128286,0.4649979469,-0.0855433773,0.56499568,41.39089335,198,36.60315994,10388.9743,1139.325806,5.311679651,65.43627409,5.311679651,2202.828054,2592.783812,1046.343369,1845.102948,0,0,0,3.7448065,0.9883878787,0.2082406,38.47768259,38.637104,-0.15942144442382755
59.674927,799,40,0.14656816,0.12858494,-0.2615818,1.4650754,2.7533183,1.131058594,-0.05886340999,0.40814996,55.06570773,192,103.4850635,2242.916705,3906.010103,259.9107891,314.3297537,259.9107891,1910.937839,2300.869799,946.0523547,1769.724498,0,0,0,3.7448065,0.9877495813,0.186136,37.58557937,37.698997,-0.11341812755859593
251.99756,762,30,0.11883408,0.19608696,-0.29124618,3.467429,5.9802504,0.6029525241,-0.07161437107,0.41008026,126.8172124,229,218.7207539,9216.519813,1607.584172,270.9783684,265.50694,2215.881326,839.3401492,18.4297962,478.5019731,2969.555441,0,0,0,17.161228,0.9878492697,0.1734565,36.57384545,37.14127,-0.5674242338378903
310.46542,750,20,0.043195542,0.41241002,-0.47248036,3.4472203,4.989312,0.104485958,-0.1219552129,0.515675902,124.0338096,241,179.5195319,11170.80008,2623.929291,393.0976366,580.139468,2778.165514,1419.253789,594.3400603,875.5172419,3460.248497,0,0,0,16.183863,0.9881966937,0.1388072,35.98081898,35.882824,0.09799503590820535
328.38986,769,20,0.14916417,0.3259853,-0.40233132,1.5341334,2.7206328,0.4561800485,-0.09829106066,0.55149549,56.22714109,222,99.71323504,12035.73496,1357.185793,130.2221378,1054.640178,1689.836068,3236.214441,2446.562227,669.4722108,3660.988585,0,0,0,7.95729,0.9887248383,0.1578518,36.6507509,36.716267,-0.06551573208007966
0.0,904,50,-0.08155219,0.49942464,-0.49340975,4.048952,1.8543341,-0.1629659763,-0.1452831132,0.41185756,138.5503988,87,63.45314272,0.0,4011.765786,0.0,360.6629704,3698.837118,2242.127585,352.3075146,134.7295498,2361.083377,0,0,2,33.12072,0.9875117209,0.2234098,34.21882967,33.735065,0.48376420979491996
90.0,900,30,0.13167971,0.23105972,-0.37118822,9.521468,2.8517535,0.5674388903,-0.09932847256,0.50286793,338.2129721,91,101.2974078,3196.898576,1355.359105,61.95678641,916.6227062,4724.573739,1027.040893,1106.345285,1066.296064,7380.982636,0,0,1,7.691043,0.9879457511,0.1695416,35.52109529,35.43979,0.0813064716406231
16.334364,818,20,0.110030115,0.5227903,-0.527027,2.9403687,3.378835,0.2100652017,-0.1499816595,0.637057115,102.0230092,173,117.2366289,566.7591851,0.0,0.0,634.1595462,0.0,2891.297888,3239.177058,899.2963224,2249.969427,0,0,0,2.5212107,0.988815617,0.1327598,34.69735247,34.841915,-0.14456266061523593
115.986824,756,50,0.10437018,0.11905782,-0.1866485,4.1028266,3.1719027,0.8693326266,-0.0449346477,0.29101868,151.0798646,235,116.8001179,4271.024681,2388.737706,258.1380841,566.6894696,2659.987547,1337.039197,515.4804765,855.5750218,3428.823535,0,0,0,16.183863,0.9875413317,0.2078545,36.82336091,36.61877,0.20459031063476374
230.11703,776,10,0.07969044,0.42533204,-0.5219647,1.5728755,4.331063,0.1869210674,-0.1311413476,0.60165514,57.11752034,215,157.2785506,8356.4873,1040.019611,71.64476946,1003.770951,1313.833964,3237.362867,2587.603098,909.975125,3604.084058,0,0,0,6.2035418,0.9888748688,0.1728396,36.31407593,36.267548,0.046528322578126335
0.0,921,40,0.06877579,0.29880095,-0.4023822,3.2950227,1.3909631,0.2294048434,-0.1107668932,0.47115799,115.8152079,70,48.89030979,0.0,3384.793589,215.9839988,239.7254293,3702.554885,1644.538763,242.9329945,298.0536895,3511.876321,0,0,2,37.384884,0.9883172047,0.1623312,35.14853111,34.918987,0.22954383583007854
288.00235,892,30,0.10594901,0.30413222,-0.42762363,9.950821,2.9983032,0.3472232791,-0.1204728385,0.53357264,346.6446339,99,104.4482375,10032.78716,1386.153086,0.0,246.5115937,4503.501226,3972.849655,1094.45003,1332.92288,4856.426115,0,0,0,10.603875,0.9879770189,0.1677203,34.83578228,35.012142,-0.17635990139648783
270.0,894,30,0.07979759,0.24159664,-0.3228875,10.25609,2.3770714,0.3289311427,-0.08379786674,0.40268509,368.3214073,97,85.36647819,9696.363817,1855.211788,0.0,341.464948,4548.541554,3959.445716,999.1350461,1382.668133,4884.297957,0,0,0,10.603875,0.987914504,0.1662113,35.91245858,35.951653,-0.03919394685546962
45.728287,871,40,0.005939835,0.43156734,-0.5147445,13.676582,1.9921955,0.01373158454,-0.1600901521,0.520684335,457.0111247,120,66.57039793,1528.037917,1102.138288,0.0,173.7451218,1323.603174,521.8818395,378.4133576,723.1030767,10356.68594,0,0,1,11.069657,0.9884837712,0.1371718,33.41559497,33.359795,0.055800353300782035
207.15222,771,40,-0.016310679,0.47229254,-0.53895915,1.6429528,2.083805,-0.03446215104,-0.1480976133,0.522648471,57.78668712,220,73.29254228,7286.052602,1726.448959,303.0932374,853.5221073,1608.072074,3063.982992,2461.888435,682.1477216,3469.262361,0,0,0,7.95729,0.988228446,0.1665613,35.17245725,35.3603,-0.18784090673828047
219.37239,905,10,-0.03165818,0.45261845,-0.4931112,2.785539,2.9967587,-0.06979032709,-0.1459250048,0.46145302,95.11794299,86,102.3304729,7490.920244,4295.733174,141.0979797,580.8087648,3430.120488,2103.763279,630.8855267,359.2375884,2085.257915,0,0,3,30.434114,0.9889632437,0.1255128,34.14705125,33.9493,0.19775239135741884
161.12354,889,40,0.13094847,0.23796166,-0.41717955,10.838261,1.4699897,0.5479894557,-0.1093569903,0.54812802,387.8579197,102,52.60503941,5765.965688,940.6245366,71.36910622,71.36910622,4248.819527,3871.789248,1083.704164,1132.554559,4665.929514,0,0,0,11.135311,0.98823029,0.1585234,35.78599184,35.83176,-0.04576856649413941
45.728348,907,10,-0.044880785,0.5607542,-0.58735794,6.4383073,1.9921978,-0.079893991,-0.1724905549,0.542477155,220.5534098,84,68.24558028,1566.489856,1575.147389,123.2976717,783.4229572,5186.613257,1576.735519,1367.544789,1480.278551,6809.31886,0,0,0,6.5216646,0.9890292163,0.1173773,34.25642789,34.269207,-0.012779110732424215
27.15222,869,40,-0.11063739,0.63374096,-0.62305295,13.087509,1.0422472,-0.174303215,-0.1952021272,0.51241556,435.8730655,122,34.71153159,904.291364,903.1225681,0.0,160.5124943,1189.53885,643.4898375,398.017574,860.8108239,10399.80112,0,0,2,11.069657,0.9879413623,0.1338553,33.30450932,33.182003,0.12250629875976671
295.9868,875,60,0.08208551,0.28064436,-0.3974183,12.283726,1.0582639,0.2914509277,-0.09181122572,0.47950381,458.1221467,116,39.4680026,11038.84182,2892.229776,0.0,237.1093707,630.7195086,1158.046995,228.9661258,1554.378121,11106.33278,0,0,3,12.215093,0.9875521445,0.1870785,37.29504767,37.099354,0.1956938797167993
138.6774,801,40,0.15204144,0.253886,-0.33477217,1.2800359,4.314334,0.5965076152,-0.06502307975,0.48681361,50.02284821,190,168.6009547,5419.409354,4571.998057,281.1609319,701.1064524,281.1609319,1673.117936,2004.917689,1123.771199,2039.148358,0,0,0,6.146057,0.9880878796,0.1971937,39.07925411,39.04225,0.03700252308593832
64.01333,769,20,0.11188325,0.40645635,-0.4825986,6.0728464,1.0582677,0.2745895358,-0.1254341944,0.59448185,217.9766807,222,37.98510045,2297.672669,2018.341209,81.92385734,380.8843027,2142.017916,938.9548976,221.754438,381.8212181,3154.111254,0,1,0,17.161228,0.9884107324,0.1429435,35.89365947,36.056973,-0.16331303366210648
90.0,767,20,0.12639245,0.39228407,-0.48129314,5.2969627,1.9020625,0.3213769884,-0.1166150275,0.60768559,194.6536565,224,69.89730558,3307.334802,2190.02327,23.37221568,472.9271447,2238.005101,1025.841272,286.9712663,479.3468881,3229.035621,0,1,0,17.161228,0.9885530516,0.1394295,36.74816447,36.7747,-0.026535694794922904
185.32747,822,50,-0.096792035,0.648379,-0.6128507,1.8598967,5.1097417,-0.1490532262,-0.1839074482,0.516058665,63.13491525,169,173.4521649,6291.012889,984.6121086,0.0,958.3533982,0.0,4099.466773,1535.761094,786.7950311,2646.023077,0,0,0,6.4608645,0.9886431215,0.1175768,33.94538807,33.943317,0.0020706566699217888
270.0,873,10,0.083539486,0.35700196,-0.4506024,3.0676415,1.4267762,0.233349242,-0.1219607945,0.534141886,108.5098772,118,50.46851475,9550.551083,3132.231907,0.0,584.2155423,686.3034823,3209.683864,1469.023964,496.8477199,1436.88254,0,0,2,21.182156,0.987580561,0.2330544,35.37241142,35.278084,0.09432761873046758
256.30276,914,10,0.038502,0.46662387,-0.5248582,3.6611907,1.9576968,0.08233540345,-0.1569658471,0.5633602,124.4619924,77,66.55180358,8712.999347,4552.284205,31.95405679,102.3678905,3580.694059,1899.383795,122.5130846,275.2763586,2502.092815,0,0,2,35.636845,0.9877744973,0.1829112,33.99494936,33.743176,0.2517738534082028
314.2715,873,40,0.12755848,0.28298843,-0.43105516,12.19043,0.6643054,0.4491678763,-0.09482768806,0.55861364,461.1635744,118,25.13065189,11888.88073,2467.041813,0.0,229.060162,541.7651436,1213.421107,181.4293341,1590.689172,11065.78511,0,0,3,12.215093,0.9880710832,0.1701504,37.8299678,37.869698,-0.03972977080078266
18.87662,759,40,0.19400471,0.26113307,-0.41807407,5.230937,1.469991,0.740100095,-0.09107332915,0.61207878,198.4315014,232,55.76295818,716.069807,2072.418121,104.3677838,808.0065922,2610.1594,1422.716187,635.0804135,664.1765836,3598.093702,0,1,0,16.183863,0.9882277272,0.1477607,37.93421741,37.8914,0.04281802645508037
113.42622,753,40,0.13510849,0.2970175,-0.3767661,4.9445424,4.6555505,0.4533575713,-0.08569925481,0.51187459,185.260422,238,174.4325724,4249.814783,1432.254822,180.6564932,859.8459398,2707.123632,1513.274134,716.1711753,582.3669232,3656.328652,0,1,0,16.183863,0.9878913871,0.1799805,37.46765768,37.453533,0.014124507392580199
0.0,760,50,0.07681186,0.19123134,-0.24828935,4.741395,2.7802885,0.3995803182,-0.06428893308,0.32510121,170.4129041,231,99.92777179,0.0,2855.305555,351.52225,1129.382824,3095.349471,1882.508078,1068.421313,348.6469194,3496.585904,0,0,0,13.854404,0.9875478934,0.1989892,35.94151175,36.054314,-0.11280190966797221
207.15242,896,50,-0.0040407926,0.4752615,-0.4878814,13.205014,1.0422491,-0.008484399012,-0.1488472523,0.4838406074,445.0447396,95,35.12661776,6981.597657,3098.613454,182.9524697,182.9524697,3991.065245,3649.161761,1090.569352,1079.566865,4433.949041,0,0,0,9.844631,0.9876599049,0.2022572,33.70270865,33.807636,-0.10492761098632997
45.728603,899,40,0.027765535,0.44893268,-0.5161512,6.8113,1.3284353,0.06171042077,-0.1589452889,0.543916735,228.6163725,92,44.58797283,1534.847582,1438.446173,43.64788931,672.4400945,4935.449695,1385.149774,1259.632336,1274.585616,6826.278287,0,0,0,7.691043,0.9886320156,0.1625605,33.56427884,33.362423,0.20185589688476568
180.0,890,40,0.010885886,0.38030383,-0.49928877,13.588707,1.3909631,0.02854911266,-0.1477355218,0.510174656,464.0374976,101,47.49966543,6146.776847,2472.248356,176.2317975,176.2317975,3799.097365,3417.526199,961.6171352,960.0727522,4294.565722,0,0,0,8.687581,0.9875028666,0.1850967,34.14876026,34.16164,-0.012879907236325039
314.27133,899,30,0.10245152,0.35637268,-0.49390987,9.59375,0.66430765,0.2866797764,-0.129783902,0.59636139,343.0267346,92,23.75247259,11236.84358,898.2081222,122.6972298,440.9064493,4534.284614,1014.005898,1297.886625,1005.770669,7070.019677,0,0,0,7.3077774,0.9884639691,0.1699184,35.75522966,35.902103,-0.14687376407226793
69.918625,810,20,0.16172668,0.43822527,-0.5174649,2.7843962,4.045162,0.3682089603,-0.1292631849,0.67919158,101.307876,181,147.1797621,2543.929414,0.0,0.0,980.7710218,0.0,3069.843149,3188.148477,849.6374321,2720.498057,0,0,0,3.5206091,0.9882025633,0.1572873,36.38414534,36.3375,0.046643814121097193
134.27121,810,20,0.17951173,0.4936819,-0.52694875,1.0044342,3.9796216,0.3628831578,-0.1328949185,0.70646048,36.42875193,181,144.3326482,4869.739202,0.0,0.0,742.0484894,0.0,2692.955508,2808.25619,1110.970093,2542.998068,0,0,0,3.1995199,0.9884744423,0.1266774,36.26793266,36.345467,-0.07753395376953165
90.0,812,20,0.15948276,0.39285713,-0.4818653,0.9608244,0.9513039,0.4049254104,-0.1088749945,0.64134806,36.07044823,179,35.71303775,3378.70306,2110.269846,0.0,829.9328783,0.0,1865.074681,1968.274222,816.1961904,2340.541998,0,0,0,5.185276,0.9884487355,0.1374417,37.54114511,37.564034,-0.022888398300779045
249.91862,753,50,0.09187697,0.112829186,-0.18925898,5.7124896,4.045162,0.807147738,-0.0462233453,0.28113595,209.3865588,238,148.2720513,9160.559314,2639.107382,168.6751109,1073.015599,3083.010855,1949.439551,976.624733,162.7738325,3312.077604,0,0,0,18.982506,0.9875587013,0.1756396,36.65416892,36.515224,0.13894446321288711
293.4261,836,20,0.1376348,0.28977585,-0.36516204,2.7658615,4.6555767,0.4733364205,-0.09291630885,0.50279684,100.009558,155,168.3389309,10609.86407,3987.148301,0.0,301.4728942,150.7111409,3758.702723,1780.150753,280.935747,2182.063477,0,0,3,20.59065,0.988492329,0.1717141,36.15855602,36.350346,-0.19178959157226672
172.69334,855,20,0.019996263,0.5248619,-0.5519384,2.9422345,3.7350368,0.03802569268,-0.1511000858,0.571934663,103.6314381,136,131.5555354,6082.608023,5141.227849,0.0,410.5864855,542.2737478,3103.948409,1596.564738,527.4763864,1582.045942,0,0,2,26.577936,0.9884274262,0.1659901,35.22201854,35.09577,0.1262467504492193
156.26898,923,50,0.15989046,0.10501524,-0.16881594,8.203709,3.5415385,1.508183729,-0.04528749096,0.3287064,291.1383449,68,125.6843286,5545.77109,6258.646384,171.0384579,289.9912732,3587.59157,1591.276903,156.0854501,234.7077336,2168.99255,0,0,2,39.60981,0.9873428856,0.1650572,35.4886241,35.24573,0.24289274624023705
90.0,906,10,0.010636079,0.37149465,-0.44546008,4.310888,0.47568473,0.02855364231,-0.1389188056,0.456096159,143.874071,85,15.87577747,3003.712086,5309.388724,20.46198847,175.8757627,3244.81918,1467.585901,357.6750372,301.4413713,3536.990688,0,0,3,38.41981,0.9878054638,0.1676326,33.37457873,33.257797,0.11678148878906569
251.99794,912,20,0.053597122,0.44520736,-0.48896435,3.1536744,1.5002027,0.1201170729,-0.1344976581,0.542561472,110.8793607,79,52.74530444,8859.941436,4643.151659,77.0543911,436.8507248,3591.967679,1123.191214,353.2607898,341.6416848,3115.804511,0,0,3,40.915062,0.9881739608,0.1371826,35.15878517,35.04386,0.11492378083984534
240.87904,926,50,0.0064850845,0.22795768,-0.27031508,3.5731072,3.8060892,0.02832438073,-0.09211930162,0.2768001645,114.2375308,65,121.6863105,7701.259776,6798.198506,42.20159046,218.218815,2647.910118,1216.503839,283.0304954,350.6128706,2759.063467,0,0,14,53.039894,0.9875437178,0.1604516,31.97148152,32.027126,-0.05564479225585828
202.30876,917,10,-0.08638234,0.5378486,-0.5554867,3.8474567,2.5047245,-0.1603091109,-0.1463558293,0.46910436,137.4351911,74,89.47138775,7226.681222,5763.670768,91.61599656,41.45804936,1205.365216,260.9438608,263.1112851,230.2472702,177.1035843,0,1,2,60.974014,0.9882264943,0.1567641,35.72104946,35.190212,0.5308372102441439
90.0,925,50,0.08763441,0.13739946,-0.18879159,14.5766325,0.951306,0.6331990746,-0.05935452616,0.276426,484.695333,66,31.63238001,2992.637701,8665.640041,95.61675951,332.0881954,717.5663817,143.726313,140.7634269,178.6380573,311.7378081,0,1,1,66.01832,0.9881323777,0.1067806,33.25153001,33.35478,-0.10324827979491857
180.0,910,50,0.09856084,0.06601341,-0.12275937,4.723427,2.7802885,1.470762941,-0.03602935541,0.22132021,161.8480983,81,95.26651022,6167.695129,7228.989197,86.71933278,306.3323206,2670.303296,861.5997668,121.4399938,831.846658,1313.248443,0,0,1,40.510944,0.9872634662,0.2364374,34.26497294,34.03195,0.23302103570312482
34.36629,917,50,0.096211255,0.12168709,-0.18697226,13.294971,3.3669918,0.7842003181,-0.05931621176,0.283183515,440.2377069,74,111.4915368,1137.974404,7867.119852,182.1695979,544.7333811,434.2456279,197.3219122,125.888333,117.824092,609.9160777,0,2,1,66.01832,0.9873211912,0.1616244,33.1131002,33.00699,0.1061116746093731
123.02043,920,50,0.050187927,0.24125975,-0.30696684,13.9482975,3.4000268,0.2071657673,-0.1015376857,0.357154767,452.7176653,71,110.3541271,3992.854458,5281.273311,109.9737287,723.2582943,441.9937618,816.9048694,187.8071905,262.2244242,1303.554111,0,2,0,51.274982,0.9876297123,0.1941633,32.45684036,32.506584,-0.049743807480467694
0.0,906,40,-0.046601113,0.5252336,-0.5819063,9.729772,0.46373534,-0.0885559436,-0.1648815648,0.535305187,338.1793183,85,16.11812704,0.0,1480.971483,0.0,576.8612046,4602.168346,1471.929636,766.2762432,948.1010639,5619.931973,0,0,0,5.2253647,0.9881312204,0.1624537,34.75716782,34.47253,0.284637455009765
238.64636,792,40,0.07711481,0.2737046,-0.34270173,2.4707775,4.4474063,0.2807190342,-0.08208098245,0.41981654,91.13012203,199,164.0344705,8802.03576,2846.917045,511.4397687,268.7358054,511.4397687,3567.822586,1539.332811,355.6140027,3952.145586,0,0,0,12.312669,0.9875839955,0.2123232,36.88317626,36.682602,0.20057433128906155
155.49165,884,10,0.12265403,0.26898822,-0.37492573,2.4031177,4.5772314,0.4542940059,-0.09980015263,0.49757976,85.5256509,107,162.9011741,5533.863188,3489.910737,130.0681738,543.6260618,1900.083215,723.8887914,558.4615825,531.4407787,632.8862377,0,0,0,35.936596,0.9886358942,0.1294482,35.58945569,35.553455,0.03600033721679807
270.0,935,50,0.06381922,0.21105044,-0.24340369,3.0728695,0.95131445,0.3009624503,-0.06996270612,0.30722291,106.1950594,56,32.8764025,9330.909118,7508.829095,38.94629521,301.4484475,2665.904996,1261.179452,219.4447574,352.3795982,2353.567378,0,0,19,45.590256,0.9872336032,0.1366503,34.55892266,34.2829,0.2760208960839847
306.17242,921,50,-0.03257329,0.5263316,-0.51538694,3.6105223,4.7037234,-0.06177003237,-0.1686622284,0.48281365,117.8031878,70,153.4718705,9989.714531,4775.410213,64.02227162,599.5859985,130.9688664,382.5312258,374.2979136,411.2592733,1071.434486,0,2,0,58.85035,0.9889612762,0.1420839,32.62774136,32.781834,-0.15409228868163893
96.94772,926,50,-0.0064102565,0.2668588,-0.3122388,9.401558,3.8280528,-0.02393147621,-0.1050419489,0.3058285435,302.5740901,65,123.1997497,3120.107132,5582.706894,110.1339579,627.2649501,461.311532,835.7645947,202.1425387,174.9227902,1370.195019,0,1,0,51.274982,0.9874754262,0.1460239,32.18339876,32.164944,0.018455064931643506
9.701683,900,40,-0.020346321,0.47774294,-0.5260602,9.734569,2.820563,-0.04249946955,-0.1582521818,0.505713879,330.0943564,91,95.64387783,328.9792086,1642.529111,0.0,529.9867657,4509.316922,1400.813529,766.0681462,959.3752726,5550.102343,0,0,0,5.2253647,0.9880265301,0.1359325,33.90949886,33.769264,0.1402346388085931
256.3031,888,20,0.14695975,0.40907758,-0.49487418,2.7015018,5.8550453,0.3583706039,-0.1381286565,0.64183393,94.45057866,103,204.7055518,8960.932807,3141.991157,0.0,941.1097324,100.1258849,2431.484104,1280.782953,888.6738059,1473.260942,0,0,1,24.184765,0.9879877003,0.1782673,34.96224902,35.034317,-0.07206799660156094
105.56428,881,50,0.072981365,0.31897265,-0.3787529,2.689749,3.452485,0.2280862599,-0.1052899458,0.451734265,94.18677219,110,120.8954509,3696.537778,5726.052932,0.0,599.8138601,163.4889562,1867.668425,844.4295685,578.8393619,1078.860005,0,0,3,21.702913,0.9876142349,0.1791163,35.01693734,34.80376,0.21317681143554523
180.0,889,40,0.021469371,0.4366686,-0.48298508,2.894495,2.7802885,0.04905394401,-0.12543253,0.504454451,103.9236982,102,99.82323789,6462.704435,4271.704004,248.6885327,576.7350062,1765.117703,597.5689766,512.9546623,393.0847678,500.476931,0,0,0,60.660892,0.9878740784,0.1489855,35.90391353,35.666893,0.23702052462890322
134.27083,918,50,0.086862884,0.21606119,-0.2639947,6.2065043,0.6643137,0.4001769455,-0.07224396498,0.350857584,218.6374305,73,23.40187541,4729.978074,5597.346284,0.0,528.8661866,678.4070481,299.7483997,216.5105614,373.8828338,497.4075279,0,1,0,59.67982,0.9880723372,0.1574858,35.22714557,35.176636,0.050509827812497576
320.6268,918,40,0.06889656,0.22741432,-0.32351422,2.976946,2.9967933,0.3016297752,-0.1008780199,0.39241078,99.35940628,73,100.0218355,10701.33233,4070.47942,3.520830105,501.5388249,230.0465926,444.160638,400.9506325,388.2628475,1128.008032,0,2,0,48.71721,0.987322831,0.2322104,33.37628774,33.55942,-0.18313379930663842
101.03272,918,50,0.0702798,0.16510215,-0.2253194,26.033491,2.4218538,0.4231119224,-0.07109264221,0.2955992,864.2296794,73,80.39789719,3353.967211,7077.899988,257.4500271,515.1141971,770.3808639,1144.206411,206.6172069,317.5294602,1655.757475,0,0,0,54.852734,0.9874518016,0.1768754,33.19684169,33.021496,0.17534587090820253
161.12296,894,50,0.1291203,0.13055329,-0.20197044,3.9948826,1.4699948,0.9815056697,-0.05655877621,0.33109074,139.4925706,97,51.32900612,5626.061671,4831.081222,190.8449747,615.666052,1464.053518,487.3837541,400.8547246,142.5371804,368.5646048,1,0,2,60.660892,0.9873211517,0.1864101,34.91781476,35.03661,-0.11879488965820428
90.0,933,50,0.057625815,0.18359469,-0.24139675,3.053622,2.851867,0.3121748247,-0.07779856654,0.299022565,100.3686214,58,93.73719443,2958.184059,6877.34179,0.1907043634,275.0957958,2503.657793,1123.672944,229.1005873,277.5689926,2202.227435,0,0,13,50.127872,0.9876611373,0.2816934,32.86871177,32.7253,0.1434119347949192
244.01398,897,50,0.008393956,0.29185906,-0.32205918,3.2715673,2.115863,0.02866210115,-0.104997821,0.330453136,106.9395416,94,69.1623918,7976.220809,3226.098537,61.75553659,145.9884085,2986.815106,1121.161305,317.6989543,601.8506515,1327.111922,0,0,1,34.96218,0.9876335085,0.2454972,32.68755671,32.716686,-0.02912953877929425
90.0,783,80,0.0034843206,0.12746386,0.10718002,3.6854477,0.95132285,0.02712296361,0.04020392728,-0.1036956994,111.6945162,208,28.83165198,2727.62152,3919.481483,637.5929154,0.0,1060.149604,3102.572497,1238.410817,310.2049162,3397.15891,0,0,0,26.38876,0.9866201133,0.0285463,30.30690578,30.01891,0.2879963256542979
90.0,888,20,-0.04383941,0.6681416,-0.64031905,2.9897108,2.8518734,-0.0655158938,-0.2154583329,0.59647964,96.20883596,103,91.77323108,2896.198267,4550.395818,0.0,874.3171906,0.0,2008.002313,1120.885923,698.4080724,1318.338484,0,0,2,21.702913,0.9890544081,0.1227881,32.17998074,32.031666,0.14831493799804463
248.69702,936,50,0.059936907,0.10890598,-0.17015707,3.4989283,2.5512762,0.5453470958,-0.0543054411,0.230093977,115.5374594,55,84.245216,8212.177955,6561.01499,0.0,332.1571879,2485.86803,1142.520551,233.7871492,202.2595669,2063.050875,0,0,8,50.127872,0.9877580988,0.168609,33.02081366,32.93451,0.08630438265625173
161.12291,899,50,0.08288611,0.18978855,-0.2307282,3.7764168,1.469995,0.4344396454,-0.0711325002,0.31361431,126.6881672,92,49.31419971,5405.220672,4804.262245,310.8590542,177.1427467,2225.682173,888.1920807,336.2649573,365.0495925,3972.101288,0,0,0,54.441406,0.9872147852,0.1610659,33.54718874,33.612606,-0.06541730858398154
165.61655,935,10,0.046946406,0.27409053,-0.31876975,3.6331325,1.9142953,0.170658023,-0.09264771942,0.365716156,124.9921206,56,65.85827219,5697.772872,6216.472347,17.69917063,235.6687266,2347.052802,1006.88107,260.286638,114.1064011,2058.988089,0,0,10,50.127872,0.9881938918,0.1949299,34.40340275,34.054585,0.3488182468261698
270.0,906,40,0.04529116,0.3096647,-0.37509707,3.178426,0.9513271,0.1457879186,-0.1158390587,0.42038823,106.5457775,85,31.88996236,9050.819469,3393.717933,157.1677767,197.0738614,3019.11155,1104.607499,460.6131346,435.4399373,1228.666372,0,0,1,34.96218,0.9888325535,0.1683924,33.52155359,33.514713,0.006840302646487828
309.0897,896,10,-0.29295155,0.7526748,-0.60018176,11.746244,3.6723537,-0.3886975523,-0.2240323551,0.30723021,357.0361815,95,111.6240342,9395.02076,1355.451038,41.2618313,0.0,4404.624146,714.6415296,226.6883829,741.6444399,5734.098362,0,1,0,7.0086546,0.9879881711,0.0635709,30.3957743,29.984316,0.41145842780761654
90.0,919,50,0.068947084,0.20748614,-0.28529269,4.039637,4.2734423,0.3307034415,-0.08224433926,0.354239774,139.4398119,72,147.5102814,3106.611578,5686.743609,214.1815687,422.0046305,897.0560612,410.5334646,147.9187603,741.5651347,794.298568,0,1,0,59.67982,0.9874036878,0.1988093,34.51790642,34.61002,-0.09211326383788787
322.4271,907,10,-0.04225352,0.63650984,-0.6048896,3.245864,4.6705084,-0.06627900834,-0.227857224,0.56263608,98.12246979,84,141.1894705,9746.971339,611.5545549,0.0,1201.843223,0.0,2266.922371,1537.016714,812.5843289,1700.051289,0,0,0,19.797686,0.989052936,0.1194713,30.23000033,30.213291,0.016709161787108684
121.35312,896,10,-0.035181236,0.58078957,-0.61028194,2.9772677,4.4474707,-0.06047072312,-0.2110931045,0.575100704,94.44987311,95,141.0901154,3849.766948,3373.686194,0.0,1086.42369,0.0,1876.968785,1320.683388,619.120196,1354.959146,0,0,3,15.182244,0.9885043791,0.1202893,31.72367507,31.504251,0.2194235898974597
0.0,878,50,0.02785406,0.24585219,-0.30044606,4.3208866,2.3174627,0.1128369977,-0.09712571483,0.32830012,141.815212,113,76.06111765,0.0,6079.687158,2.71348073,246.3899064,1016.302779,418.908307,602.580447,351.8844076,383.6556212,0,1,2,67.306694,0.9879985829,0.1796928,32.82085949,32.906437,-0.08557743016601904
39.37369,930,50,0.0392936,0.3002689,-0.34987593,8.136192,2.9968147,0.1304270039,-0.1096282545,0.38916953,270.9579775,61,99.80232152,1311.254136,5958.174592,0.0,279.3061461,2132.182149,828.3112831,127.1577122,137.3498245,2001.434716,0,0,5,54.562447,0.9884783417,0.1792089,33.30280031,33.19307,0.10973085199218957
103.69666,898,50,0.07712193,0.2776618,-0.33208954,8.983407,1.9577745,0.2767581707,-0.08941582245,0.40921147,318.3788777,93,69.38503933,3675.089666,5430.061162,83.30030177,402.3519677,2125.807355,577.78327,530.6629765,179.9815048,3676.137958,0,0,2,68.28809,0.9878563429,0.1666915,35.44077182,35.47451,-0.033738372871091826
165.61646,894,20,0.05643341,0.06429026,0.000598,3.6860993,1.914296,0.864346535,0.0002139251141,0.05583541,114.8199574,97,59.62926315,5158.861261,2265.73898,22.65362768,0.0,3537.697303,597.6600156,508.7984177,639.1103381,1629.433458,0,0,0,53.194214,0.9874287541,0.0421735,31.14944771,29.927631,1.2218163318261723
264.43213,912,50,0.025112107,0.11745053,-0.16287777,3.744944,4.768614,0.2120050202,-0.05381888673,0.187989877,121.613051,79,154.8556394,8587.150601,5000.805067,0.0,372.691162,2782.128056,897.5258198,294.8880228,136.3560396,880.2250588,0,0,4,49.33082,0.9883497002,0.162424,32.47393046,32.348377,0.12555323221679515
248.69733,784,40,0.07818013,0.21458283,-0.30494216,3.7291226,2.5513105,0.3626454389,-0.08196664059,0.38312229,132.2458336,207,90.47709607,8819.550666,5474.379074,253.836453,451.2561313,1448.038318,2616.427547,941.4529444,293.5320471,2907.911646,0,0,0,30.378117,0.9882016201,0.1765995,35.46298895,35.40298,0.06000814555664391
293.42535,875,20,-0.0076923077,0.61728394,-0.59210026,3.1378765,4.655715,-0.01244138365,-0.2178026345,0.5844079523,96.20403587,116,142.7393885,8996.116609,556.3148628,0.0,1011.134194,0.0,2558.460342,1571.354869,523.7648426,2007.79249,0,0,0,19.797686,0.9885833568,0.1203043,30.65896184,30.594112,0.06484944375976553
355.114,895,10,-0.102080785,0.7072431,-0.6276211,3.2450247,5.5676503,-0.1441324102,-0.2389633435,0.525540315,97.45933309,96,167.2158259,10665.3036,534.4171079,0.0,1167.995888,0.0,2363.366032,1573.365334,717.6621231,1830.802314,0,0,0,19.797686,0.9892279091,0.1367016,30.03346418,30.116655,-0.08319116973144602
299.12015,895,10,-0.11221294,0.7048,-0.63608444,3.3090243,3.8061855,-0.1589868801,-0.241939158,0.5238715,99.4436695,96,114.3844888,8989.237503,426.7717662,0.0,1250.470099,0.0,2265.819415,1580.897249,814.8269733,1743.75745,0,0,0,19.797686,0.9893055371,0.1328606,30.05226329,29.667753,0.3845100703955069
109.518845,900,10,-0.07146695,0.6158833,-0.6237785,3.19199,5.534617,-0.115851653,-0.2160252561,0.55231155,101.1961919,91,175.4648868,3472.094227,2051.086051,0.0,1178.5034,0.0,1875.638066,1410.092392,655.4895324,1409.409135,0,0,2,15.182244,0.9888104375,0.1155881,31.70316695,31.529171,0.17399596000976558
45.72981,891,50,0.03474729,0.25971732,-0.320778,6.1256537,1.3284639,0.1332757256,-0.1031332803,0.35552529,201.5726595,100,43.7148449,1504.799304,7235.669475,49.70988286,569.5013072,1548.331843,174.888587,166.6400266,240.1429716,246.9348922,0,1,5,59.8828,0.9881280431,0.137491,32.90630999,32.76819,0.1381215134374969
90.0,913,50,0.040971167,0.18099307,-0.23094046,16.46667,0.4757016,0.2251248743,-0.0708642877,0.271911627,553.5642963,78,15.99178349,3025.553234,5728.100682,236.3629204,387.4526553,1577.663926,648.3848991,17.55563192,254.012893,3819.19678,0,0,1,57.81162,0.9877213881,0.1695819,33.61725815,33.566666,0.05059250058593534
45.72981,898,50,0.049888913,0.18518518,-0.24907063,9.099357,0.66432124,0.2679531905,-0.07771772229,0.298959543,303.6094521,93,22.16576487,1525.822381,5403.949312,74.47786096,522.3998118,1986.512576,480.2880552,458.7313181,319.2819027,3732.839922,0,0,1,68.28809,0.9880312672,0.1711804,33.36603368,33.456715,-0.0906809501269521
34.367058,913,50,0.04227908,0.23173863,-0.28449744,5.5182667,1.6849661,0.1816590568,-0.08446120081,0.32677652,188.1779049,78,57.45887393,1171.947882,5678.914743,204.2136609,150.5063861,1477.742471,521.0625787,333.9075182,442.5719412,690.2457992,0,0,1,58.020794,0.9880634506,0.1952354,34.10090798,33.96677,0.13413780788086171
247.3253,916,20,0.070949525,0.24591716,-0.32795155,3.653387,3.604166,0.2873414104,-0.1044804745,0.398901075,120.7377102,75,119.1110468,8173.645547,5468.104478,278.8007444,227.6291227,1398.134003,432.446515,326.0103649,504.0090307,782.6944723,0,0,0,58.020794,0.987785238,0.1905121,33.04815782,33.16368,-0.11552321027343737
0.0,917,50,0.11239861,0.2216906,-0.36611465,6.1174917,1.8543341,0.5047299257,-0.1054276302,0.47851326,211.2570997,74,64.03625261,0.0,3212.149881,258.71813,282.3694142,868.8777233,1092.010722,391.039164,561.7258335,1640.465923,0,0,0,37.814606,0.9880248251,0.198076,34.53328751,34.63177,-0.09848357764648341
127.169716,900,10,-0.07679229,0.60405236,-0.6101695,3.5500104,5.3572826,-0.1269184207,-0.2176765326,0.53337721,110.7507394,91,167.1327524,3967.35178,2080.142614,0.0,1207.103046,0.0,1782.246242,1321.272402,624.4530407,1393.107346,0,0,2,15.182244,0.9889721513,0.1030247,31.19729999,30.74882,0.44848063880371214
212.66519,921,50,0.04365256,0.23355357,-0.27607727,6.0544963,4.3983164,0.1861091264,-0.08683534089,0.31972983,201.2798766,70,146.2206827,7069.98916,6101.191189,25.55354837,870.4755407,2513.528803,553.795407,192.1208112,258.025559,1367.555824,0,0,1,43.675148,0.9873059599,0.1841795,33.24469397,33.394962,-0.15026834079101548
217.57315,923,50,0.09247787,0.1597399,-0.22156045,3.880545,2.3391476,0.5753261636,-0.06952406255,0.31403832,129.1468007,68,77.84819627,7240.961316,5612.538042,95.94453465,845.0041427,2433.458199,576.1807865,236.5574009,285.1121062,1433.034449,0,0,1,43.675148,0.9872953134,0.1985503,33.28058318,33.44137,-0.16078492302734304
108.00139,899,50,0.045485403,0.16006601,-0.21942759,15.415623,2.998459,0.2824022461,-0.07096566321,0.264912993,505.8486146,92,98.39150394,3543.960144,5414.385257,186.7022218,580.2546916,1847.219592,407.8367185,389.5230771,437.7355774,3742.434954,0,0,2,68.28809,0.9873342874,0.1882689,32.81402345,32.849426,-0.03540281953124946
53.828415,883,50,0.022648439,0.2914532,-0.35310733,2.7910469,4.703818,0.07744295156,-0.09725238551,0.375755769,98.08211909,108,165.3001378,1891.621746,5546.457773,82.75200299,129.4373721,648.8029063,739.4371429,824.9495346,468.7244014,754.3555904,0,0,0,67.306694,0.9878004666,0.1915076,35.14169507,34.593113,0.5485821244433566
270.0,910,20,0.08143829,0.39905268,-0.4875669,1.1532109,2.8519366,0.203568915,-0.1432534482,0.56900519,39.49700264,81,97.67766453,9247.3898,2505.202533,0.0,1273.03481,2643.663814,2346.331053,361.2617895,2035.981462,3029.160969,0,0,1,9.275522,0.9886203423,0.1762547,34.24959185,34.441856,-0.19226453427734214
341.12253,912,40,0.067708336,0.18852265,-0.27791944,1.1700454,1.4699985,0.3572572249,-0.08284130472,0.345627776,39.83162346,79,50.04286735,11612.76662,940.1699558,0.7435413551,957.9365708,2967.623863,2276.621928,100.083636,1824.715312,3190.049665,0,0,1,8.944686,0.9879763331,0.1786124,34.04280164,34.01517,0.027630588974609793
0.0,904,30,0.14745973,0.38014042,-0.50054526,1.3305213,0.46373534,0.386890821,-0.1374009673,0.64800499,46.81589454,87,16.31705165,0.0,1544.457012,84.9665348,139.7608298,3308.801326,2567.965336,63.73808864,1271.25637,3772.737215,0,0,2,9.981869,0.9877294446,0.1864756,35.18612933,35.177044,0.009085415205078107
66.57488,891,20,0.09856131,0.4812985,-0.54281515,3.092404,4.6557584,0.2043574882,-0.150075308,0.64137646,108.5137699,100,163.3725399,2336.140818,3749.308146,0.0,816.1685919,0.0,1424.793338,921.4876184,590.2847822,1291.154329,0,0,0,48.8591,0.988974728,0.1430933,35.09042477,35.03934,0.051083797099607864
270.0,924,50,0.0953125,0.10575316,-0.15886915,18.637562,0.9513482,0.8928307134,-0.05045099481,0.25418165,616.860792,67,31.4874555,8936.38416,5083.680219,179.0984046,402.9489711,1527.518809,1840.869362,492.4511873,205.4694456,2464.872396,0,0,1,46.83955,0.9874290948,0.1878513,33.09771911,33.20382,-0.10610016490234386
90.0,909,60,0.02784101,0.24428508,-0.31128955,17.953575,1.4268583,0.1135047024,-0.09188868497,0.33913056,613.7059853,82,48.77421231,3076.464641,4301.170654,0.0,60.39885569,1676.241311,2119.331542,135.3288577,753.4031465,2978.430332,0,0,4,27.538277,0.9873830447,0.2373135,34.18294046,33.95295,0.22999093607421628
314.26987,907,40,0.12879884,0.2932331,-0.47549018,1.5366514,0.664325,0.4377442239,-0.1263512295,0.60428902,54.7227269,84,23.65772455,11191.67579,1284.442272,41.95689248,698.2951264,3267.115146,2259.016489,320.0299385,1406.341866,3358.597463,0,0,1,8.888396,0.988289658,0.1511963,35.61167282,35.817333,-0.20566040143554432
16.335392,886,20,0.07274663,0.33897004,-0.4105263,2.8453548,6.734366,0.2139795318,-0.1164951013,0.48327293,98.83812141,105,233.92938,567.436953,6790.815546,255.3517414,460.442752,338.9775655,1083.245203,677.2731639,617.8438071,1106.096692,0,0,0,43.7557,0.9882275685,0.1755038,34.7366597,34.64629,0.0903698745605439
27.153715,918,50,0.076642334,0.11552028,-0.1792123,21.489195,1.0422611,0.6577596106,-0.05597028807,0.255854634,716.7154021,73,34.76186909,905.6405215,6992.501615,181.0461349,396.8846167,1765.313402,2000.651265,396.5912564,450.563721,2766.795842,0,0,2,36.86035,0.9875320536,0.1934323,33.3523616,33.25503,0.09733001430664245
18.87759,906,40,0.16457081,0.12105649,-0.3585241,1.7493109,4.4022827,1.348316751,-0.1049726335,0.52309491,59.99988245,85,150.9945685,647.4853503,694.5540867,74.29446015,737.6270358,2879.485568,2080.839845,236.4049038,1609.967442,3043.897221,0,0,0,11.876009,0.9878315901,0.2273562,34.29915314,34.275097,0.024056246689454497
341.1224,906,40,0.1110279,0.31779072,-0.45912722,1.525676,1.4699996,0.3482783313,-0.1256433209,0.57015512,53.74521054,85,51.7838899,12016.76844,1215.705954,46.56748006,600.5588577,3155.97769,2138.206588,327.1546245,1378.324347,3223.233919,0,0,1,11.671143,0.9880938445,0.157834,35.22714557,35.320625,-0.09347973517578367
270.0,907,30,0.104166664,0.23433618,-0.32818532,1.5227846,0.9513503,0.4426291954,-0.09164893042,0.432351984,53.22956457,84,33.25484263,9437.961505,1498.734019,14.19996506,599.0320966,3169.483555,2163.337061,246.5963654,1322.234591,3273.806551,0,0,1,11.671143,0.9880923393,0.1596157,34.95541298,34.923172,0.03224098292968591
115.98522,816,20,0.061654136,0.4181818,-0.46380696,3.704942,3.172084,0.1470820918,-0.09696624748,0.525461096,142.1206893,175,121.6803838,4449.165307,4620.095102,0.0,273.0319123,620.1463935,2239.484732,793.0712674,623.0558572,3303.111101,1,0,2,26.92791,0.988594429,0.1532399,38.3597609,37.986485,0.3732763724121071
64.01478,911,50,0.0752394,0.12666667,-0.18961725,18.827702,1.0583227,0.5893425434,-0.05819758697,0.26485665,632.871365,80,35.57429004,2151.782581,5639.639957,87.64578314,239.7895852,1578.286975,1902.028419,184.7218269,594.2266026,2972.944063,0,0,1,36.86035,0.9874562192,0.1918345,33.61384013,33.48748,0.12635996642578107
126.17128,913,20,-0.032543004,0.53383976,-0.5796586,1.4773479,2.3558955,-0.06084626917,-0.2008887549,0.547115596,46.8189335,78,74.66116461,3998.519758,2625.636631,0.0,701.284771,2106.324571,1753.566052,489.4141652,1964.804289,2680.958804,0,0,2,18.103106,0.988589717,0.1419523,31.69120388,31.902521,-0.2113172534228518
341.12225,925,50,0.023305537,0.16888434,-0.24536532,16.129066,1.4700009,0.1371847282,-0.0825965555,0.268670857,518.9227743,66,47.29455166,10974.97551,5272.4516,0.0,360.440014,842.6641063,594.8754264,93.69692776,635.7870915,2591.721564,0,0,5,45.708874,0.9878204094,0.1585146,32.1731447,31.998526,0.17461908049316577
270.0,926,50,-0.019111324,0.39320704,-0.3904824,17.253607,0.95135874,-0.04848042288,-0.1276629311,0.371371076,563.211606,65,31.05531984,8813.643062,5265.422269,0.0,342.5427743,828.5487892,504.0585669,43.17058359,550.5230259,2676.044185,0,0,5,45.708874,0.9876335565,0.2204148,32.64312245,32.531643,0.11147953618164053
115.98512,913,40,0.10288654,0.2843699,-0.39666295,17.348398,1.0583265,0.3605374638,-0.09824809991,0.49954949,632.9855494,78,38.61482663,4231.912647,1530.129483,0.0,327.8979691,1448.562923,634.3910073,260.4214931,1063.261186,1664.510143,0,0,0,27.05746,0.9878747975,0.1910434,36.48668594,36.343044,0.1436416589941416
27.153923,909,50,0.06738245,0.10264828,-0.1831846,17.69967,2.0838368,0.6501067842,-0.05924422097,0.25056705,580.7973864,82,68.37906962,891.0294661,5029.929119,85.78158782,192.7674828,1444.05053,1811.019453,99.83674419,629.4272464,3112.25025,0,0,2,26.195536,0.987766432,0.1677167,32.81402345,33.13658,-0.32255797089843696
279.22824,912,60,0.039589744,0.360651,-0.423533,1.4850864,2.889314,0.1094694719,-0.1244543863,0.463122744,50.86106503,79,98.95288736,9562.976049,2622.844487,2.790071947,779.5048316,2155.526767,1937.108282,87.86208638,1731.636837,2592.808683,0,0,2,18.103106,0.9881063659,0.1895542,34.24788284,34.162666,0.08521651919922135
14.383907,895,40,0.1076215,0.21354933,-0.33739096,1.63859,1.9142991,0.5016165746,-0.0972513693,0.44501246,56.56349665,96,66.08086875,496.526938,1730.77674,44.17491092,467.8176283,2877.828619,1904.1858,396.5737062,1363.886767,2953.610166,0,0,2,11.671143,0.9882968165,0.1772371,34.51961543,34.432327,0.08728815949218927
0.0,900,50,0.10491224,0.12733504,-0.30257425,1.7764326,1.8543341,0.8174871025,-0.08666118827,0.40748649,61.47963913,91,64.17569194,0.0,2155.140188,86.79320292,494.9945934,2928.384452,2081.255533,0.0,1004.22171,3279.0758,0,0,1,13.119198,0.987350106,0.2329888,34.60848395,34.70364,-0.09515603413085927
337.6901,818,20,0.07274385,0.32586026,-0.41199332,3.6924732,2.5047452,0.2225533627,-0.09873518144,0.48473717,136.164898,173,92.36583616,12452.77502,4391.013353,0.0,430.1665142,588.9247549,2066.82934,602.007312,630.0177872,3083.884794,0,0,2,24.595997,0.9875943633,0.226377,36.87634022,36.55946,0.3168805337207061
61.999523,880,20,0.0029661017,0.38534,-0.470625,3.4962687,5.905722,0.007677438784,-0.1559871945,0.4735911017,113.364307,111,191.4893103,2010.295422,3084.439779,0.0,862.5323107,7.164686468,1477.798325,554.8361642,508.0757676,1511.455212,0,0,1,28.765259,0.9888825223,0.138287,32.42436917,32.28837,0.13600094490234227
152.84602,903,20,0.07058137,0.41545752,-0.48033446,2.0432444,3.1240358,0.169480359,-0.1418224274,0.55091583,69.83711782,88,106.7780517,5224.20397,1466.534877,288.0319369,671.7374208,2528.280001,1781.123101,503.4680865,1376.799823,2692.427563,0,0,0,11.876009,0.9884458117,0.1432099,34.17952244,34.256153,-0.07663066668945362
244.01503,821,20,0.037386857,0.4017192,-0.46117085,3.4013736,3.1721125,0.09283604308,-0.1234399632,0.498557707,120.8088898,170,112.666068,8666.847085,5484.384078,0.0,687.5241285,203.691866,1905.542462,920.0530187,227.3608875,3245.841632,0,0,4,26.92791,0.9877820868,0.1654479,35.51767727,35.33667,0.18100734812500008
244.01503,830,20,0.08307045,0.35740972,-0.4295082,3.1113994,1.0583321,0.2317751036,-0.1078061119,0.51257865,113.0248159,161,38.44501314,8864.099496,4625.758065,0.0,766.440752,96.90496354,1902.341604,1109.649824,60.5500968,3377.124214,0,0,3,26.89894,0.9877033562,0.1785937,36.326039,36.2723,0.05373827978515777
270.0,866,50,0.05221362,0.22253521,-0.26363155,3.3413084,2.3772662,0.2335811884,-0.08376612624,0.31584517,110.5611352,125,78.66177508,8934.076996,5771.247127,46.59156882,655.3119629,402.8662044,1134.207422,269.4974788,280.1635273,1276.656987,0,0,2,43.7557,0.9876777523,0.1789237,33.08917406,33.44638,-0.3572065552343773
101.03217,909,50,0.092016004,0.17541094,-0.27503663,18.251925,2.4219728,0.5216003271,-0.07382160324,0.367052634,647.6109345,82,85.93592558,3584.802043,2660.343057,81.61688124,376.0184082,1644.89695,774.8740783,459.2952661,1104.45377,1718.743644,0,0,0,27.05746,0.9872762164,0.2383042,35.48178806,35.500217,-0.018429377744141107
341.12213,906,50,0.04483037,0.17253347,-0.22665974,22.691755,2.938071,0.2583384635,-0.07371995586,0.27149011,742.591198,85,96.14882867,11163.27455,5256.657795,35.37935322,216.2732661,1450.531931,1603.384291,426.5379522,289.0688668,2974.456147,0,0,1,36.86035,0.9878047658,0.1794899,32.72515493,32.75935,-0.03419489299804468
207.15413,821,50,0.08063888,0.26102057,-0.34396356,3.5139968,1.0422649,0.3077578222,-0.08412856069,0.42460244,128.7425777,170,38.18554129,7589.522189,5099.515869,0.0,714.8649812,241.4520393,1815.914372,803.2218858,321.2804498,3106.769707,0,0,3,26.810432,0.9878364389,0.1684149,36.63707882,36.775448,-0.1383690254589851
0.0,917,50,0.008860012,0.18391345,-0.24234946,23.416142,3.7047918,0.04791437291,-0.07667091332,0.251209472,776.3815169,74,122.8354302,0.0,5321.070449,206.7937536,431.5300979,2008.209989,356.0454846,130.2857435,500.5434124,1071.713214,0,0,1,53.958523,0.9873023347,0.1734428,33.15582545,32.83705,0.3187740583984393
64.01508,912,50,0.080092415,0.25144055,-0.2850995,23.966343,1.058334,0.3172723835,-0.08582540101,0.365191915,812.4409283,79,35.87672335,2170.062868,5198.998788,77.72139487,285.9816108,1781.369964,757.9328235,560.0629659,959.2494642,1574.656343,0,0,2,43.179302,0.9875931022,0.2328346,33.8992448,34.09328,-0.19403599223632995
256.3038,897,10,0.028882833,0.3517067,-0.42370173,1.8610353,1.95784,0.08188909652,-0.12740045,0.452584563,63.1194965,94,66.40275712,8692.885517,1878.856074,0.0,624.8749269,2613.512045,2037.34551,309.6985276,608.4969881,3321.991549,0,0,1,13.763333,0.9876451941,0.2026254,33.9163349,33.732174,0.18416098032226813
289.5182,866,20,-0.0056293625,0.58032554,-0.5708758,3.4662623,5.5347905,-0.009683666229,-0.2020694008,0.5652464375,108.6060111,125,173.4177816,9071.274508,1749.193798,0.0,944.5977503,0.0,1752.328607,614.3004055,542.9000603,1844.307935,0,0,1,26.342363,0.9887709247,0.1358218,31.33231178,30.815273,0.5170384950878919
152.84576,920,50,0.04969367,0.14114441,-0.20935605,14.7806635,1.0422659,0.3495998893,-0.0639755111,0.25904972,497.7947514,71,35.10224656,5147.659109,4783.837867,0.0,560.4024061,408.8021001,621.3549683,333.4896279,199.9941739,2777.174478,2,2,4,49.814457,0.9871933639,0.1865152,33.67878251,33.509865,0.16891770287109154
207.15424,921,50,0.0039702235,0.23469701,-0.26147076,14.7513,1.0422659,0.01684460698,-0.08720727714,0.2654409835,476.8141999,70,33.68972099,6695.957861,5193.240666,0.0,502.2293113,430.0569017,602.0108918,321.3848507,202.4425026,2869.323172,4,2,6,49.814457,0.9875239371,0.1647344,32.32353758,31.812498,0.5110394873486328
260.77188,908,50,0.054938633,0.13195659,-0.22106853,24.65895,2.8893514,0.4132072957,-0.06845048491,0.276007163,825.6370389,83,96.7419754,8731.22833,4772.349293,0.0,474.5819402,1540.528527,1448.639932,571.8464452,118.2940149,2863.613373,0,0,5,37.283466,0.9871196116,0.418232,33.48224636,33.555275,-0.07302860337890849
270.0,892,20,-0.091573514,0.73428965,-0.6703947,1.761111,0.47571847,-0.1245407357,-0.2300904049,0.578821186,56.09765461,99,15.15332675,8600.461154,1299.036877,202.3765314,139.039266,2547.48369,1682.239556,78.72327822,735.4517149,2910.8772,0,0,0,14.237873,0.9884053488,0.1453157,31.85355983,32.156265,-0.30270542878906426
256.30392,812,20,0.14806789,0.28136882,-0.42623943,3.5028858,1.9578564,0.5243776207,-0.1059943508,0.57430732,127.641073,179,71.34200369,9339.415907,3805.748619,43.39926243,789.887506,504.0986307,1684.810279,502.1380686,657.5241977,2765.877136,0,0,3,24.06065,0.987532663,0.2213791,36.43883366,36.59052,-0.1516852914160154
36.231995,819,30,0.035965748,0.17813954,-0.2776797,3.4217033,4.01782,0.200769456,-0.08088137238,0.313645448,117.6129777,172,138.1030827,1245.389341,4035.705705,0.0,515.7794073,48.67127129,1603.19785,988.0846509,272.7439721,3063.355466,0,0,3,26.810432,0.9879389004,0.2102011,34.37264057,33.964874,0.4077663024218765
295.9847,923,10,-0.029271955,0.34576383,-0.36,17.008173,2.1159616,-0.08441467208,-0.1344421333,0.330728045,516.8312521,68,64.29821022,8994.154933,6986.294482,0.0,389.7336615,335.9983842,836.6721362,218.0708781,267.8448227,2468.109897,0,0,2,45.4442,0.9891934084,0.1453789,30.38722925,30.56059,-0.17336149401855394
45.730953,913,50,0.023967203,0.23331341,-0.30343232,53.52644,0.66433483,0.1022869455,-0.09755647363,0.327399523,1761.357627,78,21.86080785,1504.836916,4968.769842,0.0,232.4068574,2096.718775,428.5274461,408.7143336,593.5575907,1348.422778,0,0,3,53.958523,0.9873718137,0.1958799,32.90630999,32.886204,0.020106224130856276
288.0008,914,50,0.084200196,0.23113456,-0.2871724,22.97583,1.5003049,0.3627215008,-0.0857309476,0.371372596,781.6511662,77,51.04124964,9797.955555,4729.70262,15.29434665,443.2530485,1404.007103,1330.394084,608.9984532,34.89416336,3002.481461,0,0,8,34.034386,0.9883127475,0.139969,34.02058451,33.806946,0.21363870921874906
103.69608,899,40,0.14018974,0.17128205,-0.35920018,1.6602818,3.9111512,0.8137222653,-0.08998166793,0.49938992,60.35118555,92,142.1702098,3769.348893,1247.647695,3.855042233,161.7369257,1431.834356,985.5373704,262.945587,1638.278779,2168.731523,0,1,1,22.280611,0.9873013648,0.2893356,36.34996514,36.492855,-0.14288993202148248
345.61584,904,50,0.042307694,0.17674859,-0.2512563,2.1159894,1.9143013,0.2380198571,-0.07572589437,0.293563994,71.69428019,87,64.86065279,11710.20936,3891.642791,280.7435512,539.9994067,2257.654472,1383.852862,694.7515407,1016.722926,2331.282731,0,0,0,17.651365,0.9874480681,0.2192918,33.8821547,33.930157,-0.04800200776367092
270.0,893,20,-0.09495431,0.7075589,-0.66576004,1.9084758,1.4268994,-0.1340104683,-0.246798459,0.57080573,58.24769678,98,43.54972884,8240.543648,1087.663489,274.5111337,7.947632971,2467.917341,1548.899441,164.3737949,750.5015438,2771.760734,0,0,0,14.237873,0.9890572323,0.1139065,30.52053203,30.544516,-0.02398357974121268
18.878098,816,30,0.081794195,0.26611227,-0.35823807,3.7551844,2.938075,0.3062165396,-0.0996501227,0.440032265,131.4629686,175,102.8572822,660.8918605,4182.217132,0.0,429.5587281,34.66710542,1503.787219,999.080804,364.2484204,2969.732578,0,0,3,26.810432,0.9878201696,0.206033,35.00839229,35.00548,0.0029105700293001746
225.73102,922,50,-0.013552544,0.28254145,-0.34970415,13.9429035,0.6643356,-0.04779739964,-0.1247438094,0.336151606,435.0047718,69,20.72661236,7042.584125,6812.460183,0.0,285.2531549,274.030371,973.8253716,96.12600882,347.6320481,2343.668479,0,0,3,45.4442,0.9891642763,0.1852447,31.199009,31.181074,0.017934857543945526
295.98468,926,50,0.031026253,0.18748172,-0.25463536,14.596272,1.0583435,0.16461147,-0.08945875494,0.285661613,459.2058332,65,33.29600248,9311.822334,7582.394008,0.0,472.2461873,224.5225854,820.9117137,216.5525407,152.5484552,2529.857271,1,0,2,49.814457,0.9873400966,0.1645713,31.46048753,31.619173,-0.15868551992675606
34.368183,903,10,0.06696716,0.24511278,-0.31727272,1.9361137,1.6849887,0.2720994822,-0.09544363968,0.38423988,65.6526453,88,57.1371224,1165.407862,2480.964136,108.544681,714.0133601,2044.177896,1311.300928,658.8872705,1049.52911,2158.511107,0,0,4,17.651365,0.9882619259,0.1889738,33.90949886,33.970448,-0.06094868028320377
180.0,792,10,-0.020140106,0.5456053,-0.5466313,1.4737387,1.3909631,-0.03684579348,-0.1667134148,0.526491194,49.67654193,199,46.88635561,6067.410422,2629.894513,0.0,639.8743806,1756.17257,1851.872438,1495.064305,187.4577866,4457.823024,0,0,1,5.628735,0.9885612609,0.1253201,33.70783568,33.779156,-0.07132005120116958
134.26886,795,50,0.18112037,0.14501028,-0.26138365,1.5117446,0.6643371,1.240463137,-0.05126613767,0.44250402,58.93833769,196,25.90048897,5234.73569,2538.362542,96.29081748,487.9577392,1827.01589,1887.534478,1301.066024,184.2805809,4265.829644,0,0,0,5.971275,0.987195677,0.2521835,38.98696757,39.00376,-0.0167937215039089
348.4055,904,50,0.0560249,0.09517668,-0.13468733,6.6761665,2.3656824,0.5825206277,-0.03674420792,0.19071223,235.4561204,87,83.43326967,12287.62155,7305.189965,117.9594338,478.1138951,3057.057165,141.4674404,304.443865,215.1397293,177.2548312,0,2,1,54.040367,0.9873580147,0.17843,35.26816181,34.644363,0.6237984066796898
314.26886,912,50,0.091585696,0.1550999,-0.24229573,9.978757,1.9922973,0.5867120735,-0.0760135671,0.333881426,332.13296,79,66.31162572,10460.12511,6763.41314,15.79695962,723.2964654,540.2696552,404.9667531,592.4922461,58.50336631,2920.577964,6,1,3,58.07253,0.9879876671,0.1418368,33.2840012,32.969784,0.31421741704101436
64.01543,899,20,0.026025584,0.4883721,-0.56042403,1.5211443,2.1159728,0.05318158514,-0.1702287828,0.586449614,51.36546989,92,71.4514311,2161.650701,2060.423835,118.4646969,135.0918942,1230.183007,765.9928385,262.445839,1527.664051,2010.778785,0,1,2,28.277481,0.9880285184,0.1542889,33.76765103,33.640068,0.12758297580078448
180.0,899,20,-0.1729129,0.71763813,-0.6586257,14.017592,0.46373534,-0.2406119197,-0.2040494046,0.4857128,469.2206877,92,15.52293826,6025.266236,2836.258594,26.81858284,200.6050707,3420.958875,1011.977273,38.06987582,244.9260164,5297.955971,0,1,1,16.64636,0.988530884,0.1205947,33.47370131,33.403366,0.0703352211328152
64.01553,785,50,0.059314664,0.30976024,-0.37328592,3.4099782,2.1159804,0.1908695398,-0.09912688937,0.432600584,121.4641664,206,75.37168286,2280.247126,4095.172695,0.0,490.1530045,1723.565723,1580.63921,549.8160673,290.7675811,1788.588437,0,0,1,19.550446,0.9878557416,0.2214669,35.62021787,35.48788,0.13233716321288824
332.8454,838,10,-0.034498207,0.65223616,-0.61130494,4.303515,3.1240532,-0.05281123292,-0.1906382995,0.576806733,143.6280002,153,104.2639595,11108.57501,5240.236721,0.0,1149.734331,0.0,2092.732673,178.4692567,168.7242709,2804.543165,1,0,2,31.132391,0.9892654618,0.1622833,33.37457873,33.22865,0.14592959059570632
29.229572,849,10,-0.042927794,0.5075779,-0.5158137,3.8643024,5.825352,-0.08440750965,-0.1540973834,0.472885906,131.4262016,142,198.1221465,994.1074026,3354.79938,0.0,904.1661874,44.28456779,2212.98964,322.6906182,395.2549874,2629.523988,1,0,2,33.009113,0.9881625735,0.1631652,34.01033045,33.688377,0.32195306962890413
312.29617,872,10,-0.1064982,0.6584376,-0.6190162,3.9099479,9.55788,-0.1614985254,-0.2224030921,0.512518,121.4987035,119,297.0039647,9704.369657,2703.979148,0.0,696.0017403,0.0,2221.532247,568.6505191,671.9658332,2397.704862,0,0,2,33.009113,0.9889740551,0.1175373,31.07425127,31.119778,-0.04552640944335806
207.15459,906,10,-0.040965933,0.30911064,-0.34484679,20.307047,1.0422692,-0.1321010237,-0.1208116806,0.303880857,639.8413374,85,32.84017213,6527.097215,5304.494396,3.926965903,19.31444601,2270.344388,346.4402268,135.1513072,337.7933689,540.7120665,0,2,0,54.021534,0.9877400203,0.1745167,31.50833981,31.830013,-0.3216734651464854
198.87825,919,50,-0.14139773,0.47671974,-0.47627628,17.259962,2.938078,-0.2959846918,-0.1725621454,0.33487855,533.8036156,72,90.86675042,6150.76261,6775.672718,0.0,471.2909537,1109.680841,75.9301944,376.4476038,242.1546362,1182.079571,5,0,5,59.137325,0.9876521026,0.196728,30.92727641,30.777248,0.15002802743164168
262.0722,783,40,0.15309115,0.10347118,-0.1809456,1.6617146,3.358448,1.465391221,-0.05295374052,0.33403675,57.00676309,208,115.2148807,8990.646058,933.9898598,0.0,138.8363677,2351.234175,1984.52897,612.2115204,706.2746188,3559.048766,0,2,0,6.358425,0.9877382739,0.2363159,34.30598918,34.974743,-0.6687537094042995
244.01558,776,10,-0.093284555,0.60614204,-0.57827234,3.4173782,2.1159842,-0.1536453562,-0.1779935677,0.484987785,114.7251961,215,71.03594866,8191.875069,1933.961194,0.0,244.3331391,1417.282376,1820.359254,740.9459308,412.0185632,1765.91046,0,0,1,19.550446,0.9885214207,0.1086738,33.57111488,33.746853,-0.17573799475585616
16.33601,864,30,0.06036302,0.42281878,-0.49798116,4.2500362,6.7343874,0.1424264871,-0.1461202668,0.55834418,145.6419021,127,230.7766203,559.8087774,4898.589413,3.58795422,505.7676143,3.58795422,2006.385859,465.1791369,843.8416225,2319.841276,0,0,4,43.122932,0.9883508454,0.1442398,34.26839096,34.27776,-0.009368592001955278
0.0,907,50,0.061197918,0.09022178,-0.14263074,19.397024,0.92740995,0.6708695884,-0.04506810365,0.203828658,643.4889888,84,30.7664769,0.0,6891.942923,212.1485304,232.1973207,2065.219588,367.2382556,112.4960093,128.9873684,436.9787223,0,0,1,67.51876,0.9882302872,0.1733817,33.17462456,32.79154,0.3830863214746074
295.9844,897,60,0.09381663,0.15593836,-0.23247945,2.5736685,1.058353,0.5977928532,-0.06665885734,0.32629608,89.03117915,94,36.61171419,10239.01879,5451.595094,1.649043619,405.5822476,810.359946,548.6263505,336.1950126,1106.881203,2246.204827,0,0,5,24.029728,0.9874254642,0.2037562,34.59310286,34.47183,0.12127439930664252
303.01816,803,40,0.15046507,0.29785454,-0.41925654,4.2845535,1.7016147,0.5034725924,-0.0870170027,0.56972161,164.6693086,188,65.39858033,11645.97219,2866.951597,57.88200095,538.4132316,2374.919811,870.5064093,81.17957367,529.8850654,1083.582489,0,1,3,17.212706,0.9879909765,0.164245,38.43324833,38.51346,-0.08020992195312715
37.574623,779,50,0.09889373,0.24675325,-0.3423221,3.30859,2.339194,0.3991621906,-0.08829883996,0.44121583,119.0740499,212,84.1861044,1352.286785,3803.885417,0.0,303.8182829,1791.287381,1448.015293,470.5828056,511.9433727,1630.074517,0,0,3,19.550446,0.9878822738,0.1924842,35.98936403,35.805374,0.18398988449218479
348.40536,910,50,-0.0091943955,0.24661979,-0.31301624,6.4043603,2.3656836,-0.03713110127,-0.1044541811,0.3038218445,206.9568553,81,76.44704786,11258.71661,4802.239946,107.6731514,862.0846667,166.299794,275.7178723,612.9523583,360.958649,2653.858978,1,0,1,45.443863,0.9873702719,0.162905,32.31499253,32.11334,0.20165405954101345
0.0,891,40,-0.029754205,0.491834,-0.5137191,1.9196765,0.46373534,-0.06037368566,-0.1512088372,0.483964895,65.69892541,100,15.8708582,0.0,3904.0463,0.0,329.8544821,931.8539006,548.320065,465.0183463,1249.716589,1734.616607,0,0,2,28.055887,0.9883603377,0.158709,34.2239567,33.793877,0.4300800520507835
198.87837,896,20,0.018527627,0.44834262,-0.4923959,1.9148427,1.4700063,0.04123273906,-0.1499122594,0.510923527,64.59429036,95,49.58841464,6708.857693,2811.120135,40.65399296,99.04834461,974.2537652,796.8482041,670.3469134,1114.997386,1637.417933,0,0,4,25.444218,0.9879610011,0.2518978,33.73347083,33.78089,-0.04742058845702957
292.67346,893,50,-0.014989293,0.21600822,-0.26568758,14.425989,3.6043494,-0.06907246647,-0.08836091518,0.250698287,466.9646599,98,116.6716397,9473.746493,6105.937102,110.533231,405.7723316,3089.087923,271.8864704,119.6118416,163.0118393,620.1666306,0,0,1,40.36449,0.9873635472,0.1512537,32.36968085,31.91227,0.4574112577148455
244.01573,905,50,0.023118958,0.27168262,-0.29579034,10.393848,1.0583587,0.08478339397,-0.08805355024,0.318909298,354.0311008,86,36.04939149,8311.566372,4990.681728,116.2554208,602.1623804,2929.251232,325.5516899,0.0,365.4849386,553.7588975,0,1,2,49.076504,0.9874359663,0.1561601,34.06160075,33.966457,0.09514338305663728
0.0,903,50,0.06295006,0.085868105,-0.15323041,16.667372,0.92740995,0.7246625214,-0.0493946712,0.21618047,547.7780768,88,30.47960043,0.0,5253.556757,24.10022661,108.1148345,1661.360769,637.6347942,350.3844548,284.4852167,525.1835257,0,1,2,68.61781,0.9872297952,0.163652,32.86529375,32.937325,-0.07203077392578194
0.0,899,50,0.026486581,0.18463181,-0.27939144,2.7359488,2.3174627,0.1426834172,-0.09142200773,0.305878021,89.27250558,92,75.61753415,0.0,4839.967356,0.0,221.4658017,840.605633,329.723805,379.9148279,972.0635084,2033.382746,0,0,7,24.029728,0.9876500686,0.181158,32.62945037,32.75104,-0.12159104235351492
189.70248,901,40,0.13989893,0.28342837,-0.43609795,12.747773,2.8205698,0.4918599716,-0.1050190291,0.57599688,469.3722738,90,103.853219,6984.83448,1279.760801,80.63035477,294.6228938,3339.843881,1419.298418,0.0,456.9352246,5357.143404,0,0,0,11.752665,0.9877205508,0.2411646,36.81994289,36.673573,0.14637034971679697
134.26848,901,40,0.090757355,0.44209132,-0.5525472,9.6520815,1.9923109,0.2048276527,-0.1381435975,0.643304555,351.0837631,90,72.46810007,4883.867094,501.2831855,113.212396,390.905631,3758.522872,1554.243455,0.0,907.4288087,5827.404478,0,0,0,9.985433,0.9881345793,0.1795654,36.37389128,36.30202,0.07187025338867414
288.0004,787,40,0.0272996,0.24145584,-0.28804973,1.7215569,2.9986212,0.1125961742,-0.08139480091,0.31534933,59.90116956,204,104.3363231,10020.90654,1408.218572,221.7351183,87.34517368,2594.267197,1746.666506,678.9957637,504.6823218,3523.27987,0,1,0,6.358425,0.9878386365,0.1914949,34.79476604,34.70232,0.09244594112304583
45.73165,911,50,0.11370771,0.22163461,-0.22635135,17.075777,0.6643432,0.5107368976,-0.06049892439,0.34005906,606.812946,80,23.60841644,1625.1417,4912.654767,109.3380662,407.9124454,2636.664392,310.3221866,191.2346823,357.7384346,520.2893912,0,1,2,54.021534,0.9875936702,0.2095781,35.53647638,35.31967,0.21680474914062842
309.87967,914,50,-0.0023094688,0.2836439,-0.31435493,8.413756,4.3313613,-0.008113536949,-0.1120899953,0.3120454612,262.5583659,77,135.1637895,9670.056963,5824.650229,24.58497839,238.2659079,1173.483522,340.8294516,169.2259841,422.8017832,968.5909344,3,0,3,59.137325,0.9877247492,0.1659812,31.20584504,31.47502,-0.2691744149560549
59.67797,904,50,0.026464209,0.23806897,-0.32584932,9.546043,2.753568,0.1106969633,-0.1061875546,0.352313529,312.1020791,87,90.02623366,1951.13499,5468.955844,0.0,1105.368532,265.9760399,23.0519372,373.953804,229.8108298,2431.42638,0,0,1,52.72306,0.9877879442,0.1311792,32.69439275,32.47846,0.21593434545898305
270.0,898,50,0.14592344,0.11524785,-0.21154283,2.6473644,1.4269344,1.255278614,-0.05699563321,0.35746627,93.80201576,93,50.55946325,9566.701228,3224.20708,0.0,369.5576735,738.3439669,540.4337428,662.0564888,1028.434228,1513.256759,0,0,5,25.444218,0.9875255194,0.2197578,35.43222677,35.047874,0.384352319316406
303.018,908,50,-0.033143755,0.40968692,-0.41956347,3.511449,1.7016227,-0.08070321548,-0.1258160968,0.386419715,119.2335056,83,57.77969144,10289.17077,4240.050313,0.0,438.3485839,1064.642295,1141.704562,915.7660422,726.666191,1387.410381,0,2,9,39.90994,0.9873338042,0.2402693,33.95564213,33.825996,0.12964573107421984
180.0,903,40,0.0016857089,0.53823954,-0.58725435,12.4359255,0.92740995,0.003126085487,-0.151290621,0.5889400589,447.752328,88,33.39115887,6480.854122,1499.276674,105.583536,386.9392541,3370.361279,1531.928323,0.0,593.4183342,5424.692836,0,0,0,9.985433,0.9888571379,0.1305043,36.00474512,36.003567,0.0011783780566432256
90.0,785,40,0.08936699,0.37820914,-0.46733335,4.960977,1.9022818,0.2356667616,-0.1072054199,0.55670034,185.4098782,206,71.09523727,3363.629592,3204.875856,0.0,162.7691853,1885.308476,1340.358709,537.8485202,824.8094713,1358.848458,0,1,2,21.50778,0.9875617596,0.2124908,37.37366213,37.162342,0.21132005846679647
180.0,779,10,-0.17889467,0.68094456,-0.66178066,3.47753,0.46373534,-0.2623302252,-0.2308883982,0.48288599,109.8148654,212,14.64402434,5684.11366,1718.142109,0.0,71.59098713,1593.2474,1424.302113,766.9619494,766.7274072,1347.617184,0,1,3,26.188795,0.9881334189,0.1555308,31.57840922,32.099598,-0.5211887109082021
58.648743,905,50,0.09612756,0.1767497,-0.23229814,15.117138,4.447707,0.5408029381,-0.07079793797,0.3284257,509.7210157,86,149.9681838,1977.52358,4480.683035,191.1791137,341.1750889,2539.969164,262.2141062,327.1634735,293.745546,407.2117126,0,1,2,54.75013,0.9874199385,0.1258971,33.71808974,33.885582,-0.16749223021484028
341.12143,906,50,0.031472933,0.22245763,-0.2751381,18.146215,1.470008,0.1408451929,-0.08162444149,0.306611033,618.9884803,85,50.14368109,11636.04837,5774.803278,11.59748085,416.9847336,2052.251104,324.3999332,89.924325,185.2434494,87.6185599,0,1,1,67.65676,0.9872706618,0.2026581,34.11116204,34.05597,0.055192801718753515
348.40524,913,10,-0.042740047,0.62797076,-0.6437471,2.6795974,2.3656845,-0.06795235918,-0.2517043452,0.601007053,79.14497003,78,69.87319396,10290.54674,2050.898576,0.0,596.8520022,0.0,615.6823214,315.2309888,394.8130827,2325.608127,0,0,1,35.642296,0.9892274152,0.1050513,29.53614227,29.82788,-0.29173858937500086
56.982124,913,10,-0.051126994,0.6868108,-0.6546949,2.82901,1.701628,-0.07433293284,-0.254808351,0.603567906,83.80461697,78,50.40783976,1687.998655,1806.953415,0.0,729.9465949,0.0,420.9817169,510.0465269,447.4799822,2421.866265,0,0,0,39.952156,0.9891149849,0.1149679,29.62330178,29.992826,-0.3695246817919937
233.83011,904,50,0.07351838,0.13250802,-0.19381344,2.70995,2.3559737,0.5506663944,-0.06356956561,0.26733182,88.32228973,87,76.7855465,7620.956373,3804.069018,0.0,334.5362595,694.3925889,713.750023,859.5518912,871.6903363,1350.856962,0,1,4,28.08954,0.9871772355,0.2679415,32.59185215,32.955753,-0.3639011764160145
90.0,906,40,0.08203678,0.3412555,-0.40172786,3.1725996,1.4269407,0.2396945557,-0.1251957726,0.48376464,105.9167072,85,47.63817667,3004.634951,3054.846949,20.0035435,427.8070762,925.433624,1103.055564,960.1291746,661.5015445,1286.192055,0,2,6,42.425537,0.9879048732,0.1942119,33.38483279,33.443424,-0.058591434853518365
249.9206,841,40,0.09488628,0.1424392,-0.32485157,4.687258,4.045541,0.6615087089,-0.09506783113,0.41973785,160.8010222,150,138.7862858,8573.773399,4372.899211,0.0,522.1847262,482.681318,1700.065512,18.87946391,695.5959812,2881.273512,0,0,3,44.011513,0.98739805,0.2055262,34.30598918,34.123955,0.18203440705077867
329.62048,898,50,0.048521258,0.21260306,-0.2558707,14.73724,3.7574866,0.2271561934,-0.07868546442,0.304391958,494.9470658,93,126.194387,11070.2336,5419.910563,74.4179164,295.5982005,2834.23658,563.2736968,284.4217254,383.9873598,701.9277242,0,0,3,47.246826,0.9875455631,0.1581207,33.58478696,33.909412,-0.3246254240332007
27.155058,906,40,0.10677291,0.40037477,-0.50217754,9.049221,1.0422736,0.2660179911,-0.1184015244,0.60895045,335.4033253,85,38.63117404,1006.484067,3383.785624,0.0,658.0283496,3502.54,1829.118346,114.6493506,1028.724238,5758.583456,0,0,1,8.491524,0.9883178627,0.1750996,37.06433132,37.010464,0.05386760540039148
68.698784,791,40,0.12755755,0.3004527,-0.4299188,1.4679978,2.5514774,0.4231428347,-0.1006677592,0.55747635,54.52576269,200,94.76938673,2551.675209,3138.726573,148.5048826,475.1906841,2603.398413,1170.652601,1095.854904,665.5181354,4097.782778,0,0,0,5.6191235,0.9876985596,0.1763971,37.14294578,37.034935,0.10801078244140427
228.73973,833,20,0.047302905,0.18742242,-0.26320422,5.51009,6.3032312,0.2510471153,-0.07904862423,0.310507125,186.9762258,158,213.8902232,7761.922472,3759.138172,0.0,729.6244683,645.9212939,1539.31986,179.2178479,633.0476381,3087.195907,0,0,3,44.011513,0.9874062672,0.2123602,33.933425,33.919926,0.013499310302734102
22.310944,898,50,0.03188406,0.24937657,-0.31117508,9.174044,2.5047636,0.1273444236,-0.09847783348,0.34305914,304.1259659,93,83.03466272,739.623376,5248.945687,127.1139508,147.6060579,2547.142023,415.4423396,472.2063757,121.7084443,439.1288071,0,1,1,54.75013,0.9875784981,0.2174785,33.15069842,32.99099,0.15970873494140392
270.0,904,50,0.06945541,0.14828342,-0.23552528,16.144293,3.800404,0.4652587005,-0.07574859093,0.30498069,531.1663378,87,125.0377873,8883.319399,6168.332071,127.6668261,447.5819567,2158.202402,404.6141856,275.842939,158.657476,168.0978198,0,2,1,67.65676,0.9874223251,0.159727,32.90118296,32.82695,0.07423288675781237
56.9823,903,50,0.07347191,0.16995841,-0.1776092,15.205215,1.701636,0.4297648182,-0.05240292496,0.25108111,519.8629025,88,58.17855452,1948.212101,5282.310329,53.15442475,1272.965042,412.1751155,104.8546519,104.0231159,188.8129226,2126.245203,3,0,0,49.78925,0.9877485424,0.1465347,34.1897765,34.124386,0.0653906662597663
115.98392,894,50,0.022040816,0.083672546,-0.15609168,2.8092833,1.058372,0.2603065225,-0.04953597059,0.178132496,93.00967612,97,35.04055178,3839.992512,1751.485249,10.63224283,122.076732,552.7190162,129.8008417,191.3134004,908.4085102,1544.042478,0,0,1,23.662754,0.9876428763,0.2291921,33.10797317,33.754562,-0.6465892079296864
148.38647,904,20,0.08450265,0.22435363,-0.32371506,1.9687124,2.7207322,0.3749779846,-0.09113061575,0.40821771,68.60182383,87,94.80673311,5170.680326,2903.07093,3.295164073,644.6891451,885.8055043,976.2823056,809.1304982,440.5069914,1089.614003,0,1,6,42.425537,0.9875566739,0.2394932,34.84603634,34.963215,-0.1171785342675804
56.982357,826,50,0.050562948,0.1635725,-0.21668416,5.9114475,1.7016386,0.3072381352,-0.06433652487,0.267247108,201.5756245,165,58.0245132,1943.052729,5531.8081,47.56549309,945.7120683,752.1946096,1306.269544,561.0594744,493.6659723,3508.068963,0,0,1,34.742096,0.9873865222,0.1722665,34.09919897,33.827606,0.27159276882812833
219.37599,829,50,0.010267694,0.27551985,-0.33978656,6.2448325,2.9969134,0.03713185147,-0.1048385314,0.350054254,209.4218672,162,100.5021672,7356.823331,5317.08314,98.7052817,942.2943967,745.4563839,1394.518041,393.1372937,524.0501781,3294.800768,0,0,2,34.742096,0.987808824,0.1661588,33.53522567,33.311573,0.22365264143554953
0.0,908,50,0.11086658,0.08456376,-0.13883016,19.356382,0.92740995,1.295718888,-0.04238001615,0.24969674,652.1971018,83,31.24830258,0.0,7071.117811,94.28164664,477.25055,1975.904716,595.8544455,162.9632891,127.4597349,321.4437329,0,1,2,67.65676,0.9874619205,0.1460356,33.6941636,33.676453,0.0177109632812531
270.0,900,50,0.120157585,0.14824335,-0.21523578,14.820846,0.9514115,0.8051118191,-0.06143395378,0.335393365,513.6362222,91,32.97243684,9357.210782,4942.270251,0.0,1141.351962,539.0576136,241.2822592,171.633597,243.4008196,2022.849333,4,0,0,49.78925,0.9874365329,0.142727,34.65633623,34.58978,0.06655732985351648
148.38641,894,20,0.10803114,0.4125075,-0.52433485,2.991173,2.720734,0.2612555758,-0.1509707852,0.63236599,103.3001491,97,93.96053922,5124.524153,1565.909531,81.17648745,170.7613341,472.4948918,213.0522637,138.4461,865.5594916,1475.716822,0,0,1,23.662754,0.9880666302,0.1698555,34.53499652,34.735546,-0.2005495920605469
0.0,907,50,0.060158424,0.15253347,-0.22114047,1.7274873,1.8543341,0.391826121,-0.07176899054,0.281298894,56.59133539,84,60.74675222,0.0,3373.426056,53.77542681,616.7815051,508.1449774,842.7279728,852.510961,559.1435023,1036.976988,1,0,3,28.08954,0.9872012426,0.2880906,32.75933513,32.97588,-0.2165445391894565
232.05237,910,60,-0.055442177,0.18029669,-0.2197327,1.7762743,3.0137382,-0.3058090967,-0.07675537143,0.164290523,56.05548869,81,95.10725206,7323.085742,3599.646345,0.0,623.6653881,585.0249745,936.746498,869.8251551,548.100916,1011.520104,1,0,3,28.08954,0.987181471,0.2070782,31.5579011,31.676367,-0.11846570603027473
180.0,907,30,0.027245834,0.13435003,-0.21414691,1.6968242,0.92740995,0.2012990614,-0.0630775936,0.241392744,58.05463861,84,31.73012825,6158.466475,2849.669735,0.0,680.546277,751.084109,1027.451314,861.9395559,403.6390855,987.9166593,1,0,4,42.425537,0.9872717876,0.2699908,34.21370264,33.897236,0.31646676963867293
34.369133,906,40,0.014256619,0.29758713,-0.3463143,15.061274,1.6850077,0.04774693069,-0.1101475225,0.360570919,498.1334581,85,55.72959582,1136.717589,4039.641891,0.0,448.2524107,2835.488483,1910.762169,58.2804895,432.0539385,4953.963634,0,0,1,11.578771,0.9883444337,0.1635701,33.07379297,33.448555,-0.37476202267578174
251.99992,904,50,-0.022521574,0.31084728,-0.33608362,16.63398,1.5003622,-0.07221988276,-0.1010905902,0.313562046,564.0783535,87,50.87909444,8545.62167,6206.248045,13.7260492,225.0948121,2376.769101,559.4875225,352.536709,189.6977889,422.6071368,0,4,1,54.75013,0.9888912704,0.1322926,33.91120787,33.723217,0.1879908595019515
145.63075,901,40,0.11017897,0.14070623,-0.2458888,2.0129445,1.6850101,0.7775167683,-0.07810256204,0.35606777,66.61699136,90,55.76423159,4819.547888,2658.88624,18.83535238,485.0593539,919.3235266,718.3587004,599.5426484,214.6593172,928.1172045,0,0,4,42.425537,0.9879500022,0.2066341,33.09430109,33.069157,0.02514444327148624
165.61526,907,50,-0.07785888,0.4022157,-0.42509192,13.677767,1.9143063,-0.1930948621,-0.1245679479,0.34723304,468.9721969,84,65.63618396,5678.481898,3537.811651,70.34258273,618.9311027,2967.286805,2007.311561,0.0,530.9922512,5127.144082,0,0,2,11.578771,0.9882557461,0.2041029,34.28719007,34.006413,0.28077756389648556
270.0,910,40,0.10644567,0.30922827,-0.44447753,12.070888,2.3773925,0.3431204706,-0.1042020621,0.5509232,448.1833044,81,88.27085682,10024.9039,2976.435765,0.0,546.39972,3146.165513,2023.515667,40.59851258,712.6461293,5319.420949,0,0,2,8.491524,0.9880247205,0.1719026,37.1292737,37.121696,0.007577227832030076
142.42458,836,50,-0.0019845646,0.35803944,-0.39130434,7.412731,4.6706657,-0.00552742785,-0.1103648364,0.3893197754,258.1142673,155,162.6344535,4959.281015,6272.294133,255.8689049,871.7116597,935.4828194,1171.867375,617.931442,285.898276,3573.365651,0,0,0,49.687954,0.988171578,0.1711389,34.82040119,34.910408,-0.09000683001953291
319.47247,845,50,-0.037704233,0.314407,-0.35837674,4.4407086,3.655727,-0.1195415225,-0.1066090668,0.320672507,151.3031787,146,124.5573996,10885.01961,4400.352268,48.39515547,576.1302826,859.2616392,1392.723715,29.46020108,472.678298,3127.832862,0,0,1,54.90807,0.9881117962,0.1826663,34.07185481,33.658115,0.4137394230371072
314.2677,897,10,0.09478471,0.2356935,-0.33263597,2.8265371,3.3181877,0.4004533711,-0.1021048104,0.42742068,95.00593562,94,111.5313601,10563.20714,3545.207905,8.481938257,232.2301573,1534.908603,106.9452222,0.0,276.0222094,1313.036154,1,0,1,23.05533,0.9887234644,0.1390991,33.61213112,33.437054,0.17507743958007893
148.38614,835,50,-0.0321267,0.3712053,-0.39127782,7.624458,2.7207422,-0.0863144614,-0.1201604652,0.35915112,256.2221609,156,91.43134447,4986.56002,6234.921193,366.2381687,895.9536798,1033.028194,1083.698338,531.6194082,212.3262401,3577.361595,0,0,0,49.687954,0.9887132067,0.130958,33.60529508,33.594486,0.010808843427732029
180.0,890,50,0.09022853,0.2634747,-0.30231246,2.4099605,1.3909631,0.3411612907,-0.09526826527,0.39254099,80.04838231,101,46.2017307,5978.815344,4224.451527,155.9012238,31.00097657,517.03513,833.6452341,499.2828019,38.91041248,1999.50141,0,0,2,19.7026,0.9881108283,0.1504826,33.2156408,33.6553,-0.43965934038085663
27.155472,895,20,0.0028116214,0.50750923,-0.54292345,4.8505464,1.0422775,0.005529145263,-0.1501243818,0.5457350714,170.1994439,96,36.57217894,952.8506383,721.5880051,0.0,790.177187,2272.785758,3799.595008,1313.183474,1134.361314,8103.350441,0,0,0,5.3071284,0.9879780888,0.1990824,35.08871576,35.18635,-0.0976360161230474
18.878992,780,40,0.023455825,0.3061438,-0.3924192,6.9218073,1.4700118,0.07636756789,-0.1161966456,0.415875025,236.3001614,211,50.18400695,644.5005854,2580.615158,37.13869413,13.53225244,1609.539666,729.9740101,764.8523047,438.8982785,709.9816124,1,0,4,36.862812,0.9876475109,0.2184791,34.1385062,34.2664,-0.12789318354491996
163.66338,845,50,-0.089218505,0.40812823,-0.43064845,6.8979454,3.378874,-0.2180697846,-0.1373802771,0.341429945,227.8229243,146,111.5962669,5405.416783,5391.927591,66.94336278,766.6764354,1070.174176,1173.050447,198.9767496,272.2154957,3346.179354,0,0,1,54.90807,0.9875634531,0.1637358,33.0276497,33.089676,-0.06202620332031472
39.376434,889,50,0.051778477,0.16289343,-0.23555295,10.453961,2.9969323,0.315927716,-0.07516816366,0.287331427,345.2161641,102,98.96626482,1300.309184,6191.31619,18.22622631,360.4000005,1235.543468,450.2584799,129.0694197,531.5680861,1626.725477,0,0,11,51.347275,0.9871378922,0.2040129,33.02252267,32.69072,0.33180306550781324
72.00011,907,10,0.05730289,0.38044164,-0.44137022,4.2818017,1.5003772,0.1502271488,-0.1427447222,0.49867311,140.5031414,84,49.23341262,2362.613298,3241.047907,0.0,479.8333839,2788.647034,939.2699517,255.5274168,910.8004012,2524.920607,0,0,3,36.143085,0.9882691358,0.1523092,32.81402345,33.033962,-0.21993879975585884
27.155575,888,50,0.004338395,0.43176502,-0.4668442,2.046541,2.0838675,0.01002482825,-0.1579748224,0.471182595,65.66878178,103,66.86650309,871.3597864,2699.189289,124.3123588,679.4456128,544.911925,699.4658758,495.6694282,394.8241152,2626.887145,0,0,2,21.800823,0.9871653887,0.3125816,32.0876942,32.177673,-0.08997913984374861
332.84442,892,50,0.09759937,0.2145127,-0.28639552,2.3891454,1.0422784,0.4528706197,-0.08592288391,0.38399489,81.10863391,99,35.38410729,11299.67067,4151.56811,45.39756647,103.5570734,556.1226043,971.1498322,519.3183588,95.00779555,2060.70592,0,0,2,19.7026,0.9879207794,0.1678922,33.94880609,33.741817,0.20698861563476356
295.98352,888,40,-0.18069634,0.68067753,-0.6251137,3.334579,1.0583872,-0.265075981,-0.2267084845,0.44441736,103.0724582,103,32.71494554,9148.905748,4340.608762,55.91236884,0.0,1379.321035,104.7632756,244.2566012,322.3672337,1038.411258,0,0,2,23.05533,0.9888655857,0.1451719,30.91018631,30.620918,0.289268036074219
18.878992,890,40,0.037546687,0.17466411,-0.22768305,2.7437239,1.4700118,0.213741367,-0.07759094889,0.265229737,87.72091796,101,46.9984551,603.5893438,2091.536243,0.0,385.1039714,1206.275754,185.222611,272.7560111,628.1041787,1466.274968,0,0,3,18.912712,0.9871165016,0.1968591,31.97148152,32.473522,-0.5020406662792958
319.47217,786,20,0.10367271,0.35822472,-0.43559197,11.632072,3.655744,0.2886012689,-0.129870508,0.53926468,395.9485611,205,124.4392724,10874.63575,2418.755677,17.53420114,632.5424314,2265.128713,861.4155904,664.8314401,300.6127353,675.2552032,1,3,1,30.260332,0.9885684027,0.1274976,34.03938362,34.0351,0.00428459045898677
111.30079,785,50,0.07791777,0.16996214,-0.2218805,7.4923544,2.5515265,0.4557603806,-0.05727112895,0.29979827,269.5810474,206,91.80601312,4004.693577,2597.81976,38.85062199,77.89091801,1744.099576,625.0275827,703.94796,305.8488462,581.4544343,1,0,5,36.862812,0.9874144393,0.269343,35.98081898,35.887096,0.09372257497070535
9.702845,885,50,-0.029906133,0.21912144,-0.27067062,2.1307645,2.8205729,-0.1358619724,-0.08601225385,0.240764487,70.50159592,106,93.32560725,321.0425448,3957.99707,0.0,167.4246451,736.0009028,897.0663108,497.7383041,201.6710791,1845.714347,0,0,3,19.7026,0.9888067096,0.1478604,33.08746505,32.84869,0.23877501704101434
115.98342,896,20,-0.012135406,0.58097774,-0.57365113,1.9173223,1.058391,-0.02085201059,-0.1860516143,0.561515724,62.82986412,95,34.68303827,3800.729026,4006.165062,0.0,214.8448221,1076.060382,413.4842087,480.6167674,377.2994139,745.8446454,1,0,3,31.45458,0.9890116995,0.1510915,32.76958919,32.853737,-0.08414768744140844
314.26733,776,50,0.08723441,0.09581087,-0.12306058,9.330994,3.3182104,0.9010807361,-0.02940503369,0.21029499,344.4118446,215,122.4768727,11599.7707,4237.596247,0.0,808.9549811,2483.709298,947.0915545,607.3933823,89.04788912,740.4181166,1,3,0,30.260332,0.987093493,0.3215869,36.91052042,36.837654,0.0728663062304662
292.67267,780,50,0.07113272,0.18574713,-0.20177074,9.1708765,3.6044717,0.3809039528,-0.04930757358,0.27290346,336.0881639,211,132.0942742,10725.67276,3463.42984,0.0,713.313717,2394.792841,867.6388381,664.8165736,165.701504,665.5444534,1,3,0,30.260332,0.9875207191,0.3032681,36.64733288,37.151115,-0.5037825374804683
90.0,789,50,0.027235685,0.27918783,-0.32825768,7.4160986,2.3774347,0.09720509631,-0.0902232522,0.355493365,260.8170626,202,83.61209423,3165.213531,3784.178524,0.0,145.6620823,1879.347599,535.9635896,662.7681703,182.3623184,459.2439499,1,2,3,36.862812,0.9879054614,0.1910157,35.16903923,35.334682,-0.16564323459960661
39.37662,784,50,-0.02954342,0.27607635,-0.32580125,7.666638,2.9969401,-0.1066255565,-0.08930699921,0.29625783,269.9034422,207,105.5070618,1386.251089,2513.510122,0.0,52.42141484,1797.599811,525.6068038,613.5358287,279.0921769,488.6990695,1,0,3,36.862812,0.9874218906,0.2875837,35.20492844,34.63355,0.5713797034277377
180.0,854,50,-0.032161556,0.22739401,-0.28133705,4.2471795,2.3174627,-0.1408161098,-0.09282200217,0.249175494,138.0242303,137,75.3125705,5849.614188,6129.612057,0.0,864.1178351,1266.438122,1014.648779,396.2815159,74.73521729,3510.009841,0,0,1,54.90807,0.9873105631,0.2394326,32.4978566,32.446304,0.05155227871093615
249.92113,855,50,0.037915796,0.15144767,-0.21826215,4.293727,4.0456433,0.2487135159,-0.07517262967,0.256177946,136.5209971,136,128.6330634,7946.355665,6050.595279,0.0,830.3360599,1255.334495,1080.514446,399.6368861,93.82593613,3448.225376,0,0,1,54.90807,0.9873398306,0.1120158,31.79545349,32.43734,-0.6418862927148439
180.0,851,20,0.03514244,0.255751,-0.34026575,2.9082584,2.3174627,0.1368736246,-0.09523833154,0.37540819,101.5699091,140,80.93657554,6286.437144,3678.569158,23.96296964,422.9006482,1410.294522,845.5861709,92.41144601,204.9589193,2874.371614,0,0,3,48.146942,0.9884160009,0.1357235,34.9246508,34.923687,0.0009638187988301183
145.63028,848,50,0.015974442,0.21588947,-0.29957807,4.087779,3.3671296,0.07365245533,-0.0947549358,0.315552512,135.5476591,143,111.6514702,4828.989911,4986.9964,196.3911052,442.0271594,1484.576801,657.0198112,273.1858422,208.2157945,2746.862818,0,0,3,48.146942,0.9874753056,0.1943826,33.15924347,33.278187,-0.1189433280957033
0.0,913,20,0.14285715,0.46375144,-0.534996,2.988976,1.8543341,0.3073839857,-0.154078135,0.67785315,103.2140594,78,64.03308354,0.0,1314.516023,0.0,651.3971759,3498.527371,278.5239218,276.5550361,283.7701468,2120.011248,0,0,3,37.549316,0.9886359695,0.1052581,34.5315785,34.291767,0.23981137963867383
270.0,903,10,0.016468436,0.51568556,-0.5762463,4.99102,0.4757491,0.03187322673,-0.2092701412,0.592714736,154.1539422,88,14.69411048,8339.290246,1823.719578,0.0,555.8879973,2739.352958,721.142375,476.751938,1001.021331,2715.786028,0,0,1,38.982918,0.9892172925,0.1222706,30.88626017,31.037846,-0.15158544157226572
90.0,883,50,0.038035627,0.2715316,-0.32904658,1.7234164,0.4757491,0.1395640983,-0.1117978593,0.367082207,55.18559032,108,15.2339823,2881.893853,2227.333173,27.86248302,573.4061881,937.3869323,426.5640042,332.1595277,789.8886554,1586.434543,0,0,5,18.912712,0.987320467,0.2685633,32.02104281,32.118443,-0.09739972540039332
314.26733,893,40,0.16867045,0.30357638,-0.46024844,4.848522,2.6556368,0.5537870336,-0.1164625329,0.62891889,175.6470013,98,96.2055324,11384.9363,4.558442026,0.0,515.9444574,2293.948336,4056.46537,1197.680974,835.9770338,8180.843868,0,0,0,4.9112234,0.98795353,0.1806067,36.22691642,36.281746,-0.054829490644529244
0.0,896,40,0.10010194,0.38153365,-0.5131985,4.982717,0.0,0.2616813972,-0.138812739,0.61330044,176.2932933,95,0.0,0.0,719.628488,0.0,581.598145,2117.894808,4211.730099,1134.95804,728.2537733,8375.748424,1,0,0,4.9112234,0.9883234432,0.1293456,35.38095647,35.384068,-0.0031110654003896343
225.7328,894,50,0.06984388,0.13626097,-0.17457847,18.083492,2.6556427,0.5088400585,-0.05929685265,0.24442235,579.1449861,97,85.05006414,7229.356991,6247.268027,51.6365039,578.9745708,1092.83934,104.1924534,96.15531719,438.65296,1380.966051,1,0,14,59.83166,0.9872028652,0.1922828,32.02616984,32.13675,-0.11057942757812356
172.69234,889,50,0.044783983,0.16854657,-0.2175957,9.445589,3.7350452,0.2641397169,-0.07399231263,0.262379683,302.3284689,102,119.5489764,5527.427749,5106.86749,8.518994626,201.4551269,1564.148817,409.667466,198.1546944,420.0450871,1311.634873,0,0,2,51.988117,0.9882235292,0.1554701,32.00737073,32.304443,-0.2970726293750019
110.07879,910,10,0.078579746,0.62525666,-0.5973764,3.1504679,4.045659,0.1254753059,-0.2225852321,0.675956146,95.86321067,81,123.1023052,3349.504445,0.0,0.0,896.5791332,3142.017005,560.8883701,512.5743524,620.1912844,2469.641079,0,0,0,17.020594,0.9892199291,0.1160516,30.42824549,31.30499,-0.8767452784326188
111.30066,885,40,0.12644449,0.29718974,-0.4500973,5.5787525,2.5515413,0.4240403778,-0.117969995,0.57654179,199.6507256,106,91.31379675,3983.194724,4474.660581,0.0,143.2668109,1669.836723,4739.46376,566.1604105,602.4149966,8956.716456,1,0,0,9.4434805,0.9874760673,0.179492,35.78770085,35.653255,0.13444538735351586
187.3077,783,50,0.035672516,0.19449475,-0.24078254,8.94975,3.7350454,0.1824730127,-0.06318519419,0.276455056,320.1533188,208,133.6112384,6700.430938,3805.955363,64.39364307,753.6226997,2570.42216,852.9374299,782.5403949,136.1422679,639.5387436,1,2,0,36.94129,0.9880702512,0.1513818,35.77231976,35.0968,0.675518002187502
270.0,794,50,0.09128091,0.092290506,-0.16408668,9.8820715,0.95143896,0.9784587298,-0.03905200745,0.25536759,365.208393,197,35.16200967,9978.299196,4207.780846,0.0,308.0878027,2151.388028,443.6789886,665.655645,170.5343074,270.0676311,0,3,2,47.307236,0.9870939332,0.2982729,36.95666369,36.24209,0.7145753721289054
96.94682,781,50,-0.0021422452,0.24447991,-0.29119515,8.6472435,3.828545,-0.008726763832,-0.08060079138,0.2890529048,303.3024435,210,134.2863831,3400.413946,2672.560541,43.87407932,24.15261089,1915.632158,326.7811495,444.4216737,325.434392,315.6249179,0,0,2,47.307236,0.9875438619,0.1915983,35.07504368,34.85555,0.21949482135742215
0.0,886,50,-0.015262636,0.2837093,-0.34789473,2.5184941,0.92740995,-0.05360778872,-0.1185695351,0.332632094,80.51568344,105,29.64908513,0.0,2973.028793,0.0,451.2801034,936.5188177,941.9961474,826.5023823,423.9041465,1983.789327,0,1,3,32.9263,0.9874923637,0.191045,31.96977251,31.775911,0.19386117882324072
27.155886,882,10,-0.13882864,0.6509434,-0.6191211,2.0450444,2.0838733,-0.2129458478,-0.2342216776,0.48029246,61.66092283,109,62.83166797,818.7875974,2537.413489,162.2868175,160.7612646,1114.478625,362.2999474,45.19403142,757.7179054,1067.147692,0,0,0,14.654403,0.989070046,0.1028886,30.15138587,29.951353,0.2000327968798814
0.0,894,20,0.020252025,0.46500674,-0.5533357,4.8105326,2.3174627,0.04345865255,-0.1520090695,0.573587725,169.2146947,97,81.51877888,0.0,1286.408893,0.0,444.6323271,2128.202074,4409.585453,983.3978603,506.7787857,8466.32834,1,0,0,7.3583174,0.9886115331,0.1261877,35.17587527,35.21262,-0.03674451149414182
27.155886,886,40,0.076840214,0.38747975,-0.48612717,5.8007555,1.0422813,0.1977972185,-0.1225655765,0.562967384,210.4012369,105,37.80495054,984.9806641,4193.513253,0.0,119.5282534,1732.347289,4804.393291,518.0064186,513.6913504,8954.015261,1,0,0,9.4434805,0.9883544649,0.1680598,36.27135068,36.220333,0.05101758063476325
99.227425,793,10,0.059688944,0.44930354,-0.5233231,9.175599,2.8895633,0.1325526866,-0.1338246166,0.583012044,331.2118876,198,104.3046579,3581.815502,4240.571161,94.32264919,112.8668735,2054.026522,250.401251,447.8241563,323.9409345,178.1923789,0,1,2,47.307236,0.9884291483,0.1705364,36.09703166,35.560566,0.5364657115136708
270.0,834,50,0.058669575,0.255016,-0.32311466,12.994814,0.9514432,0.2291637046,-0.1007192718,0.381784235,433.785276,157,31.76052009,9012.981988,5651.954382,7.477339153,664.7374104,870.21196,479.1903108,341.2224733,16.11948692,3184.20715,0,1,0,47.901962,0.9885613607,0.1505526,33.38141477,33.73651,-0.35509646046875076
191.59523,852,10,-0.16541055,0.6340378,-0.63312954,4.418,2.3656886,-0.2604735498,-0.2204238079,0.46771899,139.6719705,139,74.78958539,6057.148779,5157.757806,31.9669518,571.3566526,1387.830392,805.9069974,150.7170192,224.7547441,3416.728673,0,0,1,43.030136,0.9892914391,0.1456818,31.61429843,31.576641,0.03765734723632974
126.16874,905,10,0.008032128,0.6344086,-0.60912055,2.830885,2.3560386,0.01264088651,-0.2157139804,0.617152678,88.67398138,86,73.80000351,3952.08018,654.9457166,0.0,789.491314,3013.834063,691.3343851,713.4466196,705.370053,2747.66105,0,0,0,17.020594,0.9888904392,0.1118374,31.32376673,31.243422,0.08034517543456943
345.61487,893,10,-0.000444,0.35643265,-0.3951038,6.7312794,1.9143096,-0.001242192061,-0.1315406763,0.3946598,217.7743277,98,61.93287506,11181.53645,4375.968868,0.0,946.7858832,1046.375441,618.9086746,857.3764957,556.9536395,2658.951224,0,0,8,40.234375,0.9885349019,0.1681892,32.35259075,31.987547,0.3650438292236302
165.61487,882,10,-0.112709835,0.58524084,-0.57394844,2.719631,1.9143096,-0.1922585861,-0.2247569725,0.461238605,80.24839424,109,56.48570393,4886.812725,2400.140421,131.572953,174.762435,1060.963947,461.1591124,8.056904246,852.2652835,1053.79732,0,0,0,14.654403,0.9892405454,0.1222868,29.5070891,29.882328,-0.3752389334472639
34.37002,881,50,-0.05763874,0.5517133,-0.54733545,2.7317507,1.6850256,-0.1042832514,-0.1857329018,0.48969671,87.52952918,110,53.99083358,1101.268746,1116.165749,5.703333754,351.8604192,897.9576368,499.3828997,0.0,928.2387988,1248.271048,0,0,0,14.654403,0.9889327533,0.1252947,32.04155093,32.40561,-0.36405820085937535
134.26701,883,40,-0.014994233,0.42493638,-0.46179402,1.7838125,1.3285395,-0.03520298736,-0.1511074801,0.446799787,58.20482144,108,43.34951368,4381.058739,946.5488278,0.0,272.5709085,750.4308402,567.1232877,148.4945321,1035.875415,1442.917129,0,0,5,15.596831,0.9886128295,0.135062,32.62945037,32.66902,-0.0395712364453118
295.983,878,50,0.038502447,0.20372836,-0.2877493,3.836548,1.0584061,0.1880660159,-0.08602484819,0.326251747,130.4429251,113,35.98588825,10063.44461,5441.632359,121.1629829,695.1345699,1661.312955,780.1441169,489.85768,281.9760923,3432.570894,0,0,0,46.12014,0.9873969054,0.1917914,34.00007639,33.99884,0.0012360579687467066
103.69508,906,20,0.07285935,0.483621,-0.5502392,3.0963461,1.9579958,0.1503429484,-0.1697526867,0.62309855,103.8419569,85,65.66517725,3477.615125,542.4659211,0.0,651.2894111,2957.512652,564.9204377,762.598078,782.4420034,2886.71304,0,0,0,17.020594,0.9886000849,0.1132673,33.53693468,33.490765,0.04617006208007979
0.0,880,50,0.006907761,0.22906713,-0.30242473,9.560167,0.46373534,0.0300249801,-0.102859307,0.309332491,305.9631326,111,14.84136389,0.0,4172.920841,0.0,668.6215376,1117.191336,729.6877159,1023.371627,365.2149754,2072.027017,0,1,4,32.9263,0.987936693,0.1621904,32.00395271,32.12976,-0.12580803218749992
325.6298,912,10,0.057234094,0.5951787,-0.59385383,3.4169009,1.6850291,0.0960015747,-0.2140322714,0.651087924,105.9907726,79,52.26886624,10100.89408,800.2039527,0.0,795.5161982,3266.198835,600.4964349,675.6643331,484.8918741,2731.727084,0,0,0,17.020594,0.989180924,0.1165018,31.01956295,31.078888,-0.05932498945312403
107.99948,884,50,0.05304929,0.40545568,-0.45834672,2.7051969,2.9987657,0.1305167884,-0.137591538,0.51139601,91.81508895,107,101.7788907,3665.530543,1655.004307,120.5351113,281.3736799,884.8577636,673.0506292,0.0,1071.565257,1152.182028,0,0,1,14.654403,0.9876096289,0.2030292,33.94026104,34.14856,-0.20829853031249712
314.2667,898,50,0.015015015,0.16122004,-0.24206233,3.996607,1.328547,0.09255955676,-0.0878478722,0.257077345,123.4880553,93,41.04974179,9710.282653,4911.994229,0.0,1009.648211,3574.952594,434.1254803,369.3578178,221.5727056,2482.810591,8,1,14,32.260723,0.9877894708,0.1714576,30.89822324,31.131754,-0.23353068150878897
252.0006,904,10,0.08477586,0.50951684,-0.55740184,3.8443458,2.9987776,0.1660588904,-0.2037425583,0.6421777,118.2972729,87,92.2776541,7754.501101,3172.156256,0.0,919.0711119,3484.246502,496.9777116,466.0882516,309.9879848,2574.886388,3,1,13,32.260723,0.9887762883,0.1099275,30.7717565,31.64314,-0.8713842928466811
252.0006,909,10,0.052737825,0.5740042,-0.58396626,3.4467156,1.5004164,0.09171728659,-0.211332932,0.636704085,106.6682117,82,46.43456345,7798.86027,786.8288083,0.0,743.0620949,3304.004575,648.9433449,660.2729598,497.1770235,2760.166933,0,0,0,17.622578,0.9891620354,0.1117541,30.94778453,30.895592,0.0521927941601561
90.0,913,10,0.036053132,0.57397366,-0.5937255,3.3234782,0.95145375,0.06270397152,-0.2193837898,0.629778632,101.627438,78,29.09416015,2752.077453,787.7117048,0.0,659.100572,3214.534371,732.6296816,757.5417634,592.6883053,2853.298388,0,0,0,17.622578,0.9890574697,0.1088973,30.57863837,30.78937,-0.21073121312988263
332.84375,882,50,0.014128729,0.2808858,-0.32210526,2.5656416,1.0422847,0.05012217359,-0.09627312393,0.336233989,87.2407798,109,35.44132197,11317.85059,5413.530826,0.0,545.7518528,1318.172165,690.7633364,901.1019605,237.0988043,1985.143518,0,1,7,33.64507,0.9874067235,0.1609608,34.00349441,33.92604,0.07745376058593934
281.03116,888,50,0.055975795,0.11770727,-0.17545748,2.6164083,2.4221952,0.4715447925,-0.05621345695,0.231433275,86.23942955,103,79.83797189,9263.06759,5372.197662,0.0,260.9990884,1712.897644,211.6239987,465.1594124,492.4254757,3354.092734,1,0,10,37.26805,0.9872590087,0.2544157,32.96099831,32.84945,0.11154915228515705
72.000626,886,50,0.013247863,0.18959299,-0.23048228,7.1107564,2.9987836,0.06950865821,-0.07556422325,0.243730143,231.8013307,105,97.75641153,2347.125956,5967.125093,32.66764589,656.4055773,1431.453902,227.9617327,506.1308938,303.0564879,2674.783454,2,0,7,44.36369,0.9871708514,0.2384405,32.59868819,32.416946,0.18174177886718468
314.26663,896,20,0.0649768,0.31508914,-0.41644132,2.6594713,1.3285486,0.2055647973,-0.1295023078,0.48141812,88.87236086,95,44.39651242,10501.94351,2386.988594,0.0,255.2378887,1044.809739,591.9288322,115.523734,856.5002358,907.4534338,0,0,2,20.25164,0.9883477874,0.1828307,33.41730398,33.557693,-0.1403895014453127
27.156298,879,20,-0.051612902,0.45612192,-0.47668532,2.718195,1.0422852,-0.1129083943,-0.1593732514,0.425072418,87.75483352,112,33.64937549,876.7201801,1338.196119,191.0666217,29.17442084,638.2402235,908.4970898,175.5149003,1328.340183,1376.626552,1,0,1,17.976446,0.9885521892,0.1841757,32.28423035,32.29781,-0.013579250830076717
332.8436,840,50,0.015954053,0.26117775,-0.3316062,12.492494,2.0838828,0.06085204789,-0.09887913127,0.347560253,425.2154458,151,70.93052467,11329.22215,5554.449646,149.9797058,664.3483141,395.6096015,220.5175229,581.2570378,283.52315,2656.031121,0,0,0,57.05977,0.9880937094,0.1477485,34.03767461,33.863094,0.174580280166019
171.66196,890,50,-0.030262273,0.14016373,-0.18514699,19.579004,3.2773194,-0.2143771137,-0.05976144761,0.154884717,643.0681892,101,107.6428531,5638.200277,5988.840452,0.0,295.6544974,3461.038639,403.9522309,204.2218211,102.4780961,1848.160771,0,2,3,61.357708,0.9873000902,0.2099513,32.84478563,32.673798,0.17098802257812196
225.73363,886,10,0.0040264134,0.3865471,-0.46818614,6.451661,1.3285546,0.01038948143,-0.1432178957,0.4722125534,217.1848541,105,44.72366681,7598.961801,5255.917837,0.0,370.6363784,1705.835623,173.1362402,192.8144444,251.4300836,2992.717543,0,0,9,44.36369,0.9891730987,0.2008189,33.66340142,33.39796,0.2654407571582027
97.927155,828,50,-0.020452568,0.3449957,-0.38225758,7.7295246,3.3587182,-0.05911220284,-0.1224415922,0.361805012,254.7992669,163,110.7181851,3228.111507,5676.623,72.75659163,617.1944309,72.75659163,398.487704,178.4044689,159.9872667,2221.390597,0,0,1,59.996754,0.9881103039,0.1585541,32.96441633,32.840015,0.1244009186230457
76.305176,879,10,0.061898712,0.053189322,-0.11044263,18.266548,1.9580327,1.142267696,-0.03940793175,0.172341342,569.8045423,112,61.07864094,2380.254654,5439.70969,0.0,237.1364705,3240.267698,141.5607455,136.100977,113.8766319,2359.185582,0,0,2,57.99179,0.9871983425,0.1491367,31.19388197,32.4991,-1.3052177614453129
325.62933,880,60,0.071400076,0.15361744,-0.22140609,9.31816,1.6850387,0.4617853976,-0.07501495106,0.292806166,298.8071706,111,54.03444954,10442.01632,6816.328242,0.0,387.8968412,1709.405358,82.41098507,341.6721244,296.6648342,2629.932768,4,0,6,41.191338,0.9873071506,0.2016637,32.06718608,31.940222,0.1269642935009756
270.0,898,20,0.063013695,0.43396226,-0.50993377,1.9463096,0.475766,0.1448716378,-0.1613252527,0.572947465,64.53150137,93,15.77441445,8952.072872,3659.080497,0.0,468.9837141,626.9218887,334.9537075,63.81495075,701.4204118,824.6165483,0,0,2,22.073877,0.9884984384,0.1033734,33.15582545,33.3084,-0.15257375043945132
90.0,880,20,0.06941901,0.20422232,-0.3042464,3.0238965,4.746879,0.3382624755,-0.100477011,0.37366541,98.22364401,111,154.1903809,2923.422796,2704.573849,98.99351154,41.66435629,738.4037674,984.5047771,410.6385343,1309.311134,1383.396412,0,0,6,20.25164,0.9873845898,0.2389389,32.48247551,32.43557,0.04690574681640669
270.0,822,50,-0.040502228,0.48411322,-0.5360239,7.4435577,2.852316,-0.08349025821,-0.1665949063,0.495521672,248.8072359,169,95.341084,9024.979238,5617.751212,0.0,428.274164,289.5121725,504.3952978,28.39715077,243.9091188,1849.285913,0,0,4,62.513847,0.9881595194,0.1685418,33.42584903,33.46406,-0.038212707060544915
230.91455,836,50,0.004022526,0.24829847,-0.30556288,13.040988,3.6726868,0.01613538182,-0.09727240646,0.309585406,431.1366398,155,121.4194696,7634.062938,5342.221038,268.6802314,831.2660808,279.5781842,524.6883096,374.1103852,362.2128088,2333.223937,0,0,0,60.300236,0.9876012208,0.2019061,33.06012089,33.22677,-0.16664760365234343
303.01602,885,10,0.037275065,0.1782905,-0.2198697,2.6973107,1.701713,0.2079031795,-0.07481206115,0.257144765,86.30616516,106,54.4499094,9695.638945,5669.697734,0.0,35.44952564,2005.267076,139.5352833,181.9467741,159.1354623,3317.925528,0,0,7,41.898052,0.9878438824,0.1498714,31.99711667,31.973484,0.023632630693359857
72.00089,881,40,0.07349762,0.25431666,-0.29018664,5.772326,1.5004405,0.2878684846,-0.09299109101,0.36368426,190.2418976,110,49.45088825,2372.975113,5150.344604,19.81828624,262.4837283,1821.997817,143.3063842,211.7758111,392.7778916,2748.703993,2,0,6,39.58394,0.9885006848,0.1733003,32.95758029,33.187325,-0.22974423392577847
217.5769,886,10,-0.051276974,0.26368397,-0.29955947,2.435807,2.3392653,-0.1937290498,-0.1056532162,0.248282496,76.46932583,105,73.43851152,6830.573546,4317.657025,0.0,511.0591854,1662.804851,546.9626509,778.4734414,396.6765325,2187.984576,2,0,2,44.276505,0.9885241644,0.1639562,31.39383614,31.430206,-0.03637015882812378
45.73394,884,50,0.08737864,0.14250988,-0.20358515,12.72922,1.3285621,0.6088684626,-0.06049746485,0.29096379,433.903925,107,45.28700971,1558.943601,6622.075816,92.2246974,209.3821576,3265.498964,420.0552307,339.0608838,67.69320118,2540.248206,0,0,1,59.915012,0.9875817538,0.1382056,34.0872359,33.748363,0.33887240512695627
99.22713,874,50,0.056780487,0.2657764,-0.34689328,15.472401,2.889657,0.2128392429,-0.1091704135,0.403673767,514.2430238,117,96.04107038,3297.92767,4961.03441,51.08657253,16.06332331,3453.038694,269.5762251,89.1016623,108.2079571,2247.737731,1,0,2,61.518803,0.98746463,0.1554762,33.23614892,33.041634,0.19451531404296674
270.0,873,50,0.060796645,0.24037251,-0.3268713,16.706999,2.3775403,0.2518789111,-0.09032596446,0.387667945,586.3699013,118,83.445152,9476.260419,5148.935813,94.88614721,12.88404921,3518.740442,193.2792265,89.93206955,199.0922163,2150.240745,1,0,2,61.518803,0.9873838168,0.1719112,35.09726081,35.371807,-0.27454628838867023
103.6947,881,80,-0.046983186,0.28536734,-0.26086956,2.7678137,1.9580492,-0.1640661466,-0.1096294386,0.213886374,77.82445555,110,55.05576944,2915.65273,4358.869204,0.0,0.0,2235.138882,198.8699398,17.95305115,456.3964812,3625.168059,1,0,7,41.898052,0.9877482163,0.0578625,28.11766397,28.54337,-0.4257053232128918
165.61441,894,10,-0.036090564,0.3281609,-0.37477693,2.434297,1.9143136,-0.1096441406,-0.1293691144,0.338686366,77.30805181,97,60.79449425,5259.558463,3947.220737,0.0,285.433979,1518.327011,856.0413587,806.7402473,641.4768871,1951.88478,1,0,5,44.276505,0.9874854465,0.1753202,31.75785527,31.479088,0.27876744041015655
332.84323,893,50,0.06477975,0.4149578,-0.4676259,2.7043793,1.0422895,0.1557363511,-0.1436067745,0.53240565,90.88146438,98,35.02644621,11185.29496,4577.870994,3.753582431,278.6005576,556.0936868,535.1427312,208.7382805,905.7765723,1038.638926,0,0,4,19.096617,0.9879041565,0.21186,33.60529508,33.70873,-0.10343371028320547
103.6947,890,50,0.013535685,0.28575248,-0.34057972,2.9246764,1.9580492,0.04720337554,-0.1163644631,0.354115405,93.38127994,101,62.51807567,3310.842803,4018.476324,0.0,379.9625583,745.2009319,772.3891374,294.0131068,1134.53618,1245.164728,0,0,4,19.155874,0.9876156422,0.1856323,31.92875627,32.189644,-0.2608875898632803
27.156816,834,50,0.03847524,0.22933273,-0.3019778,12.9769535,2.0838907,0.1670420005,-0.09090638805,0.34045304,439.9089235,157,70.64232098,920.5955536,5555.94548,284.5486798,829.9837552,486.8711292,609.5658384,525.651643,333.3523829,2282.034351,0,0,0,60.300236,0.9876683287,0.2269807,33.8992448,33.879154,0.020090594677732554
259.95047,881,50,0.07675676,0.16001086,-0.23732251,18.7002,5.299985,0.4767179059,-0.07344983,0.31407927,626.2525387,110,177.4916344,8705.50271,6298.234172,0.0,158.6674185,3725.178452,75.29914575,251.7407853,389.802886,1954.456714,3,0,2,61.518803,0.9875038994,0.1480435,33.4890824,33.09792,0.3911629358886728
259.95053,893,50,0.05876844,0.17923145,-0.2566427,22.691664,5.300008,0.326072059,-0.07906756663,0.31541114,761.4742167,98,177.8547153,8723.275041,6958.003072,0.0,269.5695402,3932.97147,169.8712597,278.5057151,236.2107964,1764.131226,4,0,3,59.7891,0.9872451098,0.191701,33.5574428,33.452442,0.10500063081054378
325.6289,878,50,0.08211819,0.040226135,-0.06952828,2.6273835,1.6850471,1.991896403,-0.02333158535,0.15164647,84.66589627,113,54.29965704,10493.20081,4153.26579,0.0,72.59576484,2239.91897,156.1597212,17.61699409,281.255822,3300.5808,0,0,9,41.898052,0.9872967836,0.2268858,32.224415,33.407642,-1.1832273645019526
9.703353,889,10,0.007772596,0.5369797,-0.58439714,2.7726758,2.820577,0.01444774961,-0.1849446435,0.592169736,91.91613926,102,93.5040975,321.672929,3612.623474,0.0,160.0445736,529.3747933,747.4700455,398.2761393,1116.701053,1255.268427,0,0,4,19.096617,0.9882240031,0.1628409,33.15069842,33.2855,-0.13480115275390858
0.0,879,10,-0.07418398,0.5633397,-0.5655935,1.7635953,0.92740995,-0.1314527048,-0.17470883,0.49140952,59.11242636,112,31.08505243,0.0,1955.98805,35.80981419,71.20551552,655.1491235,1297.004518,701.8453102,1632.520325,1753.837662,0,0,4,19.8564,0.9877181864,0.1583178,33.51813557,33.40895,0.10918476433593582
126.16759,895,50,0.08461122,0.04748142,-0.115655236,10.378424,2.3561034,1.745229822,-0.03651592346,0.200266456,344.4244775,96,78.19103195,4187.071782,7734.716195,7.554184772,260.61483,2591.535495,74.95068761,58.98388493,267.4006692,3889.342915,5,0,11,46.291508,0.9872339964,0.2547535,33.18658763,33.230503,-0.0439154522753924
123.01566,883,50,0.041221373,0.09244533,-0.15108667,6.6411724,1.7017289,0.4411282297,-0.04806474903,0.192308043,219.6260614,108,56.27681279,4068.174001,6646.385587,0.0,104.7216875,2493.149965,117.4023972,187.498996,438.4397049,3702.631093,2,0,10,41.898052,0.9873634603,0.2158265,33.07037495,32.431026,0.6393484912597671
127.945526,879,50,-0.03235172,0.3709722,-0.40106952,6.0696707,3.0138795,-0.08697348888,-0.131166645,0.3687178,198.1018845,112,98.36698532,4175.885492,3729.023173,0.0,59.12405014,2368.153793,176.9832128,142.7927831,406.0074273,3424.316997,0,0,8,41.898052,0.9874813824,0.2631261,32.63799542,32.258434,0.379561124345706
281.03082,880,50,-0.019528277,0.52793616,-0.52677554,2.4626267,2.4222624,-0.03691991298,-0.1974484548,0.507247263,74.6682646,111,73.4443957,8521.016859,3849.481415,0.0,131.2738636,2196.636415,539.241419,459.5004417,691.0816883,2697.022479,3,0,2,44.677246,0.9876636453,0.1860206,30.32057786,30.495499,-0.17492079722656229
256.30548,878,80,-0.35021833,0.8552,-0.75482404,2.5726259,1.9580739,-0.4090379935,-0.3500076926,0.40460571,66.91516928,113,50.93039236,6666.622062,1084.423077,0.0,0.0,2328.579307,497.3644331,339.6294715,550.009574,3004.91018,2,0,2,43.170406,0.9879575029,0.022428,26.01045464,27.961056,-1.9506011156152354
152.84293,892,20,0.056,0.41836393,-0.53081083,2.6300914,1.0422925,0.1335355666,-0.1527231747,0.58681083,90.85716646,99,36.00625559,5279.997316,2101.595442,152.033825,42.85164675,177.6250203,778.37426,635.8213033,1124.11958,1286.894196,0,0,2,11.934882,0.9880314762,0.1693777,34.54525058,34.488728,0.056523010419923025
314.26553,825,50,-0.025199754,0.2990654,-0.33940044,17.63906,1.3285743,-0.08398087217,-0.1152917985,0.314200686,564.881386,166,42.54687563,10064.18416,7126.265312,188.0677574,407.0371605,758.0817301,798.809152,597.8691715,163.6124552,1830.683698,0,0,1,63.064106,0.9888834327,0.169043,32.02446083,32.145283,-0.1208219153613257
236.98457,882,10,0.08758421,0.2737044,-0.40414727,1.8533455,1.7017395,0.3188307504,-0.1173337988,0.49173148,63.78989815,109,58.571804,8156.720688,1578.083208,0.0,33.69304938,468.7839371,1453.445349,422.7929703,1371.419301,1939.687995,0,0,3,25.557095,0.9882349352,0.1635808,34.41878384,34.343212,0.07557171231445636
207.15723,820,20,0.084217094,0.4587612,-0.5259875,0.8837849,1.0422939,0.1831757312,-0.1559320152,0.610204594,30.15599232,171,35.56454386,7068.498043,2063.67071,298.0767543,816.9119789,2149.023963,1829.225902,2445.697793,646.8097886,6278.554146,0,0,0,3.9047892,0.9886958536,0.1224309,34.1214161,34.252342,-0.13092612412109617
336.26477,817,50,0.03842116,0.20621543,-0.23884231,16.689354,3.5416527,0.1854165011,-0.07358354732,0.27726347,560.0520422,174,118.8488079,11284.18578,7405.633468,116.3481139,352.8033437,861.0176239,740.2039452,665.414064,62.70942388,1697.653587,0,1,1,63.064106,0.9872713913,0.1909149,33.5574428,33.449913,0.10752977509765316
239.68047,904,50,-0.034327235,0.28238583,-0.33895555,21.383001,2.753773,-0.1211325033,-0.1176369798,0.304628315,677.1414316,87,87.20449442,7590.028012,5195.181094,178.3376632,739.3265061,3634.230435,164.1476481,619.0797584,245.7572793,1028.92367,0,0,1,56.612823,0.9874431116,0.1538342,31.66727774,31.894297,-0.22701890611816467
64.01809,914,50,0.0915805,0.13538462,-0.18993872,13.703154,3.1724591,0.6714870049,-0.05951438365,0.28151922,456.3534013,77,105.6517719,2131.981667,6130.89431,220.3575634,566.032814,2030.792478,317.9584552,80.42534194,110.76105,635.5873309,0,0,1,58.277405,0.987280745,0.1671432,33.30280031,33.289566,0.01323426996093957
0.0,882,50,0.10162522,0.1492986,-0.21472068,5.8782835,0.92740995,0.6761554665,-0.06629581317,0.3163459,197.0692875,109,31.09139224,0.0,4014.605541,0.0,153.3345461,2646.907442,435.7601031,397.4109714,548.1897319,3531.517016,0,1,8,55.845367,0.9872567275,0.2381994,33.52497161,33.425003,0.09996855824218898
90.0,876,10,-0.10746812,0.5392405,-0.49477565,2.7549562,0.47577977,-0.1989264411,-0.1962462568,0.38730753,80.61745864,115,13.92260099,2633.64306,2398.98836,0.0,0.0,2587.700091,527.6542373,367.2112289,632.3226651,3353.271776,1,1,7,43.170406,0.9877895928,0.0449608,29.26270067,29.896296,-0.6335948774853506
134.26549,883,50,0.04647059,0.13237862,-0.17463768,2.4653318,0.6643772,0.3484110872,-0.06398158234,0.22110827,75.7614712,108,20.41680317,4126.077899,7247.557038,0.0,17.0782906,2330.814504,835.3991039,735.0097324,940.3959512,2747.507034,4,0,1,58.42797,0.9878898811,0.1170171,30.73074026,31.819117,-1.0883763324072255
288.98346,803,10,-0.078947365,0.5043609,-0.5012005,6.8080096,8.490981,-0.1562197728,-0.1526635064,0.422253135,229.6112534,188,286.3722152,9746.439616,3198.263148,0.0,116.4265845,934.2552721,565.6660907,400.5611372,723.6871475,752.9819727,1,0,1,51.78146,0.9883645481,0.1440361,33.72663479,33.71262,0.014015008505857907
207.15733,920,10,-0.017911976,0.29872674,-0.34210527,14.55173,1.0422949,-0.05976102099,-0.1173920033,0.324193294,463.5741403,71,33.20436554,6599.406473,6689.025166,61.6120993,508.1048739,2167.757154,334.053507,224.616529,223.4548293,494.5959023,1,0,2,51.678947,0.987552742,0.174612,31.85697785,31.919731,-0.06275329013671893
99.226906,909,50,-0.014413924,0.29065743,-0.30785415,12.727892,2.889726,-0.04942073308,-0.1031221126,0.293440226,410.5186595,82,93.20368556,3200.411854,6390.759058,14.30187693,605.89961,2126.995499,369.3795443,179.9650375,233.3737457,700.6717622,0,0,1,58.277405,0.9881287088,0.1513625,32.25346817,32.271717,-0.018248901533205242
134.26535,894,60,0.06327801,0.100324936,-0.15252075,12.36839,1.992422,0.6245057979,-0.05066539333,0.21579876,400.5933517,97,64.53152002,4348.650598,5196.406437,0.0,510.4202935,2891.350072,252.135979,355.5793727,324.3522595,3929.688789,6,0,8,64.309166,0.9879088793,0.1970546,32.38847996,32.333992,0.05448795560546671
0.0,879,50,0.09315839,0.06306306,-0.12563983,3.4195752,0.92740995,1.454167035,-0.04300210429,0.21879822,109.0834336,112,29.58410206,0.0,4902.096568,0.0,108.0661881,2538.821379,839.3606226,676.7149548,795.1201671,2966.085126,5,0,1,58.42797,0.987296853,0.2215882,31.8997031,32.192272,-0.2925690862792969
196.33786,805,20,0.039211486,0.5251701,-0.54036415,1.3714523,3.3788953,0.07452245196,-0.161050912,0.579575636,46.69042243,186,115.032837,6684.226366,2129.093886,0.0,68.92170038,0.0,2082.226229,641.5879073,1152.835509,3579.853725,0,0,2,4.640173,0.9885689281,0.1279859,34.04451065,34.13852,-0.09400863710937557
52.05503,823,50,0.07783381,0.14107433,-0.20792648,17.69337,3.013917,0.547838656,-0.06487947788,0.28576029,590.3575793,168,100.5624561,1736.869884,6632.597641,367.4942108,108.9564198,1055.184074,501.5305353,393.7460412,104.0511031,1537.222354,0,0,0,63.064106,0.9873743667,0.1785122,33.36603368,33.700077,-0.3340433768847646
198.8804,819,50,0.023393046,0.19741602,-0.25378788,13.394828,1.4700241,0.1178989781,-0.08487735367,0.277180926,432.373037,172,47.45105981,6419.68098,5323.779104,99.51729172,304.0980632,1108.56633,553.6924518,197.1627025,338.8835756,1620.089416,0,0,0,58.704872,0.9878384178,0.1420925,32.27910332,32.625107,-0.34600349152344023
27.157436,896,50,0.036755893,0.019234834,-0.054219503,14.540017,2.0839021,1.816466248,-0.01981841368,0.090975396,447.4218626,95,64.12532799,835.6820078,6500.474065,0.0,138.482444,2292.924015,182.3354124,463.5046418,224.8956596,564.1705868,5,1,6,65.04351,0.9872491941,0.0892043,30.7717565,32.57695,-1.8051935732421889
332.84256,871,40,0.13729027,0.33837113,-0.47683755,3.0469522,1.0422958,0.4045431619,-0.1066972319,0.61412782,114.7089255,120,39.2394181,12530.55838,2043.146334,166.4315409,660.3456795,2680.09208,4466.23178,579.3956324,521.0698348,7881.60576,0,0,1,7.4549694,0.9879218926,0.1607415,37.64710373,37.676456,-0.029352721416017857
115.98166,829,20,0.019600855,0.3886926,-0.49877417,0.8478701,5.27791,0.0502982479,-0.1270020968,0.518375025,30.65051342,162,190.7965044,4192.738281,214.2660436,0.0,670.7802861,2318.357923,2184.64612,2770.870672,754.9442283,6579.427251,0,0,0,3.4193194,0.9883447542,0.1694524,36.15001097,36.02294,0.127069380644528
152.84251,786,20,-0.050297458,0.64158916,-0.60363334,1.4773551,2.083903,-0.07827311933,-0.1805671451,0.553335882,50.21756218,205,70.83505413,5195.350969,51.78089236,0.0,234.6659922,0.0,2331.439869,943.9285369,1346.098909,4055.495905,0,0,0,4.96716,0.9888367759,0.1079845,33.99153134,33.898956,0.09257504117187665
285.56134,790,10,-0.023526302,0.6079734,-0.5927602,1.5937302,3.453117,-0.03863272517,-0.1997896516,0.569233898,51.24262793,201,111.026816,9181.549986,581.9129799,0.0,136.2955823,0.0,2149.634026,796.5192063,1361.63043,3849.639383,0,0,0,4.126329,0.9889279791,0.1131613,32.15263658,32.21126,-0.05862516926757877
252.0015,812,50,0.062408067,0.11105578,-0.18042327,13.051784,2.998922,0.5569375092,-0.05645657072,0.242831337,434.9286238,179,99.93400276,8397.523709,6476.732907,161.9813359,218.5708691,1171.053867,527.6498204,642.5262025,202.677091,1408.097597,1,0,0,57.771107,0.9881692337,0.1654047,33.32330843,33.662178,-0.33886960955078393
282.22113,896,50,-0.016256386,0.24707894,-0.2992874,23.115078,4.3729467,-0.06552908522,-0.09707808608,0.283031014,757.4321063,95,143.2921935,9247.788172,5420.496904,45.00734891,869.5182527,3975.519031,81.04855649,488.9926096,231.4849197,1358.83821,1,0,0,52.63512,0.9874078772,0.1870111,32.76788018,32.654484,0.11339638483398318
102.221146,921,50,-0.032682814,0.2617064,-0.30558857,13.824635,4.3729467,-0.1244081378,-0.1069827992,0.272905756,435.7566824,70,137.8366045,3222.041483,6278.641549,66.80294096,759.2584715,2336.073082,80.0467784,104.5073761,111.5269238,768.1444605,0,1,1,53.48895,0.9872995718,0.1873334,31.52030288,31.665627,-0.14532364587890712
134.26517,915,50,-0.12406417,0.50519156,-0.4897236,13.936996,2.6557395,-0.24509332,-0.1706523957,0.36565943,440.3939846,76,83.91849294,4242.634008,6085.130211,132.1682532,567.4892696,2325.788541,313.1040785,272.9866775,191.3897766,845.4795407,0,0,1,53.48895,0.9892088241,0.138494,31.59891734,31.584814,0.014103268344726416
155.48732,887,50,0.09326805,0.17512691,-0.265892,6.1710525,4.5773883,0.5295502544,-0.0903871158,0.35916005,197.5508043,104,146.5336327,4977.537483,5301.880295,0.0,340.6939747,2960.67589,216.9912445,429.8887341,239.4816735,3746.654198,0,0,9,60.6771,0.987477462,0.1431962,32.01249776,32.166317,-0.15381922608398213
244.01834,874,50,-0.006535948,0.26303455,-0.28104576,2.7442217,1.0584575,-0.02475413918,-0.08068331494,0.274509812,94.88424452,117,36.59724003,8437.181238,6073.01633,0.0,234.0404706,2674.176744,657.3984911,772.6732271,587.2278361,3153.119899,4,0,0,68.0945,0.9875014502,0.1345009,34.57601276,34.205982,0.37003055174804445
0.0,877,50,0.026836779,0.15993707,-0.20315474,5.6324463,0.46373534,0.1667532471,-0.07291165769,0.229991519,175.1299366,114,14.41894629,0.0,6215.900097,0.0,224.5884824,2484.840581,819.6561671,887.8346477,626.7146098,2990.547769,4,0,0,82.937675,0.9871833098,0.3444159,31.09305038,31.941504,-0.8484531447802723
337.68704,878,50,-0.059362825,0.19927348,-0.23483837,5.740729,2.5047996,-0.2964088156,-0.08017005226,0.175475545,183.3728248,113,80.00938175,10786.54408,7551.425207,0.0,205.6834892,2390.519759,905.6565691,813.998082,667.2961201,2910.760857,4,0,0,82.937675,0.9871958515,0.2226417,31.94242835,32.031837,-0.08940911337890611
134.26505,919,10,-0.032120824,0.5073004,-0.51152647,13.910639,3.3183463,-0.06319260028,-0.180358905,0.479405646,436.7796416,72,104.1926333,4215.78336,6205.436754,31.22544396,688.5716343,2427.855117,109.6412654,162.8646991,62.21678243,906.0696789,0,1,1,53.48895,0.988925751,0.1198655,31.39896317,31.420504,-0.021540446333009555
90.0,880,10,-0.066057146,0.58208954,-0.5794108,2.8595028,3.326843,-0.1132881684,-0.1840812134,0.513353654,94.62347279,111,110.0881727,2978.179476,5522.345115,0.0,61.6033432,2951.379787,380.0724176,614.9517325,354.8254753,3454.061623,1,0,1,68.0945,0.9888248939,0.1327202,33.09088307,32.970306,0.12057667351562174
107.998436,863,20,0.106764466,0.39395866,-0.4977793,5.8053193,1.5004948,0.2703180784,-0.1371854644,0.604543766,203.9591539,128,52.71710891,3794.325254,855.6477321,238.8966431,570.8052717,2583.3228,4472.270176,545.2708184,698.5502266,7894.980921,0,0,0,5.45615,0.9882549118,0.1373312,35.13315002,35.132614,0.0005358842578147005
172.69177,800,20,0.03673072,0.5910004,-0.5701824,1.2565644,3.73505,0.06204509321,-0.1698978023,0.60691312,42.78341506,191,127.170716,5879.797067,0.0,0.0,588.3961545,0.0,2400.906601,1285.697903,1120.823248,4404.704595,0,0,0,4.96716,0.9888795473,0.117384,34.04792867,34.337776,-0.2898475140820338
126.166794,903,50,-0.15902068,0.523274,-0.50308263,22.351683,2.3561478,-0.303315976,-0.1751302983,0.34406195,706.670976,88,74.49198637,3988.890298,5576.304938,12.95227235,1134.641092,3967.617272,52.33300272,215.1433966,77.79554476,1354.271296,1,0,1,48.28105,0.9875470383,0.1660677,31.61600744,31.563782,0.05222570171875063
214.37192,868,20,-0.027678005,0.5329341,-0.57258326,7.247098,1.6850638,-0.05183786726,-0.1797330046,0.544905255,241.1504917,123,56.07126659,7133.323424,450.6811818,170.7184071,607.5024383,2400.435796,4491.329645,454.862276,715.3550964,7910.756434,0,0,0,7.43707,0.9890160386,0.1105377,33.27545615,33.534187,-0.2587311668945347
90.0,784,10,-0.10262794,0.69544876,-0.636961,1.3387998,1.9025056,-0.1473589242,-0.2117696534,0.53433306,43.34338631,207,61.59325329,2913.732709,0.0,0.0,444.3359565,0.0,2046.699207,1147.817606,1084.170816,4201.071829,0,0,0,4.126329,0.9891274048,0.1192617,32.37480788,32.309376,0.06543211706054564
210.3824,796,10,0.039322775,0.6041952,-0.5705357,1.3657899,3.7575974,0.06497535836,-0.1986920997,0.609858475,43.17148705,195,118.7745403,6650.013341,40.05839854,0.0,439.3217487,0.0,1852.394587,1057.356527,1188.582547,4009.835049,0,0,0,4.126329,0.9890108416,0.1065295,31.6091714,31.707859,-0.0986876393066396
191.59608,811,10,0.012319456,0.20528771,-0.2639304,13.166359,2.3656957,0.05971977681,-0.08507012566,0.276249856,432.7387576,180,77.7533271,6297.18889,5891.78113,54.77309304,135.8469405,1454.442808,267.1672001,337.4081885,168.371277,1114.802418,1,0,0,57.771107,0.9876138636,0.1686347,32.86700276,32.845036,0.021967207021482693
252.00168,910,50,-0.08737398,0.3410302,-0.37065053,22.328074,2.9989524,-0.2554569158,-0.1313666836,0.28327655,699.0941103,81,93.89748349,7890.196453,5795.944943,16.95823079,1222.659671,4038.339308,143.2145098,187.2780042,125.6974981,1431.240585,1,0,1,48.28105,0.9875021544,0.1718204,31.31009465,31.469765,-0.15967005947265633
90.0,905,50,0.010501193,0.18967001,-0.26983154,14.12949,2.3776407,0.05507522132,-0.09045221118,0.280332733,455.5560239,86,76.65871476,2901.735459,6239.111292,13.47361363,391.3799835,2647.396892,288.5210088,102.3988614,122.0720612,988.4780311,5,0,6,59.497375,0.9879054168,0.166858,32.2415051,31.924513,0.316992236840818
101.03043,842,20,0.027622014,0.42961833,-0.50595045,0.7930652,4.8360724,0.06414500284,-0.1355329312,0.533572464,28.15970169,149,171.7164694,3587.330235,1330.851765,90.80666903,803.0975263,2732.389335,2738.03496,3318.889629,425.7421683,7104.526442,0,0,0,3.6271834,0.9887057253,0.1529236,35.50742321,35.550995,-0.0435716630468761
201.04425,828,50,-0.042769857,0.2301778,-0.25551742,15.151797,3.9687293,-0.1850084956,-0.08482551337,0.212747563,490.8990409,163,128.581805,6513.579182,5991.906512,0.0,161.8414625,1559.445585,45.31826508,289.1311905,157.2400148,1086.028302,4,1,13,53.132133,0.9872791797,0.1781978,32.39873402,32.54454,-0.14580638527343837
225.73528,885,50,0.020062847,0.1336689,-0.18295886,5.962773,1.328594,0.1489790664,-0.05478075873,0.203021707,202.6022618,106,45.14277995,7670.001574,8153.619886,0.0,205.6355767,2346.220683,602.4847273,679.1142782,546.7034088,3016.039623,2,0,1,82.937675,0.9876243961,0.1937728,33.97785926,33.33509,0.6427686227929712
27.157902,852,40,0.18193892,0.30944428,-0.42592594,0.81488484,3.1241455,0.5860598237,-0.09210839041,0.60786486,30.97468777,139,118.7522784,1032.30235,2250.407769,296.1828503,868.4121801,2939.810156,2938.74492,3454.948622,225.5113417,7323.453491,0,0,0,3.5534658,0.9878218392,0.2019066,38.01112286,38.130344,-0.11922153086914022
67.32924,806,20,0.0380782,0.50319487,-0.55859214,1.4201722,3.6047575,0.07552278348,-0.1492211203,0.59667034,50.47762419,185,128.125022,2393.104212,0.0,0.0,741.708545,0.0,2139.923802,1463.234527,825.3786668,4545.868164,0,0,0,5.761352,0.9884296019,0.1180145,35.54331242,35.486565,0.05674778376953071
18.880747,920,50,0.060247302,0.16087098,-0.20512821,20.626757,2.9381216,0.3721933481,-0.06519176758,0.265375512,682.45185,71,97.20997447,624.6837891,8948.175251,192.5713374,279.2175203,2822.282369,88.00036781,162.9951766,143.603404,1292.438827,0,1,0,54.941074,0.9873226046,0.1732671,33.08575604,33.036114,0.049642300986327825
270.0,883,50,-0.1822536,0.16928446,-0.15346777,5.9478216,0.95152146,-1.070289092,-0.04632380575,-0.02878583,201.3928681,108,32.21845723,9142.183144,7946.98904,0.0,331.8588474,2477.734746,511.6210668,811.473847,425.0058943,3155.290597,3,0,1,76.20328,0.9871729601,0.1790164,33.85993757,33.554276,0.3056620573046871
196.33824,810,10,0.01735048,0.36181048,-0.4293349,8.320289,3.378902,0.04782243335,-0.1283529433,0.44668538,282.8904616,181,114.8829261,6675.515158,4941.480654,5.382685711,398.9440898,1666.211248,367.0185227,317.3214626,327.9538455,502.8747203,7,1,1,51.993122,0.9889799179,0.1240263,34.00007639,33.80743,0.19264612266601233
341.11917,906,50,-0.09587814,0.37570304,-0.41387284,14.293066,1.4700279,-0.2545191565,-0.1424125143,0.3179947,454.6743582,85,46.76281435,10851.28549,6349.178138,252.2646693,1229.228301,4257.397069,207.6470942,318.5424742,191.2228676,1599.454807,0,0,0,58.56756,0.9883082944,0.1427361,31.81083458,31.835094,-0.024259871904295238
299.11533,877,50,-0.06291834,0.33355728,-0.33670035,7.059668,3.8067582,-0.1880644773,-0.1085016286,0.27378201,232.0542577,114,125.1297438,9832.046759,9081.226842,0.0,189.1670087,2696.707434,448.631837,821.6737255,219.2072646,3365.243596,7,0,2,76.20328,0.9885485108,0.1283937,32.87042078,32.71921,0.15120920163086282
347.156,825,50,-0.039644014,0.43776223,-0.45156735,16.564854,4.272881,-0.09035420847,-0.1491454915,0.411923336,538.0391549,166,138.78645,11275.89298,5933.673797,11.00171623,382.5956123,1849.338217,215.0980456,109.2402582,87.36871532,772.9723636,8,1,10,51.797443,0.9877273777,0.1479386,32.4807665,32.61364,-0.13287333154296732
27.158058,908,50,-0.04600607,0.30495113,-0.33915856,22.77408,3.1241498,-0.1503706491,-0.1156279259,0.29315249,727.9653933,83,99.86234078,868.0976959,7317.173003,189.7598917,1470.330152,4528.020627,130.3491862,439.5729086,153.0298855,1885.332426,0,0,0,58.188213,0.9873586967,0.1441762,31.96464548,32.026882,-0.06223669163085788
11.596236,905,50,-0.056927476,0.37179488,-0.39056087,14.24681,2.3656971,-0.1527045543,-0.1334688408,0.333633394,454.8342282,86,75.52568011,370.2137567,6909.418569,201.6103669,1283.960422,4396.488923,69.53793189,432.4830409,52.94335954,1690.357018,0,0,0,58.188213,0.989170624,0.1351002,31.92533825,31.970613,-0.04527522961425845
39.379433,907,50,0.088900305,0.18160613,-0.20489296,18.05172,2.9970608,0.4868418437,-0.06599062043,0.293793265,593.5218851,84,98.54025963,1294.755032,6270.606144,0.0,177.3671842,3041.989602,181.4452968,100.89301,265.758385,1378.226205,0,0,0,53.274513,0.987817105,0.180687,32.87896583,32.940598,-0.061631704179688995
314.26447,891,60,0.028090961,0.12796628,-0.16384439,2.3624341,1.3286,0.2178163238,-0.05102635572,0.191935351,78.89369195,100,44.36871239,10494.88927,3895.503937,0.0,244.2138349,2169.11801,497.4142531,632.4668714,385.6676193,2982.419765,5,0,3,89.625435,0.987227084,0.1659961,33.39508685,33.10262,0.2924676788574203
0.0,869,20,0.0073891627,0.48161766,-0.52410966,4.1864543,0.0,0.01531059328,-0.1381442273,0.5314988227,149.523077,122,0.0,0.0,635.3817359,54.54381825,693.8413412,1921.902548,4145.100866,838.3520017,812.2192906,7548.256553,0,0,2,6.252881,0.988492386,0.1390349,35.71592243,35.580376,0.13554675861328036
314.26434,896,50,0.0086496025,0.15913312,-0.1994874,18.394253,0.66439086,0.05401507508,-0.06396142256,0.2081370025,606.0728903,95,21.89103786,10354.70681,6420.715891,0.0,349.0786074,3168.872669,180.1026022,176.949236,272.1713146,1458.340823,3,0,1,53.274513,0.9875501297,0.1673188,32.94903524,32.570652,0.37838323194336
180.0,877,20,-0.024128687,0.37022802,-0.41894403,89.394424,0.46373534,-0.06499694447,-0.1340893543,0.394815343,2947.904442,114,15.29231251,5935.748292,3636.959301,0.0,52.85513261,5735.59247,626.5006264,558.7984059,550.2779323,2482.35079,0,0,5,39.420845,0.9879001863,0.1956662,32.9763794,32.536156,0.44022369931640526
332.84174,875,20,-0.029276896,0.5142709,-0.5641919,70.65693,1.0423036,-0.05681845414,-0.2271789319,0.534915004,2046.963761,116,30.19601471,9642.578302,1256.346512,64.1385969,0.0,5667.815289,850.3682375,949.5984944,796.224008,2972.541098,0,0,0,22.985327,0.9873997675,0.2492941,28.97045996,29.326593,-0.3561334390478521
27.158266,874,10,-0.053482912,0.3317942,-0.37440437,2.7452855,2.0839176,-0.1607086662,-0.1116144058,0.320921458,93.452518,117,70.93883205,924.4970486,5598.32823,11.23613603,0.0,3180.845097,572.5921823,381.3475671,322.2215603,3854.380842,2,0,3,62.85569,0.9881893466,0.0795498,34.04109263,32.98036,1.0607345062207045
325.62738,874,50,0.1201236,0.071747825,-0.19392033,5.835669,1.6850781,1.651232872,-0.06033829366,0.31404393,194.9624588,117,56.29636802,10878.80664,5952.272392,0.0,57.31536809,3010.797317,383.6634123,576.3362216,273.0651461,3712.327644,4,0,5,62.85569,0.9875190394,0.2426865,33.40875893,33.57989,-0.17113227483398674
64.01909,882,20,0.10240355,0.19881305,-0.25112614,2.9260478,2.11625,0.5124968064,-0.07935020814,0.35352969,97.07053721,109,70.20579923,2123.809275,1569.800882,15.91141175,194.7928875,30.53766153,1335.811709,690.6382983,356.4765307,2796.891142,0,0,1,20.875225,0.9884681884,0.1429732,33.17462456,33.390316,-0.21569144952148633
252.00209,789,20,0.14440826,0.37714085,-0.45226687,1.4616808,2.9990187,0.3818901343,-0.08178815331,0.59667513,58.07064571,202,119.147048,10011.70987,571.6618025,0.0,389.3845329,0.0,1542.284578,1778.491846,547.1312572,4681.1593,0,0,0,4.5618405,0.988126067,0.1392409,39.72867791,39.71159,0.01708809676757994
119.11501,808,50,0.04731985,0.24890605,-0.31668928,3.9444146,3.8067968,0.1893505579,-0.08923087,0.36400913,137.4000272,183,132.6062387,4149.260986,4237.674445,585.133935,148.4131038,1482.916493,2022.069775,1416.542003,226.2767386,2495.794747,0,0,0,13.855361,0.9877383353,0.2097522,34.83407327,34.670494,0.16357919041015379
314.26416,920,50,0.041089457,0.18411134,-0.22642642,16.102564,1.3286077,0.2219715821,-0.08022655696,0.267515877,504.2553613,71,41.60564465,9841.251836,6785.064418,85.25319156,121.9164369,3809.152313,168.4604802,149.9969467,125.5113769,404.6467124,0,0,2,62.493767,0.9872502973,0.1753311,31.31522168,31.91059,-0.5953675381396479
287.99792,880,50,0.012679991,0.16658202,-0.21534392,98.838135,2.9990187,0.0756643881,-0.07648196526,0.228023911,3091.084139,111,93.79192694,9006.906116,5586.712782,36.56658439,138.4912971,5554.710929,653.9497894,614.9708372,300.5899415,2333.90199,0,0,14,47.756268,0.9878361633,0.1709877,31.27420544,31.380615,-0.10640979437500064
0.0,876,40,-0.10464,0.5893186,-0.6081994,69.32125,0.46373534,-0.1772602117,-0.2024859301,0.5035594,2242.722032,115,15.00303967,0.0,636.6335597,151.9405951,0.0,5376.289098,856.9131613,869.0087436,818.9155037,3382.394889,0,0,0,10.385366,0.9881598785,0.17564,32.35259075,31.6147,0.7378904326171849
0.0,880,30,0.10347461,0.14424951,-0.23286952,1.8273207,1.8543341,0.7123921451,-0.06613885453,0.33634413,63.45315695,111,64.39118907,0.0,3808.989173,0.0,678.3794329,1050.417684,1350.348919,780.1914394,1273.86645,3616.690034,0,0,8,38.094746,0.9876226799,0.2152565,34.72469663,34.884007,-0.15930987024414378
325.62732,886,10,-0.060008056,0.55234444,-0.56713307,1.7035606,1.6850793,-0.1084461172,-0.1816194138,0.507125014,56.16270367,105,55.55341523,10735.22755,4486.535954,0.0,157.2043743,1152.092033,455.3040079,369.1542941,468.7500937,5212.829552,0,0,8,59.79857,0.9890525905,0.1510371,32.96783435,32.979527,-0.01169216977539378
22.313763,914,10,-0.09479228,0.36719036,-0.34362656,14.443949,2.5048141,-0.2574545406,-0.1404240068,0.24883428,414.2514211,77,71.83788869,639.9571221,6461.034036,0.0,8.858404101,3943.324399,165.4796018,192.521879,187.2153232,542.7305825,0,0,2,62.493767,0.989213005,0.1138973,28.67992826,30.842302,-2.162374062387695
339.53943,915,50,-0.12920448,0.5005321,-0.46417445,14.359184,5.4283886,-0.2576195621,-0.1853354301,0.33496997,418.3480041,76,158.1535229,9892.319985,6886.301766,0.0,25.40301432,3896.752832,221.3591812,225.1018424,207.5243296,471.0136133,0,0,2,62.493767,0.9889637692,0.1318593,29.13452492,30.150492,-1.0159667944775386
225.73598,883,50,0.013112987,0.1498535,-0.20271453,6.176232,1.3286107,0.08692530833,-0.07253937106,0.215827517,192.35455,108,41.3786777,7030.39375,4961.73981,0.0,304.1630541,2875.961816,72.36702909,415.2351932,344.2516994,3658.214751,7,0,6,57.724323,0.9877378056,0.175762,31.14432068,31.441835,-0.29751472344238294
314.264,882,40,0.17662226,0.056811914,-0.1521347,3.0930789,1.3286107,3.055118708,-0.04628596323,0.32875696,104.3720035,109,44.83227395,10604.43796,1908.411992,0.0,49.13164241,315.2310087,1531.45813,555.3236897,695.0635341,3097.326483,0,0,3,32.91024,0.9886663931,0.1538339,33.74372489,34.358307,-0.6145819947656221
283.69376,878,50,0.08816425,0.13747646,-0.23391216,2.6177237,1.9581807,0.6366731934,-0.06479471364,0.32207641,91.78993082,113,68.66319428,9947.662011,4416.434766,0.0,634.1063949,638.2193859,1766.578954,971.3020324,1107.043215,3392.252057,0,1,4,43.549217,0.9871726733,0.2239053,35.06478962,35.187336,-0.12254634801757902
247.32979,864,50,0.02911671,0.23268096,-0.2997052,14.018932,3.6048393,0.124600267,-0.1037825204,0.32882191,444.4685002,127,114.2909829,7841.560313,6164.949425,114.2431649,862.1193029,3778.439408,260.7971054,189.562474,16.24077429,1957.222975,1,0,0,56.879868,0.9881153418,0.1021639,31.70487596,32.15654,-0.45166395699218853
337.68616,870,50,0.011469379,0.12873733,-0.18803641,182.54245,2.5048158,0.08840461724,-0.0609061217,0.199505789,5985.584699,121,82.13315383,11072.76205,7381.429445,265.0457552,1288.920279,4170.865625,249.4579398,331.5466488,169.0546855,2304.282084,0,0,0,47.5344,0.9872127781,0.1791552,32.79009731,32.59753,0.1925669450097658
157.68614,909,50,0.0921781,0.080183275,-0.14650457,21.072695,2.5048158,1.135432144,-0.04516672152,0.23868267,706.9296764,82,84.0295284,5289.9267,6633.293362,157.9292835,414.8080847,4284.350495,495.0660246,61.38299747,356.515614,1010.619308,0,0,1,64.60874,0.9872571723,0.1775489,33.54718874,33.418636,0.12855241797851846
0.0,886,40,0.123815745,0.21770716,-0.35283732,2.968173,0.46373534,0.5661257043,-0.1008085189,0.476653065,102.8254204,105,16.06502764,0.0,1278.12956,15.10809976,370.0207223,348.2398556,854.2687134,563.3421365,429.6942752,2965.05342,0,0,2,25.648104,0.9878200474,0.1581092,34.64266415,34.800533,-0.15786914467773272
68.701584,876,40,0.14836843,0.15904616,-0.25604552,2.7602081,2.5517972,0.9270352378,-0.06913027879,0.40441395,97.72484376,115,90.34608031,2432.371517,2596.935246,0.0,119.1338203,344.3533121,1316.7499,400.2093373,526.6615908,3110.109035,0,0,1,21.320723,0.9878056802,0.1792616,35.40488261,35.315556,0.08932703749023574
115.98066,880,50,0.09961137,0.17136775,-0.2591533,1.8252547,1.0584955,0.5779002743,-0.08501888473,0.35876467,59.48219256,111,34.49471088,3779.628099,3529.18737,49.88920153,529.6103834,1205.093662,1454.830777,582.7526584,1252.183426,3830.345709,0,0,7,38.094746,0.9874436694,0.1893954,32.58843413,32.965626,-0.37719163293945
287.99777,888,40,0.06511541,0.32711774,-0.37852794,1.916821,2.9990427,0.1984513547,-0.1146443883,0.44364335,64.80843927,103,101.3987622,9737.312972,4828.504588,71.65507306,500.0340693,1675.430246,99.75715399,50.74080864,54.70619858,4915.996241,2,0,8,57.29115,0.9884078239,0.1474922,33.81037628,34.04813,-0.2377537554003908
180.0,910,50,0.05032823,0.15973872,-0.21606475,21.077066,2.3174627,0.3131058279,-0.06826398438,0.26639298,699.2597723,81,76.88491557,5971.740043,6411.642342,191.0292441,407.0790061,4366.948602,414.7040459,150.812143,271.5842215,996.0786982,0,0,2,64.60874,0.9874433083,0.1416292,33.17633357,33.10371,0.07262339543945018
134.26382,883,50,0.000692,0.2294151,-0.2705399,19.04396,0.66439694,0.003003275393,-0.08972680899,0.2712319,617.2931116,108,21.53583889,4352.042917,7135.558272,0.0,55.02602166,5325.628147,83.97279949,368.620783,135.7088666,2277.119368,0,0,10,49.754124,0.9879818159,0.146129,32.41411511,32.179947,0.23416821058593484
64.019394,869,20,0.11773764,0.11638618,-0.2182486,2.135599,1.0584974,1.002994049,-0.06793110455,0.33598624,71.33676288,122,35.35765752,2138.480272,2732.851984,0.0,111.7692334,3551.269135,778.3726608,452.6311143,764.153415,4269.400571,1,0,0,43.50115,0.9874089246,0.2736453,33.4036319,33.636196,-0.23256423647460878
180.0,870,10,0.11114172,0.088731445,-0.18617901,2.5889506,0.46373534,1.238603925,-0.05955003641,0.29732073,85.40076449,121,15.29706768,5937.594023,2461.547358,0.0,53.52602969,3308.563316,499.5662002,507.8750319,674.0969076,4065.692909,1,0,1,43.50115,0.9878029369,0.2293494,32.98663346,33.00637,-0.019737084433593566
337.6861,877,40,-0.09253579,0.5759587,-0.60918677,1.8999933,2.5048165,-0.1603854661,-0.2044460993,0.51665098,61.22292549,114,80.71196564,10881.15992,1852.974626,6.676097056,299.1242326,556.2265686,635.9616916,619.8165767,582.7891267,3026.073446,0,0,3,25.648104,0.9883445363,0.1185364,32.22270599,32.11245,0.11025634400390771
18.881256,878,10,0.023830231,0.25239903,-0.31244153,1.820444,1.4700316,0.09404231342,-0.09290032988,0.336271761,62.03834829,113,50.09675244,643.4484861,3713.316703,0.01870556267,224.147513,1259.549138,398.8484874,106.7082176,355.0008555,5254.679711,0,0,9,59.79857,0.987764921,0.2015669,34.07869085,33.860905,0.21778615639648535
180.0,882,50,-0.02328676,0.2307282,-0.28452116,183.25247,3.2427514,-0.1004916967,-0.09474479456,0.2612344,5928.065805,109,104.9003252,5822.851091,6963.936346,179.4409932,1642.633779,4524.603373,165.424037,121.6230335,326.1272866,2286.449578,0,0,0,44.05753,0.987306891,0.1921774,32.34917273,32.25988,0.08929266408203063
180.0,916,50,0.09584179,0.119271815,-0.18236074,21.107904,1.8543341,0.7968765583,-0.05903560816,0.27820253,692.3105943,75,60.81964096,5903.755625,6528.979472,156.9061775,423.244842,4450.235571,328.7871572,204.212955,173.2772453,957.591266,0,0,1,64.60874,0.9875330629,0.1466712,32.79864236,32.924107,-0.1254642379003883
180.0,918,50,0.07214478,0.124148145,-0.19046125,19.009329,3.7047918,0.5764750249,-0.0637653764,0.26260603,613.2792235,73,119.524042,5807.16238,6977.11327,59.89226025,330.6312177,4398.219803,391.4918901,218.6013688,147.6849297,866.6169172,0,0,2,64.60874,0.9875142658,0.1635482,32.26201322,32.41656,-0.15454790670898433
207.15868,916,50,0.08121212,0.12130178,-0.17921592,13.593933,1.0423074,0.6640305644,-0.05717761755,0.26042804,448.952425,75,34.42318237,6841.610279,6985.194798,85.64830129,111.472857,4251.791079,453.1099176,238.0713989,183.0084789,606.0597577,0,0,2,62.493767,0.9878041557,0.1583301,33.02594069,33.066387,-0.04044648651367311
161.11867,879,20,0.1115348,0.5185336,-0.5565762,96.499115,2.9381318,0.2146825537,-0.184259715,0.668111,3130.737027,112,95.32230442,5227.200124,3288.047684,0.0,247.6006146,5598.050883,1264.010037,1058.839328,1010.076324,3733.957471,0,0,0,10.385366,0.9881928923,0.1229836,32.44316828,32.50984,-0.06666982424804502
332.8413,870,40,0.08144578,0.067587756,-0.12514758,2.1412528,1.0423074,1.187468212,-0.04410368347,0.20659336,67.25141492,121,32.73627823,10453.71587,2854.566898,0.0,133.8365708,3605.848736,808.2820879,544.8285279,852.6766817,4339.626866,1,0,0,43.50115,0.9872722006,0.2138115,31.40750822,32.45846,-1.050953541474609
145.62683,811,40,0.0744313,0.38999727,-0.4767712,3.267385,3.3672678,0.1903627102,-0.1112184868,0.5512025,121.4999037,180,125.2141127,5415.231394,5147.316951,143.1990029,458.0912207,1448.008257,1796.265126,929.2884719,540.4909059,2900.296534,0,0,1,12.373563,0.9883503542,0.1450308,37.18567103,37.151505,0.034166513398439236
107.99761,885,50,0.095423564,0.110579796,-0.16525556,150.74203,1.5005612,0.8552046824,-0.05116303021,0.260679124,5047.439405,106,50.24472425,3616.187153,5909.002573,86.36189416,263.2847718,5212.673658,380.0913622,135.3431297,251.2185002,2600.280656,0,0,7,51.798798,0.9881052776,0.1528944,33.48395537,33.523968,-0.0400123729199251
138.66957,881,10,-0.056255627,0.619179,-0.6158348,114.16336,4.31485,-0.09070869378,-0.2374487657,0.559579173,3401.991617,110,128.5796382,4132.260251,933.3980554,0.0,514.0933488,5539.124538,1238.96653,959.3549687,948.6983844,3169.58092,0,0,0,16.073984,0.9886605187,0.1460164,29.79932981,29.934954,-0.13562387957519562
11.596563,875,40,0.0501532,0.23817532,-0.30136988,2.6851459,2.3656998,0.209692204,-0.1009819312,0.35152308,86.59150099,116,76.28989419,373.9699197,1344.14985,0.0,251.4353363,3194.657485,423.3490478,170.1583025,633.1714626,4028.917864,1,0,1,39.53958,0.9881614437,0.1993294,32.24834114,32.317497,-0.0691561134179679
283.6936,873,20,-0.03975535,0.559633,-0.5756372,4.253562,1.9582053,-0.07091154106,-0.2001441771,0.53588185,134.5678804,118,61.95079244,8975.076991,2021.069094,0.0,282.8184955,623.1880579,1273.73824,112.396151,254.0449815,3389.197443,0,0,4,22.932306,0.9889802226,0.1410497,31.63651556,31.80132,-0.1648035623144537
90.0,879,20,0.020442571,0.32346243,-0.38292176,4.106443,1.427169,0.06300443167,-0.1235718831,0.403364331,134.8892759,112,46.87993795,2956.338329,1866.519045,0.0,322.3508959,690.4201081,1468.753051,268.4627671,399.7175483,3460.112257,0,0,7,34.17986,0.988690666,0.1305806,32.84820365,32.732327,0.11587714243164271
72.00239,876,20,0.029048307,0.24562487,-0.3212492,3.999222,1.5005612,0.1177833647,-0.09559841415,0.350297507,136.2404072,115,51.11920992,2452.88582,4652.976588,0.0,413.2378265,755.2651759,1663.785366,455.6649811,575.4373033,3540.370452,0,0,8,34.17986,0.9882041654,0.2034712,34.06672778,33.973576,0.09315218795898517
18.881372,879,50,0.10482655,0.10934579,-0.1989899,2.3672903,1.4700327,0.9499823237,-0.0565094615,0.30381645,82.20748323,112,51.04895184,655.6821831,5902.724756,12.29336708,37.23429885,1135.981989,395.2300064,337.6629371,394.850883,5222.825866,0,0,15,54.10459,0.9873500043,0.2018728,34.72640564,34.74899,-0.022583465224606414
90.0,805,40,0.13985346,0.2820513,-0.42405063,1.7192825,3.3270204,0.4940922723,-0.0937649275,0.56390409,64.94637694,186,125.6791254,3399.775153,1367.731222,94.03577537,174.3010951,557.4296226,1935.300019,2006.164531,266.7123681,5508.551777,0,0,0,6.2820687,0.9880587087,0.1815662,37.77527948,37.888203,-0.11292318723632633
258.97003,857,50,0.02629891,0.2291498,-0.27741936,317.46094,2.4224494,0.1142686633,-0.09052253999,0.30371827,10372.68213,134,79.15083222,8461.556883,6149.113497,224.6398631,1157.097042,4183.054666,200.7477608,126.953228,424.7496834,1818.98836,0,0,0,46.37429,0.9873611435,0.2291844,32.67388463,32.796852,-0.12296748181640282
134.2635,922,50,0.019007653,0.23377833,-0.2815221,462.15726,2.6558182,0.08095999746,-0.09340882789,0.300529753,14977.2593,69,86.06784157,4351.114713,7578.111672,74.75388097,380.3894947,4520.083477,312.6946344,425.0214461,112.0875036,716.2672724,0,0,1,59.38679,0.9872435747,0.1935805,32.40727907,32.6285,-0.22122282208984245
194.38683,889,20,-0.064914994,0.5825438,-0.6,90.73476,1.9143242,-0.1112427105,-0.2064160766,0.535085006,2886.658574,102,60.90279366,6184.271712,1433.149827,0.0,578.6620286,5635.351805,1479.062449,1062.146601,1132.578164,3527.385251,0,0,0,16.073984,0.9885098691,0.147572,31.8142526,31.793917,0.020335897729491847
152.84117,884,10,-0.071820565,0.6257691,-0.6123474,66.50547,2.0839283,-0.1145885542,-0.2276672074,0.540526835,2026.258913,107,63.49219534,4656.696405,1934.252005,0.0,440.0871455,5748.163793,1460.956022,867.5820331,838.8148268,3881.809147,0,0,0,11.112242,0.989182014,0.1228339,30.46755272,30.567904,-0.10035079867675734
232.05682,819,20,0.10401494,0.4025139,-0.4845297,2.976702,3.0140378,0.2577728797,-0.1287874339,0.58854464,105.9951633,172,107.324626,8263.138375,4825.708695,193.6977903,681.0923688,1343.216134,1583.441629,727.1057634,625.1275114,3178.832952,0,0,0,12.373563,0.9877224631,0.1439963,35.6082548,35.729717,-0.12146245463867444
60.88564,806,50,0.028142588,0.26307234,-0.31102362,4.8181844,3.8068743,0.1065715099,-0.08124494541,0.339166208,172.6376001,185,136.4019283,2181.558425,6034.055906,135.2132624,503.7624429,1973.125652,1621.45955,942.8251165,840.8199222,2739.544794,0,0,0,22.664068,0.9873878581,0.2127299,35.8304261,35.67311,0.15731513808593434
90.0,925,50,0.039771374,0.16565481,-0.22070844,502.7817,1.902603,0.2386452212,-0.07570407586,0.260479814,16020.54252,66,60.6241879,2867.74325,8029.424044,174.1905367,466.3105472,4607.042695,214.8242767,470.9144043,206.91911,705.1058789,0,0,1,59.38679,0.98779997,0.1619974,31.86381389,32.33859,-0.47477482459960996
314.26337,868,50,0.07233273,0.21448864,-0.29089078,3.9404516,1.9924924,0.3356684139,-0.09250946003,0.36322351,130.3324147,123,65.90268632,10394.41872,3321.273273,0.0,31.99485749,768.0457711,1090.101839,98.68712856,49.30839707,3519.264536,0,1,6,22.932306,0.9879794124,0.170322,33.07550198,33.08144,-0.0059379919238296
225.73668,808,40,0.20921601,0.22227533,-0.39118606,1.4504944,2.6558275,0.9370314669,-0.08226614826,0.60040207,55.55385654,183,101.7180486,8645.702553,3593.400843,0.0,180.8435225,145.346352,1149.043503,1560.70593,306.9542592,5250.255635,0,0,1,4.4390826,0.9876471436,0.2333118,38.29994555,38.40774,-0.10779599663086259
134.26332,809,40,0.20656684,0.22268558,-0.37094763,1.486565,1.9924948,0.9234696309,-0.07449381858,0.57751447,57.6187677,182,77.22843941,5204.001874,4716.495206,0.0,267.9632298,154.6072251,1051.578959,1464.164284,308.2056553,5203.831174,0,0,1,4.4390826,0.9873149978,0.2809323,38.75966924,38.745106,0.014563496591797787
254.4396,889,10,-0.17412141,0.72400314,-0.6819222,108.963776,3.4533231,-0.2401664219,-0.2692980324,0.50780079,3197.69915,102,101.3427466,7466.897005,230.9167816,0.0,243.196188,5318.686422,1399.135165,1065.258338,827.0491144,3448.235511,0,0,0,16.073984,0.9889979334,0.128988,29.34644216,28.971842,0.37460034786620966
345.6131,869,20,0.12766275,0.090299755,-0.15298288,2.3649633,1.9143249,1.398281408,-0.04996177243,0.28064563,77.24020405,122,62.52225812,11287.79731,2615.21519,0.0,76.75800925,3140.458292,693.8966026,163.4832787,673.446949,4107.144182,1,0,2,39.53958,0.987356911,0.2768705,32.66021255,32.274536,0.3856764171874971
7.3086514,867,20,0.03065505,0.3032538,-0.38019755,2.0459116,3.7350533,0.1007548632,-0.117963501,0.4108526,68.43877952,124,124.9430764,244.4852367,3785.183223,0.0,88.33583523,873.3429967,920.7156786,303.7734552,260.0115972,3568.68435,0,1,7,24.737955,0.987385268,0.2707859,33.45148418,33.403095,0.04838893463867322
90.0,878,50,0.09460616,0.16496833,-0.22751015,2.3801315,1.9026072,0.5700253777,-0.06870535342,0.32211631,80.57483332,113,64.40915471,3046.779138,5181.456846,48.78999481,634.7995903,2015.72966,576.2827572,431.7396344,529.2614017,4554.848416,0,0,6,57.675743,0.9879322881,0.1539131,33.85310153,34.02309,-0.16998883254882458
225.73682,826,50,0.07359736,0.15609555,-0.22629969,3.1036487,0.6644045,0.4684878725,-0.06039739939,0.29989705,110.3510846,165,23.62308503,8026.134823,5941.654828,241.211999,691.2485833,1610.683763,1782.596499,537.1300472,706.5846727,3193.970952,0,0,1,12.373563,0.9877520842,0.2320116,35.55527549,35.89314,-0.3378633954980472
56.986725,918,50,0.03284379,0.21380697,-0.23871408,468.42395,1.7018381,0.1528990889,-0.07817892296,0.27155787,15278.0117,73,55.50677416,1858.666388,6759.487938,36.49904777,487.3373815,4504.81804,93.31448779,128.2895885,161.081382,170.2233953,1,0,0,57.69991,0.9885069284,0.132868,32.61577829,32.83218,-0.21640173319335787
244.0199,894,20,-0.021191813,0.52998644,-0.55531037,78.50042,1.0585165,-0.03991027153,-0.1848190464,0.534118557,2540.094436,97,34.25117817,7895.927057,1049.610785,0.0,419.1346539,5379.396671,1708.173969,837.0025214,888.1496041,3726.355842,0,0,0,16.073984,0.9885992374,0.1738119,32.35771778,32.433205,-0.07548687087890471
72.00265,864,20,0.032808155,0.40193444,-0.46162465,1.8926821,1.5005823,0.08142305979,-0.1401208742,0.494432805,63.93083634,127,50.68652651,2432.098678,2084.042513,10.59619706,164.8028286,1015.607958,776.5387741,365.2991066,478.201338,3630.661034,0,0,7,24.737955,0.9876055358,0.2078109,33.77790509,34.184383,-0.4064783023339871
180.0,865,40,0.080580175,0.19727178,-0.2951192,1.9264973,0.92740995,0.406412728,-0.08257088637,0.375699375,67.29212268,126,32.39422351,6287.360009,2432.598119,0.0,153.9648501,971.8667656,953.6651562,344.2941873,309.1270233,3665.928723,0,1,7,24.737955,0.9872588442,0.3145602,34.92977783,34.814434,0.11534377848632715
0.0,865,50,0.012345679,0.34544232,-0.36752138,4.416054,1.3909631,0.03563559729,-0.1142506399,0.379867059,147.5952602,126,46.48936825,0.0,4072.883124,0.0,19.91951665,1029.664659,1417.270235,234.5095632,309.4802377,3796.764712,0,2,4,22.932306,0.9874871027,0.2113108,33.42243101,33.784527,-0.36209581495117504
115.98006,836,10,-0.025153244,0.4845424,-0.5146783,5.948521,4.2268705,-0.05180442326,-0.1731275834,0.489525056,191.4537895,155,136.0422826,3732.83073,2135.213994,88.82057167,610.7535924,3154.178783,1315.752424,334.9675285,290.7978181,752.9473589,0,0,0,22.32907,0.989163147,0.1444952,32.18510777,32.11577,0.06933933738281439
319.46796,891,20,0.069377095,0.3526701,-0.46721554,78.02695,3.6559737,0.196163303,-0.1734281425,0.536592635,2379.557143,100,111.4947891,9742.688471,929.6748116,0.0,208.0148235,5193.493701,1562.177311,935.7874272,691.5606604,3659.371522,0,0,0,18.001852,0.9890945639,0.1208998,30.49660589,30.814957,-0.31835077503906106
90.0,893,40,0.13356058,0.2358011,-0.3549794,77.11654,2.3777835,0.5640200996,-0.09770544522,0.48853998,2710.664898,98,83.57966098,3163.521611,1228.692015,0.0,695.1419176,5456.956288,1713.563475,568.4665397,726.6485582,4009.009629,0,0,0,21.361498,0.9879307331,0.2187894,35.15024012,35.177322,-0.027082267695313078
90.0,867,50,0.09715006,0.23258813,-0.3688231,2.615247,1.90262,0.4159032396,-0.1139534909,0.46597316,87.64926453,124,63.7657719,3016.32458,5113.242498,21.51017184,52.53727636,1521.776831,323.9706244,225.8730246,267.7926078,4803.274159,0,0,3,54.283257,0.9879563345,0.2403821,33.51471755,33.52601,-0.011291055957030949
244.02005,812,20,0.060086645,0.45778558,-0.49401197,1.5053594,4.226886,0.1309689049,-0.1446944875,0.554098615,51.62483457,179,144.9569388,8368.429966,979.6996362,56.87894561,640.2452423,1620.329145,2923.204677,1286.348219,393.643199,6510.383971,0,0,0,6.4899774,0.9886263783,0.1264172,34.29402611,34.354202,-0.06017616050781527
188.97046,882,20,-0.017611766,0.5505751,-0.58278143,1.9656769,6.0804124,-0.03192995115,-0.183468129,0.565169664,65.32145209,109,202.0583176,6279.681493,1053.079731,0.0,60.8045657,4176.886729,1368.202101,132.421669,657.098285,4984.505019,0,0,1,22.191677,0.9884726687,0.14123,33.23102189,33.28131,-0.05028914515624905
45.737003,872,10,-0.025507355,0.45406547,-0.52028704,2.6115086,0.6644068,-0.05605205554,-0.1707608158,0.494779685,85.08712361,119,21.64743533,1490.18465,2355.84715,0.0,151.5904674,3629.325241,1020.119993,527.4697256,468.5820144,4569.859071,0,0,1,34.588264,0.98932154,0.1319817,32.58159809,32.610077,-0.028478814296875044
45.737003,870,40,0.07692308,0.36043096,-0.46249014,2.3377278,0.6644068,0.2128292496,-0.1369122924,0.53941322,79.81452539,121,22.68412662,1561.54929,1366.064393,0.0,163.5953956,3448.530814,987.1055452,457.1791243,574.6179651,4463.515918,0,0,1,34.588264,0.9878906788,0.2133032,34.14192422,34.175785,-0.03386084469726569
90.0,874,50,0.06617135,0.18748155,-0.2525693,8.965848,0.47582108,0.3510760072,-0.07295322159,0.31874065,309.2371387,117,16.41133658,3104.150603,5490.621411,22.82809904,243.3455104,1774.226718,178.6000033,25.33384705,60.03653073,4560.94808,0,0,0,60.093124,0.9875426626,0.1650532,34.49056226,34.57701,-0.08644884839844025
252.00276,869,50,0.06128968,0.19098277,-0.27494577,2.5863278,1.5005915,0.3192457323,-0.08404763651,0.33623545,87.0911113,122,50.53040119,8485.85412,4974.83715,29.01096754,86.35110885,1606.305456,304.5322428,290.7878273,287.3592859,4721.174643,0,0,3,54.283257,0.9872084625,0.2249242,33.67365548,33.93895,-0.26529410496093675
134.26288,814,20,0.08749041,0.42908654,-0.5361757,1.546267,0.6644083,0.2034251293,-0.1077505457,0.62366611,59.92222713,177,25.74770403,5203.066994,1304.918843,102.3433678,834.1660697,1115.525592,2359.247135,1300.624874,238.7318487,6219.90354,0,0,0,6.571416,0.9885308357,0.1445998,38.7528332,38.753944,-0.0011111969726584903
207.15935,815,20,0.03852596,0.48897535,-0.56670076,1.4274814,1.0423137,0.07862836365,-0.1324164078,0.60522672,53.05501836,176,38.73953979,7699.465028,1026.436625,125.0567463,761.1588767,1031.454718,2263.474859,1341.764434,322.8837864,6162.272267,0,0,1,6.571416,0.9886468882,0.1444907,37.16687192,37.077602,0.08926953352538902
225.73712,812,10,-0.025713706,0.53468645,-0.56213385,2.9261334,1.9925107,-0.04800141202,-0.1633398106,0.536420144,100.6789474,179,68.55595854,7766.896629,2216.145554,79.8649813,260.2977858,1499.236884,1454.001985,315.8196307,788.4661566,3674.682617,0,0,0,9.242781,0.9881439049,0.148643,34.40682077,34.187965,0.2188553769335968
64.02015,845,50,-0.022159887,0.4663984,-0.47291836,3.8992655,1.058526,-0.04741113149,-0.1451654176,0.450758473,131.0626233,146,35.57931471,2151.853676,3278.417154,87.67147053,962.656479,3295.478526,1249.893342,635.5566194,50.71257378,1097.060492,0,0,0,24.527899,0.9880634335,0.1216179,33.61213112,33.93148,-0.31934928771484294
225.73712,887,10,-0.09382392,0.6515873,-0.63472116,75.27928,3.3184748,-0.1437722125,-0.2449321163,0.54089724,2242.114215,104,98.83728327,6723.342806,1467.048841,0.0,121.0029837,4923.625287,1343.136015,1039.304785,421.9681352,3681.355532,0,0,0,18.001852,0.9892591727,0.1406862,29.78394872,29.761969,0.02198010732910305
45.73713,873,50,0.09505037,0.10955961,-0.17855105,8.965848,1.328638,0.8597205616,-0.05140358921,0.27360142,309.6508522,118,45.88677936,1579.609791,5313.956086,19.4469462,244.9614823,1852.584993,119.3854611,1.379475336,42.07262041,4476.615018,0,0,0,60.093124,0.988718074,0.1608298,34.53670553,34.63923,-0.10252329080078226
291.29773,878,40,0.014515496,0.110030934,-0.14886805,1.9155642,2.551876,0.1307338007,-0.04595832154,0.163383546,64.22250914,113,85.55593163,9766.245959,4328.652863,0.0,129.0273718,1439.027888,723.9758072,240.8531367,555.5520823,4841.62612,0,0,5,39.577286,0.9875628532,0.2234908,33.52668062,33.16189,0.36479249744140674
303.01294,832,20,0.15552671,0.23271234,-0.34667125,1.7939214,3.4007103,0.6654621232,-0.06920328651,0.50219796,69.63603831,159,132.0080092,11762.2883,1842.747684,0.0,860.6323662,1508.159847,2761.098457,1104.012629,309.5640445,6537.186796,0,0,0,6.4899774,0.9880261458,0.1367642,38.81777558,38.666035,0.1517408815136747
180.0,823,10,-0.013693941,0.4249278,-0.45111492,3.744612,0.46373534,-0.03215085045,-0.1203668168,0.437420979,133.1535104,168,16.48982282,6400.564832,4957.874478,170.6929424,387.8742567,1846.138777,1856.093511,172.6111768,398.9269611,3508.210417,0,1,0,12.902633,0.9888133114,0.1523432,35.55869351,35.52006,0.0386320170800758
56.987072,823,10,0.11188005,0.47340223,-0.5181388,6.7434916,3.4007103,0.2358337354,-0.1819782786,0.63001885,212.1881075,168,107.0054395,1793.133242,660.2995312,431.1133468,547.5459045,3475.442513,1338.579788,641.9052666,444.4373387,923.73253,0,0,0,22.32907,0.9881134638,0.1267075,31.46561456,31.463312,0.002302410952147227
295.9798,916,50,0.009200969,0.21604756,-0.25022915,446.357,2.1163337,0.04239148784,-0.08073329241,0.259430119,14663.55129,75,69.52499404,9723.416412,7307.439496,185.7179299,865.2766148,5572.98353,242.4535289,121.4596259,40.04481268,1191.865526,0,0,0,55.63234,0.9872860507,0.1979547,32.85162167,32.744656,0.10696606086914073
34.373943,916,50,0.1033513,0.12035139,-0.22314578,15.4683,1.6851045,0.8516696842,-0.0725534683,0.32649708,506.2818204,75,55.15394542,1125.068846,8338.490628,15.82432265,836.7586331,4614.820342,89.30195257,198.4067664,127.2797103,1772.769152,9,1,6,51.78079,0.9876056645,0.1436651,32.73028196,32.68966,0.04062284134765548
64.020195,908,50,0.08717459,0.06492059,-0.12809917,17.040483,4.2269087,1.322418231,-0.04193896951,0.21527376,555.8759826,83,137.8855885,2088.39672,6451.479752,105.8814588,701.6482067,4644.910872,271.2022977,31.18671934,246.5286039,2156.638109,0,0,9,68.03688,0.9872674185,0.1759183,32.62090532,33.143044,-0.5221381980664077
198.88188,879,10,-0.0010427529,0.35401973,-0.42011833,2.6503663,1.4700371,-0.002937168872,-0.1302016397,0.4190755771,88.70398138,112,49.20004588,6656.292974,3673.496993,60.49422836,59.18031539,3792.100876,1238.334974,405.0545385,247.5418082,4789.352621,0,0,3,31.226,0.987892802,0.2007528,33.46857428,33.319454,0.1491200868847642
295.9798,871,40,0.07021696,0.05387883,-0.119449064,1.8289442,2.1163337,1.279490835,-0.04050019207,0.189666024,58.6272142,120,67.83954872,9487.698495,4078.431922,0.0,229.7312073,2250.055147,551.1933799,414.7106237,490.812445,4147.231486,0,0,3,44.71922,0.9874973987,0.172123,32.05522301,32.771732,-0.7165093203222668
244.0203,821,40,0.17357777,0.18605137,-0.39523458,1.4486122,1.0585318,0.9279684506,-0.08193373684,0.56881235,55.69220227,170,40.69547882,9381.412019,993.5671117,0.0,922.5938009,1224.773687,2403.919637,1120.308129,390.018684,6380.66984,0,0,0,6.571416,0.9880704179,0.1641457,38.4452114,38.33132,0.11388968369140429
142.41971,828,10,0.02321036,0.57401574,-0.56784314,6.1733212,2.3393717,0.04036473854,-0.1918515835,0.5910535,198.2458969,163,75.12501387,4573.571053,1478.351708,410.7309753,582.9190496,3563.47219,1366.416381,728.0636379,397.5936852,1050.202655,0,0,0,22.32907,0.989055969,0.1352066,32.11332935,32.219433,-0.1061034808105461
152.84048,827,10,-0.033260502,0.6331543,-0.5969981,6.289555,3.1241903,-0.05244859492,-0.2016387727,0.563737598,202.0107979,164,100.3441699,4909.00029,1212.783343,489.3243107,514.2474224,3573.847497,1359.366252,739.4299957,481.5303901,1018.794951,0,0,0,22.32907,0.9891873108,0.1202904,32.11845638,32.27478,-0.1563238934375022
235.15689,913,50,0.007886435,0.23697148,-0.2745694,516.4214,4.0516973,0.03314025277,-0.09240808259,0.282455835,16616.66557,78,130.3696923,7566.54042,7009.076213,301.0556934,657.2222748,5878.283371,336.0701086,355.4425699,81.24788787,1456.171289,0,0,0,54.13669,0.987695499,0.1532462,32.17656272,32.395718,-0.21915490084960965
161.11804,878,10,-0.04681434,0.50690335,-0.5198939,2.3486354,1.4700378,-0.09217174882,-0.1903989848,0.47307956,72.19135981,113,45.18539904,4952.378048,4305.760441,43.00556224,209.7610383,4591.234947,1786.07485,234.069294,800.3187098,5323.687822,0,3,2,22.191677,0.9893916289,0.1328883,30.7375763,30.702978,0.03459816584472719
134.26268,880,50,0.07159853,0.10051282,-0.1685271,2.378168,2.6558578,0.7053151513,-0.05221152835,0.24012563,79.6060853,111,88.90139072,4494.268847,4732.836073,2.476504301,87.36184957,4009.938517,1399.69751,297.6023464,169.5028365,4981.473848,0,0,9,31.226,0.9872535865,0.2175384,33.47370131,33.450657,0.02304441913086208
295.9796,814,10,-0.082694635,0.6129808,-0.59051853,2.863354,3.1727211,-0.1346860276,-0.1699228896,0.507823895,98.91038793,177,109.5970232,10224.18362,3797.920464,0.0,34.66664496,1791.581163,1656.222795,105.410978,620.1252855,3842.475535,0,0,0,11.982444,0.9890100754,0.1282257,34.54354157,34.6376,-0.09405837506835724
270.0,818,50,0.1519546,0.20790301,-0.3717491,3.4597044,2.3778312,0.7273930615,-0.1000549453,0.5237037,122.6323322,173,84.2843642,9570.39269,4089.340996,54.59730868,227.2434077,1916.624066,1833.10947,23.60718363,425.4116198,3726.749691,0,1,0,11.982444,0.9875206905,0.210081,35.44589885,35.45852,-0.012620131933594791
309.08188,828,10,-0.08812261,0.47190398,-0.49681,8.615892,3.6729667,-0.1863435575,-0.1498556331,0.40868739,291.8219131,163,124.404086,10468.6625,3236.660565,138.838989,0.0,4245.739165,784.5027897,781.2852595,279.550255,546.5166135,1,1,1,58.16827,0.9880858267,0.1734651,33.87019163,33.111797,0.7583942972363289
351.66083,917,50,-0.14582165,0.6252983,-0.5818815,532.823,3.2773287,-0.2328309849,-0.2005108948,0.43605985,16936.79592,74,104.1761473,11178.21061,6801.638688,184.2118747,573.6924648,5902.249018,425.0171366,270.4323905,205.0669746,1323.739447,0,0,0,59.121433,0.9882704126,0.1078169,31.78690844,31.931124,-0.14421529352050655
314.26254,915,50,0.031778574,0.18693057,-0.22304954,484.3392,2.6558638,0.1690974172,-0.07285228759,0.254828114,15817.79348,76,86.73653731,10263.34428,9108.893561,96.47726551,819.9166644,5636.868876,81.65023586,22.89107341,231.7627276,914.1588936,1,0,2,55.58082,0.9878341274,0.1631575,32.65850354,32.818172,-0.15966891483398626
337.6852,905,50,0.040271495,0.17800611,-0.23673469,18.548616,2.5048325,0.2249727398,-0.07711357155,0.277006185,606.5625356,86,81.91110066,11042.72098,7732.021917,0.0,676.384843,4692.148045,47.19084229,158.0652257,155.8825553,1744.568217,12,0,9,55.00485,0.9878665931,0.1489989,32.70122879,32.46364,0.23759048433593932
162.8904,886,50,0.073085845,0.35347262,-0.33426106,2.5131526,4.840645,0.2061819189,-0.1149240891,0.407346905,79.97984166,105,154.051139,5183.90662,2473.882894,0.0,275.5820125,5431.167555,1541.037389,834.3058149,1111.155356,4606.655119,0,1,1,31.67132,0.9892667891,0.1397189,31.82450666,32.522694,-0.6981869740332023
225.73744,885,50,0.05532537,0.16501352,-0.22387117,2.6490977,3.9802363,0.333258219,-0.07042270181,0.27919654,88.063915,106,132.3149355,7504.186323,4615.098461,5.15924722,204.5023352,4318.694932,1624.0497,75.62210534,400.5528593,5233.751612,0,0,10,35.38839,0.9881483818,0.117262,33.24298496,33.371365,-0.12837963350585824
225.73744,878,50,0.04230423,0.18816304,-0.25029376,2.6078753,0.66441214,0.2236389836,-0.08848910733,0.29259799,81.7642446,113,20.83119416,7077.505301,4141.155646,0.0,384.5060825,1507.467305,743.5144945,70.49181034,258.6764201,4547.347427,0,0,7,34.13175,0.9874249007,0.1367697,31.3528199,31.755102,-0.40228225759277336
107.99697,876,10,-0.10637278,0.667148,-0.65876436,2.1706786,2.9991693,-0.1592054156,-0.2032566799,0.55239158,72.79419671,115,100.5778193,3621.702761,1682.798672,51.7621097,193.405921,1055.136914,1220.637334,470.3621366,517.7524485,4655.095036,0,0,1,26.431944,0.9884310816,0.1582507,33.53522567,33.510853,0.024372856279299526
229.54381,823,50,0.08789655,0.097228974,-0.17460318,10.840118,4.9902506,0.8948128686,-0.05312800037,0.26249973,365.7674337,168,168.381115,7745.270882,7600.161039,44.04860131,59.27862323,4108.136778,636.8452138,614.8635355,23.23494897,78.2580037,1,3,0,51.631157,0.9874651927,0.2209095,33.74201588,33.8636,-0.12158580457031576
239.68307,826,50,0.05888828,0.12970711,-0.16037096,8.526634,2.7539873,0.4505361644,-0.04668957265,0.21925924,293.1412142,165,94.68064196,8240.178499,6282.436005,14.65116783,88.78486089,4149.17086,719.1554107,653.1405129,93.0002825,147.5170274,2,4,0,51.631157,0.9871417605,0.2474491,34.37947661,34.442852,-0.06337541026367433
214.37424,877,10,-0.037037037,0.4542519,-0.49653834,2.4464731,1.6851104,-0.08135504102,-0.1531156037,0.459501303,82.06393274,114,56.5249569,7190.920355,2611.575784,12.0836958,169.2784398,5728.6898,1372.825179,854.5927986,854.2868613,4354.072133,0,0,1,24.896547,0.9873824236,0.2654626,33.54377072,33.8256,-0.28182895041015854
45.73751,874,10,-0.008934708,0.4729097,-0.5087359,2.3219516,2.6558669,-0.01885318659,-0.1594583689,0.499801192,77.31558575,117,88.43418831,1522.952665,3580.255371,35.86276128,167.7288161,1362.278486,959.0094301,289.4381945,221.9766648,4487.368107,0,0,3,34.13175,0.9887030511,0.1286809,33.29767328,33.24088,0.056794221162107306
198.88216,837,50,0.049413573,0.2696456,-0.33010492,415.47217,1.4700395,0.1825766722,-0.09810577507,0.379518493,14161.58782,154,50.10707091,6779.003213,6432.892789,80.05045827,0.0,4568.897601,598.7913365,589.1833057,310.3990338,567.3116587,0,1,2,58.16827,0.9881278723,0.1617386,34.08552689,34.19382,-0.1082940633691436
18.882154,911,50,0.02746051,0.20288548,-0.2668566,519.563,1.4700395,0.1346859521,-0.09133564844,0.29431711,16573.90544,80,46.8938236,602.3351065,8653.621797,72.26785292,779.7552795,5760.382394,140.951008,155.6250102,44.56972246,716.4168837,2,0,2,55.58082,0.9882518761,0.1686314,31.8997031,31.98994,-0.0902375433105469
119.113495,912,40,-0.063809745,0.5278999,-0.5341256,375.395,3.8069775,-0.1206461657,-0.1621088856,0.470315855,12680.69824,79,128.5982308,4023.607895,7308.235553,20.87466116,163.9787487,4849.794443,190.4172002,272.8421945,190.0969318,1153.966652,0,0,3,44.736736,0.9876599053,0.1250597,33.7796141,33.48724,0.29237426235351904
18.882154,903,50,0.0061969245,0.28524786,-0.32862842,20.05074,1.4700395,0.02164880639,-0.1053677638,0.3348253445,660.6525388,88,48.43638329,622.1487576,6187.49337,73.79824774,344.6446579,4375.719168,50.25478309,144.4371338,93.28268595,2031.294759,2,0,7,65.824814,0.9872624486,0.1552582,32.94903524,32.60026,0.34877355176757874
126.16431,887,10,-0.0015956234,0.19402175,-0.24299859,2.8185625,2.3562877,-0.00818177152,-0.07989892245,0.2414029666,91.75138239,104,76.7031612,4106.969369,3550.279766,14.45725043,185.4252643,4840.599129,1034.540026,441.7209299,776.8219443,3594.337767,1,0,1,29.165947,0.9877374911,0.1697576,32.55254492,32.422443,0.13010153010742442
214.37442,837,40,0.11486238,0.32273102,-0.43571427,1.5950806,1.685114,0.3548080749,-0.1139085003,0.55057665,57.13606151,154,60.36107339,7678.928605,1716.285831,140.4133328,1286.700013,1704.193668,2807.833327,638.1834057,352.3335008,6874.342478,0,0,0,5.381957,0.9881173615,0.1817599,35.82017204,35.826214,-0.006041796669919108
143.76157,830,10,0.057985757,0.47876078,-0.5500502,1.3870842,4.01815,0.120863896,-0.1172257685,0.608035957,52.93560607,161,153.3455615,5486.405106,659.7851775,99.62199924,837.4719537,1380.834715,2361.193547,925.0405813,732.7274452,6602.542192,0,0,0,5.2171803,0.9886170031,0.1386919,38.16322475,37.88076,0.28246455712890395
126.164246,832,10,0.031404957,0.5830707,-0.5703439,4.3758984,4.704639,0.05376910193,-0.2072472061,0.601748857,135.1102657,159,145.2604625,3895.44803,510.7509997,481.8253035,482.713715,3916.140233,984.7891256,1135.947135,446.3271659,1492.090816,0,0,0,21.560616,0.9885846556,0.112346,30.87600611,30.757374,0.1186323001855456
285.55988,897,50,0.05882353,0.1551615,-0.19763625,447.10635,3.453437,0.3766839458,-0.06554770683,0.25645978,14492.5567,94,111.9401044,9256.170821,6444.991962,71.99756872,299.4868298,6295.471664,366.7059625,507.8406866,126.3833024,1505.289031,0,0,2,61.919857,0.9873440371,0.1545266,32.41411511,32.566223,-0.15210803453125266
314.2623,909,50,-0.021816038,0.24095954,-0.27052787,480.91455,1.3286517,-0.09016399188,-0.09444156069,0.248711832,15181.58513,82,41.94308302,9920.681047,6586.32362,11.22653139,647.7654357,5894.792022,213.3312998,135.1705164,96.05808308,755.6934717,2,0,3,55.58082,0.9873814919,0.1509222,31.56815516,31.764866,-0.19671071524414074
34.37442,909,50,-0.05833084,0.4028549,-0.39897192,513.5267,1.685114,-0.1444351424,-0.1366384391,0.34064108,16376.08353,82,53.73735703,1096.181315,7776.148022,16.18822552,736.8366399,5847.496133,159.1126153,161.8295771,83.26282161,666.9514089,2,0,3,55.58082,0.9885979843,0.1233707,31.88944904,31.793594,0.0958546796484363
270.0,907,50,0.046444718,0.11915099,-0.14257573,528.44086,0.95159984,0.3865529364,-0.0494417478,0.189020448,16741.50837,84,30.14758678,8553.856451,8356.880131,21.63905966,827.3133416,5801.454631,62.16001778,66.38966096,153.824237,581.032753,2,0,2,55.58082,0.9871654932,0.1578802,31.68094982,32.603127,-0.9221767058789077
343.66055,891,50,0.14509097,0.07121326,-0.15241183,4.16891,3.3789227,2.009201219,-0.03750868923,0.2975028,152.4303218,100,123.5455489,12565.46393,2551.429571,0.0,657.9605187,5374.066987,1406.087225,575.6123279,1163.696361,4564.461898,0,1,0,31.67132,0.987208066,0.2466612,36.56359139,36.634434,-0.07084235633789149
236.98753,889,50,-0.066526756,0.5437424,-0.5646552,3.828012,1.7018754,-0.1221251659,-0.1781994651,0.498128444,127.0648241,102,56.49107119,7866.427488,3629.451011,35.79769191,493.185059,4792.234316,1559.498881,253.9987808,833.011246,5049.779267,0,1,4,35.38839,0.9892312584,0.1400757,33.19342367,33.164383,0.02904073542968888
59.683247,873,50,-0.010640284,0.036370598,-0.069960475,6.2347407,2.7540011,-0.2847234074,-0.02164246769,0.059320191,208.838366,118,92.24779623,1999.145174,5297.785167,0.0,375.0637276,3246.198593,1170.706005,835.5266254,807.5866539,4212.319977,1,0,1,42.998524,0.9872844038,0.1583185,33.49591844,33.592293,-0.09637434564453429
0.0,871,40,0.045032166,0.1968645,-0.27117032,2.046428,1.3909631,0.2275909322,-0.0739496256,0.316202486,72.18424593,120,49.06384319,0.0,2635.964966,0.0,104.1978063,1216.060899,1302.553639,187.2806624,452.071358,4368.631518,0,0,4,26.431944,0.9876805451,0.2003963,35.27328884,35.097042,0.17624675625976494
287.99673,839,40,0.21355371,0.22187981,-0.40023544,1.7298927,1.5006307,0.9581563714,-0.1026729169,0.61378915,62.37599427,152,54.10932825,10384.50673,1624.744095,179.645403,1277.316862,1772.244844,2845.884142,545.6669223,271.5357485,6955.443351,0,0,0,5.381957,0.9877922815,0.1914344,36.05772443,36.180412,-0.12268786248046837
90.0,859,10,-0.060805473,0.5754496,-0.57360405,82.565544,2.8527153,-0.1054827222,-0.1925447872,0.512798577,2660.203039,132,91.91245575,2899.735917,2249.816191,0.0,923.3418323,3958.604373,523.8453271,1065.09408,140.6690647,1819.431761,0,0,0,29.422478,0.9889028836,0.1106634,32.21928797,32.030434,0.1888543152148472
314.26218,895,10,-0.004804393,0.3614383,-0.39119416,22.35264,1.3286546,-0.01325575415,-0.1278818465,0.386389767,729.6981655,96,43.37370549,10259.0359,4944.263936,48.40157762,306.4514051,4300.904056,13.05836092,60.73548011,206.7561984,1852.293757,8,0,10,65.824814,0.9875554715,0.1545931,32.64483146,32.72701,-0.08217735958007921
18.88227,899,50,0.095383175,0.14302635,-0.21536525,21.313765,1.4700406,0.662261975,-0.06994782202,0.310748425,697.9697925,92,48.13996647,618.344721,6282.242725,142.6738982,183.2111961,4201.518613,98.33500081,72.3448024,208.8303054,2045.767469,3,0,2,65.824814,0.9872468747,0.1928243,32.74737206,33.03463,-0.2872577617773473
270.0,870,40,0.06253418,0.20931326,-0.28646484,1.9500091,0.9516041,0.2973382658,-0.07413323852,0.34899902,70.09960532,121,34.20859515,9706.053903,2821.993871,0.0,161.372376,1280.701577,1343.541783,108.7635324,471.9082617,4273.505209,0,0,4,26.431944,0.9874159527,0.2608013,35.94834779,36.107777,-0.15942885184570343
67.3311,839,10,-0.11951025,0.61334866,-0.59017015,133.74759,3.605037,-0.1945316362,-0.2170302593,0.4706599,4101.247986,152,110.5451749,2064.646834,613.0775132,487.196387,426.2465906,4111.982091,910.7429044,1333.15854,442.1766651,1677.248798,0,0,0,19.937319,0.9877965636,0.1350081,30.66408887,30.516848,0.14724125952636768
248.70284,845,50,0.055433072,0.18327086,-0.19577353,487.3926,2.55194,0.3008238633,-0.06444011741,0.251206602,15857.53992,146,83.02852857,8091.660014,4066.289503,0.0,265.8551097,4635.040894,964.3955041,590.3404115,197.7530332,417.4149515,0,7,1,65.79157,0.987110665,0.2550449,32.53545482,32.943947,-0.40849201837890803
259.95184,852,50,0.036893204,0.22833085,-0.30801687,484.22815,5.30069,0.1608732711,-0.09134593161,0.344910074,16520.06754,139,180.8398723,8868.592118,6305.836055,102.3543459,118.2273442,4925.298687,720.465148,705.7672293,147.6140456,373.0668894,0,2,1,71.74641,0.9874507134,0.1681949,34.11628907,33.855072,0.26121704851562555
291.29715,909,50,-0.05427703,0.24640657,-0.29114598,524.53845,2.55194,-0.2193839476,-0.100069684,0.23686895,16695.86672,82,81.2273154,9271.881579,7340.209336,80.01353306,779.8010226,5978.1786,197.8082842,228.9203892,183.6063217,509.9682606,4,0,7,57.23339,0.9890795061,0.1418765,31.82963369,31.805655,0.023979164243165485
0.0,914,50,0.06035402,0.2690092,-0.36747363,423.18262,2.3174627,0.223525791,-0.1098590448,0.42782765,14388.24141,77,78.79390883,0.0,7325.153953,0.0,199.1178408,4553.396896,209.9181233,304.2095873,139.1494547,1297.783597,3,0,2,43.695793,0.989262662,0.1438729,34.00007639,33.78549,0.21458826133788733
134.26204,883,30,0.12972714,0.18013632,-0.25682682,3.221891,0.66441816,0.7161851361,-0.05797440338,0.38655396,120.986515,108,24.94983154,5041.727457,465.0517572,0.0,558.8838973,5829.741222,1007.552737,459.6765774,1018.946196,4095.151188,0,0,0,33.60982,0.9871854599,0.1325556,37.55139917,37.477528,0.07387155159180026
0.0,885,30,0.21146953,0.11675127,-0.39205265,1.7856246,0.0,1.795900206,-0.09149726827,0.60352218,66.39049401,106,0.0,0.0,1568.675585,0.0,269.7914597,4178.496125,1837.21121,229.075708,464.9999422,4623.472944,0,0,1,31.971481,0.9879082805,0.1545502,37.180544,36.860172,0.32037172827148197
101.02943,873,40,0.08448855,0.29681686,-0.41977823,2.3889043,2.4225688,0.2836929716,-0.1202003436,0.50426678,82.68452145,118,83.84971382,3496.820727,2641.308092,0.0,386.9871029,3520.38476,1304.858181,665.436542,611.2514246,4145.780151,1,0,2,44.23499,0.9878529467,0.2571681,34.61190197,34.629143,-0.01724079123047062
45.73802,885,10,0.09382304,0.089303635,-0.1381841,18.203783,1.3286593,1.038973016,-0.04440806928,0.23200714,599.1437682,106,43.73035757,1505.382131,7616.179943,0.0,138.200004,3383.980069,164.9869473,89.66586042,159.5756893,2511.238021,2,0,5,73.79827,0.9874068804,0.2038762,32.91314603,33.173923,-0.26077746243164057
22.315197,866,60,0.026907356,0.2044688,-0.28404495,1.782549,2.50484,0.1309559213,-0.09049248634,0.310952306,58.90996067,125,82.78034763,737.4761522,3937.372299,0.0,247.8907004,1488.8825,1362.307077,4.053507806,490.3162791,4054.830107,0,0,5,22.315212,0.9873159218,0.2517741,33.04815782,32.970432,0.0777255385058595
165.61244,862,10,0.013010728,0.4233048,-0.46377793,3.5243442,1.9143305,0.03066363614,-0.1438468716,0.476788658,117.9126137,129,64.04701127,5540.831017,1986.814305,3.798044122,760.7024955,1493.230502,1905.656283,1230.62905,1192.599198,5322.437534,0,0,0,5.04341,0.9878325022,0.1594664,33.45661121,33.46509,-0.008480495322267245
157.6848,861,40,0.06017293,0.3957023,-0.45558897,3.43906,2.50484,0.1516828362,-0.1289935697,0.5157619,119.5672499,130,87.08682902,5482.293966,1917.367036,101.3415941,708.5598647,1587.848064,1898.918215,1320.850267,1106.218653,5255.159799,0,0,0,5.04341,0.9878822109,0.1709822,34.76742188,34.593685,0.17373672985351618
152.83981,860,40,0.17879747,0.3311959,-0.47234043,1.206012,3.1242092,0.5382290088,-0.1005811725,0.6511379,46.03561244,131,119.2565944,5834.166044,1593.128198,104.1332365,713.9656655,3742.634855,4966.886505,1552.489888,800.7553487,8580.694723,0,0,1,3.7071533,0.9883444938,0.1328547,38.1717698,38.245934,-0.07416373271484389
225.73814,835,20,0.045048784,0.46263912,-0.5037594,1.5002517,2.6558971,0.09716346628,-0.1212774341,0.548808184,55.2443098,156,97.79905745,8312.437,2524.577815,127.0187109,1039.591732,2189.972301,3236.742474,209.0143634,147.3762167,7368.018059,0,0,0,5.6999035,0.9883642374,0.1516158,36.82336091,36.787415,0.035946359218748114
295.97903,839,50,0.1682405,0.06752411,-0.098778,498.934,2.116391,2.455201534,-0.02957568595,0.2670185,16952.70923,152,71.91043554,10056.73383,6923.722608,2.096950078,0.0,5043.392849,848.6225203,746.032229,77.50569921,177.8359521,0,3,0,71.74641,0.9873163356,0.1933354,33.97785926,33.08731,0.8905484689843775
90.0,884,50,0.036437247,0.22547425,-0.2752397,18.648376,2.3778894,0.1608891386,-0.08491339507,0.311676947,625.4093678,107,79.74712148,3018.324121,6825.920057,0.0,45.07212164,3284.582287,262.1380914,132.4069275,114.1927832,2412.830425,2,0,4,73.79827,0.9871831806,0.2855276,33.53693468,33.450966,0.08596879865234541
270.0,891,50,-0.011315062,0.3269548,-0.3792867,79.27802,0.95161474,-0.03450189477,-0.131366893,0.367971638,2513.228817,100,30.16757466,8559.393644,5535.453511,0.0,252.4100161,3353.354045,603.2365847,221.2660885,166.8914217,2564.815825,6,0,2,58.08967,0.9889352937,0.1197676,31.70145794,31.994623,-0.2931652442041006
45.73815,855,40,-0.25511265,0.6896874,-0.63957435,4.0228605,1.9925472,-0.3693605095,-0.2298569338,0.3844617,124.9867527,136,61.90669651,1421.044265,819.2464304,0.0,978.9887702,1090.579812,1885.972488,943.532501,1048.913271,5532.932525,0,0,0,5.2463856,0.9879961919,0.2135388,31.06912424,31.500515,-0.43139074413085865
236.988,834,50,0.00656045,0.29782677,-0.32417238,509.1037,3.4007955,0.02195402373,-0.09282432649,0.33073283,17621.04736,157,117.7080005,8202.605424,5848.006263,0.0,361.4251972,4862.955105,691.434814,277.0467102,52.12488855,421.3731372,0,2,0,60.319614,0.9881362339,0.1309342,34.61190197,34.74921,-0.1373083876660175
306.16376,862,40,0.06286645,0.17428571,-0.24357034,2.101653,2.3563185,0.3586513128,-0.08191507105,0.30643679,67.64911179,129,75.84641881,9854.960085,3248.386467,14.01283883,468.5491407,1575.937196,1471.336218,44.17135684,702.7251937,3895.160654,0,0,3,19.613932,0.987413697,0.2607813,32.18852579,32.55921,-0.37068594095703133
285.55954,813,20,0.13740848,0.12627834,-0.24686192,1.4214406,3.4535084,1.079590447,-0.06811218991,0.3842704,49.91782254,178,121.27951,10028.21394,1347.638272,0.0,970.4705789,1757.921919,2308.568474,1191.212438,1191.312143,6736.353518,0,0,0,4.64522,0.9875436455,0.2054687,35.11776893,35.064857,0.052911447089840635
123.01188,826,40,0.098744616,0.31456682,-0.41014364,1.8319117,1.701902,0.3129119088,-0.09149919521,0.508888256,69.02565415,165,64.12694392,4635.035349,4151.682393,47.87368389,132.6239548,2056.568712,1658.899982,1299.877189,460.9851258,5279.131722,0,0,1,6.9888225,0.9881208902,0.1575009,37.67957492,37.49904,0.1805362237109378
79.951965,846,50,0.014829893,0.22931786,-0.26796407,477.83047,5.300759,0.06438881032,-0.07998715067,0.282793963,16256.8885,145,180.3439786,2720.149221,9270.741561,111.158881,112.6936227,5122.419363,589.8658403,484.17316,66.78331152,136.1027695,0,3,0,65.79157,0.9888402974,0.1192,34.02229352,34.081623,-0.05932955739258006
180.0,896,50,0.078440584,0.09700867,-0.17979555,418.41385,4.6273675,0.8003433166,-0.06035294891,0.258236134,13480.99632,95,149.090486,5799.471835,6892.74876,0.0,195.0154373,3098.097133,172.1687117,176.2026038,137.0042347,2255.66641,2,0,3,73.79827,0.9873606533,0.2019776,32.21928797,32.50484,-0.2855528808300747
207.16045,845,40,0.14648542,0.23755187,-0.33333334,1.5730566,1.0423238,0.6140610845,-0.07444576003,0.47981876,59.25328543,146,39.26184832,7803.239421,1886.579199,91.35869624,725.9966014,2346.839735,3295.696591,50.84885722,393.0861868,7557.867541,0,0,0,6.6135626,0.9876913907,0.2085021,37.66761185,37.740547,-0.07293533017578113
250.48662,841,40,0.16810979,0.25202852,-0.35931662,1.4949161,5.5360947,0.6643906782,-0.09450568095,0.52742641,53.43318469,150,197.8781087,8953.210036,2299.568828,12.75436213,1000.061267,1837.227232,2022.66061,1227.720629,1245.278038,6334.047557,0,0,1,6.2810464,0.98781387,0.1622633,35.74326659,35.82101,-0.07774399959961187
100.04799,827,20,0.058089808,0.3637771,-0.42710584,113.47878,5.3007812,0.1592474089,-0.1131178808,0.485195648,4046.017595,164,188.996163,3567.150862,5045.221287,304.5848078,283.2080274,3116.053384,1106.817404,349.5540815,116.1471975,4297.31251,0,0,0,19.577475,0.9883837132,0.1680658,35.65439807,35.621376,0.033022032402342916
270.0,824,50,0.033715926,0.2716545,-0.3389662,122.160446,3.3272498,0.1236580581,-0.09039543466,0.372682126,4344.700952,167,118.3354011,9602.692979,5654.215011,207.5718105,323.9750764,3178.57035,1061.013692,443.5157957,212.5999572,4265.047204,0,0,0,45.38083,0.9877487427,0.1734821,35.56552955,35.328102,0.23742743818359457
111.296814,857,50,0.044025157,0.15967302,-0.22757427,341.82883,7.6158338,0.2740046649,-0.07489149721,0.271599427,11122.72483,134,247.8106476,3621.472878,7316.80706,128.5420841,488.2624034,4937.685722,466.8213489,189.3646894,318.3269695,749.4980649,0,0,0,70.791,0.9873687985,0.1677932,32.53887284,32.7187,-0.17982756893554352
27.160442,899,50,0.024793388,0.27913278,-0.33521923,161.58609,1.0423238,0.08850584355,-0.1125484846,0.360012618,5205.636461,92,33.57936799,874.9972673,6288.010959,0.0,287.5935694,2999.115626,121.9138703,120.6944308,75.66978468,2159.350372,1,0,1,80.987785,0.9879892061,0.1400264,32.21586995,32.260582,-0.04471202021484544
180.0,894,40,0.113642246,0.20224719,-0.32226297,69.516266,2.7802885,0.5591331718,-0.1065064527,0.435905216,2257.22878,97,90.27739233,5844.692239,2086.685587,0.0,443.4075539,3085.088268,607.5564596,520.2862384,413.9674872,2331.500724,0,0,1,43.723087,0.987874122,0.210142,32.47051244,32.707653,-0.23714060565429662
82.07417,817,40,0.15926151,0.36991736,-0.4890406,1.4090986,3.3592744,0.4293719496,-0.1305551057,0.64830211,50.09607259,174,119.4284447,2917.889194,1287.171258,198.2251155,837.564134,1995.659951,2587.083325,1009.978978,1078.462495,7011.01183,0,0,0,5.4623895,0.9882997344,0.1380011,35.55185747,35.549316,0.0025410637500016264
282.2196,814,40,0.12318362,0.37173858,-0.48989898,1.4067862,4.373484,0.3304826133,-0.1096198592,0.6130826,52.961426,177,164.6490058,10624.75056,679.7575974,143.7081885,1112.779613,1929.641585,2327.379457,1123.673187,1436.609286,6700.121171,0,0,0,6.2810464,0.9874264658,0.2505476,37.64710373,37.468502,0.1786016853222634
207.16049,856,50,-0.019214703,0.2506407,-0.29442972,315.87024,6.229967,-0.07635769174,-0.09523267755,0.275215017,10364.43364,135,204.4196362,6797.415137,7644.331166,238.245826,600.4555241,5100.005515,472.3285826,0.0,275.0369245,614.7060369,0,0,0,70.791,0.9874774713,0.2556704,32.81231444,32.8196,-0.0072847116113266
0.0,860,20,0.09667195,0.19296777,-0.309141,2.0299425,0.92740995,0.4983918205,-0.08926095855,0.40581295,70.02426576,131,31.99164548,0.0,3698.943496,0.0,212.7632789,2399.757075,581.6464726,721.3551919,590.0124038,3408.792134,0,0,1,20.291893,0.9886609227,0.1209174,34.49568929,34.657524,-0.16183481888671736
180.0,861,20,0.053879686,0.37124082,-0.44155154,2.0048456,0.46373534,0.1447441632,-0.1363773677,0.495431226,67.20211292,130,15.54433652,6033.572024,2565.783919,0.0,217.4881567,2326.405211,654.1786676,730.1369215,685.3471379,3421.111433,0,0,1,20.291893,0.9887816889,0.1308526,33.51984458,33.60026,-0.08041710823242454
11.597468,837,10,-0.05112813,0.5144647,-0.5281372,1.4597988,2.3657074,-0.09918842163,-0.1487157167,0.47700907,50.86321241,154,82.42743999,404.086151,897.2980162,0.0,505.9654219,2449.854552,3324.249711,260.1143731,464.3646727,7671.536613,0,0,0,6.6135626,0.9883806462,0.1641805,34.84261832,34.69148,0.15113959075195282
75.11579,828,10,0.01741849,0.4700969,-0.53846157,1.3840685,5.4001384,0.03697432524,-0.1467465366,0.55588006,48.83247491,163,190.526786,2650.222825,1397.656094,192.4543581,700.0811946,2117.030526,2726.341599,934.4056168,1045.560705,7148.45277,0,0,0,5.4623895,0.9885481972,0.1286972,35.28183389,35.289852,-0.0080182523339829
314.26135,813,20,0.066893905,0.4517733,-0.4802298,1.3871034,0.66442657,0.147742601,-0.1277968257,0.547123705,49.37099614,178,23.648851,11185.46454,958.5601012,60.18022336,826.0882267,2069.684701,2592.047428,1080.120635,1211.40477,6992.350876,0,0,0,5.4623895,0.9889636471,0.1549065,35.59287371,35.656624,-0.06375013033203203
84.43386,822,30,0.20661694,0.23566557,-0.3993135,55.617367,4.770088,0.8730333694,-0.08411605243,0.60593044,2129.191621,169,182.6125894,3232.369257,5373.014117,258.8526723,132.1261413,2610.462011,2049.875036,1005.360263,857.6542216,5096.877956,0,0,0,8.150398,0.9876743398,0.2160207,38.28285545,38.386635,-0.10377937666015669
202.31564,861,10,-0.056434374,0.5324031,-0.54100406,1.6227163,2.5048478,-0.1058006112,-0.1849570006,0.484569686,51.79467381,130,79.95099004,6457.612202,329.548446,69.00054163,801.5478787,1911.812115,1224.87368,446.6676367,948.0273839,3487.385067,0,0,0,14.729523,0.9895345079,0.161528,31.91850221,32.04426,-0.1257559076757815
211.6195,864,40,0.021316033,0.4957507,-0.51778656,4.6644306,2.7209067,0.04291092695,-0.1570587046,0.539102593,157.6025235,127,91.93442861,7150.233345,672.540947,26.59443521,523.582852,1310.861427,1329.719246,1236.178658,1101.773257,4984.465994,0,0,1,5.579347,0.9882955621,0.1775675,33.78815915,33.80259,-0.014430266503907774
76.307526,873,40,0.114374034,0.3683582,-0.43160525,1.6189866,3.9121585,0.3096561387,-0.09365595196,0.545979284,61.48139441,118,148.5651331,2897.796129,4275.217418,167.9845723,988.1605673,3860.658954,4991.404202,1394.427583,298.6988854,8875.207998,0,1,0,4.764505,0.9878724196,0.2022381,37.97523365,37.906925,0.06830844858398422
9.704901,832,40,0.15343721,0.2763958,-0.4390776,1.4223895,2.82059,0.5531345824,-0.1075932305,0.59251481,52.08059481,159,103.2755127,355.3436078,1262.183426,214.6742806,563.4747426,2240.483823,2865.600265,874.6206928,996.7155246,7285.962586,0,0,0,5.4008746,0.987859831,0.1999228,36.61486169,36.72415,-0.1092899213281271
180.0,825,20,0.10959188,0.39003882,-0.5311721,1.4727968,0.92740995,0.280258313,-0.1305160435,0.64076398,53.87842766,166,33.92687294,6584.83029,785.8119169,0.0,837.9250377,2149.676079,2604.460364,956.8384947,1345.626496,6976.421463,0,0,0,5.4623895,0.9879227931,0.1501138,36.5823905,36.623947,-0.041556643554685024
134.26122,818,40,0.13513513,0.37214136,-0.47527242,55.500393,1.9925699,0.3621553237,-0.1378491822,0.61040755,1911.014836,173,68.60907525,4622.943539,4084.566957,278.2232843,61.94139931,2741.00572,1922.937043,947.9135299,858.6163768,5127.216031,0,0,0,8.150398,0.9875521878,0.2167053,34.43245592,34.18885,0.2436055171679712
111.2966,862,10,-0.04116866,0.49191245,-0.5509397,3.140771,2.5520043,-0.08352124196,-0.1814618316,0.50977104,102.1542073,129,83.0044522,3619.944259,206.5583539,27.07034187,960.7206877,1741.926578,1392.245642,550.3239049,753.5653234,3432.289206,0,0,0,12.447746,0.9895255393,0.1674335,32.52520076,32.563435,-0.03823384083008108
168.40245,826,50,0.06823028,0.3359829,-0.37378183,66.014,2.365708,0.2024740128,-0.09629504692,0.44201211,2376.817244,165,85.17671357,6063.28729,2840.973927,0.0,137.2005571,2462.17062,2137.004323,1680.830442,94.66286723,5720.906236,0,0,2,6.808816,0.9879592832,0.1578953,36.00474512,36.3037,-0.2989543734082005
72.00385,824,30,0.20373295,0.19166309,-0.35433456,55.382008,2.9993021,1.057457087,-0.06853552175,0.55806751,2166.464477,167,117.3283832,2816.687023,5407.061388,75.01691345,272.3111853,2759.021182,2077.278668,1166.560822,669.4304401,5316.486555,0,0,0,7.5851855,0.9875073906,0.2439563,39.11856134,39.027176,0.0913854366796869
142.41823,821,30,0.20952381,0.26786688,-0.42883492,55.92667,2.3394182,0.7792845664,-0.09034989982,0.63835873,2140.937044,170,89.5556107,5451.933118,5237.80478,156.0558926,175.3640345,2793.912295,1983.708422,1078.547516,720.8686432,5263.40562,0,0,0,8.150398,0.9877533268,0.1977387,38.28114644,38.19134,0.08980503985351618
90.0,867,10,-0.01058201,0.34942597,-0.46173468,5.8836584,1.4272931,-0.03019756213,-0.1429853433,0.45115267,196.9880448,124,47.78653994,3013.248362,5604.112938,0.0,347.1642114,2281.071967,421.0877316,423.1380066,446.6773144,3112.505442,0,0,4,20.291893,0.9875826186,0.1566252,33.48053735,33.55555,-0.0750122715820325
161.1171,867,10,-0.0127788605,0.43215927,-0.48256183,2.0913045,1.470046,-0.02950152839,-0.1678336729,0.4697829695,66.15086517,124,46.49959618,5096.357589,689.3466786,0.0,981.0517254,1857.015556,1281.271314,623.5555974,849.9251683,3317.758563,0,0,0,12.447746,0.9888051963,0.1429438,31.63138853,31.664642,-0.03325380398437616
115.97849,857,20,-0.021769522,0.55785626,-0.55077296,6.228712,3.1728468,-0.0389537052,-0.1774670815,0.529003438,204.7510293,134,104.2982318,3812.459976,2933.542275,149.7424149,1118.186715,680.5230498,1461.449842,1264.095324,402.6426593,5121.698771,0,0,1,6.722426,0.9884398796,0.1797749,32.87212979,32.89241,-0.02028048832031004
121.34486,877,40,0.107164726,0.25979263,-0.318264,1.836426,4.4485197,0.410919304,-0.06361107253,0.425428726,71.26400304,114,172.6284214,4708.885886,3824.675723,35.32094888,924.7262869,3974.035883,5075.377985,1453.515554,102.5635307,9023.722303,0,1,0,16.969944,0.9879249527,0.1715684,38.80581251,38.383976,0.421836527333987
53.836975,821,10,0.018921096,0.45840815,-0.49234536,1.4813768,2.3563595,0.04118580831,-0.1480231614,0.511266456,50.24540335,170,79.92310499,1826.044882,2060.664345,160.174285,408.4739146,2430.663901,3009.509017,964.6749395,961.1928025,7406.068185,0,1,0,8.698742,0.9887944541,0.1414345,33.91804391,33.932377,-0.014332951572264108
283.69238,828,40,0.14382175,0.2413118,-0.3554249,1.610174,1.9583741,0.5935400174,-0.08701951109,0.49924665,58.97280913,163,71.72567809,10390.26625,3087.343559,192.955723,892.8541537,2341.376347,2420.989942,774.4725858,1115.356006,6591.021007,0,0,0,8.786797,0.9879823577,0.1864529,36.62511575,36.854332,-0.22921622021484467
64.02161,856,50,-0.014986376,0.2874424,-0.31085044,330.58417,2.1164405,-0.05195621726,-0.1029756444,0.295864064,10721.80803,135,68.64233319,2076.407385,6380.243512,48.64816332,604.2731504,5617.828241,62.19294595,36.46367706,14.3003339,313.4690695,0,0,0,66.33161,0.9872419808,0.1773281,32.43291422,32.696095,-0.26318029293945244
134.26096,880,50,0.13079916,0.23732424,-0.2196556,1.8993086,3.3185885,0.5488286043,-0.05008672769,0.35045476,71.11070946,111,124.2489939,5026.772436,4004.156844,0.0,905.1781869,4033.206484,5119.745244,1492.147175,28.71020607,9098.700179,0,1,0,16.969944,0.988230867,0.3107024,37.44031352,36.87097,0.5693418403124966
119.1123,862,40,0.13339399,0.405964,-0.4830271,1.795887,3.8071196,0.3277783539,-0.09150392782,0.61642109,70.59933411,129,149.6642654,4682.504559,4337.499296,173.7329078,957.8663614,3879.423994,4946.771997,1317.384069,166.3335875,8972.362482,0,1,0,10.481289,0.9878751549,0.1861641,39.31167947,39.453133,-0.14145315939452985
80.77449,819,20,0.022992838,0.53010625,-0.54010695,56.833443,2.890158,0.04329235064,-0.1644571463,0.563099788,1917.092163,172,97.49012128,2724.665858,3769.335222,98.81430226,38.76216142,3053.035312,1744.816451,1027.973953,724.5529249,5333.07569,0,0,0,9.80315,0.9884300431,0.1782615,33.73176182,33.865475,-0.1337128809277317
147.32652,840,20,0.106290676,0.23960613,-0.3432128,118.525894,4.3987226,0.441762128,-0.06960136927,0.449503476,4582.680979,151,170.0720552,5696.227366,6345.280594,540.9842392,131.1566152,3708.563873,504.031434,664.8024652,453.6280454,4807.223294,0,0,0,51.63948,0.9881013097,0.145377,38.66396468,38.088696,0.5752691538769525
244.02165,858,20,0.022256931,0.45117357,-0.52822703,5.9224863,2.1164443,0.04922209628,-0.1563167332,0.550483961,202.2354432,133,72.27033198,8332.619789,718.4560228,0.0,686.3217508,1117.817269,1067.677716,903.1087124,732.771067,4973.654357,0,0,0,6.7083507,0.9885684125,0.1362076,34.14705125,34.37704,-0.2299896130371124
248.70357,864,40,-0.060473587,0.46134537,-0.52010447,4.7977366,2.552024,-0.1307974318,-0.149459502,0.459630883,165.8210069,127,88.20392291,8595.777515,776.2997637,0.0,443.875902,1389.264559,944.3380827,838.7824917,730.4927969,4736.153967,0,0,1,7.09868,0.9887060111,0.1951589,34.56234068,34.665157,-0.102816638115236
270.0,877,40,0.08180599,0.24359234,-0.3708565,2.0598676,2.8528485,0.3344585117,-0.1102300391,0.45266249,70.20815214,114,97.23596871,9202.630828,2011.260485,0.0,144.6820686,3140.179742,586.0383701,436.7682681,626.5592859,1810.328712,0,0,3,33.748894,0.9886944337,0.1694846,34.08381788,34.06507,0.018746774042966763
115.97824,883,10,-0.000847,0.34395447,-0.44553244,2.2947834,1.0585871,-0.002455396505,-0.155614336,0.44468544,72.42246939,108,33.40859614,3660.228036,3924.959722,0.0,683.4422693,3024.599993,707.3103862,402.031401,569.9751734,2171.300594,0,0,3,27.781353,0.9874642037,0.1966005,31.55961011,31.414139,0.14547131605468877
332.83887,890,50,-0.027402548,0.17839752,-0.23813954,1.6566929,1.0423301,-0.1527476411,-0.08319350163,0.210736992,52.27891939,101,32.89196886,10503.12732,3882.200061,10.78392331,610.4639776,2952.736936,567.2209096,224.1607536,547.9485269,1846.982585,0,0,3,31.610275,0.988560688,0.1582389,31.55619209,31.454891,0.10130088516601532
90.0,888,40,0.11875,0.25581396,-0.41708544,1.6101662,0.47585928,0.4623969818,-0.1295997319,0.53583544,53.82667589,103,15.90762695,3008.634035,3569.542255,53.09060498,789.3250342,2932.030379,637.2382078,313.955823,554.4853043,1933.092001,0,0,6,31.610275,0.9887115643,0.1515321,33.42926705,33.2708,0.15846550581054686
90.0,886,50,-0.005669214,0.24770643,-0.2956494,534.3003,0.95165503,-0.02279480269,-0.1008570361,0.289980186,17073.24092,105,30.40955733,2875.895228,9176.78764,0.0,13.92928529,2993.76381,306.3238699,259.023702,165.0515738,1782.138536,8,1,14,43.53067,0.9879775927,0.1344989,31.95439142,31.76732,0.18707078706543
314.2605,903,50,0.06942648,0.10979686,-0.17282608,541.0412,0.66443646,0.6266105375,-0.05467005162,0.24225256,17939.59223,88,22.03107482,10420.10336,6621.257,0.0,388.8753553,3499.421123,175.0567984,263.2324414,95.26258417,1489.121479,5,0,0,60.467106,0.9881996267,0.1601694,33.15753446,32.902878,0.2546566523828133
78.97115,898,10,0.030289728,0.3287218,-0.39325133,382.22064,4.836755,0.0918644991,-0.1379080275,0.423541058,12036.60562,93,152.3154595,2486.900205,5465.893473,0.0,341.6199703,2529.097637,368.8612129,109.0275017,411.3734415,1666.195147,0,0,2,39.39653,0.9891660066,0.1711742,31.49124971,31.698349,-0.20709928902343577
53.837463,891,50,0.03336663,0.18607502,-0.2608809,1.9191151,2.356387,0.1783596228,-0.08962131949,0.29424753,61.10112958,100,75.02307049,1714.08677,4129.021926,0.0,704.4006117,2725.323481,909.2421057,222.4815217,803.7528649,1871.9686,0,0,6,34.97151,0.9874022621,0.1602701,31.83817874,31.940825,-0.10264576866699215
306.1624,897,50,0.057612266,0.20167598,-0.25495917,501.77563,2.3563938,0.2842579866,-0.08198984782,0.312571436,16509.86935,94,77.53217064,10073.62837,7117.149838,15.01491886,326.0036179,3361.8072,40.07091421,326.8853357,233.0075948,1463.281012,7,0,0,60.258183,0.9876486552,0.1120527,32.90289197,32.769596,0.13329587014648325
210.38637,885,50,-0.010220126,0.32816538,-0.424612,9.99746,3.757749,-0.03104860542,-0.1360530976,0.414391874,329.5091764,106,123.8527364,6934.185234,5679.340254,0.0,532.0496789,2722.717582,827.525994,61.26228919,768.4371495,1296.987981,2,0,11,51.847233,0.9876872935,0.1827667,32.9592893,32.798378,0.16091130927734554
134.2602,891,50,0.005820722,0.22139588,-0.29315567,517.48914,1.3287019,0.02617279601,-0.09698992349,0.298976392,16794.29362,100,43.12092392,4357.202974,7147.302473,0.0,205.9374184,2653.270099,108.590864,198.5668865,264.6517885,1384.333536,5,1,14,42.808064,0.9875064858,0.1868868,32.45342234,32.323387,0.13003519400390928
34.376385,883,50,0.022819286,0.19299033,-0.2529495,5.817743,3.3673966,0.1176310489,-0.0809246483,0.275768786,191.8878707,108,111.0675675,1133.843713,5755.244997,12.79830943,183.1912521,2843.653723,332.1377697,260.4298627,297.416688,1272.554627,2,2,9,66.97685,0.9873109828,0.2347016,32.98321544,32.523106,0.46010981866211154
225.7398,892,10,-0.055530675,0.53250974,-0.55526227,2.0905268,2.655976,-0.104085588,-0.1710088459,0.499731595,70.16345171,99,89.14137997,7576.407801,2725.835416,0.0,715.1530326,2538.131369,1016.763145,344.1289888,1067.24056,1245.623717,2,0,5,39.967476,0.9876899466,0.2176898,33.56256983,33.360188,0.20238229948242292
56.989468,883,10,-0.06179899,0.6283305,-0.61309725,1.6514367,1.7019634,-0.09819798977,-0.1937897446,0.55129826,54.77732554,108,56.45327079,1890.312018,3029.029553,30.63271863,564.9802791,2428.149435,1163.272201,69.8996334,1065.730101,1711.923393,0,0,7,33.147675,0.9890350614,0.1528626,33.16949753,33.150723,0.01877502633789163
90.0,881,20,0.060699195,0.45665774,-0.51580906,1.6545955,2.8529122,0.1326301069,-0.159058041,0.576508255,55.50137209,110,95.69743272,3018.939365,3362.78482,79.42766185,531.5826783,2433.226371,1118.560769,166.3534352,1029.693185,1782.986434,0,0,6,33.147675,0.9890194906,0.1686591,33.54377072,33.904625,-0.36085421896484604
332.8384,888,10,0.0019251336,0.3289661,-0.3882773,398.03116,1.0423346,0.005834337527,-0.149845745,0.3902024336,11854.25942,103,31.04305892,9912.673013,4193.801951,0.0,128.3066219,2228.86875,357.779208,492.7133449,608.520442,1325.838926,1,1,13,39.39653,0.9880879951,0.1103155,29.78223971,30.101702,-0.3194620264501964
341.1165,886,50,-0.068900526,0.26744476,-0.2964186,1.600952,1.4700515,-0.256665565,-0.08966111596,0.227518074,54.158886,105,49.73063003,11539.68991,3031.141616,0.0,752.9924308,2363.270952,941.2846842,360.6878737,1141.649563,1321.433948,1,0,8,34.97151,0.9873751695,0.1614517,33.82917539,33.320076,0.5090994012304719
45.740005,885,50,0.08072342,0.11832573,-0.19085714,474.44107,2.655985,0.6764963432,-0.05639910977,0.27158056,16210.49343,106,90.74852517,1562.824336,6108.117894,50.48829604,614.102502,5574.070164,490.7254428,673.3391508,231.6778969,1029.532523,0,0,1,79.693146,0.9878720741,0.1392787,34.16755937,33.973816,0.19374345203124932
180.0,891,50,0.034266517,0.22954091,-0.30468985,541.3832,0.92740995,0.1486352986,-0.1041558028,0.338956367,17281.06609,100,29.60312149,5745.63802,7396.281565,0.0,341.5068396,2529.794949,109.9345049,108.6757569,361.0403177,1185.573135,4,0,21,51.754993,0.9876347471,0.1739626,31.92021122,31.93027,-0.010058021333009037
161.1164,887,50,0.07256004,0.15900382,-0.19644034,9.806575,1.4700522,0.4534894229,-0.06238914407,0.26900038,324.5585052,104,48.65286246,5332.310002,6630.298513,0.0,324.9168245,2485.370439,702.5872167,245.3262934,730.0603158,998.4610795,2,0,3,56.75846,0.987497335,0.1809437,33.0960101,33.16771,-0.07169925058593662
152.83832,876,50,0.033126738,0.18243596,-0.24868894,1.579158,1.0423355,0.1805902071,-0.07921982541,0.281815678,52.1909616,115,34.44904947,5051.286123,4124.954507,54.36284872,392.1505616,2229.36174,1070.433201,195.1773428,1205.907789,1579.33579,0,0,5,35.1654,0.9875268989,0.1813006,33.04986683,33.112568,-0.06270107161132898
244.0225,914,50,-0.02289435,0.3397524,-0.3788222,479.6482,2.1165092,-0.06718764123,-0.1287498208,0.35592785,15356.37638,77,67.76198029,7812.603808,6274.82609,0.0,473.6495662,2757.572937,79.65046445,78.73947267,268.8371755,1226.753766,9,0,8,51.491123,0.9873683145,0.1664069,32.01591578,32.077785,-0.06186971194335911
111.29569,894,50,-0.011298132,0.34046456,-0.3697689,440.72784,2.5521078,-0.03308727559,-0.1277576629,0.358470768,13989.79208,97,81.01021595,3532.800566,5166.280413,0.3392776455,452.5485237,1819.882664,179.326139,139.5078468,647.7834872,959.5946308,0,0,9,52.917374,0.9888004696,0.1252826,31.74247418,32.003616,-0.26114215300781396
14.388572,892,50,0.03768967,0.1260023,-0.19732034,436.41974,1.9143392,0.2967636807,-0.06816160952,0.23501001,13854.53402,99,60.77240588,456.7780556,5019.376196,0.7065165354,358.8465186,1884.071749,114.0343255,234.7451304,716.874737,1001.956545,0,0,11,52.917374,0.9872348416,0.1875422,31.7458922,32.006794,-0.260901775830078
180.0,894,50,0.034437664,0.05930177,-0.11868687,3.4842057,2.3174627,0.5710887757,-0.03745219244,0.153124534,115.6586705,97,76.92848181,5975.123882,6377.543454,0.0,216.5844858,2440.140815,621.150726,348.3414122,687.5116872,909.0663437,2,0,1,56.75846,0.9871705689,0.2010627,33.19513268,33.42903,-0.2338986920703121
225.74013,885,50,0.11465557,0.16982284,-0.23270035,1.6268493,0.664444,0.6711957839,-0.07507784525,0.34735592,53.44463772,106,21.82806291,7415.929346,5311.127215,27.21183039,382.2355328,2128.647598,931.6262911,265.5252361,1091.417839,1440.989548,0,0,7,40.261734,0.9876577482,0.1771236,32.85162167,32.85573,-0.004106479414062392
115.97744,899,40,-0.013235294,0.4180602,-0.49376693,518.61017,1.0586176,-0.0315832761,-0.1420650237,0.480531636,17915.51828,92,36.57021026,4006.469726,4416.44518,7.537129165,532.6937712,5309.206538,176.1955561,321.7728793,173.1868396,743.2173955,0,1,1,73.337006,0.9892930876,0.1642141,34.54525058,34.13768,0.40757052628906365
152.83815,915,10,-0.16848892,0.7850107,-0.6840404,175.33528,3.1242557,-0.2143595755,-0.2619150367,0.51555148,5247.647217,76,93.50651922,4574.325786,9184.892913,2.334245076,48.40800798,3219.237115,264.118927,273.2746879,143.8040784,895.9999053,6,1,0,45.6012,0.989470759,0.1448984,29.92921457,30.862778,-0.9335631399609383
180.0,896,10,-0.018867925,0.24488908,-0.29006085,2.4517314,2.7802885,-0.0767334808,-0.09561849117,0.271192925,79.70953573,95,90.39142931,5852.075162,5966.327019,0.0,373.0120564,2224.452568,675.0784702,105.7144769,771.4130125,812.8792104,3,0,1,56.75846,0.9884752758,0.2099555,32.51152868,32.35484,0.15668935504882597
123.010185,885,50,0.0957517,0.16770892,-0.24447137,1.6411815,1.7019795,0.5675556455,-0.07297459061,0.34022307,55.83675871,106,57.90524611,4185.08862,5090.821411,3.317627182,443.0656943,2053.007655,688.9951988,444.7008654,993.0251856,1154.93349,1,0,9,40.261734,0.9880707428,0.1704135,34.02229352,33.94012,0.0821728229785137
171.65999,865,40,0.1371666,0.20396326,-0.31174302,2.8491914,3.2773356,0.6692253041,-0.06131906862,0.44890962,111.003424,126,127.6837608,6687.808565,4039.437108,1134.521486,942.2494514,5046.007614,5994.686389,2423.391936,394.4039724,10207.88634,0,0,0,11.013533,0.9876097047,0.2022659,38.95962341,38.45883,0.500791622890624
90.0,868,50,0.12029417,0.18100612,-0.27318802,2.9557428,0.47587627,0.6609347532,-0.05985788223,0.39348219,111.9419398,123,18.0227159,3408.542375,3765.469674,1028.119213,1080.528364,4912.364354,5837.893899,2284.942838,480.4926878,10089.79112,0,0,0,11.013533,0.987685139,0.1918064,37.87269305,37.64248,0.23021410712890855
352.69043,867,40,0.105430186,0.3491093,-0.45012861,2.2364566,3.735061,0.3011350627,-0.09664441794,0.555558796,85.17840017,124,142.2547259,13432.68033,3788.653088,852.7133634,1198.176834,4719.92088,5607.204945,2094.228182,204.3815509,9917.204779,0,0,0,8.978394,0.9884551936,0.1888186,38.0863193,37.944324,0.14199480659179642
134.25967,854,20,0.07002271,0.40359896,-0.46818045,62.137066,2.6560004,0.173066955,-0.1292261425,0.53820316,2181.796547,137,93.25919093,4714.211714,4037.305697,0.0,533.9408461,3146.409244,981.2893373,706.992104,502.0116117,5213.584356,0,0,0,57.025894,0.9883672385,0.1516048,35.1126419,35.024258,0.08838424008789048
0.0,901,50,0.08216341,0.107162684,-0.18197985,14.613692,1.8543341,0.7596280617,-0.05955355995,0.26414326,476.8117629,90,60.50273341,0.0,6288.878426,51.2131111,777.0500933,3865.078902,463.5319674,141.089431,108.8044746,1882.701457,1,0,17,55.50375,0.9872880041,0.1597534,32.62774136,32.50586,0.12188198500000169
258.97153,868,50,0.112057224,0.3889185,-0.47329754,2.0966809,2.422777,0.2873862717,-0.1067056614,0.585354764,78.7619674,123,91.01179063,9728.283976,2901.703449,631.7105426,1134.068752,4814.480177,5660.141349,2200.861554,254.6727674,10024.44188,0,0,0,5.881391,0.9881755242,0.1804983,37.56507125,37.59895,-0.0338781823730443
281.02847,868,30,0.06125696,0.24604012,-0.33363473,62.53587,4.8369203,0.2479636101,-0.09546325999,0.39489169,2165.126649,123,167.4646093,9729.811537,3291.853324,42.39998761,723.2616539,2584.050565,1029.47369,553.9749068,352.3030316,5831.35746,0,0,0,44.76827,0.9877074922,0.2145787,34.62215603,34.851254,-0.22909747952148507
256.30832,875,50,0.07346086,0.24573158,-0.36847103,65.541794,1.9584731,0.2977359445,-0.1028991053,0.44193189,2291.040477,116,68.45923602,8959.363176,4414.195395,15.92576846,754.7623492,2636.233779,1020.385091,581.3008291,316.6027053,5761.768297,0,0,0,44.76827,0.987535159,0.2499911,34.95541298,34.9205,0.03491127101562341
84.43422,861,50,0.05350728,0.31979963,-0.39988816,64.824974,4.7703924,0.1667934592,-0.1143640596,0.45339544,2244.823511,130,165.1938806,2923.871935,5622.275713,168.2103103,586.0422356,2748.017269,1030.038384,676.0241889,330.9505129,5625.079629,0,0,0,68.340256,0.9880758717,0.1717438,34.62899207,34.779762,-0.1507701980664038
341.1161,918,50,0.024115756,0.23499492,-0.2842031,533.0264,1.470055,0.1021876064,-0.1014689044,0.308318856,16621.69692,73,45.84164813,10637.23754,9091.577463,0.0,612.1341571,2133.052315,687.8541772,178.8406595,299.8628654,778.3720439,21,0,12,57.964657,0.9887413524,0.1571553,31.18362791,31.816835,-0.6332074934423844
105.55841,918,50,0.11312378,0.1337117,-0.3056209,505.9183,3.453751,0.8397472528,-0.1045063831,0.41874468,16146.42514,73,110.2267539,3368.905542,8110.814806,25.74203947,934.9752761,1810.680546,800.0018918,0.0,239.3644775,476.12247,17,0,23,64.478714,0.987505127,0.1676815,31.91508419,32.785774,-0.8706900409570295
307.9394,895,10,0.0139442235,0.58336663,-0.6143498,2.3879278,3.0142922,0.02386211461,-0.2030398278,0.6282940235,77.53723934,96,97.87561238,9998.950118,3487.056266,0.0,325.2947714,6074.605549,188.3422223,213.1366275,198.1093881,2820.928069,0,0,1,49.184765,0.9886215888,0.1160933,32.47051244,32.538963,-0.0684508778710935
0.0,871,40,0.17524157,0.11158043,-0.2379459,1.9196755,0.92740995,1.556589986,-0.05813946653,0.41318747,70.35426781,120,33.98868611,0.0,1797.812733,108.3241457,71.15640479,1750.672568,939.9783052,519.7923693,812.3985251,1505.069006,0,0,5,36.351604,0.98741864,0.2216023,36.64904189,36.459595,0.18944716343749946
8.340099,853,40,0.08142589,0.34950384,-0.4121719,1.5429441,3.2773366,0.2323109784,-0.1076085933,0.49359779,55.29489218,138,117.4507709,298.8863141,4025.339949,1145.952181,804.2246907,5396.374113,5846.140692,2770.905915,228.9773153,10563.17881,0,0,0,6.473709,0.9883663153,0.1733627,35.83726214,35.83444,0.002823816025390613
260.775,861,40,0.10289675,0.41360962,-0.48996457,1.8440299,2.8903148,0.2481774301,-0.1242927593,0.59286132,66.74679068,130,104.6182803,9439.052122,2583.261825,680.3600067,1208.145577,5012.813334,5872.751202,2392.143582,446.8533108,10217.12615,0,0,0,6.3938956,0.9876905613,0.2190832,36.19615424,36.235382,-0.03922784007812652
145.62283,877,50,0.08980444,0.25826773,-0.32687518,108.20798,3.3674278,0.3463772372,-0.08681393461,0.41667962,3854.206894,114,119.9427569,5186.868061,4318.46357,141.6674562,420.3960694,3590.166393,1405.401608,631.141307,183.4142359,4918.981933,0,0,0,58.5083,0.9874733037,0.2285846,35.61850886,35.730015,-0.11150594102539202
252.0049,895,10,-0.040504783,0.4379747,-0.50220394,14.519927,1.500764,-0.09227133819,-0.1718513899,0.461699157,463.2309897,96,47.87905566,8039.742848,5821.368269,0.0,531.4425227,3989.473921,601.2747756,7.944802562,245.2642756,1884.539334,1,1,10,55.157352,0.9892077338,0.1311686,31.90312112,31.637642,0.2654792132617203
8.340099,907,50,-0.035628416,0.49747154,-0.52494365,10.470488,3.2773366,-0.07147532635,-0.1695144584,0.489315234,343.8293571,84,107.6210141,273.8717505,9522.878058,0.0,817.8750002,2930.610905,454.6992907,305.7362193,80.92169852,643.0320611,4,0,5,61.027676,0.9883475064,0.1837776,32.83794959,32.719185,0.11876471451171966
236.99022,888,50,0.09796936,0.21235336,-0.32357553,2.2988203,1.7019981,0.4591882687,-0.09030459143,0.42154489,80.37585649,103,59.50859014,8286.116106,7349.83759,1.861706694,53.67835555,2261.032714,678.9701135,789.7662847,447.2851868,665.3856189,16,1,0,65.63539,0.9876128551,0.1763219,34.96395803,34.864956,0.0990021279003912
256.30838,878,10,0.07863248,0.37895748,-0.48280606,1.7238278,1.9584814,0.2069507356,-0.144610763,0.56143854,58.56314026,113,66.53496418,8707.495962,1807.490608,79.53367367,60.60761848,1589.367776,1052.843835,380.9316407,861.9992999,1604.925853,0,0,6,36.351604,0.9890901259,0.1032404,33.97273223,34.068222,-0.09548981589843919
101.02841,866,50,0.043512348,0.1040724,-0.14661655,1.8336291,2.4227872,0.4141177702,-0.04470526555,0.190128898,61.81393578,125,81.67519396,3405.79436,4874.250768,32.51431862,1013.40053,886.1295283,2083.003802,980.6994086,394.2584089,2249.616762,0,0,5,45.618286,0.9873475756,0.1958339,33.7112537,34.088757,-0.37750286127929655
256.3084,863,40,0.15741912,0.3647541,-0.44468546,62.866833,3.912405,0.4303960502,-0.0919343896,0.60210458,2418.647725,128,150.5202187,9860.839159,2870.240574,187.7647254,632.9206225,2416.623387,1156.670767,688.8903917,202.9824737,5971.529647,0,0,0,44.76827,0.9879867875,0.1707876,38.47255556,38.51987,-0.04731519805663709
189.70554,880,60,0.0,0.39407408,-0.45552978,1.9286737,2.8205955,0.0,-0.1610805597,0.45552978,60.46276692,111,88.42398187,5947.155212,1459.596951,34.15087701,0.0,1555.961899,836.2851903,442.0534092,653.8610607,1389.030891,0,0,0,36.351604,0.9879782484,0.1423501,31.34940188,31.431547,-0.08214528491699369
0.0,850,10,0.011545293,0.56540084,-0.5582779,1.6222715,0.46373534,0.02038360854,-0.1435305142,0.569823193,58.45105905,141,16.70856064,0.0,1943.131282,1012.347852,875.9118376,5477.945964,5691.578406,2849.809517,270.570718,10663.23868,0,0,0,6.473709,0.9884327742,0.1556921,36.03038027,36.00433,0.02605058860351761
126.161255,904,50,0.08045977,0.08027007,-0.10627401,10.1201515,2.356459,0.9900295398,-0.03474859281,0.18673378,330.3360492,87,76.91815247,4118.081685,6066.101215,0.0,689.6250679,2823.110177,279.2682206,395.5375237,181.1033367,501.6269884,5,0,2,61.027676,0.9871842081,0.2254396,32.64141344,33.409256,-0.7678425414453116
161.11589,876,50,0.04040958,0.31594783,-0.39574468,2.0257723,1.4700567,0.1274959983,-0.1063040925,0.43615426,71.85725102,115,52.14516622,5715.02777,3251.325108,37.70359087,1234.987136,359.5503381,1684.165579,914.491791,799.7990742,1775.094431,0,0,5,46.181217,0.9883841869,0.1813929,35.471534,35.704243,-0.23270870629882978
180.0,874,50,0.085747615,0.09962582,-0.16070107,2.0609245,0.46373534,0.852143267,-0.04723303679,0.246448685,70.57525654,117,15.88036854,6164.003668,4899.48767,6.031595273,1125.492416,833.9823809,2142.497698,781.8175242,313.9766778,2114.131248,0,0,2,45.618286,0.9874310796,0.1943291,34.24446482,34.424244,-0.17977910700195565
262.07483,845,20,0.060567822,0.31102794,-0.38899255,1.8046212,3.3595533,0.1941102518,-0.09304479785,0.449560372,66.58791884,146,123.9626701,9670.183145,1121.010832,798.66133,1071.424304,5428.506545,5670.585409,2805.293616,447.1372353,10629.40592,0,0,0,6.3938956,0.9879713096,0.1885594,36.89855735,36.75525,0.14330832656249726
168.40163,875,50,0.09119873,0.16786079,-0.22130051,97.104095,2.3657153,0.5400823365,-0.06098930437,0.31249924,3411.572737,116,83.11503054,5916.47973,7269.761586,269.9141255,198.2764753,2646.050423,827.8922325,434.1340191,112.2970968,5730.404246,0,0,0,68.340256,0.9873409489,0.181172,35.13315002,34.8922,0.24094955002929908
300.3139,886,10,0.023921201,0.4613764,-0.5057887,1.9400882,2.7542343,0.0517353416,-0.1589801696,0.529709901,64.51753226,105,91.59191851,9986.923137,2494.032248,0.0,138.0451323,1360.59047,731.2163124,374.860167,523.6398668,1283.945128,0,0,8,36.351604,0.9890184115,0.1100942,33.25494803,33.19592,0.05902899313476695
134.25897,877,50,0.040913004,0.153886,-0.21927184,96.84841,1.3287307,0.2641491419,-0.06404629035,0.260184844,3325.128744,114,45.61975404,4609.557971,6556.596775,322.1912377,322.3448222,2506.924364,728.5524188,536.01113,223.0703391,5869.039015,0,0,0,69.658615,0.9875616946,0.183981,34.33333334,34.066372,0.26696142227539355
287.99487,921,10,0.0073394496,0.30887097,-0.3308733,396.51804,1.5007821,0.02368550239,-0.1176185377,0.3382127496,12394.68776,70,46.91268405,9002.381055,12548.96511,0.0,658.9068867,1648.160392,584.0870196,191.2294628,183.2323498,406.6970057,16,0,6,75.90254,0.9892558457,0.1247672,31.25882435,31.703907,-0.445082662939452
97.92515,882,60,0.15287475,0.22755651,-0.41068777,1.6247871,3.3595607,0.6688706876,-0.09791579238,0.56356252,60.01338909,109,124.0892567,3616.978575,4016.312482,0.0,1105.835611,84.64462585,1519.816361,663.478962,700.0144403,1440.838829,0,0,4,64.8837,0.9875861603,0.2542355,36.93615557,36.77356,0.16259599968749683
348.40155,855,50,0.0889979,0.16985376,-0.24760076,65.18771,4.723393,0.5209010326,-0.06863014157,0.33659866,2285.236305,136,165.5844202,12213.64995,4906.075997,378.7183517,371.2385766,2037.020024,891.325803,874.9698947,394.3824873,6327.011224,0,0,0,46.584183,0.9873546677,0.2021973,35.05624457,34.868935,0.1873099386523407
170.29431,916,10,0.08418208,0.31718984,-0.31326377,11.451243,2.8205967,0.2645655814,-0.1105528908,0.39744585,359.3810246,75,88.52042805,5344.445456,1956.786101,0.0,410.2052125,3287.827471,446.3098281,222.7068852,435.1932806,1132.395767,0,1,4,52.74969,0.987540626,0.1677672,31.38358208,32.46481,-1.0812273377246093
341.1157,904,10,0.021238543,0.23185143,-0.24304372,10.899208,1.4700584,0.09121070461,-0.08628562275,0.264282263,340.9385775,87,45.98495779,10670.45436,3855.147555,7.500237308,102.7158487,3753.794979,908.2505739,303.7540908,107.2705861,1465.399082,1,3,8,60.50524,0.9887484445,0.1442547,31.28104148,31.671326,-0.39028420359375104
22.3174,888,30,0.051827442,0.31710362,-0.3995136,10.506544,2.5048792,0.162926288,-0.1253785486,0.451341042,349.6459557,103,83.35955971,742.6979464,4310.496523,0.0,77.42796343,5462.658879,587.8402328,0.0,318.0985414,2129.186926,1,0,7,47.48981,0.9888662773,0.2287455,33.27887417,33.373512,-0.09463809806640455
270.0,904,50,0.04939677,0.266606,-0.36026058,1.9368031,3.327561,0.1845876774,-0.1101527441,0.40965735,65.21262029,87,112.039769,9090.964114,5902.437648,23.15386433,495.2671841,2251.462791,658.2746089,732.5357769,151.7824874,91.72938552,9,0,0,60.936115,0.9872050257,0.1897585,33.67023746,33.635254,0.03498355375000273
145.62236,880,50,0.13508885,0.12222222,-0.20633025,2.0669637,1.6851788,1.09630268,-0.05356998205,0.3414191,74.21915088,111,60.51027389,5228.910362,3680.982233,35.27514755,181.9606721,1134.234381,378.3155795,463.1439876,170.047965,932.8330169,0,0,6,60.991024,0.9884338062,0.1901642,35.90733155,35.54626,0.3610707162597677
277.9251,879,30,0.06811146,0.38892552,-0.4496044,69.62629,3.359583,0.1746781283,-0.1425243204,0.51771586,2306.375262,112,111.2863994,9206.286522,3894.927748,161.2619682,262.4786583,2852.235929,753.2780782,278.0862116,360.1171122,5684.478486,0,0,0,64.10471,0.9881935566,0.1426789,33.12506327,33.426304,-0.30124059352539234
218.59569,927,10,-0.2023642,0.7135981,-0.65709853,260.46844,5.3247952,-0.2831860314,-0.2403459611,0.45473433,8011.955409,64,163.7896004,6723.958269,5727.189043,0.0,765.551804,1491.640786,395.8336884,258.3881815,245.6046471,431.9213989,10,0,1,75.90254,0.9894267974,0.1251088,30.75979343,31.424961,-0.6651676600878922
45.74122,902,10,-0.29382095,0.72582,-0.63289124,6.504769,1.9926565,-0.4042554553,-0.2468352692,0.33907029,192.4370506,89,58.95073904,1353.208003,3702.707496,0.0,28.98051404,3633.283766,843.7177946,301.6360779,191.579395,1326.977518,1,4,4,52.74969,0.9878740448,0.1536016,29.58399455,29.917255,-0.33326085161132823
76.30865,886,40,0.09785674,0.18415695,-0.29017946,6.077169,1.9585185,0.5285069775,-0.09088238035,0.3880362,202.4282894,105,65.23753902,2541.813382,3590.595428,0.0,0.0,5444.688285,663.8947097,35.05749715,411.9090479,2030.987598,1,0,2,47.48981,0.9874319376,0.2302537,33.30963635,33.340675,-0.031039004003908133
0.0,906,50,0.031384617,0.23888233,-0.2801952,11.49428,1.8543341,0.130833384,-0.08657055695,0.311579817,385.2275476,85,62.1474836,0.0,8583.856374,26.3339832,381.976376,2796.726864,175.8891911,552.6315034,34.37362071,306.6314304,7,1,4,56.60029,0.988762277,0.1073903,33.51471755,33.494946,0.019772023876953426
115.97663,902,10,0.046856698,0.3822197,-0.42249417,2.1754575,1.0586482,0.1222711098,-0.1369228361,0.469350868,71.31487373,89,34.70413129,3801.893957,5242.962825,9.321105104,423.047418,2202.007444,676.7214982,639.0789396,173.5281663,128.4256072,5,0,0,60.936115,0.988506617,0.1466176,32.78155226,33.326897,-0.5453444074804707
34.377697,870,40,0.1513006,0.15452261,-0.26034287,1.7955683,1.68518,0.9728527576,-0.06487792024,0.41164347,65.38238495,121,61.36279387,1251.801905,4288.045163,0.0,813.8151924,597.2300728,2003.954312,474.8785736,592.0920716,1635.928404,0,0,5,50.13094,0.9882115971,0.179684,36.41319851,36.600468,-0.18726917188476477
0.0,867,50,0.06949581,0.08047016,-0.14628297,1.9365579,0.0,0.8530216462,-0.04675305944,0.21577878,63.9036928,124,0.0,0.0,4863.755519,0.0,824.5493444,776.0191137,2193.358522,393.080265,540.749525,1795.191721,0,0,4,50.720028,0.9872609275,0.194745,32.99859653,33.17221,-0.17361416335937463
90.0,841,40,-0.082453154,0.56386906,-0.58020395,1.4748057,1.4274173,-0.1459686144,-0.1298060658,0.497750796,55.52468363,150,53.74056663,3388.393147,2569.29113,966.3403606,960.4278235,5732.791231,5228.549346,3024.143316,471.9215543,11066.86952,0,0,0,5.6609597,0.9885525562,0.1485739,37.64881274,37.47238,0.17643114820312178
0.0,849,10,-0.04236796,0.5754386,-0.58797526,65.53893,0.46373534,-0.07349951929,-0.1678443259,0.5456073,2271.227188,142,16.07057534,0.0,3340.246753,437.0415125,296.5986906,1820.741915,846.9739776,996.6505124,548.582196,6539.689895,0,0,0,46.584183,0.9887172768,0.1656465,34.65462722,34.685467,-0.030839546357420033
198.88443,916,10,-0.068280034,0.4784689,-0.49050346,11.77341,2.938186,-0.142407639,-0.1659981339,0.422223426,377.7614589,75,94.27459248,6381.402876,2759.768138,0.0,358.2905517,3230.744028,475.6698555,400.5290324,309.5907479,975.2779745,0,2,0,52.74969,0.988632605,0.1645375,32.08598519,32.152523,-0.066537850771482
180.0,896,50,0.04179523,0.09207161,-0.12851007,9.825188,2.3174627,0.449065295,-0.04278445695,0.1703053,317.8702864,95,74.97592231,5823.466335,5712.823106,0.0,175.7313434,3989.459795,1098.620967,657.1419975,209.1974141,1408.107224,1,3,5,60.50524,0.9871647766,0.2944438,32.35259075,33.469482,-1.1168916718750026
0.0,896,50,-0.07452933,0.11657235,-0.14527363,2.2034261,0.46373534,-0.6339018485,-0.05032100262,0.0707443,69.84805416,95,14.70029385,0.0,6707.931217,0.0,219.2190721,2332.352013,534.0765224,651.9226945,179.0307541,216.3111248,5,0,2,60.936115,0.9889188437,0.189991,31.69974893,31.879072,-0.1793232593310563
307.93848,873,30,0.10511786,0.15420432,-0.22109534,68.641426,3.014355,0.6772869467,-0.04761029277,0.3262132,2612.187708,118,114.7129589,11718.77042,989.2697257,0.0,985.9041478,1913.606897,4156.29109,834.3539365,192.9722809,8358.460719,0,2,0,15.018804,0.9872149594,0.1475209,38.05555712,37.197975,0.8575819613085969
103.69124,875,50,0.04664436,0.3060124,-0.36143902,71.111015,1.9585351,0.1519298895,-0.09757295945,0.40808338,2517.798668,116,69.34505246,3671.353389,5282.446485,3.674812946,615.780795,1629.005759,3767.618271,1200.710182,432.6357629,8146.316849,0,1,0,16.158308,0.9875460762,0.1814384,35.40659162,35.274628,0.13196393445312538
45.741474,867,50,0.070483625,0.21107657,-0.30075872,68.3464,4.64125,0.3323498914,-0.07547952813,0.371242345,2482.870797,124,168.6061605,1661.684741,4809.753448,0.0,435.7647249,1504.536293,3573.392009,1386.806871,482.2333536,8045.2409,0,2,0,16.158308,0.9871990529,0.1661138,36.32774801,36.093086,0.23466176732421928
180.0,873,50,-0.014258353,0.23311773,-0.30254167,415.75464,3.2427514,-0.06090249124,-0.09884793523,0.288283317,13575.7928,118,105.8867824,5877.607772,6268.915037,35.84903253,705.2236392,5031.786509,539.8209623,369.5783122,106.2175372,3539.36669,2,0,0,72.94253,0.9879159816,0.1918189,32.65337651,32.444477,0.20889942870117295
306.16064,907,40,0.034270313,0.37199125,-0.41815096,531.099,2.3564932,0.0918796701,-0.1245968468,0.452421273,18082.82087,84,80.23371238,10424.13563,5393.357163,0.0,452.7434007,4128.077491,69.5570157,99.43589174,275.0337274,412.0300223,2,0,5,73.52515,0.987703081,0.1899108,34.04792867,33.81781,0.23011861140624745
55.16085,889,50,0.10816777,0.33819145,-0.4076655,71.562004,4.052098,0.3188988697,-0.1144622462,0.51583327,2496.220496,102,141.3449808,1924.116663,4071.241291,187.1249545,197.2223666,3330.843876,1241.167523,932.1464384,533.3353553,5184.245524,0,0,1,45.256668,0.9874410073,0.1593259,34.88192555,34.678776,0.20314976264648266
134.25833,853,50,0.14464557,0.11907924,-0.18296677,61.596577,1.9926726,1.204584323,-0.0445060523,0.32761234,2260.718875,138,73.13511201,4927.552074,4020.424021,0.0,436.8673483,1228.999628,3365.692578,1634.971371,470.7712578,8121.472675,0,2,0,19.423967,0.98722724,0.2351005,36.7020212,36.785545,-0.08352414912109651
129.07776,879,50,0.05224044,0.116662376,-0.1805064,115.466446,3.673292,0.4439859348,-0.05856887669,0.23274684,3782.998667,112,120.347159,4228.942788,5932.116051,191.1875509,658.6304436,5269.117198,210.496155,344.7617035,247.6028259,3328.24004,0,0,1,70.037285,0.9873296613,0.1898045,32.76275315,32.911533,-0.14878020571288886
198.88463,891,50,0.09000383,0.04508467,-0.10280807,2.362917,1.4700612,1.953010188,-0.03564043563,0.1928119,74.87156965,100,46.58047216,6301.87367,6989.593642,0.0,440.2378663,3888.284902,699.6000778,526.62626,304.2091955,1325.058003,3,0,4,114.08833,0.9871432773,0.2363241,31.68607685,33.010826,-1.3247492608398446
203.74051,894,50,-0.07571537,0.3354291,-0.36943907,2.3379135,3.5417957,-0.2250559479,-0.1176587252,0.2937237,77.27572087,97,117.0679822,6734.293113,6268.771517,0.0,415.2709221,3796.974578,690.693911,479.2183857,392.6708669,1228.017828,2,0,4,114.08833,0.9883256904,0.1274087,33.05328485,32.936783,0.11650201308593466
90.0,874,50,0.13709116,0.22167487,-0.3043478,65.40656,1.9029424,0.6156561807,-0.07202608903,0.44143896,2421.455899,117,70.44998391,3331.944546,5353.12853,220.8212066,923.0625557,1578.154016,3948.316993,1144.091057,221.313592,8502.593533,0,1,0,16.794893,0.987878706,0.1620135,37.02160607,36.941166,0.08044014592773152
291.29462,888,10,-0.060074165,0.5189515,-0.50985914,456.1305,5.0943747,-0.1155380165,-0.149910994,0.449784975,15617.60627,103,174.4280162,9973.734891,7634.591673,0.0,58.86526301,3863.874471,301.7910853,417.3799816,141.6328797,798.9663496,1,2,2,60.887005,0.9890789244,0.1553769,34.23933779,34.14339,0.09594713448242231
112.66612,864,50,0.052552268,0.15366973,-0.22922777,65.87255,3.605454,0.3397708653,-0.06230164877,0.281780038,2326.468481,127,127.336426,3979.110829,5532.42856,131.3263239,768.1111911,1284.440123,3656.31241,1446.626463,121.3499705,8437.982986,0,1,1,19.423967,0.9877998738,0.1857853,35.3177231,35.278286,0.03943711977539266
270.0,896,50,0.06600426,0.17473778,-0.2512479,169.17441,7.102092,0.3755837817,-0.07173932047,0.31725216,5862.097872,95,246.0960756,9355.826484,5767.802429,250.0199953,355.8199151,4746.951893,671.4243742,710.6546592,405.6782227,3854.760773,0,0,0,68.93844,0.9876184432,0.2168883,34.6512092,34.64452,0.006689394091793588
293.41656,893,10,-0.05818807,0.48313832,-0.46998635,2.3424816,4.657357,-0.1201889369,-0.1544340513,0.41179828,76.27775746,98,151.6565798,9554.464461,6491.381842,0.0,250.8873886,3823.260052,896.4843985,378.0072034,431.5506504,1313.60205,3,0,1,114.08833,0.9878690861,0.158791,32.56279898,32.57541,-0.012609955546878382
97.92489,866,50,0.11752921,0.07811544,-0.1854676,70.14247,3.3596709,1.485540749,-0.0410819839,0.30299681,2648.332792,125,126.8493484,3697.299187,4755.480921,0.0,676.7569759,872.921718,3172.581477,1597.794131,463.6310748,8295.275826,0,4,0,19.412138,0.9888623666,0.1640547,37.75648037,37.447174,0.30930629773437346
90.0,893,20,-0.021256931,0.56238955,-0.58479744,71.47885,4.7482486,-0.03773043181,-0.1836906588,0.563540509,2377.75839,98,157.9514493,2993.868188,1032.69166,74.82745724,129.52305,4155.831121,1060.090488,1247.576234,452.6944899,4436.96747,0,0,0,47.836926,0.9889174971,0.141236,33.26520209,33.11958,0.14562277481445562
106.69002,904,50,0.056530967,0.17406963,-0.24111675,106.36136,6.43184,0.3229056176,-0.07039290257,0.297647717,3652.467118,87,220.870475,3663.753358,5231.505204,4.374533131,609.0794063,5008.437434,424.9874941,402.0329416,416.7810001,3625.052679,0,1,3,70.037285,0.9874345527,0.2135814,34.34016938,34.117115,0.22305435924804584
303.00854,893,50,-0.0050609186,0.39490116,-0.44997296,1.9938393,1.7020543,-0.01278328813,-0.136045031,0.4449120414,67.46356934,98,57.59072875,10252.60042,5166.46626,57.56414298,129.5473645,3700.224321,977.0058265,240.1058511,549.8693107,1176.174454,2,0,1,114.08833,0.9878281489,0.1982868,33.83601143,33.584984,0.2510276043164055
209.689,887,10,-0.10715979,0.5944008,-0.58735555,97.11022,4.7931857,-0.179979251,-0.1790094479,0.48019576,3274.371113,104,161.6170656,7070.312519,3741.150255,14.66296623,121.0905325,3374.39011,1346.543886,1151.297033,218.5460257,5206.772512,0,0,0,57.757835,0.9891902223,0.1364616,33.71808974,33.940105,-0.2220156982324184
230.13058,892,50,0.07017143,0.20070839,-0.254781,165.07187,4.3322845,0.3478855292,-0.07535173217,0.32495243,5638.128152,99,147.9717604,7860.247187,6838.819398,214.2883878,290.6107624,4606.151746,590.7063174,778.0737036,232.8479218,4021.48797,0,1,0,72.20944,0.9874542742,0.1841379,34.1555963,34.141506,0.014090104931639758
262.07513,890,50,0.042332612,0.17022961,-0.21446179,528.5243,3.3596783,0.2472271706,-0.06748548364,0.256794402,17567.0156,101,111.66851,8710.815938,6248.935371,147.0787091,223.5143068,3587.924414,311.7991082,497.9202586,121.0232411,1100.457128,2,2,0,54.831284,0.987240949,0.1732812,33.23785793,33.17305,0.0648080032421845
172.68999,891,50,0.03199511,0.24085684,-0.26363394,528.08185,3.7350647,0.1322894569,-0.08126790679,0.29562905,17716.56399,100,125.3073037,5793.558817,6384.539433,129.3530034,159.9346779,3575.904458,371.7087464,547.4748034,25.24598886,1016.546787,1,2,0,54.831284,0.9879478511,0.188941,33.54889775,33.655018,-0.10612010278320128
115.975876,878,10,0.049434714,0.43124166,-0.48373702,67.162056,2.1166313,0.114368231,-0.1300256365,0.533171734,2381.76725,113,75.0620724,4112.851209,5629.151836,0.0,969.1779298,1035.554662,3576.997578,1690.574573,336.3130552,8371.856843,0,3,2,20.371025,0.9887678938,0.1311568,35.46298895,35.372482,0.09050665019531579
256.30908,866,50,0.09236032,0.13849822,-0.24472244,85.79281,3.9125943,0.6620895951,-0.06822900721,0.33708276,3000.829174,125,136.8532762,8965.084194,6162.510405,101.4786471,367.6064456,1306.172825,792.5493864,737.4290427,237.049897,7150.193486,0,1,0,65.22543,0.987326165,0.2365549,34.97763011,34.733807,0.2438234998925779
189.70602,868,50,0.07709091,0.18156424,-0.25178793,100.56178,2.8205996,0.4222673071,-0.07148538332,0.32887884,3492.492886,123,97.95892672,6588.456622,5647.090187,55.84431566,217.5235249,1660.610849,418.0416481,402.5230252,234.8753434,6852.477405,1,0,0,73.46523,0.9873694854,0.1869396,34.72982366,34.587902,0.1419215909082041
217.58499,895,10,0.007929515,0.5018339,-0.54088265,98.8335,2.3395193,0.01576965077,-0.1720693747,0.548812165,3268.460903,96,77.36878045,7195.617203,2581.28967,56.12346832,317.8972333,3539.423077,1454.65616,1355.28038,115.1251161,5054.759108,0,0,0,44.96774,0.9883329145,0.1565268,33.07037495,33.142197,-0.07182170527343601
90.0,888,50,0.071802184,0.21733707,-0.2871744,536.2371,0.95174855,0.3288593366,-0.07672527995,0.358976584,19058.72634,103,33.82666951,3198.744307,6280.74283,36.83418145,130.8786035,3425.725737,504.494861,477.0548778,95.47713914,577.2305592,1,0,3,66.41056,0.9874269542,0.1610116,35.54160341,35.46919,0.07241471981445358
201.04897,901,20,0.13127708,0.4331371,-0.49081364,103.40251,3.9688544,0.3023862278,-0.05857884432,0.62209072,4416.414302,90,169.5133448,8586.982525,4042.00744,266.680355,329.3894711,4280.01945,776.7613989,1087.843937,235.525693,4369.814451,0,0,0,51.991962,0.9882118091,0.163326,42.71090036,43.51582,-0.8049191895605503
161.11499,902,40,0.057476427,0.3919098,-0.45259514,107.85019,4.4024773,0.146284025,-0.1006986024,0.510071567,4066.882704,89,166.0113792,6075.425238,4984.066359,295.5961938,338.5563254,4375.921991,681.72883,992.0342217,293.1286561,4281.349867,0,0,0,51.991962,0.9875618392,0.2315619,37.70862809,37.387608,0.3210205155371071
314.2577,885,80,-0.1750306,0.0,0.32960895,1.8431965,1.3287612,-175.0306,0.1508749454,-0.50463955,48.47473593,106,34.9454593,8264.750405,3564.763017,55.63688398,0.0,4100.974715,405.5439672,344.855547,395.0356479,1013.690101,3,1,2,99.198906,0.9876764999,0.0418299,26.29927733,29.729744,-3.4304666275195324
252.00592,894,50,0.08934388,0.10471352,-0.17678894,508.41153,1.5008459,0.8451509324,-0.05688298965,0.26613282,16723.86525,97,49.36934571,8289.570158,7947.609479,0.0,408.4206294,3269.319255,271.0801638,238.6154377,297.5305579,801.4684157,2,1,0,54.831284,0.9877199913,0.1505769,32.89434692,32.83769,0.05665847395507484
214.37877,895,50,0.038961038,0.20475893,-0.2534202,528.8872,1.6852015,0.1893528412,-0.08233436296,0.292381238,17316.9543,96,55.17728044,7019.242217,8085.83054,0.0,380.3941749,3261.957861,246.7984187,214.6310307,217.6197545,709.0479067,2,0,0,54.831284,0.9872252919,0.161115,32.74224503,32.630928,0.11131699044921817
332.8364,885,10,-0.026605854,0.38087934,-0.41118076,3.6720665,1.0423534,-0.06967083896,-0.1329231119,0.384574906,120.5203786,106,34.21093448,10923.97672,3025.872238,0.0,39.3666269,3986.900246,462.0769087,231.8905016,479.9970504,923.2378369,1,0,4,99.198906,0.9879412888,0.2303604,32.82085949,32.959286,-0.1384262460839878
216.24301,860,10,0.03106567,0.35832414,-0.41446614,68.53312,4.018384,0.08645583901,-0.132670743,0.44553181,2259.857043,131,132.5048879,7130.541979,3435.782904,2.410414058,498.9537554,1502.208424,4191.797525,1457.328937,374.2572887,8320.93535,0,0,1,15.984529,0.9887374626,0.1281999,32.97467039,33.263508,-0.2888374530175781
180.0,859,10,0.012867647,0.3929961,-0.4367893,63.147076,1.3909631,0.03265932582,-0.1406937091,0.449656947,2076.102635,132,45.73105107,5917.906228,4524.33735,13.97813053,595.3411444,1405.724073,4095.280528,1516.955209,323.5580997,8280.481383,0,0,1,15.984529,0.9883103309,0.1630555,32.87725682,32.993694,-0.11643748541992238
90.0,913,50,0.078342825,0.15161924,-0.23983096,416.11826,1.9029934,0.5133220753,-0.06907944799,0.318173785,14368.50921,78,65.71011374,3107.688254,6682.551887,198.2701553,555.2100079,4441.429221,565.6124849,936.5606883,87.21151926,4283.309325,0,0,0,72.20944,0.9872351969,0.2134712,34.52986949,34.343376,0.1864933303320342
157.68166,885,40,-0.080883846,0.5691583,-0.5959294,3.4787362,2.5048962,-0.1418620864,-0.1786406227,0.515045554,118.1405571,106,85.06820162,5354.990456,3356.712462,21.58874286,78.86529041,3970.883236,451.4444315,133.0315561,490.3161619,824.9508648,1,1,5,99.198906,0.9883086547,0.1686476,33.96076916,33.837357,0.12341259261718562
270.0,894,50,0.1280857,0.11472806,-0.24606168,2.465954,0.4759135,1.106781709,-0.07338860268,0.37414738,83.92691118,97,16.19736217,9189.249279,2179.662061,0.0,1217.889592,160.2268177,833.4180771,1021.517084,397.0706829,531.4613028,1,2,0,45.535694,0.9885328782,0.1620143,34.03425659,34.210552,-0.17629562557617362
134.25743,895,50,0.12895854,0.14580202,-0.28609303,4.055806,0.664473,0.8784520812,-0.08045880304,0.41505157,141.3842146,96,23.16333503,4680.174863,3176.596306,0.0,1057.001094,170.4270097,789.1718125,859.6679659,457.847383,491.3647354,1,2,1,45.535694,0.9886105993,0.1219277,34.85970842,35.061146,-0.2014373624707062
198.88525,892,50,0.069077425,0.078699976,-0.1546866,347.4834,1.4700667,0.866718266,-0.04694789453,0.223764025,11737.85516,99,49.65828583,6718.266995,4675.12813,241.4221171,250.6736246,3546.297487,1074.966932,1590.944271,146.5865446,5156.563022,0,0,0,72.230545,0.9872592704,0.2187245,33.7796141,33.661198,0.1184164376464878
76.30932,913,50,-0.025054945,0.5128122,-0.5714286,2.4362953,3.9126601,-0.04876284565,-0.1700476389,0.546373655,82.99660878,78,133.2915265,2599.608832,2804.46356,0.0,351.5604483,1159.35003,1137.205293,1256.891571,498.4767316,1384.683012,0,0,0,32.669643,0.9888827701,0.134815,34.06672778,34.103947,-0.037218905791014834
307.9373,891,40,0.020942409,0.27092987,-0.379611,10.099418,3.0144346,0.07701400732,-0.1078158993,0.400553409,350.6992262,100,104.675327,10693.02932,2720.671289,0.0,1252.470654,267.9679666,961.7314195,1111.842164,493.1558593,662.6477725,1,2,0,40.01949,0.9883416071,0.1139154,34.72469663,34.32254,0.40215634679687184
168.40094,881,50,0.18421052,0.16077267,-0.22560401,16.06917,2.365721,1.138699881,-0.04591800157,0.40981453,620.7211115,110,91.38324933,6505.00422,2636.778035,0.0,385.0054646,2077.530408,2527.923679,795.5546294,54.55405257,3070.657077,0,3,2,19.711119,0.98741426,0.1624266,38.62807547,38.48344,0.14463507083007698
194.3898,884,40,0.098825835,0.34895644,-0.39757207,13.853501,1.9143497,0.2823946746,-0.104805603,0.496397905,494.7668913,107,68.36949375,6942.478804,1830.126414,5.875400518,103.2292565,2452.193122,2391.756888,423.7751463,321.0140122,3454.105069,0,1,1,14.167176,0.9880112124,0.1136937,35.71421342,35.67552,0.0386915694140626
161.11475,883,50,0.043110393,0.22454241,-0.28517315,13.70762,1.4700667,0.191140961,-0.07319603383,0.328283543,494.1718787,108,52.99721053,5808.32987,1804.873426,0.0,120.3578215,2546.583919,2366.556489,337.3627834,415.7035231,3550.194065,0,0,1,14.167176,0.987591258,0.1871539,36.05088839,35.72983,0.3210566944433566
236.99222,867,20,0.064492755,0.28778055,-0.35787535,73.4584,3.4011793,0.2233279042,-0.1058419879,0.422368105,2509.015455,124,116.1693071,8094.610593,5316.453271,260.6810722,529.87391,1485.169357,4243.914836,1707.148221,230.1962839,8051.175847,0,0,0,16.892633,0.9875616544,0.1990948,34.1555963,34.006535,0.1490617235839835
236.99222,903,20,0.06050277,0.41029742,-0.4843487,241.55585,1.7020891,0.1471022357,-0.122731603,0.54485147,8746.695375,88,61.63235069,8581.447125,3549.725836,249.9692109,469.3180872,3731.314749,856.2602429,1542.011013,216.3222737,5026.235594,0,0,0,72.230545,0.9878024214,0.1967308,36.20982632,35.969585,0.2402409012988258
27.16403,888,50,0.039411765,0.1552883,-0.29039904,6.3298674,1.0423573,0.2521734832,-0.07552997847,0.329810805,227.1480159,103,37.40511098,974.7843247,2879.488876,0.0,1192.85591,462.8123954,1147.20993,913.1307663,691.852446,844.7877083,0,2,0,40.01949,0.9873994602,0.1356527,35.88511442,35.45411,0.4310052281054695
225.74289,857,10,-0.2776081,0.6486206,-0.6157756,8.281377,0.6644768,-0.427338819,-0.242828888,0.3381675,243.2553984,134,19.51819954,6630.923414,638.2152978,250.5224583,400.4338214,484.9438045,1568.661695,999.5543936,1107.129244,1318.387593,0,0,0,17.518257,0.9891856944,0.1763902,29.37378632,29.290539,0.0832475321582038
90.0,902,50,0.06203082,0.2644474,-0.332211,4.1840677,1.4275002,0.2336840368,-0.1018338864,0.39424182,140.7212395,89,48.01059924,3026.937532,3978.899037,0.0,371.468997,1904.16633,859.9712105,747.3358085,122.3197346,732.7436306,0,0,4,29.935148,0.9880072856,0.1566357,33.63263924,33.738674,-0.10603492381835622
115.97522,894,10,0.111713216,0.28064904,-0.41830283,1.702025,1.0587018,0.3966397897,-0.1159896739,0.530016046,59.65787833,97,37.10868123,4065.061068,5934.718299,0.0,1065.809842,642.6274305,850.0907281,896.3546362,615.7620449,738.4665744,0,3,1,40.01949,0.9888955065,0.0958022,35.05111754,34.723457,0.32766020357421866
303.0076,884,50,0.07139892,0.19402188,-0.24902289,4.1727033,1.7020972,0.3661072286,-0.06078458219,0.32042181,152.9754964,107,62.40059389,11108.56313,2480.758107,0.0,884.4665046,567.6843125,966.7904906,849.813151,826.1375041,889.1401435,0,3,1,45.535694,0.9872385752,0.1881626,36.66100496,36.27621,0.38479417508789027
45.74301,857,10,-0.2889151,0.680892,-0.5421517,8.642112,0.6644783,-0.4236962745,-0.2336257713,0.2532366,238.5208561,134,18.33949074,1262.49948,0.0,182.4828742,278.8655946,534.0929342,1734.461222,1105.674514,997.2462722,1482.045179,0,0,0,17.518257,0.9889571306,0.1076334,27.59983394,28.721102,-1.121267820864258
244.02483,861,40,0.13077052,0.25924125,-0.37165564,70.50531,2.116685,0.502497279,-0.09924401094,0.50242616,2506.353743,130,75.24484856,8674.701894,5760.861999,158.2992036,1549.139525,510.813799,3353.983102,1524.014899,372.9069077,7397.456294,0,0,0,18.49183,0.9875281458,0.21357,35.54843945,35.423817,0.12462276909179337
180.0,896,50,0.0705166,0.14216751,-0.20376495,95.414604,1.3909631,0.4925461091,-0.06047909199,0.27428155,3254.05076,95,47.43785902,6138.77868,6534.050282,209.020851,465.8639318,3037.916154,1427.345442,1180.935529,212.9773106,5769.657666,0,0,0,82.8195,0.9874752908,0.1907115,34.104326,34.02011,0.08421491601562536
352.68973,883,40,0.0788202,0.33269045,-0.4167094,2.4223526,3.735067,0.2362075391,-0.1119062231,0.4955296,85.93284226,108,132.5013226,12511.65125,1907.598122,0.0,576.7457284,698.2959192,663.5340234,628.0464656,791.5673463,911.5072762,0,3,1,31.94183,0.9883005742,0.182632,35.47495202,35.561226,-0.08627387111327778
96.94437,861,50,0.031988367,0.35902014,-0.4301826,10.819089,3.8298872,0.08885160425,-0.10606539,0.462170967,395.3443803,130,139.9493415,3542.480507,3996.504897,64.21960562,421.4308903,227.4947359,1236.797147,647.965949,1249.606751,984.3813349,0,0,0,35.68663,0.9880101404,0.179799,36.54137426,36.193474,0.347900444082029
0.0,857,10,-0.31507564,0.666226,-0.5576151,8.196111,0.0,-0.4722172697,-0.2285587744,0.24253946,234.5736222,134,0.0,0.0,956.1641858,79.77842257,180.8151338,396.3488569,1621.179856,973.0516529,1108.486979,1368.556202,0,0,0,16.008493,0.9886599533,0.1050889,28.62011291,29.1203,-0.5001873829687504
189.70638,887,10,0.0056564454,0.44463667,-0.4629873,4.210979,2.8206024,0.01269295321,-0.1425738236,0.4686437454,141.3384733,104,94.67148545,6367.357836,4632.854524,0.0,1204.80967,801.0828843,1121.492269,645.6520861,662.1349093,1005.527016,0,3,0,44.73592,0.9888186575,0.1342193,33.56427884,33.450745,0.11353421109375006
295.97507,879,40,0.07624811,0.24282515,-0.34611994,1.789434,2.1166925,0.3127163461,-0.09451076095,0.42236805,63.08864074,112,74.62653145,10434.95589,1489.693062,5.8538828,661.0604898,777.8766907,706.3645685,675.723964,919.9257652,1000.318405,0,3,1,36.374046,0.9886660499,0.1703684,35.25619874,35.32854,-0.07234206200195104
115.97507,863,30,0.088716626,0.28710464,-0.37331256,11.07625,2.1166925,0.3079319583,-0.09639778209,0.462029186,398.475758,128,76.14947733,4172.283392,3849.149492,7.021366519,323.4070526,128.1480224,1221.277189,585.8804576,1304.710502,968.9282313,0,0,0,35.68663,0.9880840285,0.2092732,35.97569195,35.940346,0.03534618583984184
27.16429,880,50,0.066618785,0.2253654,-0.30341023,9.517274,1.0423597,0.2942975605,-0.08176869718,0.370029015,337.1856804,111,36.92956246,962.3984352,2260.373876,144.3481393,256.2245954,1887.160732,3022.916466,925.3128775,505.7124511,2915.842708,0,1,1,13.270726,0.9873275169,0.216827,35.42880875,35.428467,0.00034195312500173713
161.11436,902,50,0.050599203,0.071911804,-0.13535032,102.37132,2.9382074,0.6939782069,-0.0400776852,0.185949523,3494.803943,89,100.3060115,5500.203578,6654.010341,335.4465167,750.9475437,3531.794271,941.5976346,1313.469842,265.414018,5439.769056,0,0,0,86.37731,0.9872281525,0.2081639,34.1385062,33.937508,0.20099857060547066
300.31186,916,10,-0.046302393,0.5505691,-0.5694536,3.0541074,2.7544038,-0.08394667685,-0.188743627,0.523151207,99.02750582,75,89.30980565,9737.422615,4138.378418,0.0,165.6206709,1562.529214,644.4385331,781.0775336,496.3805057,971.1129103,0,0,3,43.93776,0.9886351689,0.1093399,32.42436917,32.340332,0.08403713874999852
123.00732,860,40,0.0519501,0.32130283,-0.38277292,9.19597,1.7021105,0.1611841261,-0.1118701487,0.43472302,315.6497234,131,58.42458256,4222.200217,2619.049429,43.5588352,220.7149008,43.5588352,1311.20316,624.2127219,1372.636369,1061.069378,0,0,0,35.68663,0.9881682859,0.1960223,34.32478829,34.656914,-0.332125467324218
295.97498,857,30,-0.024848677,0.353102,-0.43009558,9.027874,1.0587113,-0.07017378326,-0.1358853675,0.405246903,299.5117593,134,35.12415924,9819.364665,784.9275924,86.72984049,17.65197736,420.9063157,1701.144419,996.2591881,982.9784009,1451.168761,0,1,0,16.008493,0.988049858,0.1749565,33.17633357,33.061714,0.1146193976367158
325.62033,883,40,-0.067026846,0.53212124,-0.5682382,6.9600286,1.6852195,-0.1257253341,-0.1684174309,0.501211354,237.5098214,108,57.50783589,11111.73975,1916.691156,18.65804059,232.8516791,2955.54138,2895.672463,280.8952106,654.4926896,3807.606301,0,0,0,8.288274,0.9886653712,0.1628987,34.12483412,34.36691,-0.24207490709960666
53.841183,851,20,-0.011852776,0.52110034,-0.5282663,70.40262,2.3565962,-0.02270210358,-0.1514140073,0.516413524,2435.806032,140,81.53405709,1862.809627,5147.461331,138.1606098,1412.806488,880.3554644,3718.909091,1887.275762,497.3627507,7226.362459,0,0,0,17.21446,0.9887918369,0.1542353,34.59822989,34.47522,0.12301016343749893
262.0755,905,50,0.05156854,0.13266616,-0.19491066,459.4005,3.3598328,0.3858010135,-0.06049533378,0.2464792,15365.2732,86,112.3741678,8765.470773,7148.723664,232.5535269,1083.086463,4025.017075,483.0370363,888.1827087,241.0858727,5085.137502,0,1,0,86.68187,0.9874555704,0.1716066,33.44635715,33.556633,-0.11027584560547155
198.88568,916,10,-0.0023211648,0.42087945,-0.47149938,2.5442035,1.4700705,-0.005501962231,-0.1583538311,0.4691782152,81.95068487,75,47.35206295,6406.255509,1377.798953,0.0,206.9627217,1929.454128,667.3193828,428.385499,499.2321633,574.6569295,0,0,1,43.93776,0.9888377687,0.114117,32.21074292,31.873686,0.3370570832080091
142.41383,899,10,-0.20992932,0.655793,-0.6215025,2.422239,2.3395562,-0.3196278279,-0.2207121357,0.41157318,75.75773974,92,73.17175956,4454.122764,1487.748651,0.0,12.00845692,2090.39088,795.9687102,351.9065284,342.4614492,411.1821069,0,0,2,54.12362,0.9878449263,0.2130389,31.27591445,31.211267,0.0646469786865218
270.0,860,40,0.0016949152,0.3206278,-0.37777779,14.770178,1.903053,0.00526980317,-0.1269704676,0.3794727052,475.5817098,131,61.27598459,8693.67056,1953.285643,0.0,105.461735,715.455369,1993.994059,1257.893147,690.262015,1746.429116,0,1,1,12.380408,0.9886339608,0.1429752,32.19877985,32.637024,-0.4382440757812489
309.07608,879,40,0.042569082,0.45889047,-0.5140242,7.476951,3.6734252,0.09256352279,-0.1493786532,0.556593282,257.2453348,112,126.3846045,10633.79707,2861.218913,194.3019992,46.26248923,2566.144101,3030.486884,492.743621,762.3364266,3598.036346,0,0,1,8.288274,0.9884664767,0.1251934,34.40511176,34.307724,0.09738776097655943
134.25647,917,50,0.089324616,0.21130162,-0.27959183,66.830215,2.6561525,0.4207439208,-0.07679794082,0.368916446,2350.925521,74,93.43702843,4722.818289,6114.983464,219.3982698,834.677759,3258.935338,1260.915194,1413.288606,260.5825341,5474.459031,0,1,0,82.8195,0.9874351348,0.2151256,35.17758428,35.166702,0.010882009492185318
64.025185,861,10,-0.24230494,0.71322805,-0.6564066,9.500982,1.058717,-0.339254304,-0.2341021182,0.41410166,296.4536975,130,33.03453993,1997.741162,1377.966305,70.67148036,65.15919453,80.28781243,1223.012042,474.4024103,1332.501982,983.3392917,0,0,0,35.68663,0.9892438485,0.1436937,31.20242702,30.717453,0.48497401707031074
295.97482,865,10,0.09486405,0.37263286,-0.46146342,9.653661,1.058717,0.2538964319,-0.1278762125,0.55632747,338.4540974,126,37.1182608,10376.77732,3073.924172,0.0,176.7787189,922.5443227,2193.805521,1337.579669,514.2617624,1948.70308,0,1,1,12.380408,0.9881589132,0.1537544,35.05966259,35.101257,-0.04159473421874793
303.00714,877,10,-0.068522036,0.598234,-0.52100843,6.751693,1.7021185,-0.1143493794,-0.1449091578,0.452486394,236.3774559,114,59.59134111,10608.31067,1885.938556,83.80267915,12.38295043,2668.006289,3115.67517,548.2973676,623.0570915,3699.465547,0,0,1,8.288274,0.9882817129,0.1579572,35.0101013,34.762493,0.24760816645508044
121.340706,860,50,0.0678337,0.24059139,-0.32361376,71.43612,4.449047,0.2807786321,-0.08827404467,0.39144746,2519.542724,131,156.917313,4279.671026,3418.69699,66.96230469,1254.585679,1317.942004,4151.876915,2321.797538,60.70859083,7208.070007,0,1,0,14.9344635,0.9872844783,0.2641318,35.26987082,35.165253,0.10461813445312629
298.4275,910,50,0.054945055,0.104371585,-0.16283084,450.43256,4.85912,0.5214409084,-0.05154268545,0.217775895,14930.61437,81,161.0666131,9892.060022,6999.30327,351.1202665,1298.582344,4142.016813,512.7612435,674.864596,370.7774629,4956.659468,0,0,0,84.41743,0.9871992673,0.1883226,33.1472804,32.982155,0.1651255538085934
180.0,858,10,-0.3949666,0.80385214,-0.716091,7.625696,0.92740995,-0.4907318753,-0.2915981255,0.3211244,219.2387422,133,26.6630339,5174.999581,0.0,0.6885036417,25.37216682,497.0224931,1719.727232,914.8172358,1011.075595,1480.998577,0,0,0,10.216653,0.9896080075,0.197599,28.74999767,28.065449,0.6845489090136709
295.9747,862,40,0.05916621,0.36973232,-0.44116005,9.715613,2.1167192,0.1595928027,-0.1200891151,0.50032626,342.9340807,129,74.71429265,10447.08261,2370.913838,0.0,136.9410422,945.6115813,2203.122152,1279.902512,550.3866745,1961.217662,0,0,1,9.819754,0.9877123685,0.1871218,35.29721498,35.371853,-0.07463789475585969
345.60974,865,40,0.018998273,0.434746,-0.4973638,9.71294,1.9143536,0.0435994203,-0.1275543292,0.516362073,350.2597129,126,69.03377787,12463.08207,3012.339517,0.0,40.94230112,1039.549784,2300.015602,1362.155425,464.8893554,2057.679698,0,0,1,9.819754,0.9877716044,0.1804733,36.06114245,35.87387,0.1872716003906234
303.00696,846,40,0.10129525,0.23167956,-0.3267958,62.963333,3.401254,0.4353422793,-0.0878638003,0.42809105,2232.652773,145,120.6070075,10744.49679,3903.681504,308.3011993,1307.761869,969.372468,3731.776004,1919.467013,498.9736548,6913.691657,0,0,0,14.060584,0.9888553431,0.1455622,35.45957093,35.41586,0.04371170758788878
72.006714,859,10,-0.28144088,0.7397406,-0.6657166,8.740103,1.5009097,-0.3799452602,-0.2536791249,0.38427572,262.3611381,132,45.05443209,2161.503524,560.3116372,0.0,64.93616665,291.2499602,1357.789523,559.2111393,1413.642029,1132.283616,0,0,0,19.948925,0.989429478,0.2129828,30.01808309,29.721687,0.29639577310546983
314.2563,865,40,-0.15200359,0.6111459,-0.5416417,10.238669,1.3287947,-0.2483126817,-0.1730552135,0.38963811,337.9142013,126,43.85517295,10371.62805,2523.739927,55.07328439,0.0,1254.419727,2506.098549,1329.980559,397.2720414,2266.089998,0,0,1,10.792299,0.9887870503,0.0976911,33.00372356,31.904165,1.0995582920556615
314.2563,870,40,0.07910043,0.40076673,-0.47561353,8.704893,0.6644867,0.1968814839,-0.1332219165,0.55471396,303.9260878,121,23.20015227,10972.06914,837.2199986,26.18013019,268.5506926,1726.713349,2989.600348,1317.319081,446.5035307,2747.558416,0,0,1,9.532843,0.9884432185,0.158351,34.91439674,34.734177,0.18022010425781332
281.02725,871,40,0.03492615,0.47360042,-0.52498627,7.6030474,2.4230375,0.07359064284,-0.1381532907,0.55991242,271.7057754,120,86.59071134,10042.9108,385.4762215,168.2865385,231.6259756,1917.781318,3183.353849,1161.660012,590.8791453,2940.714523,0,0,2,9.532843,0.9886115331,0.1719463,35.73643055,35.676247,0.06018390693359521
90.0,878,10,-0.0013215027,0.44680852,-0.46640864,6.128935,0.47593266,-0.00295104412,-0.1316625609,0.4650871373,213.3386547,113,16.56647254,3132.759431,3226.465647,10.27483589,118.5362757,2591.199452,3325.583739,769.1574158,591.1300641,3618.364437,0,0,1,6.5269876,0.9875774028,0.2109195,34.80843812,34.999996,-0.19155806530273622
256.30984,893,50,0.052673582,0.18878317,-0.26748532,72.56739,1.9586879,0.2775461175,-0.0793729641,0.320158902,2475.109962,98,66.80642551,8742.150413,6632.414018,213.5977261,271.5667424,2181.463135,1558.617473,661.3116546,197.8857447,5608.901422,0,0,0,67.517044,0.9873456918,0.2288486,34.10774402,33.894073,0.21367053367187339
180.0,877,50,0.010300949,0.25931638,-0.3084112,1.6737517,1.3909631,0.03957088294,-0.09772269121,0.318712149,55.45457279,114,46.08524937,5963.741876,4373.866861,0.0,334.4090382,1068.818232,1095.803868,472.0558873,601.0069826,1818.047668,0,0,8,44.26448,0.9873145833,0.2587282,33.13189931,33.20829,-0.07639079009765481
0.0,847,40,0.053227633,0.34802473,-0.3979933,67.536964,0.92740995,0.1525039014,-0.1076934792,0.451220933,2389.176119,144,32.80789621,0.0,4136.597603,347.8401536,955.2818546,739.5075473,3359.812565,1638.863178,494.9534817,6549.96694,0,0,0,14.183733,0.9883938458,0.1623176,35.37582944,35.593,-0.21716906463867502
45.743908,925,50,0.09847138,0.14208512,-0.27919292,539.955,3.318877,0.6882014007,-0.08890734933,0.3776643,17848.20921,66,109.7054589,1512.064598,5921.073713,0.0,795.7197365,1724.51114,591.939918,3.931732464,274.3492648,456.2399387,2,1,19,51.976654,0.9874946413,0.1576562,33.05499386,33.3336,-0.2786052305761686
180.0,878,50,0.07342784,0.2773741,-0.34867725,1.6634223,1.3909631,0.2637739646,-0.1044117364,0.42210509,56.51668599,113,47.25957128,6115.707045,4031.437328,0.0,415.5069977,1136.611078,1076.781953,428.237248,553.3299565,1892.310767,0,0,6,44.26448,0.9878816163,0.1859692,33.97615025,34.059074,-0.08292415185546531
27.164968,847,40,0.09679741,0.2741117,-0.35932845,67.465744,1.042366,0.3518476677,-0.09502793236,0.45612586,2406.718789,144,37.18452785,969.0612599,2939.99418,563.4403678,911.5446077,955.5751414,3439.490068,1850.171084,511.3801548,6526.324577,0,0,0,14.183733,0.9876109641,0.2280588,35.67319718,35.7244,-0.05120238665038812
134.25597,852,10,-0.025815217,0.5950704,-0.5961945,64.32114,0.6644905,-0.04330900679,-0.1850646859,0.570379283,2151.197895,139,22.22365096,4490.143677,1683.9859,183.2814938,877.914924,583.6608187,3014.357906,1461.92917,528.1834388,6332.700108,0,1,0,16.255188,0.989000107,0.1234005,33.44464814,33.575027,-0.1303793258203143
180.0,851,10,-0.028305873,0.63136727,-0.6188893,63.56766,1.3909631,-0.04476176163,-0.1866791085,0.590583427,2153.048826,140,47.11218675,6096.634493,1677.376081,135.4710789,727.9180309,549.3977191,2885.109456,1364.0775,660.9803616,6278.949869,0,1,0,13.528942,0.9887604422,0.1302497,33.87019163,34.080936,-0.21074480188476485
270.0,884,10,-0.031153847,0.3033544,-0.31906518,2.080077,0.475938,-0.1023604292,-0.0961177748,0.287911333,70.49171019,107,16.12905847,9150.0275,3602.895307,0.0,442.6602121,1346.702346,872.0530005,212.3550175,711.1981448,1852.853785,0,0,5,49.648937,0.9881282593,0.1583564,33.88899074,33.38395,0.5050414602148408
196.34286,883,40,0.078529656,0.31348616,-0.3600493,1.9387978,3.3789816,0.2497078282,-0.1058632556,0.438578956,66.38315278,108,115.6940924,6722.649506,4262.652937,0.0,503.2153553,1191.431986,1066.729822,404.6201919,520.4986049,1968.797255,0,0,5,44.26448,0.9880224392,0.1768909,34.23933779,34.37563,-0.1362916350488277
252.00697,852,20,0.067115426,0.31914893,-0.40029716,66.16124,1.5009309,0.2096381393,-0.122563537,0.467412586,2226.307819,139,50.50591854,8479.966332,2427.905121,234.8551057,743.523361,648.8034983,2809.762863,1453.637454,601.1417933,6183.030142,0,1,0,13.478216,0.9883471074,0.1469032,33.64972934,33.800247,-0.15051785238281212
225.74417,920,50,0.01874566,0.1890073,-0.24779283,605.3526,1.3288054,0.09865757789,-0.08131811781,0.26653849,19724.38967,71,43.29687442,7355.491617,8910.950921,0.0,1033.129673,2353.928495,24.01544969,59.51148325,32.04692511,341.6384938,18,0,22,56.542828,0.987250052,0.1874301,32.5833071,32.197914,0.3853929764648427
134.25583,911,50,0.026455026,0.2233303,-0.28101265,585.6506,1.9927616,0.1179289022,-0.08950663623,0.307467676,19356.67522,80,65.86391115,4437.366747,8090.400057,34.24319189,861.1702908,2078.921817,90.02796602,106.1646297,26.04117514,561.9255095,7,0,5,58.267654,0.9874829887,0.1778048,33.05157584,33.14057,-0.0889957542382831
314.25583,871,50,0.07294721,0.14954546,-0.21908894,1.7682894,1.9927616,0.4845527059,-0.0567667459,0.29203615,63.53988413,120,71.60583621,11292.14427,2900.503772,45.97095883,125.9709169,803.5125755,1545.601323,404.279868,446.297149,1771.489827,0,0,3,34.584953,0.9874549036,0.2469592,35.9329667,35.450317,0.4826493171875015
325.61957,873,40,0.14607124,0.2982638,-0.42979452,1.7694786,1.6852351,0.4881019355,-0.106424056,0.57586576,64.56845807,118,61.494404,11881.89196,2902.715805,59.13239991,266.5527471,892.7002592,1588.163222,241.6110668,461.0127016,1762.969516,0,0,4,34.584953,0.9878828111,0.2040845,36.49010396,36.28934,0.20076298709960838
0.0,875,40,0.1418558,0.2602941,-0.41458046,1.8261584,0.92740995,0.542897065,-0.09713464142,0.55643626,67.81641875,116,34.44039768,0.0,3464.71983,39.93811347,295.9972932,949.2551905,1617.863937,185.3996647,497.7339841,1766.786953,0,0,5,34.584953,0.9891538295,0.1940099,37.13610974,36.88445,0.25166073487304885
170.29329,919,50,0.056351952,0.15242982,-0.2288381,566.2826,2.8206053,0.3672816145,-0.07560576484,0.285190052,18390.38956,72,91.60096081,5530.38349,8174.036666,0.0,843.4133622,2142.885929,115.9152333,44.07054906,180.2745428,504.9518746,8,0,11,58.267654,0.9872883108,0.178799,32.47563947,32.30656,0.1690789536425754
90.0,870,50,0.06290196,0.20613769,-0.3009582,1.7074729,1.4275609,0.3036722095,-0.08550899848,0.36386016,59.28272419,121,49.56430003,3124.761264,5199.371504,65.08593722,126.8294057,850.8060389,1632.121183,440.3892355,572.5363969,1946.067416,0,0,6,37.196,0.987459507,0.2430079,34.7195696,34.51158,0.2079881791015623
45.74423,867,10,0.07007042,0.25522813,-0.34026897,2.0879245,2.6561859,0.273468881,-0.09686991839,0.41033939,72.43474746,124,92.14900005,1586.96914,3071.444283,9.983154891,194.9548375,1777.11198,809.722695,173.0270777,749.147071,1321.305148,0,0,7,38.360874,0.9877392306,0.243482,34.69222544,34.817036,-0.12481023504882671
341.11374,908,50,0.01272578,0.19651741,-0.25587466,393.945,1.4700756,0.06442864961,-0.08253671237,0.26860044,12943.07861,83,48.29939219,11207.30547,6910.28599,371.9803017,552.2894563,3088.35082,1755.574934,1495.538086,115.7216309,4888.713766,0,0,0,77.440094,0.9874740319,0.1617138,32.85503969,32.82899,0.026048753720701256
202.31966,929,50,0.030567685,0.13938412,-0.21276596,514.4053,2.5049195,0.2177431821,-0.07248493742,0.243333645,16448.93691,62,80.0988303,6469.49657,7983.376538,0.0,816.0193753,2150.475544,75.63015665,78.74802126,205.038663,388.5830203,9,1,11,56.542828,0.9872457774,0.1952278,31.97660855,32.09245,-0.11584063823242019
152.83478,916,50,0.051861417,0.087364264,-0.16994159,582.1323,2.0840476,0.5869048714,-0.05440434527,0.221803007,19194.62585,75,68.71722103,5039.415298,7347.269428,32.25430031,644.826732,1865.889036,91.37477982,162.7439545,134.9521631,705.7425131,3,0,2,58.267654,0.9875067976,0.1495247,32.97296138,32.79694,0.17602153014648536
123.00638,921,50,0.092747256,0.118396096,-0.20666471,446.0463,1.7021533,0.7768030874,-0.06389589125,0.299411966,14944.54197,70,57.02973309,4121.262768,5494.614436,0.0,917.7632579,2012.803163,312.4073224,0.0,99.38265174,558.6337268,2,0,15,51.875374,0.9872503446,0.1585886,33.50446349,33.42947,0.07499342774413975
18.88627,914,50,0.06344016,0.14835605,-0.24557842,512.639,2.9382184,0.4247578856,-0.08153466291,0.30901858,16607.9785,77,95.18953499,611.8589615,6131.20311,0.0,746.9841377,2076.24676,525.842135,250.2139906,563.3998562,177.7945128,0,0,20,55.765144,0.987560633,0.1780418,32.39702501,32.44198,-0.04495344458984363
187.3106,884,50,0.07640538,0.10385616,-0.17206731,1.8527029,3.7350695,0.7286684922,-0.05176218849,0.24847269,62.82422688,107,126.654335,6351.608577,4561.165162,99.42348576,352.1803036,1100.777547,1571.10682,270.2659187,171.6702875,2273.944639,0,0,3,42.250072,0.9873117725,0.2263288,33.90949886,34.07569,-0.1661923631445319
123.00638,872,50,0.034760337,0.19097066,-0.2588881,1.9863832,1.7021533,0.1810710918,-0.07191385896,0.293648437,69.57742454,119,59.62164943,4308.568016,4624.280697,30.57933194,180.3257116,949.8228706,1731.196307,387.1160384,593.1972488,2041.439944,0,0,7,37.196,0.9874888186,0.2021417,35.0271914,34.886547,0.14064431137695266
90.0,870,50,0.032822758,0.22222222,-0.26878914,2.0931096,2.3784044,0.1470407292,-0.08563221272,0.301611898,69.1734164,121,78.60188397,2974.334204,4272.969315,28.77638364,71.03381818,967.5378856,1731.296878,592.9873845,660.5592664,1980.551855,0,0,4,37.196,0.9877857217,0.1816923,33.04815782,33.32196,-0.27380262921874987
0.0,864,40,0.06486286,0.20573477,-0.27779186,2.050756,1.8543341,0.3137491579,-0.08039523662,0.34265472,70.6756513,127,63.90632052,0.0,2838.814445,0.0,202.8850899,1823.881046,1023.223975,253.5171454,950.2617443,1528.969857,0,0,8,29.12698,0.9871880933,0.2470871,34.4632181,34.663948,-0.2007299590820324
152.83467,859,50,0.12768792,0.18848847,-0.27333334,67.935326,1.0423695,0.6738558816,-0.06633331024,0.40102126,2495.22141,132,38.28557021,5613.520434,3823.517038,673.6554114,470.6449949,1114.226431,3040.019517,2011.586814,88.47423844,6084.74828,0,0,0,12.754392,0.9874160886,0.2022933,36.72936536,36.352463,0.37690259144531524
252.00716,920,50,0.10595802,0.15985946,-0.272158,416.79297,1.5009462,0.6586993392,-0.07446831791,0.37811602,14683.13893,71,52.87661541,8877.923593,6262.730322,0.0,963.6558926,2117.61721,281.1245639,72.61889238,73.71341595,603.5414832,0,0,8,51.875374,0.9873146538,0.3339688,35.22885458,34.262257,0.9665979576855435
152.83467,883,40,0.09119887,0.20046784,-0.30154705,1.8735955,4.162599,0.4526720989,-0.08460309222,0.39274592,65.3738307,108,145.242152,5332.734756,4759.135543,0.0,490.750834,1233.722762,1494.195864,294.8172443,293.5480322,2409.293278,0,0,1,45.25015,0.9876775747,0.2260062,34.89217961,34.760723,0.13145649598632758
145.61926,877,40,0.011977307,0.110796124,-0.15585054,3.9991713,1.6852412,0.1071352617,-0.04964616669,0.167827847,132.1720789,114,55.69699724,4812.697151,4033.687678,0.0,311.5529361,1081.501726,1855.415471,168.2210199,460.6507466,2196.797756,0,0,3,42.250072,0.9872274639,0.0959582,33.04986683,32.820507,0.22935978043945227
0.0,859,40,0.12115351,0.24328358,-0.37383178,69.97839,0.0,0.495954374,-0.09300148837,0.49498529,2549.572132,132,0.0,0.0,2803.453017,579.3164243,466.6132874,1051.328139,2597.66662,1857.136758,410.5300859,5828.860882,0,0,0,14.503218,0.9876286614,0.2548043,36.43370663,36.51012,-0.07641376184569992
252.0072,859,40,0.086544745,0.36572266,-0.45943126,68.60227,1.5009491,0.2359950841,-0.08758440539,0.545976005,2692.884222,132,58.91761526,9892.183054,2930.669927,463.7043714,553.4145335,1044.333366,2454.262868,1791.775513,443.8974891,5773.712812,0,0,0,13.478216,0.988055534,0.1996727,39.25357313,39.296146,-0.042573262822266145
18.886389,920,50,0.070958965,0.085562915,-0.16852011,471.37787,1.4700767,0.8197386259,-0.04830197416,0.239479075,16308.83991,71,50.86205162,653.4356284,6935.190835,0.0,1056.296154,2216.763807,224.0518792,129.4774115,110.5387552,697.6288242,0,0,4,51.875374,0.9872756744,0.182333,34.59822989,33.903614,0.6946158458105458
74.44367,910,50,0.05899705,0.16211294,-0.24539877,531.83984,3.4542017,0.3616944799,-0.07505006094,0.30439582,17905.35586,81,116.2919849,2506.281596,5925.693987,0.0,674.3154188,2249.783936,312.9641633,164.6980383,353.0408956,304.665068,0,1,22,55.765144,0.9877008468,0.1701374,33.66681944,33.35622,0.3105991946386695
322.41272,909,50,0.06878307,0.15375447,-0.2299873,489.21216,2.3395913,0.4444658044,-0.06834314093,0.29877037,16675.8903,82,79.75020055,10990.15844,6642.958628,39.23055442,530.8790722,2293.288578,474.6725997,359.3222655,494.7677305,163.0703978,0,0,10,55.765144,0.9872919917,0.1801459,34.0872359,33.862778,0.22445819003906564
115.97401,882,50,0.08640483,0.119170986,-0.16158772,4.09955,2.116773,0.7190157365,-0.04851855943,0.24799255,139.1257848,109,71.83659301,3935.791772,4776.314288,180.9177518,422.0957485,1222.407635,1657.628991,0.0,410.3355465,2362.24978,0,0,2,42.250072,0.9872034045,0.3052593,33.93684302,34.33808,-0.4012383398632835
180.0,876,50,0.008573062,0.29324055,-0.3580376,4.0195227,0.92740995,0.02913623564,-0.1039344218,0.366610662,138.3539524,115,31.92190755,6195.688713,3640.052054,22.78693871,318.0757035,1145.105177,1924.557065,422.5482675,761.3788825,2210.602996,0,0,7,37.196,0.9879386381,0.1917723,34.42049285,34.143246,0.2772471529785179
45.744553,871,50,0.030238502,0.13396414,-0.20126615,3.5583973,1.3288145,0.2240484176,-0.06682960735,0.231504652,115.275405,120,43.04736563,1481.90925,4107.743707,0.0,135.2152178,1385.937,1828.204048,449.0775224,405.7208455,2183.189945,0,0,6,31.65186,0.9879367567,0.1595335,32.395316,32.444542,-0.04922593115234264
325.61908,859,40,0.13834952,0.24905755,-0.39803094,67.76519,1.6852448,0.5532707171,-0.08071813882,0.53638046,2620.070913,132,65.15824542,12589.72461,2921.486017,510.4446284,476.4566133,1143.739254,2386.038528,1887.240245,351.2126229,5677.963698,0,0,0,12.551109,0.9881859628,0.1813389,38.66396468,38.587624,0.07634108380859317
31.624878,893,50,0.058848985,0.142632,-0.215763,128.65442,2.7210636,0.4097205706,-0.06575088945,0.274611985,4338.201151,98,91.75371698,1066.384522,5220.887045,224.7178898,300.2867933,3216.634867,1815.842133,1731.324522,367.1133222,4601.718437,0,0,0,69.33665,0.9872450877,0.1966403,33.71979875,33.75293,-0.033130937499997515
45.74468,890,50,0.06826609,0.164985,-0.2396982,101.76345,3.3189225,0.4112786698,-0.07299414299,0.30796429,3432.486543,101,111.9474312,1542.970472,5599.81461,278.6760984,354.8595958,3303.120454,1722.484026,1716.81786,420.9961295,4575.281174,0,0,0,76.03832,0.9871842364,0.2023842,33.73005281,33.80037,-0.07031645269531595
198.88647,891,20,0.09284682,0.2939964,-0.40005577,3.901848,1.4700774,0.3147388239,-0.102485855,0.49290259,140.7584429,100,53.03276955,7174.792518,4150.440033,7.688121835,585.4923388,1375.095966,1443.553158,202.481221,469.4786438,2535.820724,0,0,1,42.346256,0.9883627954,0.1689961,36.07481453,35.97738,0.09743568478515385
140.61159,874,50,0.033512063,0.3401487,-0.41326365,3.3588183,2.9974453,0.09823300807,-0.1293878864,0.446775713,111.8982369,117,99.85918091,4684.441849,4925.494218,3.969625373,238.2345753,1279.844744,2038.110724,714.8700145,566.3742502,2266.84423,0,0,6,28.616488,0.9876962663,0.1646256,33.31476338,33.279854,0.03490955919922101
270.0,855,40,0.15466274,0.31973484,-0.4184708,68.46912,2.3784363,0.482213719,-0.1054191319,0.57313354,2484.169549,136,86.29348574,9796.03328,2424.089726,892.9538787,155.1663759,1305.652319,2708.588787,2161.364008,289.245174,5736.266643,0,0,0,11.75857,0.9875456255,0.2602856,36.28160474,36.260777,0.020828220224608174
285.5562,877,50,0.07652968,0.13694626,-0.21480058,63.534695,3.4542232,0.5547789407,-0.06023492359,0.29133026,2217.298315,114,120.5489895,9965.630293,5387.980434,288.1093996,565.6855176,2496.315274,1618.761689,1517.910464,306.621015,4810.635197,0,0,0,67.31294,0.9876115738,0.2539277,34.89901565,35.086918,-0.18790222719726302
126.15753,874,50,0.053796094,0.2360442,-0.30833834,3.2737122,2.3566682,0.2269454136,-0.08879016585,0.362134434,113.0520446,117,81.38350052,4356.634255,4894.372536,12.88830093,301.9619996,1400.695442,2150.213549,812.4989395,431.6880056,2360.813411,0,0,7,28.616488,0.9872573796,0.2277645,34.53328751,34.707325,-0.17403747168945216
9.706923,875,50,0.07657263,0.20622568,-0.2869353,66.58055,2.820607,0.3695132283,-0.08205054757,0.36350793,2305.731125,116,97.67959788,336.1575488,5125.71018,221.4643917,454.7194838,2630.590836,1565.96538,1630.929863,200.083411,4685.45171,1,0,0,67.31294,0.9876391,0.2363435,34.63070108,34.658695,-0.027994140947264157
225.74487,860,10,0.0036375138,0.36422694,-0.44561726,1.8606415,0.6645005,0.009959598818,-0.130315702,0.4492547738,63.8502263,131,22.80316079,7746.715869,835.9918362,103.0653729,287.9591744,1850.470359,1299.813291,760.0678675,701.9252113,1966.555151,0,0,2,23.858791,0.9876296985,0.2197676,34.31624324,34.257523,0.05872065699218609
339.5335,901,50,0.0071123755,0.25954887,-0.30062112,559.3587,5.4285965,0.02729766397,-0.09877129152,0.3077334955,18215.24086,90,176.7795741,11056.74137,7641.750377,225.3619553,1443.913008,2839.269105,205.1086762,195.9468492,249.6851304,875.2758592,0,0,0,62.765343,0.9876023763,0.1419027,32.56450799,32.534702,0.02980568897461211
103.68961,911,50,0.15136161,0.09686221,-0.17992368,93.92191,1.9587624,1.546680889,-0.0511774282,0.33128529,3259.48367,80,67.97725958,3598.463772,5558.713706,0.0,747.4686354,3192.786165,758.4586479,806.8647455,834.1277385,1875.551648,0,0,1,46.163734,0.9873277317,0.1868673,34.70418851,34.90753,-0.2033432282812484
134.25493,841,10,0.05589715,0.33044505,-0.32574567,49.776123,1.9927937,0.1686468089,-0.108644626,0.38164282,1608.940382,150,64.41414205,4339.594275,1103.294284,737.1660296,0.0,4469.362767,3761.464876,4015.364,383.618305,7874.156895,0,0,0,8.629475,0.9864180041,0.0323614,32.32353758,31.378431,0.9451062598095703
39.388783,943,50,0.04570696,0.27293447,-0.28835064,147.25818,2.9974616,0.1668536274,-0.07107512264,0.3340576,5381.5196,48,109.5416115,1439.454893,3917.050508,0.0,913.8907551,1931.389378,608.3343535,639.5534885,220.2719796,2268.348815,0,0,0,35.94658,0.9883941062,0.1894311,36.54479228,35.751892,0.7929001901562529
134.25493,920,50,0.091459155,0.105009906,-0.18016928,13.148747,2.6562254,0.8627415913,-0.05447881146,0.271628435,444.8786824,71,89.87153348,4542.421903,6902.396207,79.98908919,522.5840825,4725.477448,299.5395329,88.52648075,93.90085252,746.4488522,0,1,6,74.053055,0.9880019008,0.1193453,33.83430242,33.50028,0.3340239470996096
246.11266,884,40,0.084162086,0.26434427,-0.36323464,4.0408826,5.7071543,0.3171807177,-0.09648334925,0.447396726,143.9233068,107,203.2705724,8765.745352,3260.638801,146.021631,173.9207269,2430.140838,553.7262875,361.8419737,517.005919,2388.698959,0,0,2,54.28778,0.9885797227,0.1498853,35.61679985,35.83289,-0.21608970688476603
180.0,863,30,0.07226107,0.29460967,-0.41709054,7.287096,0.46373534,0.2444475852,-0.1180050999,0.48935161,253.4282632,128,16.12763738,6259.981669,1010.36498,20.99697135,353.336352,1894.874426,2289.507594,53.10765896,583.1925661,2645.019131,0,0,1,8.712641,0.9879461849,0.1998007,34.77767594,34.803448,-0.025771783388670144
247.33624,916,50,-0.0035252643,0.46082792,-0.48315388,7.5857515,3.6058104,-0.007633285359,-0.1543172046,0.4796286157,250.3969379,75,119.0236567,8164.284992,6298.716028,0.0,666.3222163,4321.471688,154.4670865,334.8375149,152.3195539,178.1971692,0,1,2,61.175766,0.9878008675,0.1610854,33.00885059,33.02313,-0.01427791952148283
332.8341,862,50,0.047356322,0.16165203,-0.20115942,6.7424803,1.0423748,0.291151128,-0.05652304959,0.248515742,235.121558,129,36.3493516,11606.4814,1245.684541,34.84223987,400.1141908,2031.985445,2399.999451,0.0,596.4400085,2783.604403,0,0,1,6.7773857,0.9870580124,0.3520938,34.87167149,35.342556,-0.47088450975586227
279.22354,874,20,0.04896379,0.5740671,-0.589646,94.117195,2.8907678,0.0851444814,-0.1742221637,0.63860979,3215.915695,117,98.77542078,9540.864076,1931.929253,473.6110795,298.3137546,2222.53348,1033.855025,1745.450912,1078.058759,4603.353847,0,0,0,29.758245,0.9889983354,0.1363804,34.16926838,34.577805,-0.40853618542968917
187.31082,897,50,0.05536502,0.08865048,-0.16425121,546.0356,3.7350714,0.6175652378,-0.054139585,0.21961623,17753.38525,94,121.4392642,6090.081213,7007.088501,127.9471788,1107.150353,2294.357197,266.0675144,229.8789758,247.3791096,684.9413286,1,2,4,57.43179,0.9871236537,0.1593921,32.51323769,32.910137,-0.396899486513675
56.994442,951,10,-0.021316912,0.2716013,-0.33333334,227.57788,1.7021909,-0.07819813038,-0.1189041383,0.312016428,7100.204326,40,53.10666921,1778.170109,8547.208533,0.0,831.6147531,1313.483321,616.5116743,536.4371492,124.6584061,2509.647812,1,0,4,28.479923,0.9880940692,0.1325735,31.199009,31.340626,-0.1416167629394529
37.587963,939,10,0.14883003,0.063520335,-0.24323386,369.1616,2.3396127,2.306715084,-0.06477127311,0.39206389,13136.3677,52,83.25354725,1337.542429,3447.477533,0.0,1112.18967,1687.460675,656.3423759,774.2788979,139.884137,2537.656733,0,0,0,32.193363,0.987286758,0.2824586,35.58432866,35.540707,0.04362202547851268
152.83405,937,10,0.064058535,0.26472962,-0.40349305,354.96643,1.0423753,0.2410665962,-0.1112859587,0.467551585,12467.44899,54,36.61123921,5367.974437,2984.741027,0.0,1107.746446,1782.029692,700.7112925,734.0579876,215.2385729,2489.62408,0,0,0,32.193363,0.9882744238,0.1990716,35.12289596,34.923733,0.19916320243164165
291.2922,904,50,0.14397395,0.10482063,-0.15669014,480.64764,2.5525038,1.360547088,-0.04204560011,0.30066409,17055.88056,87,90.57612336,10336.56375,7590.059141,0.0,528.9020978,3211.044227,878.7950962,822.8201025,708.6839911,1723.928756,0,0,1,75.78837,0.9872522606,0.1802233,35.48520608,35.4571,0.02810616544921629
236.99445,888,50,0.07082406,0.17388858,-0.22525698,6.456352,1.7021909,0.4049667508,-0.07323990244,0.29608104,211.3182214,103,55.71318811,7756.895171,5080.107272,123.2151142,431.2521768,2443.472177,332.4540252,460.1924124,293.896302,2661.864422,0,0,1,59.251152,0.9872079216,0.2305801,32.73028196,32.881645,-0.15136324263671952
37.588085,857,30,0.093064405,0.37132156,-0.47214246,32.514816,2.3396165,0.2499570667,-0.1005889282,0.565206865,1240.981367,134,89.29530717,1434.611013,1576.944645,677.0257501,629.607188,5125.891974,3111.615603,4526.979351,544.8805543,8152.410417,0,0,0,3.5092347,0.9890636474,0.1565138,38.16664277,38.239883,-0.07324065285155967
252.00769,864,20,-0.3830986,0.51076925,-0.3360544,6.7891083,1.5009887,-0.7485768244,-0.1458320502,-0.0470442,186.3804334,127,41.20643126,6918.331601,419.0314928,148.5187265,0.0,2554.956141,3010.968785,430.4923546,507.5726217,3367.281325,0,0,0,6.0754375,0.986699173,0.0285279,27.45285908,27.764263,-0.31140407307617224
34.381702,860,50,0.10662925,0.15799046,-0.2485294,87.11754,1.6852604,0.6706644537,-0.05891259842,0.35515865,3223.593515,131,62.35936526,1272.219482,2981.235744,93.17175281,114.8004629,2627.487245,837.175976,1412.993849,726.8933965,4289.887678,0,0,0,47.674934,0.9881625175,0.1610584,37.00280696,36.36511,0.6376984700097665
18.887018,875,10,-0.0987564,0.55970925,-0.5559392,2.50765,2.9382315,-0.1761276455,-0.1920807643,0.4571828,79.59901538,116,93.26673752,599.5206812,4207.274333,23.69473048,38.87872741,2860.013812,261.0222319,243.7311028,259.6755297,2777.705805,0,1,1,59.251152,0.9882758244,0.1867,31.74247418,31.86058,-0.11810626433593896
152.83368,858,40,0.16738568,0.24062566,-0.40024185,30.060064,1.0423788,0.6927479474,-0.08108187539,0.56762753,1162.54949,133,40.31318572,5910.723171,1255.371647,476.3853095,796.114142,5264.244822,3032.929696,4447.046603,829.0594833,7981.593109,0,0,0,5.5123363,0.9878564713,0.2083732,38.67421874,38.591103,0.08311613990234434
0.0,860,40,-0.047132574,0.5605536,-0.58134645,68.49174,0.0,-0.08393245809,-0.1794109496,0.534213876,2296.651851,131,0.0,0.0,2003.96307,471.1373304,17.13485206,2493.686367,684.6977096,1461.862299,700.2985123,4271.838694,0,0,0,17.341734,0.9886926559,0.1811212,33.53180765,33.785313,-0.2535050025878931
214.382,856,40,0.025810951,0.40953824,-0.51464206,29.165606,5.0441856,0.0628710032,-0.103713276,0.540453011,1129.452355,135,195.3385542,8302.047791,3200.325265,622.5321836,751.6319935,5145.385342,3204.577933,4427.211861,813.3229001,7764.425091,0,0,0,4.6907625,0.9878140609,0.208417,38.72548904,38.56732,0.15816726265624936
335.479,911,50,0.039009288,0.24558587,-0.29118136,377.1531,4.5776896,0.1581975804,-0.0833057715,0.330190648,13058.49803,80,158.4973069,11615.57962,5055.089397,0.0,1202.246134,2147.970262,526.441712,691.745135,376.221333,687.9761444,2,3,5,55.652805,0.987467737,0.1993811,34.62386504,34.793655,-0.16979035550781418
145.618,897,50,0.06278653,0.110796124,-0.16559246,479.52728,1.6852665,0.5616163401,-0.05162327638,0.22837899,16006.47951,94,56.2536999,4860.685993,5756.333203,42.39174134,68.06515297,3669.016724,401.6345406,1106.798372,226.6933577,2138.424631,0,0,0,63.02615,0.9872533369,0.1845995,33.37970576,33.470352,-0.09064641285156227
45.745834,902,50,0.07904412,0.12584269,-0.19749029,8.316504,2.6562622,0.623166538,-0.06361337472,0.27653441,273.4238379,89,87.33061453,1503.997533,6542.040635,55.05692898,251.3275046,4117.943881,506.7363689,55.05692898,331.7918712,934.6430038,0,0,1,59.69285,0.9871117264,0.226652,32.87725682,32.976303,-0.099046280585938
180.0,864,40,0.14915605,0.29285526,-0.41142857,20.728569,0.92740995,0.5075833933,-0.08704505601,0.56058462,792.6277521,127,35.46269228,6882.915814,2764.159859,696.629932,798.8424303,5115.075877,3285.135315,4376.188816,781.3535856,7627.926719,0,0,0,4.6907625,0.988156082,0.2006983,38.23842119,38.524906,-0.2864849684472688
252.008,868,40,0.11824669,0.20473538,-0.30829343,96.608246,1.501013,0.5747513626,-0.07979304691,0.42654012,3472.741722,123,53.95637212,9058.840546,5192.119146,151.4069404,169.1022406,2366.465271,506.8781162,1004.367608,629.9285673,3880.985477,0,0,0,23.53146,0.9879384211,0.1909204,35.94663878,35.78898,0.15766020333984443
90.0,903,50,0.006314932,0.27763227,-0.32915533,484.45404,1.427644,0.02266403672,-0.1091787028,0.335470262,15702.32108,88,46.27337709,2917.116549,7576.740927,0.0,1704.242399,2735.662923,113.7367084,884.2802461,128.1639061,999.7007936,1,2,4,57.647125,0.9873952244,0.2132549,32.4124061,32.386105,0.026301516259763957
180.0,916,10,-0.031912614,0.5969506,-0.5693811,85.3199,1.3909631,-0.05336998408,-0.1875558999,0.537468486,2774.901064,75,45.23897691,5854.228515,2221.387847,0.0,746.3711165,3388.174559,581.3336379,691.2144054,364.7632806,2619.544089,0,0,1,49.6029,0.9879996218,0.1655146,32.52349175,32.55778,-0.03428946948242384
59.69039,901,50,0.08796718,0.116317995,-0.19391409,8.471723,2.7545874,0.7498183037,-0.06460704518,0.28188127,273.9808394,90,89.08508552,1930.424679,6399.721714,149.9182812,421.1525482,3855.445964,451.4033949,149.9945681,626.8898731,850.5385765,0,0,3,55.108982,0.9873060157,0.1916811,32.34062768,32.541054,-0.20042609197265904
103.6892,868,50,-0.01923762,0.2896101,-0.33411053,6.5658774,1.9588205,-0.06619735515,-0.1074551397,0.31487291,216.0251336,123,64.44751166,3411.49734,1750.996887,44.43160961,59.37090938,2827.462179,2961.914804,624.1366648,43.7720019,3541.013844,0,0,0,6.0922694,0.9877230329,0.1874467,32.90118296,32.753437,0.14774591776367174
23.743727,853,30,0.09812458,0.35462776,-0.4780461,36.778145,3.5418828,0.2759193489,-0.1091743915,0.57617068,1376.356737,138,132.5486714,888.5668003,1205.837121,847.9395583,762.5399394,4770.748032,3757.445314,4049.833622,308.580381,7170.935008,0,0,0,5.426875,0.9879855287,0.1830932,37.42322342,37.57549,-0.15226562418945377
171.65836,865,40,-0.061778408,0.46588367,-0.48962775,91.87024,3.2773495,-0.1323207728,-0.1262432185,0.427849342,3306.822532,126,117.9665273,6178.755304,3121.855154,284.3843541,10.61139022,2339.289404,318.3003358,1047.856683,656.7272955,3883.805543,0,0,0,17.341734,0.9877629244,0.1564578,35.99449106,36.134407,-0.13991598345702982
207.16658,872,40,0.13931888,0.15688722,-0.31224924,82.18496,2.0840728,0.8823949145,-0.07084819568,0.45156812,3081.525226,119,78.14231347,7767.711298,4814.465363,220.145039,190.6510942,2241.539354,577.7167169,862.8790603,499.0748945,3732.157609,0,0,0,23.53146,0.9873833477,0.2731953,37.49500184,37.416676,0.07832627237304735
225.74603,871,10,0.027737226,0.4723655,-0.45892662,5.776109,1.3288497,0.0585957912,-0.1402236976,0.486663846,194.5421902,120,44.75631105,7603.237249,1142.140333,0.0,160.1287595,2767.094853,2690.345983,674.6107894,304.0514004,3413.428705,0,0,0,6.0922694,0.9885911832,0.1223836,33.68049152,33.795597,-0.11510555641601883
314.2539,932,10,0.013746915,0.45199794,-0.48120698,231.42725,1.9928303,0.03034652873,-0.1757390611,0.494953895,7124.982588,59,61.35354064,9674.978057,3666.554029,0.0,1080.595127,1271.980343,589.1189356,760.1198556,129.9561708,2459.034625,2,0,0,27.173258,0.9890528925,0.1079256,30.78713759,30.968548,-0.1814102310449215
314.2539,927,50,0.07634266,0.17272471,-0.24164678,468.80804,3.3190064,0.439446179,-0.07735121098,0.31798944,15458.7906,64,109.4431421,10362.41877,6364.960086,95.25644522,1510.603993,1751.245222,508.8580641,620.1890581,170.6124321,2427.580225,2,0,4,39.701637,0.9872695494,0.1797138,32.97467039,32.84922,0.12545011412109375
161.11267,859,40,-0.018022938,0.40891913,-0.44908008,5.6795115,1.4700849,-0.0439670576,-0.1326418062,0.431057142,194.0938717,132,50.23926266,5505.92809,0.9722588034,0.0,233.7651864,2607.733612,2385.225425,712.0191905,611.498664,3309.862626,0,0,0,6.0178404,0.9884670641,0.1722423,34.17439541,34.29701,-0.1226131044042944
152.83325,934,10,-0.003277256,0.3470226,-0.36626005,228.79439,1.0423826,-0.009416790749,-0.1284554496,0.362982794,7204.630256,57,32.82414931,4812.648846,2916.012505,0.0,863.0289977,1111.607484,607.9304708,685.4527668,346.2425874,2401.835951,0,0,2,34.97542,0.9881337679,0.1693159,31.4895407,31.355701,0.13383925346679604
14.391503,919,50,0.11373093,0.077874616,-0.13297872,507.45004,1.9143642,1.441920554,-0.04074372331,0.24670965,17070.35308,72,64.39820718,484.1226094,6551.140669,100.4118905,1473.829331,1769.482309,415.1268663,605.7819828,194.4751665,2328.207158,1,0,7,39.293873,0.9872511331,0.192569,33.63947528,33.22396,0.41551440353515545
332.83325,869,60,0.015043996,0.30353117,-0.31364754,1.9666256,2.0840757,0.04940051293,-0.1070631864,0.328691536,62.8221583,122,66.57400043,10632.07106,1885.679812,0.0,568.9461462,1286.500791,1716.667924,557.9265784,576.1337349,3364.224455,0,0,3,14.43295,0.9886037061,0.2244934,31.94413736,32.29357,-0.3494341121679696
332.83325,877,40,0.1524643,0.18965517,-0.30991933,2.018896,1.0423826,0.7996861559,-0.08034491577,0.46238363,72.53112148,114,37.44877349,11957.41083,1956.095736,0.0,486.1657641,1017.675343,1854.139115,289.8228766,422.3844733,3219.026437,0,0,2,14.43295,0.9879160481,0.2017995,35.92613066,36.206337,-0.2802063150976579
270.0,860,20,0.042509288,0.37318733,-0.4664981,5.5981035,0.95188284,0.1136042955,-0.1498850946,0.509007388,184.2703324,131,31.33271247,8887.472293,0.0,0.0,179.1665469,2393.404531,2166.372523,578.242113,829.9891815,3283.358109,0,0,0,6.4751716,0.9886607526,0.1610465,32.91656405,32.81756,0.09900576142577933
21.051674,906,50,0.13730182,0.20417537,-0.23723723,142.11363,3.9689264,0.6691925059,-0.04990753901,0.37453905,5442.458544,85,151.9960991,806.2060129,2609.613677,0.0,262.1469125,2872.563532,1073.308196,497.9058466,736.5121714,2589.29567,0,1,0,36.007874,0.9874781656,0.2153605,38.29652753,37.700005,0.59652295236328
252.00826,898,50,0.07663395,0.19513513,-0.256607,501.88196,1.5010344,0.3907201632,-0.07324238831,0.33324095,17393.38995,93,52.02035286,8733.682991,4638.836929,0.0,1577.946962,3050.916302,487.6835338,1048.09996,353.9998715,664.8743146,0,2,3,53.911213,0.9876987702,0.164035,34.65633623,34.649323,0.007013720234375853
101.026276,919,50,0.07868931,0.094940305,-0.15571557,524.8862,2.4232516,0.8201903256,-0.04698034942,0.23440488,17776.20211,72,82.06771334,3421.434018,6635.375191,66.09327777,1436.769861,1793.056376,324.8076657,607.1612386,257.5044618,2228.839899,0,0,9,39.293873,0.9872253751,0.1760468,33.86677361,33.62137,0.24540520179687775
142.41098,899,10,-0.027923578,0.29558083,-0.35360795,7.9286675,2.3396459,-0.09415166179,-0.121164655,0.325684372,252.7730873,92,74.59002631,4540.190781,4243.966315,0.0,1.003237551,3685.152064,885.60767,231.2265102,633.8783999,1293.465133,0,1,1,51.845783,0.9873094727,0.2389258,31.88090399,31.410896,0.47000768873046894
281.02625,899,10,0.03634401,0.2392411,-0.24965002,362.23962,2.4232569,0.1512814002,-0.08820873611,0.28599403,11360.94799,92,76.00078538,8813.847063,3722.468992,49.15326542,0.0,3352.320603,924.2550692,550.3615805,341.7713709,2189.623141,0,1,0,45.39701,0.9888369438,0.1865026,31.36307396,31.519009,-0.15593467647460812
350.29257,906,50,0.07341541,0.19213846,-0.24129505,418.76993,2.8206112,0.3801180252,-0.06874441432,0.31471046,14523.76673,85,97.82435691,12148.83689,4104.570776,0.0,80.05681052,3517.045554,996.7406696,542.0746534,183.5196446,2082.163115,0,1,0,45.39701,0.9872033541,0.1697909,34.68197138,34.751236,-0.06926458191406226
105.55537,926,50,0.0568939,0.14892289,-0.19908765,429.38895,3.4544096,0.3794877487,-0.0620864131,0.25598155,14330.67532,65,115.2894652,3522.866006,7320.030831,12.44357576,1228.664527,1637.744333,191.4629321,701.7755722,132.6869076,2130.523889,6,0,9,39.293873,0.9882996563,0.1404632,33.37457873,33.13447,0.24010683668945632
277.92368,873,40,0.100251414,0.20344682,-0.28098434,1.989432,3.3601792,0.4903544795,-0.077586386,0.381235754,69.84401352,118,117.9675412,9757.209728,2490.592659,58.45415873,680.5426616,852.9349451,1747.63473,386.2031885,248.5624402,3355.105179,0,0,2,17.262537,0.9876834773,0.2031976,35.10751487,35.03593,0.07158423645508094
27.166897,861,40,-0.1958135,0.6030612,-0.5725726,5.9188757,1.0423841,-0.3241616909,-0.1709530081,0.3767591,201.3534955,130,35.46073492,924.1872868,262.8565968,0.0,230.4448499,2446.778956,2168.23851,398.1287382,850.7973351,3503.759211,0,0,0,6.4751716,0.9885353891,0.1643953,34.0188755,33.884075,0.13480033520507817
27.167002,908,50,0.06757026,0.25921938,-0.3358081,8.13605,2.0840805,0.2596665168,-0.1072082839,0.40337836,268.6172772,83,68.8073487,896.9372247,5361.020309,26.73232268,504.4864186,3026.115757,237.2659401,482.0536679,226.0340444,1388.114809,0,0,5,52.744175,0.9875058535,0.1885883,33.01568663,32.9374,0.07828581212890384
233.84418,902,50,0.011832427,0.15191053,-0.22279383,12.647109,2.3567646,0.07738137459,-0.06863141308,0.234626257,424.4262509,89,79.09102099,7847.612337,3269.076771,0.0,85.77543219,3617.383348,880.1918105,25.49541143,727.0193971,1514.946491,0,1,1,55.33863,0.9872628985,0.336931,33.55915181,33.518593,0.040558975527346774
244.02756,904,50,0.11606314,0.12910877,-0.12681772,12.618225,2.1168916,0.8920470157,-0.0368406177,0.24288086,434.1961354,87,72.84274545,8397.046611,3866.231603,0.0,168.7757629,3690.119719,793.9409766,13.1828444,700.0947111,1559.18345,0,1,2,55.33863,0.987674255,0.2858362,34.41023879,34.43705,-0.026811075722655175
0.0,871,40,0.039570276,0.21770716,-0.27532098,2.016936,0.46373534,0.1809281232,-0.08658776121,0.314891256,67.05586704,120,15.41753199,0.0,2683.320196,28.04366009,779.9343227,829.0395855,1670.708027,479.8595004,248.2512735,3445.86641,0,0,1,17.262537,0.9874111946,0.2306891,33.24640298,33.3171,-0.07069754490234459
194.3917,837,40,0.13813269,0.37427652,-0.52316463,34.625362,1.9143659,0.3680824209,-0.1164365892,0.66129732,1305.556548,154,72.18156841,7329.579884,1981.624043,1061.455682,1302.240952,4018.838249,4498.502651,2387.824017,810.4336663,5571.225391,0,0,0,4.1998615,0.9879932981,0.1832568,37.70521007,37.623756,0.08145366130859344
56.995674,920,50,0.10170316,0.14658386,-0.2176781,458.97256,1.7022473,0.6891211546,-0.06993195543,0.31938126,15108.58406,71,56.03504144,1876.19916,7790.177481,0.0,1292.366239,1804.951433,57.13853107,573.7702423,96.95398519,1928.895802,12,0,12,39.293873,0.9874432504,0.1473494,32.91827306,32.93117,-0.012898357236331037
134.25339,915,50,0.08445869,0.07526882,-0.13154173,542.2565,1.3288634,1.107381627,-0.0422965945,0.21600042,17842.73376,76,43.72571993,4417.554228,7882.883286,0.0,1154.365541,1983.047039,207.7325761,598.981104,173.6022822,1937.578357,14,0,11,52.85525,0.987161645,0.230244,32.90460098,32.92023,-0.015629885478517735
27.167053,895,50,0.0723492,0.12599082,-0.20571811,7.8805847,2.0840816,0.5697199215,-0.06159523595,0.27806731,267.7653978,96,70.81263129,923.0783033,5263.153051,36.88415986,140.7659688,3267.336847,497.7824073,372.6334273,422.6395653,1491.122734,0,0,2,51.845783,0.9871691294,0.3050356,33.97785926,33.973145,0.00471472875000245
348.3994,877,40,0.084954284,0.17431192,-0.26267493,2.3069928,2.365734,0.4845893194,-0.07600176124,0.347629214,79.51428137,114,81.53889293,12008.15534,3899.768752,98.16795001,691.9575125,525.057926,1461.741072,565.7441681,156.3301449,3432.697732,0,0,2,17.262537,0.9872052148,0.2933826,34.46663612,34.57845,-0.11181312926758125
207.16716,921,50,-0.015008338,0.44176865,-0.49917898,254.1513,1.0423865,-0.03389656878,-0.1612297281,0.484170642,8344.938883,70,34.22627244,6802.236655,5546.250294,25.65956466,1958.980842,3216.625364,91.15230332,1096.77027,219.8523268,781.5425915,1,4,1,43.940765,0.9886964114,0.1131369,32.83453157,32.89995,-0.06541655011718461
244.02771,918,10,0.02421984,0.39713237,-0.4179357,443.94205,1.0588129,0.06083363681,-0.1222352716,0.44215554,15233.66467,73,36.3326715,8373.697208,5231.574835,0.0,1777.278536,3187.144919,253.9856908,1158.539686,121.7300165,725.1908151,1,4,6,47.857533,0.9883296853,0.1471863,34.31453423,34.136017,0.17851738429687458
270.0,927,40,0.07341384,0.33021465,-0.42933175,251.43591,0.9518999,0.2216503406,-0.1232536253,0.50274559,8693.651232,64,32.91290309,9335.523445,5036.96631,0.0,799.9236722,1437.743059,305.7291512,384.4059673,153.3947391,1896.229617,2,0,3,44.166218,0.9879887272,0.2169868,34.57601276,34.47512,0.10089221556640382
180.0,860,40,0.120900445,0.34661117,-0.45846748,37.84771,1.3909631,0.3478036825,-0.1177081901,0.579367925,1364.314205,131,50.14070113,6488.544667,1964.325747,493.782638,880.2999477,3828.596659,3933.981519,1773.394006,325.7097384,4999.985897,0,0,0,5.800484,0.9883427089,0.1384832,36.04747037,35.89296,0.1545107752734367
163.65561,895,10,-0.0992214,0.62995857,-0.63189095,69.33874,3.379008,-0.157255016,-0.1641037867,0.53266955,2489.532125,96,121.319611,5875.87687,1236.340256,178.2284726,238.0631906,2563.83888,646.7374142,178.2284726,383.2294082,2158.404041,0,0,0,52.12815,0.9880176472,0.1609838,35.90391353,35.205486,0.6984272323925751
90.0,909,50,0.08876561,0.09774436,-0.15907086,554.01733,1.9032831,0.8989435954,-0.04998254607,0.24783647,18426.65798,82,63.30333877,2993.406755,7029.149619,88.65134588,951.0091656,2155.05269,191.1841048,631.851777,67.35933788,1752.669708,6,0,6,48.574257,0.9872608175,0.1682457,33.26007506,32.883286,0.37678953753906086
236.99591,899,50,0.086196,0.12418979,-0.18632011,7.5474877,1.702258,0.6885226024,-0.05760581711,0.27251611,252.8745261,92,57.03324101,7940.420814,5006.631836,34.38833246,178.9666614,3128.382825,418.3366043,439.6363952,243.8033425,1687.351184,1,0,3,54.452904,0.9875884915,0.2327212,33.50446349,33.12815,0.3763125500585929
115.97218,874,20,0.034993965,0.4147081,-0.49081224,1.8413655,2.1169107,0.08417917524,-0.142373685,0.525806205,63.3995895,117,72.88681654,3993.008778,2549.847597,0.0,674.1399563,1020.444415,1317.865326,575.4346663,430.1197879,3797.979653,0,0,2,16.614378,0.9881436404,0.147733,34.43074691,34.29782,0.13292586507812842
325.61703,863,40,-0.020449553,0.3893235,-0.44657403,9.248149,1.6852858,-0.05239129338,-0.1424764,0.426124477,305.4288204,128,55.65814888,10753.80872,1719.337518,0.0,172.7112643,2119.702512,1763.215352,32.04272636,593.3317006,3716.794315,0,0,0,9.690255,0.9892070467,0.1862877,33.02594069,33.004578,0.021363053281248767
140.60939,897,10,-0.005495547,0.49044943,-0.5679669,67.94384,2.9975398,-0.0111823245,-0.1409179609,0.562471353,2477.652151,94,109.3088194,5127.487019,1701.21741,197.9002532,261.400473,2509.36625,575.191755,197.9002532,305.2851683,2075.784179,0,0,0,52.12815,0.9879641896,0.1900794,36.46617782,35.822147,0.644030450615233
64.02786,931,10,-0.1085044,0.54285717,-0.5502392,399.0597,2.1169145,-0.1995089998,-0.1854385718,0.4417348,12831.5035,60,68.06800042,2058.773938,2859.446648,0.0,913.3219361,1573.539021,344.6060167,164.618437,292.1647474,1679.227753,0,0,1,44.166218,0.9876065629,0.1773673,32.15434559,32.218906,-0.06456081258789226
0.0,896,50,0.07094789,0.11567767,-0.18839154,11.968302,2.7802885,0.608067422,-0.05855826458,0.25933943,400.0302018,95,92.92875212,0.0,6259.00068,140.8962372,581.5560617,2716.61363,79.22446212,435.7953489,155.171211,1781.648847,0,0,2,53.076336,0.9872460979,0.2540857,33.42414002,33.14574,0.2783995109667998
107.9914,862,40,-0.1539267,0.578043,-0.56422997,6.483853,1.5010617,-0.2658294807,-0.180828897,0.41030327,213.6810249,129,49.46879617,3558.950678,442.6921346,0.0,365.6688571,2413.791803,2028.835594,106.255605,894.682578,3935.508536,0,0,0,6.112493,0.9883062303,0.1866585,32.95587128,32.985157,-0.029285732939456466
291.29102,900,40,0.030618371,0.3370135,-0.42638397,66.184555,2.5526428,0.09058327848,-0.1068566602,0.457002341,2405.466937,91,92.77538932,10586.92496,3407.184508,173.398833,393.3059049,2374.058336,595.9480392,166.8941164,166.0451657,2053.763938,0,0,0,52.12815,0.9876261351,0.1841369,36.34483811,35.93507,0.4097680721582009
134.25282,907,50,0.087012745,0.20624848,-0.3429348,146.22163,1.9928693,0.4198474459,-0.09629957364,0.429947545,5100.242117,84,69.51171272,4682.767433,5510.659921,363.9931891,232.2900864,2670.234008,231.2964324,346.2766862,234.7761607,1750.780638,0,0,0,52.28701,0.9874017353,0.2318438,34.88021654,34.857285,0.02293199410156177
225.74718,892,50,0.08981556,0.120157905,-0.20042306,7.2618403,1.9928693,0.7413099459,-0.06176836998,0.29023862,243.6515588,99,66.86538004,7574.340668,5408.292746,117.5835888,435.303405,2640.142914,215.7269985,607.9038876,243.5046133,1970.151649,1,0,2,53.076336,0.9873266033,0.2041137,33.55231577,33.389835,0.16248041233398425
18.888002,869,50,0.024856597,0.17106774,-0.21370776,3.1321754,1.4700909,0.1444582058,-0.06980861242,0.238564357,102.2868085,122,48.00845646,616.8216004,3889.294919,1.960641198,385.9909188,1561.082691,1131.379298,673.2512003,330.080894,3801.294987,0,0,2,16.50334,0.9877821744,0.1983321,32.65679453,32.751335,-0.09454061404296965
180.0,863,80,-0.13550135,0.33652312,-0.1143617,9.333476,0.46373534,-0.4014579801,-0.04763693372,-0.02113965,264.1103972,128,13.12236994,5093.479804,2074.840171,0.0,0.0,2042.32864,1616.290989,263.4703996,594.8912961,3953.126304,0,0,0,9.690255,0.9873355153,0.0242146,28.29711002,28.463629,-0.1665187489208968
337.67838,864,20,0.0671272,0.21875612,-0.25015095,6.245158,2.5049553,0.3054622552,-0.0768648211,0.31727815,209.8170122,127,84.15835705,11344.89612,1562.114905,0.0,197.6997369,2332.336814,1907.886597,229.3434915,853.8566955,4069.627206,0,0,0,6.112493,0.9883494137,0.175821,33.59675003,33.707703,-0.1109526067187474
53.844852,914,50,-0.028103044,0.33719158,-0.39056066,408.266,2.3568025,-0.08309800025,-0.130330918,0.362457616,13193.11274,77,76.16005518,1739.99599,7049.379554,213.0489556,378.3215076,1445.845771,323.592634,344.8250519,289.14677,815.3982949,0,0,0,55.944237,0.9883430348,0.164295,32.31499253,32.397755,-0.0827621391894553
314.25275,871,10,-0.2486078,0.68945104,-0.6534106,2.4026315,0.6645287,-0.3600657912,-0.2558741831,0.4048028,70.89466174,120,19.60830756,9272.683894,3407.032471,0.0,11.94095136,2529.829459,781.0754237,648.6808966,240.6822722,4823.144135,0,3,0,17.007736,0.9889157015,0.1435328,29.5070891,29.604723,-0.09763387668456858
291.29077,850,20,0.110985704,0.48803526,-0.5592214,46.052494,2.5526676,0.2269482654,-0.1347478543,0.670207104,1695.335382,141,93.97162511,10723.31824,499.3623826,127.3762644,379.0529761,4124.035852,3741.521549,1449.519812,310.8396177,4451.78581,0,0,0,5.833882,0.9878672805,0.1952278,36.81310685,36.78889,0.024216011376950064
341.11188,900,50,0.07534843,0.18902269,-0.24919094,591.18915,1.4700918,0.396523331,-0.08098665026,0.32453937,19353.82896,91,48.12656873,11167.01987,6982.164735,62.41733661,284.8172357,3691.08424,26.28354121,473.6066673,283.808606,2135.314432,0,0,0,72.04023,0.9878571046,0.1881594,32.737118,32.696518,0.04060005566406488
161.11188,884,50,0.14243855,0.14646354,-0.18782413,2.5543594,2.9382508,0.965923848,-0.04859973412,0.33026268,91.82936552,107,105.6302832,5791.981237,5209.538321,20.6892566,523.9347025,3370.060013,1192.48545,339.2732811,152.1556393,4454.892099,0,1,3,32.449238,0.9873578519,0.2228644,35.9500568,35.954056,-0.003998986132813798
341.11185,908,50,0.04966443,0.15970516,-0.2457478,138.76195,2.9382513,0.309040668,-0.08290716047,0.29541223,4459.428239,83,94.42733272,10962.39867,6298.273341,47.43195624,143.3716388,1696.881397,332.2117001,491.1904484,252.0087377,954.3137972,0,0,0,55.944237,0.9872435531,0.1674268,32.13725549,32.012684,0.12457162159179802
287.9911,913,50,0.080130294,0.08754814,-0.15108696,500.9606,1.5010861,0.9049348072,-0.04954490618,0.231217254,16328.9461,78,48.92830698,9387.147711,6574.716614,156.753347,720.7641347,4018.496485,15.85693368,432.2628254,315.4733604,2677.650895,0,0,1,68.96887,0.9877037912,0.1495989,32.59527017,32.719524,-0.12425421354492272
31.627344,888,50,0.08019324,0.15562029,-0.2376495,2.9465027,2.7211356,0.5120233145,-0.07170869651,0.31784274,99.78350428,103,92.15143288,1071.062048,5083.32422,102.4458398,422.5031004,5434.110562,1391.210634,186.1324939,591.2071693,3906.728846,0,0,1,49.589386,0.9873441612,0.1893201,33.8650646,33.931133,-0.06606867026367524
53.845158,860,40,0.13626374,0.42348325,-0.50863725,43.27538,2.3568196,0.3210108762,-0.1254807828,0.64490099,1581.046025,131,86.10531575,1967.207983,677.6589786,114.0418652,473.2745586,3989.242816,3429.381097,1083.494342,621.8882575,4027.017667,0,0,0,5.1151896,0.9880479593,0.1937867,36.53453822,36.530876,0.003662060332032979
314.25244,908,50,0.047706004,0.10810093,-0.17059484,471.28647,1.3288864,0.4372648702,-0.05558130754,0.218300844,15410.03581,83,43.45167604,10275.36682,8288.298447,294.2144476,439.3464719,1311.384527,171.008876,193.557585,251.3573168,1215.354938,0,0,0,58.238235,0.9874723795,0.1758013,32.69781077,32.627815,0.06999552341796544
233.84515,900,50,0.088738,0.08442463,-0.13635036,558.8912,2.3568196,1.038787057,-0.04376591074,0.22508836,18405.37434,91,77.61465377,7700.975651,7443.036741,168.4020918,264.5310211,3950.433824,260.2379898,259.1738127,190.2262589,2196.974828,0,0,0,72.04023,0.9872006219,0.1775105,32.93194514,33.165638,-0.23369282997069973
53.845158,909,50,0.07833297,0.12280702,-0.200341,447.68695,2.3568196,0.6327021683,-0.06517403542,0.27867397,14649.0946,82,77.1192309,1761.907094,6254.66302,202.251828,760.1549691,3891.329432,136.1372234,337.0478602,406.4630844,2727.055104,0,0,1,68.96887,0.9878491239,0.16246,32.72173691,32.684586,0.03715133871093457
325.6164,879,30,0.06613303,0.2577002,-0.34763476,2.4553025,1.685299,0.25563579,-0.09689662665,0.41376779,85.88905493,112,58.95352543,11390.40296,4975.148007,0.0,108.6008662,3686.36874,1290.803843,235.0014431,465.8313206,4491.029479,0,0,0,25.755157,0.988264592,0.1898937,34.98104813,35.004997,-0.023949123417970952
350.29218,880,20,0.11626065,0.3016336,-0.4287544,2.1491892,2.8206146,0.3841630605,-0.1261850938,0.54501505,73.55743111,111,96.5374124,11988.98305,4608.525078,183.4875305,659.9121127,3091.533591,1456.946773,486.3865142,373.2877842,4708.7217,0,1,2,29.348812,0.9874091236,0.2485577,34.22566571,34.432125,-0.20645938155273313
18.888317,849,10,0.08591707,0.37279102,-0.4848301,41.707756,2.938254,0.2298532212,-0.1382978431,0.57074717,1445.79441,142,101.8542261,654.7612664,1571.923696,63.20766086,901.6213947,3491.834749,3016.600562,651.106872,870.7189924,3605.746997,0,0,0,5.1474347,0.9873511826,0.2581988,34.66488128,34.757595,-0.09271378225585636
45.74776,905,10,-0.13216737,0.6587739,-0.64649063,66.69247,0.66453487,-0.2003222164,-0.2468995854,0.51432326,1999.244632,86,19.92080622,1371.38366,2691.249562,0.0,45.44025295,1829.733046,372.9099047,514.0614731,316.8830188,1250.356674,0,0,0,44.227898,0.9885445735,0.1414094,29.97706685,30.403448,-0.4263812548583985
322.4096,899,50,0.07681466,0.12349914,-0.19127008,425.76132,2.3396888,0.6169894828,-0.06406312799,0.26808474,13733.00681,92,75.46707679,10399.37877,7237.707566,243.1015308,77.71806095,3918.715214,383.9991564,207.6182067,149.3355147,2021.507958,0,0,0,71.27895,0.9873524724,0.1730153,32.25517718,32.147934,0.1072432200390594
45.74776,883,50,0.036419123,0.13846155,-0.21187308,2.145992,0.66453487,0.2611409596,-0.07386805523,0.248292203,67.79268621,108,20.99290394,1445.18877,5083.089692,174.8261408,127.4057202,5165.67456,1702.440906,251.9085524,356.5857716,3936.828613,0,0,1,46.498672,0.9874516543,0.1628087,31.59037229,32.063957,-0.4735849243554675
0.0,876,40,0.13515323,0.34479168,-0.41907117,2.011535,2.7802885,0.390851596,-0.1153905307,0.5542244,70.69562506,115,97.71355376,0.0,4665.300978,206.5777724,718.2112051,3027.912733,1597.072342,433.6451508,427.9411272,4862.662287,0,1,0,13.102216,0.9880359249,0.1769727,35.14511309,35.01088,0.1342335733984399
45.74776,872,40,0.048318043,0.34747782,-0.44074073,3.1789265,3.3191054,0.138654572,-0.1298214606,0.489058773,108.762846,119,113.5588852,1565.200257,668.9654731,248.6598138,225.4427501,2613.22432,1209.781682,845.0907671,845.9184565,5082.535624,0,0,0,11.751076,0.9885299505,0.1631692,34.21370264,34.133915,0.07978769249023543
341.11157,850,30,0.13560064,0.14148034,-0.26268658,43.56241,1.4700947,0.9517147418,-0.06324041675,0.39828722,1604.114346,141,54.13382771,12560.87445,2644.660042,422.1020303,211.8450721,4136.099235,3720.755291,1355.228317,430.0714109,3989.590235,0,0,0,5.2748246,0.9876578462,0.1890091,36.82336091,37.03382,-0.21046019595703314
11.601105,848,60,0.060376115,0.21839572,-0.2854886,51.313286,2.3657384,0.2751927658,-0.07505762015,0.345864715,1834.367546,143,84.57134753,414.720868,1486.852007,0.0,792.7769429,3556.11152,3191.907682,839.9129267,661.6410119,3537.652453,0,0,0,5.422621,0.9874798808,0.2789661,35.74839362,35.647255,0.1011386761523454
194.3923,906,10,-0.09780066,0.5970048,-0.6096055,80.57647,1.9143711,-0.1635449414,-0.2171101471,0.51180484,2516.109309,85,59.77882805,6070.162611,3681.593139,0.0,8.081255759,2048.204267,591.2791623,397.760873,447.6873044,1263.818732,0,0,0,39.82398,0.9887410112,0.1388876,31.22635316,30.856457,0.36989640340820173
45.74789,875,30,0.12604149,0.2269786,-0.35514018,1.7368779,3.9809785,0.5528654444,-0.09350732926,0.48118167,62.05794308,116,142.2387476,1634.553559,2507.258756,6.157136829,472.6191543,2743.964417,1499.652961,741.0593693,700.501269,5057.47725,0,0,0,13.102216,0.9882692136,0.1846185,35.72959451,35.743813,-0.014218051035157941
0.0,916,50,0.07875895,0.19504644,-0.2541516,359.0468,1.8543341,0.4017361907,-0.07618654168,0.33291055,12193.50549,75,62.97461232,0.0,5907.995685,0.0,688.5871393,2506.336023,99.52937926,919.7598652,79.05655575,695.4839978,1,0,2,57.01128,0.9874940789,0.1778795,33.96076916,33.993317,-0.032547490390626876
341.1115,890,50,0.029634735,0.23671497,-0.2970981,2.5854318,1.4700949,0.1246649927,-0.096870472,0.326732835,84.50703005,101,48.05129801,11149.51854,5125.469959,81.84795833,837.6160579,4960.725162,1670.994059,279.4488337,488.1269981,4476.735157,0,0,3,34.101665,0.9875455778,0.2213517,32.6858477,32.722004,-0.03615623676758162
64.02867,893,10,0.049501076,0.27909425,-0.3408777,2.297428,1.0588493,0.1767300685,-0.1092471896,0.390378776,75.71374144,98,34.89530124,2110.120607,5099.363703,65.35627735,999.3864801,4779.451018,1647.13806,171.8755372,680.5251503,4499.459635,0,0,2,34.101665,0.9873990888,0.2033829,32.95587128,33.062603,-0.10673171682617522
34.383976,875,50,0.048013557,0.23106891,-0.2917731,1.7332369,1.6853062,0.2068935343,-0.0928414638,0.339786657,57.31286992,116,55.72794753,1136.973453,3259.778812,158.0687954,664.9596199,2825.458436,1649.247429,623.9487426,647.8689344,5082.502527,0,0,0,13.102216,0.987410984,0.1981448,33.06695693,33.015766,0.05119078620117534
352.6885,870,50,0.028082056,0.23544304,-0.29649308,1.751335,3.7350771,0.1187687995,-0.09237916904,0.324575136,58.47401223,121,124.707691,11775.6521,2772.321661,92.29670347,567.6548296,2750.420413,1601.355343,702.6095763,703.9844952,5115.442386,0,0,0,13.102216,0.9883574862,0.1793015,33.38825081,33.050713,0.33753822455078364
37.590572,872,20,0.09017921,0.20715237,-0.30737537,1.6891869,2.3396945,0.4332365276,-0.09802269146,0.39755458,55.79853372,119,77.28660603,1241.720972,1770.480273,95.26031752,470.4329357,2676.830679,1504.129233,785.5082651,768.4198774,5150.018224,0,0,0,13.102216,0.9885106169,0.1674147,33.03277673,32.93787,0.0949067043652363
0.0,868,50,-0.40552995,0.8368883,-0.7399572,2.2637892,0.92740995,-0.4839904675,-0.2950587637,0.33442725,66.01245544,123,27.04342259,0.0,1834.876035,10.30964457,11.12113561,2213.611943,825.391096,510.3982515,629.2438744,5435.048736,0,1,1,12.823848,0.9894050213,0.1934282,29.16016007,28.450628,0.7095317893603514
0.0,838,40,-0.10728424,0.615829,-0.59010804,43.06686,0.46373534,-0.1739286577,-0.1558311228,0.4828238,1537.142207,153,16.55164003,0.0,951.4293944,214.6824647,645.2806945,3721.239075,3457.677509,1115.831702,484.9584246,3558.807382,0,0,0,5.280839,0.9879391431,0.1837363,35.69199629,35.643658,0.04833860567382686
152.83174,904,50,0.0062421975,0.34877154,-0.40346754,141.5148,2.0841038,0.01784649917,-0.1308135135,0.4097097375,4638.107411,87,68.30591062,5009.016908,5095.51163,0.0,163.3381021,1922.806871,541.7863087,429.6422701,96.79848261,1276.005106,0,1,1,44.227898,0.9878145155,0.1859303,32.77471622,32.61747,0.1572464324023457
325.6159,911,50,-0.011455947,0.29909042,-0.46751285,101.317955,1.6853087,-0.03817498406,-0.1590247926,0.456056903,3242.401887,80,53.93365973,10420.43938,2841.320504,0.0,569.1446549,2380.654344,315.1825126,701.6417885,230.0097269,543.5830211,0,0,1,29.54995,0.9881862959,0.1575577,32.0022437,31.74524,0.25700444218750107
303.00296,889,50,0.0046332045,0.27434504,-0.34691745,2.1969225,1.702309,0.0168269038,-0.1123808687,0.3515506545,72.033548,102,55.8159685,9934.978709,4469.870162,6.284881109,860.6439739,4834.187565,1754.98088,300.963868,576.5360856,4585.835995,0,0,2,34.101665,0.9880684397,0.1816435,32.7883883,32.632988,0.1554003239257824
307.93207,873,10,0.051706154,0.17895517,-0.2606973,1.913659,3.014787,0.2873279717,-0.07583376006,0.312403454,65.81348807,118,103.6828653,10590.22721,2125.942039,20.80217164,641.3716319,3001.3925,1541.069287,515.164135,642.3722273,5089.457433,0,0,1,16.943043,0.9883259424,0.1640388,34.39143968,34.54508,-0.1536385975878929
145.61578,906,50,0.008945288,0.27858293,-0.35264054,387.9822,1.6853111,0.03199511501,-0.1072760955,0.361585828,13092.62768,85,56.87155433,4913.867679,5994.92437,6.306058772,84.31406872,1602.521982,666.9843866,375.7513326,316.1011897,748.9670895,1,3,3,54.62203,0.9873450168,0.1489791,33.7454339,33.189808,0.5556260081542987
325.61578,902,40,0.04713376,0.3678161,-0.491313,71.890724,1.6853111,0.1277974579,-0.1287552707,0.53844676,2572.926586,89,60.3162897,11653.59661,2491.216099,0.0,395.7358414,2269.170989,532.8697244,484.2137903,415.4100236,450.6482391,0,0,1,29.54995,0.9877965131,0.2129207,35.78940986,35.326347,0.4630625089257805
252.00935,901,50,0.10792818,0.08488715,-0.1411613,418.80524,1.5011226,1.256627796,-0.04307173519,0.24908948,14114.15524,90,50.5893322,8492.967014,6039.697654,134.6463331,286.2599311,4100.137959,739.3428594,132.880875,156.2452028,2177.801706,0,0,2,69.33377,0.9874313103,0.2856103,33.70099964,33.2755,0.425498388779296
314.2518,899,50,0.048433047,0.15356004,-0.22898386,284.54712,0.66454023,0.3133607302,-0.07078838115,0.277416907,9534.084887,92,22.26619958,10529.37502,5527.858168,44.77868061,326.6734807,3718.508294,690.6153491,127.1950859,258.9030331,2561.037092,0,0,2,69.33377,0.9873689906,0.1657977,33.5061725,33.407413,0.09875901733398251
295.97113,891,40,0.019499632,0.3219246,-0.41079935,2.261967,1.0588571,0.06038447365,-0.1297743974,0.430298982,75.04763744,100,35.13080595,9819.742754,4429.887037,61.48488103,856.0980581,4708.369405,1845.667808,362.154229,682.1377884,4696.533046,0,0,3,34.101665,0.9877119632,0.2176393,33.17804258,33.134415,0.04362790714844067
90.0,882,50,0.09756097,0.18675634,-0.27906328,3.6017532,2.3787239,0.5196147837,-0.07858014111,0.37662425,125.494512,109,82.88096894,3135.835649,4193.947416,264.432998,260.7031442,3454.835566,1561.20983,659.2885712,152.9107322,5060.922421,0,0,0,19.265066,0.9876052466,0.1923903,34.84261832,34.994846,-0.15222802399414093
90.0,878,40,0.078738704,0.20559846,-0.3088813,2.4828186,2.3787239,0.3811195108,-0.08801046847,0.387620004,86.10480047,113,82.49476896,3121.223613,3634.241967,179.7913202,302.0852579,3368.438037,1528.629344,613.0021669,209.2662809,5077.173841,0,0,0,19.265066,0.9873906557,0.2278799,34.68026237,34.52609,0.15417365540039185
341.11133,835,10,0.13506408,0.29495695,-0.43550587,43.61542,1.4700967,0.4563639408,-0.1167084257,0.57056995,1548.447559,156,52.19180846,12110.23547,1191.094839,827.7011389,424.6077762,4284.297826,4067.321323,1709.389359,578.1564144,3932.715514,0,0,0,4.86587,0.9884489753,0.1587674,35.50229618,35.369877,0.13241931842773624
252.00946,864,40,0.08227208,0.48608837,-0.5379404,66.83571,1.5011318,0.1689058599,-0.1388705179,0.62021248,2404.68936,127,54.00938611,9067.076075,2639.802434,414.3406379,584.7942099,1459.368893,1661.155476,1585.962073,773.8611676,1968.591043,0,0,0,10.740673,0.9878356138,0.2523578,35.97910997,35.828537,0.15057298269531572
325.6156,868,10,-0.033219762,0.5291522,-0.54129606,64.44588,1.6853147,-0.06266080194,-0.1579906939,0.508076298,2213.302712,123,57.8797527,11182.80782,3506.208411,2.830999258,78.28194639,822.4258021,957.9267551,626.8076602,367.0061495,1175.624286,0,1,0,55.01637,0.9884914623,0.146464,34.3435874,33.975002,0.3685851111816376
236.99731,914,50,0.05296514,0.1274589,-0.17825964,242.97523,1.7023224,0.4123119535,-0.04670908776,0.23122478,8696.355339,77,60.92802337,8482.398894,4069.36113,0.0,1120.797982,2145.204595,398.4756983,605.7318684,441.0439888,473.8027224,0,2,1,58.223724,0.9871218218,0.1901639,35.79111887,35.29476,0.4963572122851545
8.342328,899,40,0.018991487,0.44269663,-0.5070422,90.75598,3.2773552,0.0428028651,-0.1236579193,0.526033687,3328.13605,92,120.1847414,305.9236709,2563.920211,0.0,179.3261033,2312.666925,728.3034772,303.8540385,326.9277032,315.3502942,1,0,5,33.94942,0.9879596525,0.1760338,36.67125902,36.533592,0.13766679587890707
90.0,874,40,0.18157181,0.18518518,-0.36304656,22.602577,1.4277754,0.9752216046,-0.08115858744,0.54461837,851.1533291,117,53.76624908,3389.162201,359.3594357,1543.025026,1275.02814,5730.120524,3119.93151,1770.204466,1254.895519,7415.277536,0,0,0,2.7787945,0.9880075797,0.1907737,37.65735779,37.879467,-0.22210922049804793
270.0,927,50,0.045360826,0.29419985,-0.35034633,414.1729,2.378756,0.1536614128,-0.09166488749,0.395707156,14831.49758,64,85.18305725,9668.677855,4357.79628,0.0,1408.381809,1802.243196,371.6794327,759.762057,652.807322,666.6646873,1,2,0,48.595547,0.9882761185,0.1426067,35.80991798,35.504402,0.30551581935547034
0.0,912,50,0.1084268,0.1167147,-0.17335352,425.4728,0.0,0.9210982146,-0.05269888686,0.28178032,14362.12707,79,0.0,0.0,7599.28868,0.0,709.9755341,1498.604626,806.0519077,288.4258248,182.1334215,1659.650378,0,1,1,40.719193,0.9877153172,0.2121288,33.75568796,33.482548,0.2731401999902374
207.16878,873,20,0.04155799,0.44104576,-0.54701096,23.517927,1.0424017,0.09401286871,-0.1459153183,0.58856895,836.3471429,118,37.07000551,7367.35926,519.5116872,1213.702281,1033.034738,5517.774723,3045.414402,1450.409541,1223.895199,7655.739719,0,0,0,2.7787945,0.9878707792,0.1916047,35.56211153,35.5754,-0.013289776152340949
256.31213,872,20,0.09090909,0.49668455,-0.549526,31.310694,1.959007,0.1826640791,-0.1490648101,0.64043509,1106.625075,119,69.23788622,9058.931434,613.4829657,909.2879436,966.6226339,5281.720123,2931.512782,1244.840626,921.2681872,7605.55507,0,0,0,3.3019485,0.9882169232,0.1564982,35.34335825,35.361134,-0.017775325439451706
101.02535,867,20,0.13382974,0.42422238,-0.51123595,25.709097,2.4234507,0.314728825,-0.1112776553,0.64506569,975.4741605,124,91.95241424,3833.180857,180.3504148,1391.103106,961.8059074,5735.192137,3252.127106,1469.309898,1078.655684,7444.619077,0,0,0,3.0760052,0.9883434572,0.1572996,37.94276246,37.735542,0.20722016263671605
66.5886,915,50,-0.009766793,0.21866731,-0.26935604,106.74688,4.65832,-0.04446174991,-0.09704128497,0.259589247,3311.97129,76,144.5308949,2066.004472,3804.670915,0.0,1253.485715,1119.496163,901.5580867,134.0381604,221.4970476,1691.708265,0,1,5,31.24021,0.9877552347,0.1777452,31.02639899,31.247297,-0.22089829698730412
52.068756,907,10,-0.00958324,0.35791367,-0.40770665,234.80965,3.0148416,-0.02670068265,-0.1413826138,0.39812341,7438.992739,84,95.51304544,1649.587646,5247.979542,54.92622123,480.2245919,2265.197113,881.2013203,54.57733844,272.6947348,925.758541,0,0,3,56.389214,0.9880124717,0.1484155,31.68094982,31.830137,-0.1491874328076186
281.02527,861,40,0.084497884,0.32253522,-0.4841939,70.245476,2.4234715,0.2611705891,-0.1152704355,0.568691784,2595.798332,130,89.55513771,10384.79584,3135.706482,86.75252036,1185.732049,1679.386837,1598.926042,1302.948373,490.8249035,1497.402527,0,0,0,15.484904,0.9883069725,0.2005038,36.95324567,36.75168,0.20156720320312616
170.29169,924,50,0.060998153,0.100758396,-0.18036596,150.45512,2.8206186,0.5994409837,-0.05936226087,0.241364113,4895.382889,67,91.77492949,5540.808616,6660.020146,73.71243361,1149.085027,1062.351289,601.8249347,220.0787742,272.6771233,1901.801863,0,0,3,31.24021,0.9874754021,0.1561599,32.53716383,32.565147,-0.027983569902346517
45.749046,901,50,-0.021134594,0.2120412,-0.2517044,446.0965,1.3289216,-0.0992042572,-0.09568430891,0.230569806,13410.78377,90,39.95072866,1375.331489,6984.464133,4.626422392,84.05708526,2109.914714,969.5005782,218.578554,192.0482715,883.1884178,0,0,12,52.385014,0.988197184,0.1630835,30.06251735,30.889402,-0.8268850395263669
341.11087,904,50,0.09058961,0.267828,-0.33237988,151.17256,1.4701009,0.3369798161,-0.1066877136,0.42296949,4978.406453,87,48.41328219,11233.44446,5553.337474,0.0,320.4522911,2449.018663,1065.030627,273.4199122,167.725103,780.8810261,1,0,3,48.03399,0.9883603124,0.1583513,32.93194514,33.208332,-0.27638692176757473
56.997967,873,40,0.036376607,0.4368519,-0.5426777,28.648146,3.4017036,0.08307970572,-0.140131708,0.579054307,1030.636875,118,122.3786408,2050.541303,177.7020379,1591.439337,824.6243045,6116.393734,3669.844778,1454.067624,667.3415423,7102.317785,0,0,0,3.0397754,0.9885586576,0.1731799,35.97569195,36.19306,-0.21736987861328316
256.3123,861,40,0.16956995,0.1647261,-0.36632332,73.008255,3.9134858,1.023193993,-0.08429207154,0.53589327,2726.090418,130,146.1275323,9570.568494,2943.403627,126.8110342,1284.689676,1699.925091,1579.803368,1222.606959,506.2386369,1412.778935,0,0,0,15.484904,0.9878868491,0.1868607,37.33948193,37.43736,-0.09787692620117383
180.0,923,10,0.048117153,0.3836797,-0.4796748,349.49973,0.92740995,0.1250836813,-0.1381118978,0.527791953,12069.97196,68,32.0280994,6216.299374,3360.213496,32.16323026,1250.196184,1629.41067,935.3633828,1276.346643,221.9271259,937.2448379,0,2,2,58.216606,0.9881507986,0.1932985,34.53499652,34.195576,0.33942080588867185
152.8309,924,50,0.108422734,0.12564841,-0.19522643,173.5332,1.0424045,0.8560923426,-0.0619967288,0.303649164,5743.55311,67,34.50121134,5058.3542,6949.799094,71.81674829,1095.66961,1078.236412,272.015383,364.1995746,202.0648718,1536.22914,0,0,2,36.45911,0.9875057106,0.1902004,33.09771911,33.068398,0.029321588027343637
0.0,901,50,0.029645095,0.1988651,-0.27517146,103.520905,0.46373534,0.1483255206,-0.09235860225,0.304816555,3335.546767,90,14.94201499,0.0,5659.695555,10.53869262,285.738959,2486.488593,1102.684593,266.1018246,70.49676474,914.1659589,1,0,3,48.03399,0.9873224988,0.2169474,32.22099698,32.406746,-0.1857489306445288
343.6544,900,50,-0.014911677,0.503228,-0.5398538,151.21216,3.379029,-0.02957328232,-0.178913842,0.524942123,4903.217322,91,109.5686585,11143.36444,3540.172816,35.4163666,104.2150434,2638.196819,1260.110316,492.2903711,259.1415003,677.0052731,1,0,3,48.03399,0.9889893906,0.1317075,32.42607818,32.54005,-0.11397232659179934
171.65742,897,50,0.031449214,0.29268292,-0.34533647,317.73355,3.277357,0.1070856078,-0.09539202959,0.376785684,11153.2063,94,115.0430565,6025.585332,7576.162113,0.0,384.8725387,1073.214713,888.9469696,459.8224926,170.0027899,224.5058936,0,4,2,72.62711,0.9878498091,0.1821023,35.10238784,34.78441,0.3179792706640612
37.591816,899,50,0.054545455,0.13006811,-0.19931152,380.84137,2.3397336,0.4161611471,-0.05771047746,0.253856975,13122.41575,92,80.61875484,1295.277974,7595.821958,32.15673269,203.4767664,2453.79614,1105.175464,123.8998784,58.62781791,1218.62405,0,0,0,56.389214,0.9876935822,0.134942,34.45638206,34.102337,0.35404517645508093
45.74924,899,50,0.07736665,0.23076923,-0.33102253,131.80356,2.656424,0.3338089789,-0.1225123579,0.40838918,4026.544086,92,81.15265132,1397.620305,3426.917593,0.0,155.8193661,2669.600993,1285.01254,469.2110515,160.4693807,816.0996125,1,0,2,48.03399,0.9872151715,0.2492918,30.5495852,31.461582,-0.9119969838378914
180.0,870,10,0.050349135,0.43595442,-0.5445308,1.8046703,0.46373534,0.1152274304,-0.1533319149,0.594879935,62.87943846,121,16.15775345,6271.671298,1545.412331,96.04828248,1112.800964,4083.120074,1607.47383,807.5927605,962.6304148,5739.493178,0,0,1,11.068543,0.9891197551,0.1408871,34.84261832,34.807594,0.03502402068359345
152.83081,870,10,-0.2535524,0.7271337,-0.6346265,1.7278877,1.0424056,-0.3482223114,-0.2390141581,0.3810741,52.2399517,121,31.5154846,4620.597815,1031.362082,237.3579968,1241.46735,3314.226706,888.8288464,1361.073821,940.1070669,5926.795753,0,0,1,11.054756,0.9885803219,0.2138811,30.23341835,30.376312,-0.14289390585937412
232.0692,883,40,0.1253708,0.3221619,-0.4615184,25.467758,3.0148711,0.387950436,-0.1046355005,0.5868892,955.1312563,108,113.0683597,8703.418124,469.9048795,907.7955759,503.974715,5490.838141,3339.016119,786.493533,1004.470248,7112.435558,0,0,0,3.9490492,0.9876697339,0.2136914,37.50354689,37.435936,0.06761091587890888
0.0,896,50,0.07572056,0.130227,-0.20394528,481.03757,0.46373534,0.5770196682,-0.06227176925,0.27966584,16206.51439,95,15.62358936,0.0,6726.452156,84.18747057,157.9929927,2459.771506,1190.702534,198.0657259,153.4396826,1265.60589,0,0,1,56.1139,0.9874428196,0.2020481,33.69074558,33.65656,0.03418658952148235
152.8307,873,10,0.033504274,0.38408813,-0.49182057,1.7337848,1.0424066,0.08700417227,-0.1329263354,0.525324844,61.36074287,118,36.89203144,5408.863479,1872.562579,56.93917671,900.3208215,4262.721883,1772.226502,588.8657373,982.2710048,5738.421813,0,1,1,9.484779,0.9890053599,0.1552943,35.39121053,35.153923,0.23728749533203342
270.0,873,40,-0.017035505,0.3764275,-0.42716712,1.6965835,0.9519875,-0.04513583403,-0.1344784653,0.410131615,56.37920343,118,31.63551745,8972.37591,1423.562949,16.55434068,995.7421159,4165.965288,1676.895466,675.3347475,924.6270732,5807.838609,0,1,1,9.484779,0.9890964306,0.1685773,33.23102189,33.02403,0.20699311192382908
314.25058,879,40,0.1347807,0.30792952,-0.36568537,27.760931,1.9929495,0.4362830072,-0.08198043716,0.50046607,1044.549324,112,74.98790491,11824.17949,671.5951476,1269.493009,363.0281161,5883.685769,3642.444909,964.317671,787.6127458,7076.234758,0,0,0,3.4710145,0.9875529339,0.2393571,37.62659561,37.743225,-0.11662948765624748
225.74944,922,10,-0.0031532478,0.47831476,-0.5666448,90.901436,1.9929495,-0.006578657832,-0.1669468044,0.5634915522,3109.763998,69,68.17936963,7722.952595,2166.666073,0.0,889.4723121,1698.671304,992.9262771,1025.133455,385.52066,1119.04716,0,0,0,58.01247,0.988892086,0.1473965,34.21028462,34.09004,0.12024632043945616
115.97016,926,50,-0.07913306,0.43836078,-0.4619324,225.6079,1.0588936,-0.1801095218,-0.1603169868,0.38279934,7144.38803,65,33.53227773,3672.459266,2840.169212,7.306629604,1007.302735,1446.560396,1199.406476,1109.199774,192.6115507,1203.165554,0,0,2,58.01247,0.9884107675,0.1382658,31.66727774,31.943424,-0.2761464848535162
180.0,896,50,0.07513629,0.13331397,-0.19035998,470.61783,0.46373534,0.5594078561,-0.0618532682,0.26549627,15408.28001,95,15.1829436,5893.296484,6203.421707,171.6159861,58.57321133,2556.341145,1289.845518,212.9701149,252.6981612,1312.212503,0,0,1,56.1139,0.9873650478,0.2206832,32.74053602,32.89079,-0.15025301198242147
217.592,897,10,-0.06528318,0.49242884,-0.52380955,80.37393,2.3397396,-0.1323051567,-0.1959306548,0.45852637,2440.005919,94,71.03022676,6605.69625,2816.037756,0.0,137.1833251,3271.815176,423.3947029,571.9869141,312.143143,845.4520511,1,0,0,38.59459,0.9889410402,0.1608412,30.35817608,30.431044,-0.0728675448779299
72.01015,849,10,-0.014834206,0.557937,-0.5936965,31.438026,1.5011867,-0.02654003224,-0.1839754734,0.578862294,1052.239636,142,50.24514412,2410.20012,831.6692187,715.1700539,262.9709281,6768.12102,3979.466433,2330.024931,278.7358487,5885.766958,0,0,0,5.406742,0.9893063719,0.1482206,33.47028329,33.500645,-0.030361393837893047
72.01015,859,40,0.053089328,0.370215,-0.42864954,49.913666,1.5011867,0.1430150398,-0.1126657594,0.481738868,1784.503985,132,53.67014413,2574.493319,1888.90307,760.5528661,260.5122181,4262.086218,4095.875985,1822.159274,326.8215873,3391.493296,0,0,0,6.4204917,0.9883024525,0.1823759,35.75181164,35.798466,-0.046654088759765955
320.6068,898,50,0.0035700118,0.26868686,-0.34367478,411.9793,2.9976509,0.01323761862,-0.1100225165,0.3472447918,13584.17755,93,98.84142736,10571.35563,5435.934117,55.0255257,656.2457821,1523.257406,557.7354829,16.11535335,381.2024112,370.3982771,0,1,2,77.22633,0.9877446631,0.1428705,32.97296138,32.80305,0.1699103851269541
0.0,905,50,0.06028532,0.11645708,-0.17288914,405.37122,0.0,0.5132540329,-0.0550189801,0.23317446,13403.69989,86,0.0,0.0,7331.265355,200.6378956,861.6485921,2303.12745,143.2282922,391.9465049,237.9926065,832.4613404,0,0,0,71.322205,0.9873864426,0.1933656,33.06524792,32.84617,0.2190794019335911
225.74956,880,40,-0.018240344,0.49488056,-0.51557094,2.1778135,0.66455626,-0.03678374486,-0.1710660627,0.497330596,70.57700986,111,21.53646018,7315.928991,3424.259437,0.0,89.56727085,2674.743726,1943.072877,974.5785756,525.1453712,4302.147088,0,0,1,21.47948,0.988427085,0.1770222,32.40727907,32.460472,-0.05319303693359245
232.06944,914,50,-0.012374504,0.20377567,-0.26340327,423.8141,3.0148878,-0.06042956177,-0.08043569638,0.251028766,14277.88871,77,101.5686653,7818.195851,7547.985418,13.54382029,747.8962224,2263.800499,560.4191412,873.5966924,200.5144487,920.9671909,0,0,0,75.21202,0.987339417,0.1586971,33.68903657,33.596653,0.09238358538085834
207.16951,880,10,0.023000708,0.40081176,-0.4928359,2.113698,3.1244698,0.05724249584,-0.1671348167,0.515836608,67.7478361,111,100.1448967,6640.156734,4079.511286,5.489444389,188.4843739,2593.823749,1821.35261,1103.267588,500.0241943,4387.16941,0,0,1,19.888168,0.9880747422,0.1670348,32.05180499,32.034336,0.017468899912110203
115.96991,868,10,0.17912856,0.23612799,-0.40225133,32.93539,1.0589032,0.7554087563,-0.1032042303,0.58137989,1187.51893,123,38.17983011,4181.412863,1762.142343,1345.742505,523.5327873,6803.272408,3720.408667,1620.247104,140.2696345,6541.540466,0,0,0,4.0752378,0.9879820848,0.1969855,36.05601542,36.20301,-0.14699513908202988
134.25024,859,40,0.049150705,0.4944618,-0.49829158,43.78485,3.3192239,0.09920180527,-0.1178013642,0.547442285,1621.50927,132,122.9227078,4971.765545,3447.286422,149.9689022,733.7818662,4874.571223,4270.15824,2344.447121,940.0185741,3927.709642,0,1,0,6.734416,0.9879712517,0.180758,37.03356914,37.340298,-0.30672855897461204
252.01025,886,10,-0.004021164,0.43757576,-0.5127551,2.0646834,1.5011958,-0.009168687298,-0.1728058877,0.508733936,66.38854358,105,48.26996855,8103.224671,3648.374844,0.0,292.56472,2518.01157,1702.324856,1133.706641,512.8930633,4474.911521,0,0,1,19.888168,0.9884962089,0.1603505,32.15434559,31.891571,0.26277454507812337
270.0,868,40,0.10805577,0.27660754,-0.3639325,45.87131,0.47603518,0.3892393197,-0.08815345694,0.47198827,1685.843233,123,17.49504619,9922.927272,3390.803274,0.0,1022.656803,5181.279977,4110.443985,2621.20373,1111.420254,4204.214533,0,1,0,6.8961844,0.9878748892,0.1618237,36.75158249,36.822792,-0.07120956322265926
270.0,925,50,0.07168383,0.107877575,-0.16394307,368.29413,4.7495522,0.6583892964,-0.05300393535,0.2356269,12087.10047,66,155.8762684,8861.17063,7262.950641,231.7101076,536.4038313,2112.874296,743.1650466,661.5607962,344.2052207,1140.655516,0,0,0,64.60159,0.9873765249,0.2010454,32.81915048,32.8608,-0.04165121677734618
123.00133,889,50,0.0774026,0.17253521,-0.26255924,2.2552898,1.7023842,0.4460339778,-0.08137146399,0.33996184,75.48133419,102,56.97637205,4116.67915,3405.903456,64.42149247,244.7469866,1530.977923,651.8328325,642.1694407,410.9726593,4593.199127,0,0,1,48.737396,0.9877645711,0.2076748,33.46857428,33.360493,0.10808157370117044
107.989624,883,50,0.12336892,0.12338485,-0.18683083,2.937676,1.501205,0.9918323654,-0.05782955488,0.31019975,98.37505311,108,50.27141237,3616.288861,3897.731083,0.0,52.46655581,2595.80469,616.157615,472.1893932,704.7441963,3624.332381,1,1,2,48.900177,0.9872089189,0.2786064,33.48737339,33.755787,-0.2684135057519512
244.03024,894,50,0.087235995,0.15985997,-0.2522046,2.320251,3.1738384,0.5423101534,-0.0773269982,0.339440595,78.02823416,97,106.7337137,8206.546925,5561.135964,4.759710388,388.645375,1316.694218,347.5974049,560.7206415,413.2352372,4739.219689,0,0,2,51.85112,0.9873271179,0.2637295,33.62922122,33.466255,0.16296603201171678
161.1103,862,40,0.010526316,0.4626793,-0.5111781,6.7993765,1.4701056,0.02270171647,-0.154639885,0.521704416,230.00568,129,49.72994776,5449.953257,597.6857725,0.0,215.0377036,2028.672652,1674.659044,778.6226686,607.1901041,6485.168401,0,0,0,9.452659,0.9880211635,0.1676584,33.82746638,33.81796,0.009507548212887684
0.0,866,40,0.09023941,0.18778552,-0.27123004,45.29294,1.8543341,0.4779996368,-0.06576553011,0.36146945,1664.045378,125,68.12752911,0.0,4836.705151,11.24665411,1046.449987,5226.895092,3915.109192,2607.780756,961.4066028,4185.557948,0,1,0,6.8961844,0.987522005,0.1809149,36.73961942,36.364315,0.37530438704101243
72.01045,859,40,0.19838299,0.2756731,-0.40598738,48.06597,1.501211,0.7170302787,-0.07803982162,0.60437037,1883.064533,132,58.81244446,2821.129469,3191.923148,373.3472727,572.7348212,4756.191189,4037.088606,2120.655826,893.4489028,3699.534625,0,0,0,7.5285697,0.9878018226,0.2020246,39.17666768,39.289207,-0.11253977849609242
283.6873,850,50,0.061137073,0.1513849,-0.2260361,131.42169,1.9590901,0.4012016479,-0.06466798458,0.287173173,4550.326858,141,67.83127122,9822.350789,3547.431245,52.88623949,608.5228928,1616.976695,1050.003235,742.0241455,237.6169126,304.8205314,0,2,0,31.948412,0.9874426934,0.2064502,34.62386504,34.8064,-0.1825352590722673
54.68335,919,50,0.1009772,0.0963983,-0.15642458,94.52662,6.390933,1.036744995,-0.04567293342,0.25740178,3245.898595,72,219.4547995,1877.742047,6471.738924,169.8528528,257.6402096,1770.609405,825.8976868,436.3043056,594.9059204,1441.235085,0,0,0,64.60159,0.9874469804,0.1620523,34.33846037,34.248726,0.0897344788867187
341.11023,880,40,0.04197229,0.3964954,-0.4616102,1.6021204,1.4701064,0.1055918886,-0.1510147986,0.50358249,52.28178416,111,47.97378867,11131.40524,2083.456045,0.1251478123,743.1233139,1995.794666,300.5521694,1468.847994,561.9139245,7040.503945,0,2,1,13.415101,0.9883094909,0.1540856,32.63286839,32.70979,-0.07692088612304815
180.0,853,10,0.054296874,0.36973125,-0.42874005,64.582016,0.92740995,0.146458854,-0.1199262153,0.483036924,2256.056213,138,32.39739342,6287.975253,4370.144526,473.1750415,270.7805092,4044.518294,3776.351917,1339.624722,517.6979004,2914.515822,0,0,0,8.7661495,0.9887459578,0.147638,34.93319585,34.738777,0.1944186893554658
287.9895,850,10,0.04889741,0.42733812,-0.48681056,93.34484,1.5012141,0.1141561017,-0.1366498854,0.53570797,3256.366814,141,52.37036965,10046.61265,4469.378812,0.0,742.8608314,1755.103144,1184.305466,826.305833,233.6583721,264.0041128,1,2,0,31.948412,0.9889330988,0.1767384,34.88534357,34.99822,-0.11287496637694971
115.969604,906,50,0.04347826,0.21807261,-0.2948362,440.31192,1.0589148,0.198465066,-0.09154085947,0.33831446,14724.57224,85,35.4114135,3878.166214,8670.430264,38.34643729,752.1637626,2361.598422,193.110533,262.9058553,175.2868613,1350.552921,0,0,0,71.34409,0.9877658186,0.1932154,33.44123012,33.0646,0.3766282218066408
256.31274,893,50,0.10290909,0.14931284,-0.25006333,4.955543,1.9590943,0.68463273,-0.06881926395,0.35297242,174.1969954,98,68.86598317,9009.892398,4849.187806,0.0,529.5067299,974.2602185,12.11577234,425.1327248,92.28453557,4996.844134,0,0,3,51.85112,0.9881637524,0.180628,35.15194913,35.00017,0.1517774686230453
270.0,863,40,0.105874196,0.25976562,-0.35825217,50.82319,2.8539526,0.4060128632,-0.09181452601,0.464126366,1833.176581,128,102.9411784,9738.815625,3490.995659,160.7164621,1282.809459,5466.894418,3685.716415,2803.220956,682.9357073,4371.201592,0,1,0,6.8961844,0.9877680144,0.2141922,36.0696875,36.128048,-0.05836044311523381
207.17003,859,10,0.10036184,0.35513481,-0.47394696,76.26155,3.1244843,0.2818085657,-0.1064512536,0.5743088,2867.898521,132,117.4996299,7790.854273,4188.519353,421.1902669,312.236971,4261.86911,3987.423132,1536.65413,591.4862053,3104.427597,0,0,0,8.7661495,0.9879177196,0.1836899,37.60608749,37.70238,-0.09629364403320295
27.170033,847,40,0.1039827,0.2781491,-0.37996113,77.01981,2.0841372,0.3724987829,-0.1017162349,0.48394383,2735.433127,144,74.02015064,964.9700297,4601.434187,362.5538425,505.1559219,3809.160876,3512.40303,1049.916415,321.4351638,2617.312585,0,0,0,9.098626,0.9877097586,0.2147613,35.51596826,35.469124,0.04684441966796982
244.0305,903,50,0.115207374,0.08737864,-0.16768028,427.6685,1.0589186,1.303565816,-0.04657817801,0.282887654,14980.02641,88,37.09094448,8547.703031,7806.076472,155.9394131,857.9582183,2196.486924,63.85247805,164.3015939,77.90777116,1278.094178,1,0,0,71.34409,0.9871532888,0.1922853,35.0271914,34.377796,0.6493952269042964
295.9695,908,50,0.07431246,0.20243223,-0.26898396,63.993412,2.1171143,0.3652934444,-0.07761867654,0.34329642,2208.043684,83,73.04940793,10212.20099,3949.518971,55.21940383,144.3000707,2005.751217,646.3021404,270.6489053,680.0935103,1521.248453,1,0,0,64.60159,0.9876108668,0.1922857,34.50423434,34.351524,0.1527099869726527
0.0,884,20,0.02856069,0.54976016,-0.5888138,2.4071264,0.0,0.05185685544,-0.1847032551,0.61737449,80.12291179,107,0.0,0.0,1256.342261,222.5784317,236.8273474,2567.612442,748.4072794,493.8981757,609.6552708,3737.960453,1,0,0,48.900177,0.988209152,0.1396111,33.28571021,33.62563,-0.3399192150488304
161.1101,894,50,0.024936602,0.2132527,-0.28990775,6.97849,1.4701074,0.116388741,-0.08569964028,0.314844352,238.4021925,97,50.22244459,5503.912891,5294.459616,0.0,545.5223365,949.429126,111.5428909,461.2009633,7.201363276,5093.413869,0,0,3,51.85112,0.9874727612,0.1519263,34.16243234,33.94117,0.22126260123047103
52.07007,864,40,0.0797546,0.38558987,-0.44032922,13.271231,3.01493,0.2063028708,-0.1257901567,0.52008382,459.7734791,127,104.45036,1803.934936,736.6737749,0.0,72.18907137,1836.18654,1475.080085,703.8052462,356.7492432,6760.729955,1,0,1,9.452659,0.9881748387,0.1808129,34.64437316,34.8135,-0.16912629068359308
180.0,862,20,0.0890704,0.2914254,-0.38991097,12.425457,0.46373534,0.304591872,-0.09760619571,0.47898137,451.7711049,129,16.86072608,6544.531834,650.2549059,0.0,299.2990458,2118.952285,1319.966065,901.5581238,567.3778466,6816.959135,0,0,0,9.452659,0.9881045355,0.1447802,36.35851019,36.163303,0.19520681475585633
225.7504,852,40,0.18145308,0.10843771,-0.33904043,67.227325,1.3289537,1.658048949,-0.08140715899,0.52049351,2477.604111,139,48.97742324,8319.833029,4833.416604,0.0,468.8029195,1598.39031,906.715877,455.6336323,175.1476651,211.3243513,1,2,0,42.06535,0.9872442372,0.2677929,36.85412309,36.900463,-0.046340014248045236
337.67612,887,50,0.1325548,0.102030195,-0.18732473,153.23573,2.5049958,1.286562643,-0.05771839467,0.31987953,5141.937363,104,84.05697221,11330.96999,7429.442519,298.4551973,185.4194716,1592.345633,727.6828175,567.3615635,42.68551706,1065.96332,0,0,0,66.22479,0.9873565795,0.1816533,33.55573379,33.48923,0.06650268038085727
270.0,885,20,0.036044195,0.42642725,-0.52449155,2.3054345,2.3789055,0.08432825703,-0.1629552346,0.560535745,77.07292558,106,79.52913282,9026.363536,2140.217637,88.07509641,158.2755875,2464.098691,886.3891744,608.5193038,475.892322,3868.249862,0,0,4,31.971336,0.9880339395,0.1890946,33.43097606,33.511635,-0.08065876666015726
161.11003,899,50,0.108324766,0.094349146,-0.18040816,3.228818,1.4701082,1.13608533,-0.05285367338,0.288732926,110.7181326,92,50.41090414,5524.560898,5611.6118,93.27739927,756.6365563,1225.989043,361.1742792,550.1082251,312.0059175,5130.138207,0,0,2,54.9888,0.9873039336,0.2035836,34.29060809,34.27,0.020607632236327333
115.96935,853,30,0.15015176,0.31491712,-0.4561028,30.013674,2.1171257,0.4752884554,-0.1122633837,0.60625456,1097.356419,138,77.40610083,4240.057734,376.4847319,1434.109512,342.3398142,7297.76016,3031.176102,1725.728471,535.5974926,6320.511731,0,0,0,4.2361364,0.9887625137,0.1714631,36.56188238,36.619377,-0.057494756230468624
90.0,859,40,0.051936995,0.42573625,-0.5067659,59.482517,0.95202386,0.1217074833,-0.1209119365,0.558702895,2196.547221,132,35.15596631,3323.484947,3559.829854,242.0500941,515.7025324,4425.417746,3852.918852,1653.995728,606.5709726,3202.126507,0,1,0,11.312623,0.9883998882,0.12991,36.92761052,36.983765,-0.05615412843749823
287.98932,868,50,0.11836882,0.085295424,-0.15727143,13.41683,1.5012294,1.371669719,-0.04560985065,0.27564025,461.9973371,123,51.69358076,9916.671743,2785.865323,2.619575248,113.7391718,1596.861502,1459.712842,604.3139721,105.5718946,6926.965013,1,0,1,17.491198,0.9878350473,0.1812338,34.43416493,34.390587,0.0435780769726577
207.1702,863,40,-0.0616536,0.47402278,-0.5087364,7.5420256,2.08414,-0.1297908281,-0.1525925767,0.4470828,256.0685434,128,70.76118836,7033.889059,1695.144776,0.0,142.7861,2541.374917,985.282617,378.3628581,950.9329625,7128.322939,0,0,1,9.698672,0.9877743358,0.1871361,33.95222411,34.05063,-0.09840455210937193
287.98926,860,40,0.054666903,0.28876108,-0.38787097,70.96951,1.5012355,0.1886619935,-0.1072233084,0.442537873,2490.471539,131,52.681557,10106.15764,4142.130527,0.0,510.4080933,1531.859933,861.727517,373.5093777,431.8348829,454.2798805,1,0,0,36.68909,0.9884430082,0.1377501,35.09213378,35.095547,-0.0034129424121118745
219.39421,902,20,-0.11269906,0.5963679,-0.5856852,92.72994,2.9976943,-0.1886593839,-0.2028535274,0.47298614,2939.674293,89,95.03127977,6955.116321,3628.072431,29.54068748,30.96500788,1682.48455,339.5187331,94.99066163,629.7397738,1894.916169,2,0,2,53.467785,0.9893042029,0.1634723,31.70145794,31.363058,0.33839984979004
90.0,902,50,0.046314415,0.26543567,-0.32788375,2.8148913,0.47604695,0.173829634,-0.09670620275,0.374198165,96.25493645,89,16.27837953,3077.541318,4567.024757,18.05905715,933.6205764,1324.496384,566.2059587,428.7771876,483.4070699,5310.162601,0,0,3,49.547222,0.9882606313,0.1749424,34.19490353,34.18462,0.01028362643554459
67.34009,894,50,0.066593885,0.3585805,-0.4422266,1.9880515,3.606388,0.185198822,-0.1318174379,0.508820485,67.67884286,97,122.7715513,2292.445326,3478.657003,0.0,555.1437814,1713.461528,881.665934,683.87425,321.7687503,5264.511481,0,0,4,49.547222,0.9873878151,0.180515,34.04280164,34.23631,-0.19350741151367146
152.82971,880,10,0.052799273,0.390578,-0.44614315,1.6018993,1.0424159,0.1348371793,-0.128252816,0.498942423,55.35717636,111,36.02298897,5281.368941,1923.425772,89.14920935,209.2525581,1909.341197,744.8376962,1170.535563,697.6178467,7571.878524,0,1,0,10.989433,0.9875261154,0.1763589,34.55721365,34.59068,-0.03346551870117054
314.24927,855,10,-0.02831427,0.43222773,-0.5074217,85.54034,1.3289614,-0.06535655047,-0.1518942726,0.47910743,2906.770012,136,45.15980583,10678.59158,3632.3186,51.20746443,580.9833894,1516.784689,872.3314625,404.4557025,550.9846859,587.6998599,1,0,0,36.68909,0.9888492653,0.1887393,33.98127728,33.927097,0.05417995944335985
27.1704,895,50,0.040950563,0.16285053,-0.24689655,105.597374,2.0841439,0.2499263384,-0.08725325391,0.287847113,3311.497317,96,65.35803563,852.0543958,4607.417463,245.4856974,68.98325586,2571.606945,555.3946003,204.9903686,244.5813249,2318.821779,0,0,0,57.623684,0.9873450635,0.2034755,31.35965594,31.642868,-0.2832121019921878
27.1704,894,50,0.068873905,0.2544053,-0.32827988,140.7687,1.0424168,0.2696651362,-0.107396067,0.397153785,4593.686461,97,34.01705024,886.6480873,4795.199592,4.926889362,141.3635159,2834.436256,569.2952074,393.2670141,391.6497842,2551.186088,0,0,1,53.720024,0.9878561595,0.167205,32.63286839,32.81027,-0.17740001209961065
90.0,898,50,0.08426635,0.2552504,-0.37928995,2.2402265,0.4760491,0.3288437794,-0.1091013466,0.4635563,77.39684294,93,16.44686259,3109.380174,4725.466575,41.63468115,693.4051525,2819.802171,2110.38549,511.4327625,630.3058984,5413.005604,0,0,1,36.433956,0.9884023485,0.195474,34.5486686,34.801952,-0.2532837620605477
90.0,878,40,0.014303744,0.4971246,-0.5656532,1.6852192,0.95203245,0.02871519295,-0.1840954911,0.579956944,55.13177907,113,31.14564723,2944.341078,1975.31247,0.0,409.1163802,3208.198633,2969.449761,834.0047625,900.1750241,5617.050096,0,0,1,22.638824,0.9887988936,0.1409725,32.71490087,32.851143,-0.13624201330078023
225.75072,864,10,-0.07128099,0.52238804,-0.53591704,7.3503494,1.3289614,-0.1361914766,-0.1630869381,0.46463605,248.0030444,127,44.83956545,7616.898569,2118.891844,0.0,41.67356007,2409.086619,806.9475282,417.8118913,874.0121357,7294.709076,0,0,1,9.698672,0.9885834051,0.1231498,33.74030687,33.7358,0.00450517322265398
211.63028,871,50,-0.0039615165,0.36988416,-0.4079365,8.578461,2.7212212,-0.01068127714,-0.1216682326,0.4039749835,291.9615428,120,92.61474056,7202.679252,3168.510879,0.0,139.4481473,2794.522353,802.1620207,27.91379873,988.5596581,7402.787594,0,0,1,12.432289,0.987709562,0.2000919,34.03425659,33.892097,0.142159116855467
314.2492,905,50,0.040581465,0.24724409,-0.30316743,89.51056,0.66457087,0.1634740428,-0.1093080264,0.343748895,2775.966553,86,20.6101549,9745.724621,5495.097032,8.134990832,161.8759444,1720.455674,123.171278,173.452315,415.3535926,2009.086249,1,0,2,53.467785,0.9873430099,0.15221,31.01272691,31.196672,-0.18394552957519394
0.0,897,50,0.046546545,0.2799194,-0.36706135,2.8032498,0.46373534,0.165693594,-0.1149613044,0.413607895,93.37523144,94,15.44685554,0.0,4771.425308,193.3719644,292.0403278,3296.373528,653.2337039,506.9254417,661.8251804,3101.331725,0,0,2,55.161804,0.9876863375,0.1930197,33.30963635,33.21248,0.09715771230468562
115.96909,891,10,0.03626306,0.33750355,-0.4143115,2.171467,2.117145,0.1071275619,-0.1318182739,0.45057456,71.80751682,100,70.01116075,3834.943097,3299.700187,3.653403527,879.453566,2912.128962,2324.130093,650.0245661,742.5546353,5544.456454,0,2,2,36.433956,0.9879485663,0.1760683,33.06866594,33.051815,0.016850907041018104
115.96909,866,10,0.011047619,0.42129755,-0.48385254,8.963624,2.117145,0.02616074614,-0.142213271,0.494900159,306.9545067,125,72.50049747,3971.299423,1018.180013,0.0,31.05355209,1144.564111,1622.23662,656.878516,442.8556789,7180.914237,0,0,1,19.425943,0.9879205515,0.1300071,34.24446482,34.064445,0.18001932439452872
198.89021,875,50,0.04846887,0.18514776,-0.23799472,10.163348,1.4701102,0.2603784757,-0.06655458206,0.28646359,355.0729647,116,51.3606724,6948.550469,3673.133298,0.0,222.0647355,3170.229374,891.4037337,212.7947721,1011.492108,7622.853647,0,0,2,13.528149,0.9877538111,0.1695811,34.93661387,34.91912,0.01749308142578343
161.10971,867,50,0.041049797,0.23430057,-0.24481328,84.39572,2.9382887,0.1744568532,-0.07098899276,0.285863077,2906.240375,124,101.1825393,5547.953664,3329.153357,0.0,940.975886,2265.564797,1580.72396,1097.553069,564.1362054,572.5951392,1,1,1,33.34304,0.9873786943,0.21843,34.43587394,34.709274,-0.27340035199218704
239.69476,898,40,-0.038495034,0.5097493,-0.55219996,79.35974,2.7549467,-0.07536972444,-0.1666021392,0.513704926,2687.658348,93,93.3011562,8117.688172,2859.101403,36.01313026,117.017709,2406.196547,1228.446312,507.5203083,527.7645885,2096.014099,0,3,7,39.29748,0.9891860539,0.1774223,33.86677361,33.69492,0.17185402381836212
348.3977,891,50,0.09869159,0.14238332,-0.25540224,2.3269124,2.3657484,0.6883059341,-0.07805541329,0.35409383,78.36359992,100,79.67148275,11733.01495,3638.999774,104.4001134,401.6468505,3079.791638,470.185329,722.5356179,661.1907306,3027.477464,0,0,4,51.36928,0.9874387545,0.1707207,33.6770735,33.757427,-0.0803537155761731
120.30524,897,20,0.037261546,0.3643254,-0.48107514,1.2200822,2.7549467,0.1019954977,-0.1239024392,0.518336686,43.9329189,94,99.20057022,4331.970709,2090.888671,0.0,1141.161011,3413.701115,1447.676778,415.3859936,791.3324078,7050.545797,0,0,0,8.418527,0.9884996965,0.157085,36.00816314,35.844383,0.16377990025390687
354.13876,906,10,-0.14351638,0.67432433,-0.6281209,2.8203888,9.242637,-0.2125147483,-0.2238814498,0.48460452,88.03189614,85,288.487481,11053.62017,3119.937643,0.0,737.0850117,621.1185603,2495.075989,1135.50088,92.06672373,7591.424661,0,5,1,26.17094,0.9890623307,0.1417008,31.21268108,31.486551,-0.27387020479003965
90.0,869,20,0.048996564,0.34320736,-0.39930832,9.43017,1.4278941,0.1423460672,-0.1140715943,0.448304884,326.7023284,122,49.46849603,3117.993584,2325.400746,0.0,189.1104128,934.5151518,1765.869629,754.043073,329.6774559,7267.289249,0,0,1,11.410157,0.9882924176,0.1744614,34.64437316,34.690247,-0.045873422031249333
168.39767,880,40,0.07098198,0.30105588,-0.40567613,1.6231723,2.3657486,0.2349961868,-0.1215086958,0.47665811,55.14359791,111,80.37094371,5720.928951,2324.207505,3.725356546,706.7716861,2917.712462,3034.870048,606.9338106,745.6746493,5901.741497,0,0,2,13.276525,0.9875982994,0.2141599,33.97273223,33.903732,0.06899993019531081
244.03105,894,10,-0.054503992,0.5521987,-0.58954966,1.7389219,2.1171565,-0.09852516284,-0.1858066114,0.535045668,57.75643337,97,70.31909158,8105.230649,2154.068838,0.0,704.8059315,1212.484588,1754.420447,882.9620792,924.0742457,7958.238403,0,0,2,11.926699,0.9881663551,0.1593185,33.21393179,33.398895,-0.18496347367187838
18.890327,870,40,0.021213407,0.45920303,-0.48742747,8.667166,1.4701113,0.04609575691,-0.1350367633,0.508640877,303.8975401,121,51.54663102,662.3530584,1547.961281,0.0,37.96361036,1113.129611,1549.280306,853.9194821,547.8336548,7379.200649,0,0,1,11.410157,0.9880678633,0.1550044,35.06308061,35.009388,0.05369264002929697
90.0,905,10,-0.47722772,-0.058080807,0.3261066,140.47052,0.9520453,8.360563648,0.1569939255,-0.80333432,3532.94913,86,23.94472246,2263.574035,1404.492271,0.0,0.0,2015.111453,732.5891216,620.7898186,355.2649203,2245.07531,0,0,0,46.406643,0.9875813024,0.0295702,25.15082261,28.1095,-2.958678275009767
64.03116,903,50,0.03539823,0.13598014,-0.20094438,399.1574,2.1171644,0.2584187022,-0.06216270331,0.23634261,13370.14372,88,70.91636607,2144.782513,5620.831947,0.0,629.008543,1804.895612,113.9910428,146.9232121,306.716673,2394.778862,11,0,20,72.0047,0.9873024929,0.2476456,33.49591844,33.168594,0.32732407964843446
161.10959,901,50,0.08452585,0.11685289,-0.20130195,88.09685,1.470112,0.7172149109,-0.0610816205,0.2858278,2976.178713,90,49.66484092,5442.770454,5683.576776,196.1932302,92.54768537,2420.632611,224.5269012,193.1178787,246.1565223,2759.266426,0,0,1,56.939514,0.9873447406,0.2114304,33.78303212,33.584595,0.19843739343750144
123.000206,888,40,-0.024759285,0.44193548,-0.5045439,2.0455854,1.7024354,-0.05589817506,-0.1722431936,0.479784615,65.34096507,103,54.37992079,3928.925267,3695.012721,0.0,960.6365212,2741.773885,2601.243882,757.3503588,791.8743267,5875.605154,0,1,1,20.173656,0.988493436,0.1529318,31.94242835,31.686003,0.25642561867675795
244.03116,881,40,0.13832346,0.32937685,-0.42335185,1.5932612,1.0589436,0.4186838757,-0.1259227911,0.56167531,54.28808718,110,36.08198234,8315.011304,1923.642107,0.0,807.604512,2846.907815,3156.081391,468.2138838,609.7601409,6025.640633,0,0,3,13.276525,0.9882448692,0.1445944,34.07356382,34.27437,-0.20080446613281566
45.75111,867,40,0.029454172,0.52838147,-0.537859,8.675063,1.3289707,0.05563884206,-0.1501075722,0.567313172,303.3145386,124,46.46607578,1599.63989,966.4005146,0.0,62.93485876,1206.357872,1427.114974,968.0626989,576.3473955,7486.466389,0,0,1,12.738179,0.9886721516,0.1153915,34.96395803,35.04143,-0.07747339700195255
90.0,861,20,0.06507177,0.45657846,-0.5019216,12.544756,0.9520453,0.1422089886,-0.1027415803,0.56699337,483.8722908,130,36.72198489,3471.451033,627.1660523,111.8353084,131.428445,1498.852483,1148.01723,1067.506622,491.563466,7518.336601,0,0,1,12.738179,0.9880007315,0.1088619,38.57167814,38.806473,-0.23479463832030945
103.686806,877,40,0.13174526,0.4852391,-0.507173,16.237232,1.9591566,0.2709474824,-0.1449749763,0.63891826,562.3899765,114,67.85701124,3591.27839,1898.336816,0.0,454.7029723,2961.336093,539.3939122,369.0531768,683.6261509,7841.157999,0,1,2,16.790327,0.9883011634,0.1282905,34.63582811,34.566296,0.06953248622070163
142.40637,877,50,0.0779198,0.23673086,-0.32812107,11.302306,2.3397903,0.3277647673,-0.09634839406,0.40604087,387.1959462,114,80.15685641,4878.576919,3503.155983,0.0,427.0321331,3351.334517,859.9611829,544.1923085,805.6817808,7970.486972,0,1,1,22.537903,0.9872431492,0.2116151,34.2581369,34.18913,0.0690080242675748
170.29095,906,50,0.026348291,0.22285418,-0.3234471,103.47927,2.8206248,0.1177029216,-0.1069205975,0.349795391,3359.67123,85,91.5774917,5528.852353,6203.77476,0.8265251386,278.4183098,2003.471999,148.4859781,260.6165456,233.4251341,2629.316071,3,0,5,66.519455,0.9872887555,0.2045333,32.46709442,32.41761,0.04948425154297098
225.75124,897,20,0.14761409,0.23550959,-0.37571976,3.328068,1.9930139,0.6241357486,-0.09551006783,0.52333385,120.3779471,94,72.08834732,8165.539536,1541.314113,96.50278686,499.6437139,2127.809549,1856.975739,96.50278686,1077.49435,5854.92454,0,0,2,29.76034,0.9877716712,0.2145683,36.17051909,36.245316,-0.0747964617578134
27.170818,891,10,0.041659523,0.33000237,-0.4664218,2.048384,2.0841517,0.1258586849,-0.1493510733,0.508081323,67.53428511,100,68.71352984,895.8094622,2966.451287,28.32016579,914.9585073,2612.560926,2369.851871,467.1679335,742.682477,5919.378901,0,1,1,29.575926,0.9874369344,0.1853682,32.96954336,32.83179,0.13775243592773734
202.3245,869,10,-0.052853234,0.58881474,-0.5842839,8.564943,2.5050063,-0.08960989005,-0.1990945504,0.531430666,273.8485544,122,80.09304371,6468.959787,1654.129931,0.0,129.6366564,2475.915849,302.9087173,550.4017241,723.7774867,7800.546299,0,0,2,12.439237,0.9887895807,0.1359358,31.97319053,32.150665,-0.1774747532031249
161.10948,903,50,0.11046624,0.13755566,-0.24203134,246.54105,2.9382927,0.7972697759,-0.07407990377,0.35249758,8297.303627,88,98.88781879,5422.116409,6113.006778,267.5045265,399.1937916,2533.023429,209.108879,259.3162845,172.1240951,3085.58899,0,0,0,58.44963,0.9873962171,0.1866837,33.65485637,33.742565,-0.08770878502929946
270.0,863,40,-0.058078602,0.47250077,-0.49938118,8.612835,0.47605872,-0.1226578829,-0.1713957731,0.441302578,274.349455,128,15.16416492,8600.461154,510.0970721,32.5201223,32.5201223,1608.942578,1001.854367,1288.971786,696.1049075,7728.42735,0,0,0,12.738179,0.9885850926,0.1276366,31.85355983,31.807566,0.04599414091308418
307.92892,872,40,0.05852217,0.40612125,-0.48847353,9.585421,3.0149975,0.1437462918,-0.1551728529,0.5469957,317.2064271,119,99.77408239,10190.16614,3196.33921,107.052169,107.052169,2287.675778,353.8421014,752.6098087,789.9057191,7851.31391,0,0,2,12.439237,0.9890858738,0.1833496,33.09259208,33.39074,-0.2981473609179659
22.324621,889,50,0.015625,0.28244275,-0.33687,77.65833,2.5050087,0.05512577055,-0.1019681358,0.352495,2626.320953,102,84.71669216,754.9946013,4411.861566,182.2941556,356.6773752,1326.237044,486.4030329,766.1105745,242.5175149,1691.543569,0,0,0,55.512398,0.9882301305,0.1762919,33.81892133,33.633068,0.18585324528320513
134.24857,911,50,0.08668531,0.14756757,-0.23251088,428.2073,1.9930208,0.5834739708,-0.06939619672,0.31919619,14569.32626,80,67.81054474,4567.673685,6370.767709,77.8853099,416.3518988,1603.24502,219.8512699,217.2668302,212.8528414,2706.763291,3,0,2,69.15598,0.9880618028,0.1537767,34.02400253,33.8431,0.18090102853515333
165.60599,903,50,0.07989371,0.18774296,-0.31062326,236.40436,1.9143858,0.4232937218,-0.0819503449,0.39051697,8440.571662,88,68.3511528,5912.789537,5790.410322,198.3044682,538.4323305,2563.27757,126.3305807,365.1206343,265.315555,3222.807102,0,0,3,65.31818,0.9877835205,0.1963979,35.70395936,35.58541,0.11854828822265517
90.0,904,40,0.043998457,0.43344906,-0.49487025,2.7426364,0.47606087,0.1012741448,-0.1498983085,0.538868707,92.72488149,87,16.09498355,3042.780054,2089.521262,7.873588363,721.102105,2092.599317,2049.891435,207.8179289,903.3726853,6059.9753,0,0,1,20.02001,0.9880002058,0.1777029,33.80866727,33.6563,0.1523676789355477
134.24857,878,40,0.015116279,0.42273235,-0.4743255,1.6916963,0.66457856,0.0356741207,-0.1659886659,0.489441779,53.33434426,113,20.95226058,4232.473316,3248.113337,0.0,674.7540609,2508.157921,3074.112431,554.6690439,553.1278109,6257.294533,0,0,2,12.211532,0.9876791639,0.1838771,31.52713892,31.416985,0.11015436189452998
152.82903,894,40,0.04603464,0.15126513,-0.20947704,1.6620245,1.0424222,0.3023321229,-0.06692818127,0.25551168,54.85299715,97,34.40381412,5043.927058,2882.229408,0.0,807.6661538,1192.132032,2461.67529,599.4920833,535.5582245,8149.083415,0,0,1,21.677761,0.9872888214,0.1833595,33.00372356,33.2681,-0.2643771785253932
22.324621,873,40,0.1402614,0.23658872,-0.46695676,8.082548,2.5050087,0.5903537845,-0.11194021,0.60721816,298.0271636,118,92.36699091,823.1740133,2599.197655,0.0,250.6653565,690.1723909,1961.633879,1093.334999,615.3463109,7755.161462,0,0,1,11.042338,0.9879139215,0.2054932,36.8729222,36.815456,0.0574658096191385
332.829,875,50,0.08569135,0.1291202,-0.23068611,11.919526,1.0424222,0.6585553204,-0.06487654833,0.31637746,415.5112009,116,36.33853394,11602.32189,2767.153358,0.0,148.8310384,2201.918487,408.6622564,891.8773571,818.1572562,7927.492022,0,0,2,17.353867,0.9883213554,0.1593763,34.85970842,35.097088,-0.23737944010742495
90.0,874,10,-0.019535815,0.35538292,-0.41933984,8.905352,0.47606087,-0.05481692276,-0.1325019514,0.399804025,295.4317092,117,15.79314063,2985.71621,4353.940383,0.0,314.9744012,2588.812927,84.90876666,681.4893256,507.4664726,8017.5722,0,2,2,17.353867,0.9879609532,0.1882326,33.17462456,33.16142,0.013205645205076166
295.9686,877,40,0.07707911,0.18137982,-0.27221888,8.589294,4.228601,0.4226295979,-0.0766720429,0.34929799,299.2441341,114,147.3210772,10311.30934,3550.557045,31.96816515,390.7282786,2685.676818,121.6135049,655.1363842,449.5397665,8042.890713,0,2,2,23.202353,0.9871804747,0.2950013,34.8392003,34.804707,0.03449372651367355
214.38722,882,40,0.15456675,0.47226754,-0.5098285,12.734333,1.6853715,0.3265948685,-0.1640406311,0.66439525,418.8875675,109,55.43919481,7052.12759,2488.529815,0.0,747.4519948,3170.581116,581.264772,548.8792778,458.3429685,8185.749153,0,1,1,31.773355,0.9880529238,0.1142858,32.89434692,33.29517,-0.4008229103222689
115.96854,909,10,-0.032545526,0.60542166,-0.6299694,378.25687,2.1171873,-0.05366814569,-0.2111100705,0.597423874,12197.51014,82,68.27216001,3739.594848,4342.522994,25.74858992,452.2228285,1792.012013,160.2763116,99.32521325,121.4166776,2908.936239,2,0,0,65.952805,0.9884071906,0.1879878,32.24663213,32.380116,-0.1334833790332013
262.0777,904,20,-0.1674661,0.5676281,-0.5558644,1.0816135,3.3607628,-0.2945090121,-0.1721736614,0.3883983,36.20930421,87,112.5086573,8773.606437,2000.939178,0.0,1032.923108,2972.733453,1771.875231,974.6095781,1358.659369,7528.873397,0,0,2,10.278781,0.9886231495,0.1548766,33.47711933,33.418507,0.058612707685547605
332.82898,887,40,0.08133971,0.2574032,-0.3533558,1.6848419,3.1245122,0.3147782613,-0.09434491352,0.43469551,59.89637968,104,111.0768726,11832.11965,3388.511519,76.53505547,543.1394442,1627.408707,1988.432842,381.1879953,907.9928771,8457.841041,0,0,1,10.166913,0.9875388805,0.2010809,35.55014846,35.548992,0.0011563030175807398
122.999855,895,10,0.025086079,0.41419908,-0.48242334,1.7032447,1.7024516,0.06041939929,-0.1465530751,0.507509419,57.51166179,96,57.48488202,4153.205972,1846.919946,0.0,930.0202277,1404.116333,2284.329909,521.000631,662.6204349,8329.841115,0,0,1,13.564104,0.9887775392,0.1118189,33.76594202,33.72213,0.043812198222653365
53.849026,889,50,0.05026394,0.29030246,-0.34788275,65.16774,2.357037,0.172548972,-0.111148982,0.39814669,2150.778076,102,77.79099757,1777.218368,5186.224168,368.2567373,652.8598609,1537.927956,697.3600599,690.4401694,111.3179043,1338.074849,0,0,0,55.512398,0.9886015037,0.1449546,33.00372356,33.09808,-0.09435612139648697
302.99973,910,50,0.039404552,0.19956261,-0.27188405,225.54196,1.702457,0.1964700798,-0.08889838771,0.311288602,7362.008364,81,55.5706028,9890.339459,5857.452999,47.03981617,362.8357342,1941.080116,980.0910592,329.8799478,243.4117915,2779.569087,0,0,5,40.2411,0.9873999077,0.1624843,32.64141344,32.43776,0.2036540405859384
0.0,916,50,0.029897718,0.32687652,-0.386172,389.0567,0.0,0.09118590743,-0.1224571119,0.416069718,12885.5331,75,0.0,0.0,5613.379968,87.49641255,518.5321349,1784.202477,1033.36719,220.1680152,49.27008336,2818.076155,0,0,6,40.2411,0.9880469231,0.1830028,33.11993624,32.760757,0.35917879371093875
0.0,877,40,0.0033616768,0.488482,-0.49643704,1.6919372,0.92740995,0.00686782517,-0.1621809118,0.4997987168,55.25035396,114,30.28465123,0.0,2238.487881,0.0,476.6525669,2315.524264,3157.397687,572.4881394,505.139491,6449.578188,0,0,2,12.211532,0.9882328188,0.1981532,32.65508552,32.65936,-0.004273458271484287
57.000263,894,40,0.0029188558,0.40153173,-0.48049697,1.7976576,3.401913,0.00725124402,-0.1407359883,0.4834158258,61.64891667,97,116.6652932,1954.768508,2282.162434,0.0,824.4810511,1376.187845,2575.92971,401.2056853,491.8522064,8340.312706,0,1,1,21.677761,0.988290569,0.1802709,34.29402611,34.1443,0.14972755653320036
287.98865,871,40,0.012714207,0.34724668,-0.41037115,8.2302065,1.5012844,0.03650919802,-0.1426681112,0.423085357,260.3891215,120,47.49797299,9111.449582,2499.064607,0.0,61.2644715,2237.739698,415.9555421,868.490595,746.0719866,8122.166561,0,0,2,17.353867,0.9885800541,0.1814381,31.63822457,31.947224,-0.3089990933300797
31.631197,873,20,0.14666666,0.2781204,-0.385105,62.825386,2.7212481,0.5254601957,-0.1061872767,0.53177166,2206.824235,118,95.58741518,1111.087357,3809.326111,156.9642008,794.299218,1660.172803,1772.535298,1375.975811,115.2965964,1391.438456,0,0,0,16.480595,0.9882143157,0.1707982,35.12631398,35.3033,-0.17698497019531345
252.01143,910,50,0.009027923,0.20994617,-0.27913278,231.47778,1.5012904,0.04279728331,-0.09373736061,0.288160703,7456.466861,81,48.36024484,8117.906075,6537.737363,62.3307437,307.5901632,1969.454535,883.1506462,468.6867527,357.8341294,2863.904067,0,0,6,40.2411,0.9876843874,0.1644809,32.21245193,32.26643,-0.053977971123046586
105.552605,917,50,0.06704385,0.12713602,-0.22374769,391.67606,3.4550061,0.5232240708,-0.064573071,0.29079154,13513.81318,74,119.2064355,3641.831428,6386.723542,76.59118338,174.0270213,1514.195221,339.9111295,219.9248834,209.2278082,3042.285146,3,0,1,65.952805,0.9874918415,0.1950734,34.50252533,34.020966,0.48155975382812244
237.00038,880,50,0.0023875115,0.4431456,-0.46533585,1.8392452,1.7024623,0.005375515372,-0.1395256374,0.4677233615,62.45589509,111,57.81111012,8047.905124,2092.302901,0.0,377.9129746,2219.621343,3202.861887,597.000696,456.6704547,6545.868068,0,0,2,12.211532,0.9874533041,0.1867613,33.95735114,34.04297,-0.0856176099999999
90.0,909,40,0.084352866,0.47510374,-0.53785145,1.096306,1.4279358,0.17717329,-0.1455568147,0.622204316,38.78086047,82,50.51197296,3183.670839,2060.483901,0.0,761.0818165,3065.127563,2123.221177,1135.643366,1572.818008,7530.294904,0,2,4,10.278781,0.9880329241,0.1772418,35.37412043,35.244637,0.1294838943554666
270.0,892,40,0.12545715,0.2468828,-0.39629346,1.6671488,0.9520667,0.5061147849,-0.09715113704,0.52175061,61.03387521,99,34.85490927,9884.628358,3714.933959,112.5794387,683.6954687,1726.415211,2188.786214,290.7360072,709.8924547,8611.743664,0,0,1,13.564104,0.9877401098,0.1879837,36.60973466,36.453033,0.15670121273437587
180.0,870,40,-0.034294054,0.3685735,-0.4217653,6.654744,0.46373534,-0.09279359586,-0.1185697372,0.387471246,232.0165545,121,16.16805632,6275.670381,1842.562558,0.0,157.9254434,795.5813343,2068.408547,848.1339939,917.1935753,8053.048714,0,0,1,11.042338,0.9883977887,0.1805216,34.86483545,34.699806,0.1650292366210948
14.394169,869,40,-0.019240953,0.4014563,-0.4981837,6.648692,1.9143871,-0.04780880061,-0.1386135329,0.478942747,232.7372924,122,67.01307118,503.8675155,1394.374234,0.0,203.173715,862.9053668,1971.461702,936.0061599,913.6400051,8053.500266,0,0,1,11.042338,0.9875625027,0.1543644,35.00497427,34.901054,0.10391988767577942
225.75175,876,40,-0.06423642,0.456527,-0.48018706,9.3936825,1.3289859,-0.1403991896,-0.1458060433,0.41595064,317.2507542,115,44.88354585,7624.263749,4850.115433,0.0,247.8846616,2545.243841,239.45104,630.478067,438.7590209,8283.128379,0,0,3,17.353867,0.9888545735,0.1937552,33.77277806,33.666046,0.10673191742187527
214.38751,876,50,0.08151676,0.17396395,-0.26520312,9.695458,1.6853775,0.4659060338,-0.07685474925,0.34671988,333.9544177,115,58.05184877,7384.453221,5477.654616,0.0,339.256786,2640.10536,214.2558867,541.6934628,343.6022498,8306.492916,0,2,2,17.353867,0.9880448699,0.1855645,34.44441899,34.34475,0.09966953931640887
120.30445,879,50,0.026995305,0.39171797,-0.48035714,6.809543,5.4973416,0.06873967341,-0.1417783437,0.507352445,232.7818405,112,187.9246956,4112.565453,2309.119911,890.8794926,335.4453404,6433.694442,1983.731912,1472.219612,181.5682421,4822.874649,0,0,0,5.0908127,0.9878858921,0.1914762,34.18464947,34.178337,0.0063123728320277905
0.0,912,50,0.0327702,0.17188656,-0.24170369,384.33792,1.3909631,0.1895474119,-0.08133840118,0.27447389,12367.33003,79,44.7587886,0.0,5878.766488,39.88484555,574.4424686,1944.077045,456.1804366,460.9163183,325.7780438,3330.464185,0,0,6,61.602985,0.9872895581,0.2927897,32.17827173,31.79906,0.3792109084667956
270.0,905,40,-0.014084507,0.40766183,-0.52489984,1.3841113,0.95206887,-0.03446494379,-0.143605458,0.510815333,48.76302117,86,33.54192287,9512.252169,1747.264629,0.0,274.9372807,2830.414965,3068.636742,562.0998456,877.2677478,7100.376639,0,0,2,14.766086,0.9880705296,0.1712113,35.23056359,35.254295,-0.023731759121091045
55.170612,873,40,-0.23166424,0.70934254,-0.64987475,6.5053506,4.0530868,-0.3261303202,-0.2104983318,0.41821051,213.3110792,118,132.9011106,1809.049736,640.3169455,1084.818106,130.7696805,6456.400468,1805.976367,1645.124506,388.140926,4780.960883,0,0,0,5.860968,0.9891839252,0.1581933,32.79009731,32.659348,0.13074977582031266
80.77857,916,10,0.06888818,0.31851178,-0.42625767,102.85573,2.8914247,0.2156045076,-0.1052028059,0.49514585,3757.259254,75,105.6220418,2950.793599,3382.900753,98.25538512,320.3174726,1555.007607,506.2129939,441.0318298,332.1505075,3286.880956,2,3,6,51.757317,0.9882268994,0.1595977,36.52941119,36.205975,0.3234366111425757
211.63136,905,50,0.002302379,0.23721151,-0.3265306,66.829285,2.7212532,0.009665271842,-0.1198603468,0.328832979,2051.429161,86,83.53311229,6496.354753,5882.062038,0.0,596.6914238,2254.02365,887.7155611,312.8090706,526.0662203,5191.447246,0,0,2,44.16067,0.9878843105,0.1638699,30.69656006,31.214317,-0.5177572617773443
0.0,890,30,0.116773486,0.18797308,-0.29142857,1.9266922,2.7802885,0.6179371474,-0.07332284646,0.408202056,69.93311948,101,100.9160923,0.0,4363.946438,13.31707151,426.6648992,1421.515041,3305.273297,93.913542,554.950524,8474.084608,0,0,4,15.33178,0.98753384,0.2327508,36.29698583,36.44162,-0.144634043046878
0.0,874,50,0.04158416,0.053631507,-0.118722424,7.1950636,0.0,0.7611754148,-0.03579837115,0.160306584,243.7350722,117,0.0,0.0,3272.421352,0.0,228.2669122,840.4110093,2963.664014,212.3736974,781.7010398,8299.697096,0,0,1,18.959282,0.9871919884,0.278813,33.87531866,33.852623,0.022695674160154056
0.0,879,50,0.08511317,0.15585984,-0.2858423,153.73386,2.3174627,0.5426065078,-0.08802321286,0.37095547,5159.966144,112,77.78396426,0.0,5829.246146,44.28410478,848.304705,2372.816425,449.1073117,148.8826536,228.8965486,405.3004456,0,0,1,48.99522,0.9878332578,0.205443,33.56427884,33.54693,0.01735043423828131
45.752075,872,40,0.08834509,0.38543963,-0.37117904,7.791864,0.6645862,0.2286129143,-0.1155054053,0.45952413,260.3031896,119,22.20186436,1528.441853,1685.192945,23.67144715,23.67144715,899.1946061,2691.487757,191.4726698,1012.551651,8372.672259,0,0,2,11.635338,0.9881822399,0.1725814,33.40704992,33.382996,0.02405431453124862
247.34114,861,40,-0.059021354,0.49100378,-0.5440059,6.958274,3.6065464,-0.11996118,-0.1559828694,0.484984546,240.7082882,130,124.7616306,8556.297498,5.827426809,0.0,0.0,1916.730085,1024.656208,929.9288761,1229.247563,8431.391114,0,0,0,9.488581,0.9891904936,0.1497487,34.59310286,34.171104,0.42199842884765815
59.695774,884,50,0.058882236,0.14836614,-0.2017842,8.430152,2.7550297,0.3942140836,-0.06081554578,0.260666436,285.6317142,107,93.3463425,2022.62145,4696.259916,0.0,994.9551142,3450.818839,658.838748,732.2899439,750.2832208,9254.081001,0,0,1,41.60931,0.987397168,0.215389,33.8821547,34.059456,-0.1773011715820303
90.0,876,40,0.15997566,0.22782841,-0.38169086,6.5790324,0.9520796,0.6991075103,-0.07936816771,0.54166652,252.729906,115,36.57361345,3457.30043,1131.372353,1015.588214,175.4003232,6237.086119,1676.87964,1785.205058,404.8787298,4562.269073,0,0,0,5.860968,0.9879500182,0.1851016,38.41444922,38.186195,0.22825384646484537
0.0,870,20,0.09589947,0.21538119,-0.3150553,6.3988323,0.0,0.4431968879,-0.08697197581,0.41095477,224.6689715,121,0.0,0.0,1228.77889,0.0,72.82136041,1005.520109,2522.594158,350.4885016,1180.538417,8460.380045,0,0,1,11.635338,0.9882302779,0.1810228,35.11093289,35.28806,-0.17712634461913979
152.82845,870,20,-0.15956797,0.6378814,-0.59383756,8.150656,1.0424275,-0.2497614894,-0.2116827472,0.43426959,254.3898968,121,32.53517559,4769.924484,1554.900928,0.0,255.2723377,2222.291815,823.6635431,623.8408889,970.001908,8574.546995,0,0,1,9.488581,0.9889029802,0.1742617,31.21097207,31.399345,-0.18837332794921835
0.0,889,50,0.11015457,0.13021868,-0.22719914,52.61444,1.8543341,0.8394732366,-0.06934798424,0.33735371,1772.889468,102,62.48340561,0.0,5741.293379,0.0,1080.669258,4032.133391,797.5677963,770.6882231,639.4894502,9109.696035,0,0,1,46.430508,0.9881644244,0.1521115,33.69587261,33.81056,-0.11468570909179476
0.0,887,50,0.05757932,0.1730863,-0.2408458,9.949773,1.8543341,0.330751587,-0.0711964355,0.29842512,339.9084469,104,63.34856323,0.0,4910.132941,0.0,1038.496544,3579.06655,634.2376837,639.2807912,727.1313548,9302.745368,0,0,1,41.60931,0.9876607635,0.1753689,34.16243234,33.885433,0.2769991429785179
244.03207,869,40,0.043164168,0.40307203,-0.44517186,6.0141644,3.1740458,0.1068229543,-0.09755673121,0.488336028,227.762324,122,120.2042378,9241.734628,806.0809529,1417.924244,63.58584626,6385.357128,1417.905439,2048.462514,775.6867382,4597.635138,0,0,0,5.8898168,0.9880858172,0.1702456,37.87098404,37.525795,0.34518905708984704
72.011734,925,10,0.018331463,0.2645783,-0.3617021,80.36828,3.0005713,0.06902470194,-0.1039275565,0.380033563,2777.853223,66,103.7118955,2489.017152,5275.098346,31.32283231,349.800509,1068.698493,863.8940962,746.9439287,116.5874955,3473.302326,0,2,0,57.833347,0.9875173908,0.210948,34.56404969,34.097538,0.46651169561523176
254.44766,909,40,0.107750475,0.2583616,-0.37718832,64.123764,3.4550636,0.4154449811,-0.1165247612,0.484938795,2149.199427,82,115.8013854,8528.17631,5220.109837,0.0,285.5920848,2518.332726,1054.401905,117.212232,531.0362555,4909.559098,0,0,1,44.16067,0.9882487997,0.167258,33.51642656,33.521915,-0.005488875791016312
0.0,920,50,0.034806747,0.2356479,-0.28811628,152.56325,2.7802885,0.147082425,-0.101048712,0.322923027,4804.14667,71,87.55000788,0.0,5674.47217,0.0,591.416911,2126.845849,627.121735,237.2550467,564.7281746,5265.345088,0,0,2,54.022457,0.9881170351,0.1769331,31.4895407,31.58147,-0.09192978950195396
18.891119,885,50,0.10773843,0.23144557,-0.30824175,1.9020663,1.4701182,0.4634996055,-0.08585139818,0.41598018,66.55577669,106,51.44135019,661.0248536,3093.934232,0.0,262.4887843,1366.054208,3686.469987,308.5787134,91.67889136,8693.530407,0,0,3,21.187534,0.9877029228,0.2684365,34.99130219,35.002316,-0.011013331240235402
107.988266,882,50,0.030825196,0.27763757,-0.33597255,8.559845,1.501315,0.1106282832,-0.09816848038,0.366797746,293.8441251,109,51.53745106,3707.043474,4072.941381,0.0,947.5560326,3530.691854,495.1917101,533.38544,588.1029539,9433.971576,0,0,1,41.60931,0.9879437389,0.1832956,34.32820631,34.15142,0.17678571673828003
57.00091,874,40,0.053110775,0.41389728,-0.5121163,7.029794,1.7024865,0.1280094557,-0.1359575075,0.565227075,250.4268218,117,60.64875918,2030.579663,1349.946917,1080.23218,277.2836251,6073.694633,1510.40211,1971.172936,556.9743565,4372.321903,0,0,0,5.860968,0.9881927632,0.169687,35.62363589,35.682632,-0.058996556289059754
0.0,906,50,0.010548159,0.23080233,-0.29106498,62.388893,0.92740995,0.045504974,-0.09408282046,0.301613139,2047.763714,85,30.43997661,0.0,5239.767171,0.0,309.8991549,2709.939973,1363.01735,75.87445094,240.8894386,4634.531592,0,0,4,43.51603,0.9873119724,0.248205,32.8225685,32.841393,-0.01882401708984105
0.0,883,50,0.12138728,0.19428572,-0.3004926,1.9312178,0.46373534,0.6215881018,-0.08513317087,0.42187988,67.12696164,108,16.11891956,0.0,2848.939719,0.0,171.5973036,1401.294379,3611.86657,439.6676745,92.89699058,8774.454635,0,0,2,21.187534,0.9873164557,0.2127831,34.75887683,34.613873,0.14500430192382652
83.05785,868,40,-0.028615622,0.36270493,-0.42056075,7.511096,3.8311036,-0.07867812515,-0.1211653945,0.391945128,259.3314915,123,132.2744125,2867.692827,2152.340007,31.72400529,45.17404782,1205.945897,2857.185707,14.6068906,872.5375815,8677.54847,0,0,1,11.635338,0.9877521828,0.253056,34.52645147,34.387703,0.13874852810546656
295.96777,911,40,-0.08809573,0.57057774,-0.60596836,1.0974683,2.1172452,-0.1541272933,-0.1929457203,0.51787263,36.2786835,80,69.98914548,9783.718632,227.6070831,0.0,489.5060264,2583.802395,2884.195918,702.1849257,786.7870792,7937.420053,0,1,0,8.793615,0.988527319,0.1550631,33.05670287,33.121983,-0.06527970446288833
45.75246,870,40,0.15068105,0.1496063,-0.32082966,7.079665,0.66459084,1.000496327,-0.07893385886,0.47151071,258.8821767,121,24.3020995,1673.030635,1500.840956,15.87895904,184.2064471,1319.341891,2979.65718,38.53684631,782.4077142,8784.93286,0,0,1,5.1892204,0.9873849188,0.2404559,36.56700941,36.408268,0.15874143514648154
30.397518,878,10,-0.2463961,0.68162775,-0.61216295,8.557505,3.758177,-0.3609523639,-0.2133615818,0.36576685,270.3786434,113,118.7414788,960.4247593,3595.377985,0.0,773.9742443,3533.968008,286.3497525,336.1795314,377.7977086,9655.450315,0,0,1,22.458527,0.9892632141,0.1942113,31.59549932,31.644617,-0.049117760688478285
270.0,877,10,0.000764,0.35211995,-0.42935228,1.9365296,1.4279776,0.002163570764,-0.139130298,0.43011628,63.48575583,114,46.81376275,8851.480543,1970.35205,32.57982124,0.0,1622.68477,3755.445423,502.7697863,206.8656848,8987.128315,0,0,1,6.50057,0.9892078451,0.164181,32.78326127,32.477966,0.305294961406247
78.976074,872,40,0.16050078,0.21103896,-0.38308227,7.6217413,2.4237602,0.7569400454,-0.09658521915,0.54358305,276.4508515,119,87.91305618,2864.568875,0.0,0.0,108.2061363,1459.929258,3288.537649,295.9059545,524.979133,8914.807887,0,0,1,5.7311196,0.9879479474,0.1973406,36.27135068,36.28439,-0.013038815849611751
0.0,870,40,0.11510543,0.28,-0.3368146,6.8339667,0.0,0.4096278648,-0.08734110677,0.45192003,245.494622,121,0.0,0.0,1842.83031,0.0,226.9618303,1395.712644,2828.57391,199.7173313,991.792562,8868.737677,0,0,1,5.1892204,0.9876810729,0.2213632,35.92271264,35.86536,0.05735237999023468
207.17197,914,50,0.19246861,0.2804584,-0.41156915,68.92549,3.1245384,0.6838261356,-0.09141113477,0.60403776,2600.381406,77,117.880795,7816.065416,0.0,0.0,855.9373183,1686.23489,1205.828169,441.0638118,617.4157747,3163.276732,0,0,0,24.587452,0.9883702556,0.1336973,37.7274272,37.90642,-0.17899446137695207
341.10864,904,40,0.08674902,0.2865335,-0.37955895,63.0232,1.4701203,0.3017005671,-0.1245464012,0.46630797,2053.611987,87,47.90389366,11115.03053,1987.076911,55.31861375,66.21212961,2223.631495,1181.64789,336.3368493,678.7067306,4710.080756,0,0,3,30.564516,0.9876530774,0.2868254,32.58501611,32.931602,-0.34658636802734577
283.6861,914,50,0.048289344,0.2501284,-0.34215605,60.955734,1.9592564,0.1922894583,-0.1041830837,0.390445394,2056.144301,77,66.08917023,9569.231957,2629.192633,44.13478066,326.7716356,1972.115562,982.4509386,258.1181958,689.9769286,4935.268665,0,0,4,30.564516,0.9873860965,0.2040975,33.73176182,33.844585,-0.1128235987011692
277.92197,895,50,0.08584338,0.21765296,-0.2826202,1.3204923,3.360896,0.3926010423,-0.09092492598,0.36846358,43.43898856,96,110.5602228,9142.536669,3297.351951,35.1501746,141.1700851,2094.472852,3520.003723,0.0,400.0809347,7829.187341,0,4,1,12.858596,0.9875373904,0.1710146,32.89605593,32.90604,-0.009984261650387793
252.01196,861,40,0.12655187,0.28558797,-0.38432243,6.540126,3.0006077,0.4415812359,-0.09100682936,0.5108743,242.0812599,130,111.066804,9328.164744,0.0,0.0,118.0454198,2332.443896,1036.540535,757.3189317,1376.867279,9035.858004,0,0,0,4.891027,0.9864553863,0.021893,37.01477003,36.808754,0.20601606271484485
21.055992,925,50,0.06323185,0.42935678,-0.46602762,98.967705,3.9690413,0.146928904,-0.1143449611,0.52925947,3622.166599,66,145.2648501,770.6383707,4575.985188,7.350413422,869.9141309,1190.28577,1303.188801,527.7796877,163.5860846,2986.653286,3,0,1,27.882223,0.9875313275,0.2179012,36.5994806,36.450855,0.14862534487304657
302.9987,868,40,0.07689988,0.3097989,-0.4377642,4.123584,1.7025055,0.247426487,-0.1258441184,0.51466408,142.4995733,123,58.8338463,10470.79081,569.1433391,58.19570599,314.6895089,1601.152013,2969.7707,352.4087252,962.2105158,9074.136274,0,0,1,5.1892204,0.9880561173,0.2052812,34.55721365,34.840656,-0.2834426305175768
270.0,859,20,0.20678939,0.16135807,-0.27664486,4.4620852,0.952101,1.273662529,-0.07877650184,0.48343425,154.7844142,132,33.02724823,9365.978003,0.0,0.0,0.6868782128,2325.40775,1160.30373,874.6673537,1495.044637,9121.456743,0,0,0,4.891027,0.9865429476,0.0226865,34.68880742,34.951874,-0.2630663592968716
78.97614,880,50,0.054502368,0.2075662,-0.27171314,19.396246,2.423776,0.2613192742,-0.07759237637,0.326215508,672.0702295,111,83.98262697,2736.483778,5385.933456,0.0,503.7945215,4019.262121,723.4385477,384.9416147,688.6880473,9736.161402,0,0,1,27.967402,0.9877801174,0.2024275,34.64950019,34.548794,0.10070639727538833
207.17213,877,30,0.15914668,0.33673468,-0.4758118,9.678982,4.1628513,0.4712180579,-0.1012365406,0.63495848,369.5465802,114,158.9389733,7909.897152,4173.263379,822.2174916,325.616942,5615.405108,1216.487974,1543.038033,673.5509026,3869.4107,0,0,0,7.7990704,0.9884228731,0.1895434,38.18031485,38.32195,-0.1416341551269511
180.0,895,50,0.14341153,0.08830121,-0.1463645,1.3135756,4.1663504,1.605930424,-0.04386509262,0.28977603,44.61452755,96,141.5067048,6113.553692,3621.55085,58.76970395,92.25285468,1992.769819,3509.930957,165.0441852,182.4367386,8088.124896,0,4,1,12.56289,0.9872723204,0.2670122,33.96418718,34.02781,-0.063621963066403
225.75285,879,50,0.08179127,0.17194143,-0.2517659,22.180122,1.329012,0.4729420244,-0.07890472523,0.33355717,738.5843617,112,44.25527866,7517.430455,4613.882503,0.0,430.7388539,4017.725205,701.6268891,850.6524014,201.6118229,9660.906944,0,0,1,38.338062,0.9878592639,0.2108325,33.29938229,33.42573,-0.12634936893554993
225.75298,886,40,0.17106433,0.2393617,-0.39312407,8.057705,3.9813402,0.7116954573,-0.08598453759,0.5641884,305.3184658,105,150.858921,8554.117272,5669.676786,840.709429,741.251369,5849.521408,798.5713939,1624.601203,942.7559452,3960.143273,0,0,0,17.77415,0.9878791256,0.1856317,37.89149216,38.09097,-0.19947692569336084
225.75298,918,50,-0.029237095,0.33234772,-0.36835712,101.14993,0.664597,-0.08770749954,-0.1250113459,0.339120025,3240.827767,73,21.29358282,7233.089792,6288.9783,16.59169081,1041.462248,854.4248451,1491.504129,487.8497336,330.6419017,2777.284368,3,0,2,37.031876,0.9883302589,0.1582278,32.03984192,31.950846,0.08899620161621158
283.68594,920,20,0.10309278,0.46783832,-0.5347299,73.85449,1.9592773,0.2198898332,-0.1489516513,0.63782268,2584.13856,71,68.55431565,9926.055631,918.4657216,23.11809058,1120.808955,1321.796293,1479.953805,339.7823345,441.0281338,2812.962144,0,0,1,30.685856,0.9880489445,0.171595,34.98959318,35.155453,-0.1658595482714844
270.0,910,40,0.10130673,0.14234684,-0.26904762,108.4832,1.4279969,0.7067245431,-0.07510571276,0.37035435,3792.631254,81,49.92354276,9439.345803,2750.604187,0.0,109.5978988,2279.250833,1320.442678,181.8802213,592.4834191,4368.735761,0,0,5,32.288437,0.9873087392,0.2742054,34.96054001,34.460197,0.5003425612695338
332.82776,895,30,0.09693132,0.15850864,-0.2157377,1.3278221,1.0424339,0.6076869566,-0.0666098219,0.31266902,44.51519821,96,34.9475669,11158.04121,4755.519923,18.19492659,227.7256287,1859.734863,3649.172276,161.9653443,87.96365646,8142.181874,0,4,1,10.977779,0.9875810496,0.2137076,33.52497161,33.946712,-0.4217408838964829
345.60526,903,40,0.099093564,0.27811682,-0.41063267,1.1918935,1.9143921,0.3550254119,-0.1055137694,0.509726234,42.95252388,88,68.98936221,12454.65151,2747.488386,88.03696103,143.530384,2123.272356,3320.221839,553.336885,448.4706081,8339.170541,0,2,0,7.793113,0.9883042512,0.1578393,36.03721631,36.12861,-0.09139239361328322
27.172234,865,20,0.083069116,0.38993913,-0.45962316,4.037475,1.0424339,0.2124860614,-0.1203209471,0.542692276,144.5540483,126,37.32234634,972.8497204,741.3324872,103.6664499,103.6664499,1807.056161,2621.556908,692.9374982,1399.773029,9251.459305,0,0,0,4.7562795,0.9887327697,0.1044298,35.80308194,35.685574,0.11750836211913906
122.99838,875,40,0.12094739,0.3520454,-0.45454547,9.401442,1.7025189,0.3425831069,-0.1222912417,0.57549286,333.2907637,116,60.35604159,4360.418753,2653.49036,1196.439794,590.282906,6102.203661,575.4732301,1983.644319,450.0832287,4216.979929,0,0,0,23.778303,0.9883801621,0.1449589,35.45102588,35.435787,0.015238679072268724
67.34188,868,10,0.015104398,0.29953107,-0.39697543,68.69794,3.6066568,0.05025902314,-0.1320938495,0.412079828,2223.143366,123,116.7155105,2179.259724,3036.668861,725.7081827,726.1072907,5666.018577,875.0742833,2371.372119,470.9889503,4511.44734,0,0,0,26.716295,0.9876712473,0.1944358,32.3611358,32.49879,-0.1376549409667973
27.172338,879,10,-0.0369515,0.48511577,-0.5311168,66.5229,1.0424349,-0.07601378577,-0.1569660253,0.4941653,2272.811447,112,35.6156748,928.366034,3947.447246,185.7737105,147.2043084,1215.163056,908.4487171,1216.171857,512.6462853,2029.508991,0,0,1,18.861177,0.9886013953,0.1722134,34.16585036,34.123985,0.04186506947265656
127.1474,926,10,-0.0268587,0.44945055,-0.61345565,98.79772,5.3600206,-0.05962630082,-0.1816246654,0.58659695,3372.975423,65,182.9922568,4340.839599,3849.431853,0.0,705.4720321,1467.261905,650.5919905,277.4980791,431.9704575,4066.612546,0,0,8,36.750008,0.9878022078,0.1536093,34.14021521,33.62516,0.5150549927148447
194.39482,909,40,0.073730804,0.27761877,-0.416843,62.97524,1.9143927,0.2646297089,-0.1080349236,0.490573804,2262.671951,82,68.78326571,6984.518148,3014.449764,79.59017375,239.1010889,2340.857736,1393.75412,66.08245951,468.9085986,4230.297938,0,0,3,32.288437,0.9883861147,0.1844717,35.92954868,35.590927,0.33862155597656596
287.98776,916,40,0.051524337,0.3482007,-0.44525945,129.37573,1.5013547,0.147549352,-0.1515023544,0.496783787,4139.650327,75,48.0390215,9214.777956,4178.990794,64.12127452,242.4931887,1879.033617,918.108977,112.2011392,441.965866,4617.938021,0,0,8,31.206924,0.9878627539,0.2096278,31.99711667,31.785442,0.2116743177050786
337.6742,918,40,0.062575005,0.21214809,-0.28962263,127.306465,2.50503,0.2935752556,-0.09114682846,0.352197635,4231.176629,73,83.25755013,11222.99,3226.580122,116.4828722,334.0952513,1788.298208,824.6288246,15.77821635,440.3105678,4697.69608,0,0,5,31.206924,0.987655414,0.2274162,33.23614892,33.53904,-0.30289069181640826
45.75311,894,40,0.0065478357,0.21919642,-0.29247516,2.2606578,1.9930806,0.0297363404,-0.08779839659,0.2990229957,76.72731585,97,67.64567584,1552.872497,4124.30785,27.4710664,595.012253,985.7548011,2447.413524,657.1688496,321.6230589,7634.348447,0,0,6,33.74781,0.9881481842,0.1643751,33.94026104,33.81982,0.1204406359472685
90.0,889,30,0.06230357,0.27054107,-0.35253334,1.2053512,2.3791301,0.229444371,-0.1017775822,0.41483691,41.58148044,102,82.07379867,3104.765847,3083.278298,128.720368,783.058999,814.4602596,2674.823233,1181.947973,779.9461847,9656.634161,0,0,0,9.730434,0.9876849384,0.1819247,34.4973983,34.36106,0.13633720380859415
0.0,865,40,0.07295976,0.36112645,-0.44278607,4.1043773,0.46373534,0.2014759209,-0.1142906119,0.51574583,147.6788567,126,16.68557732,0.0,896.9948807,33.13081477,33.13081477,1896.365617,2740.058477,731.6481981,1361.195798,9354.534775,0,0,0,5.565333,0.9888566106,0.1189645,35.98081898,36.0962,-0.11538005564452902
325.61115,868,10,0.09212451,0.262638,-0.3314951,68.4218,1.6854042,0.3494356276,-0.1054458604,0.42361961,2262.851514,123,55.73982921,10768.63929,4044.788975,848.4929687,589.3254199,5707.970965,737.2845779,2235.378022,335.0040119,4372.709415,0,0,0,26.716295,0.988682388,0.1197729,33.07208396,33.275276,-0.20319222408203075
90.0,881,50,0.103867404,0.16718638,-0.26323986,67.78464,0.95211387,0.6175732185,-0.07573852089,0.367107264,2341.637374,110,32.89101222,3109.072552,5711.623353,272.2611709,743.3465909,1614.548003,961.3437707,446.0357685,296.9892071,1276.960919,0,0,0,23.29722,0.9882259735,0.1660527,34.54525058,34.316933,0.2283179017773449
180.0,928,50,0.03299604,0.16142668,-0.21638075,415.08133,1.8543341,0.2031442125,-0.07510413205,0.24937679,13143.78638,63,58.71854389,5699.802371,6170.694547,45.99602147,826.3007729,1553.457292,528.5301119,67.218217,125.5407828,4229.678479,0,0,10,36.750008,0.9873827447,0.1816249,31.66556873,31.795534,-0.12996540391113243
314.24683,918,20,0.14251332,0.24887331,-0.41583878,98.741394,2.656611,0.5703423067,-0.1042432224,0.5583521,3588.40248,73,96.54501637,11420.17606,1286.043414,0.0,877.5136216,1080.491043,1304.808803,860.4817474,953.4132204,3507.646879,0,0,0,11.322495,0.9877756284,0.2065517,36.34142009,36.475647,-0.13422688265625027
332.8276,888,40,0.102347985,0.1878112,-0.32946947,1.7324042,3.12455,0.5420652218,-0.08509972001,0.431817455,62.31851844,103,112.3971685,11972.5656,3779.730505,77.8271044,350.6442436,756.6150248,2666.877577,772.7373258,146.6767178,7746.824558,0,0,1,20.938816,0.9875225836,0.2722895,35.97227393,35.785667,0.18660651056640631
314.24683,863,40,0.10331979,0.3546571,-0.45160407,3.5051982,0.66459924,0.2905039433,-0.1126837836,0.55492386,127.5815641,128,24.18996179,11437.89874,803.0573689,0.0,0.0,2004.484512,2673.631265,863.6067465,1496.473977,9450.258115,0,0,0,4.7562795,0.9866217271,0.0279003,36.39781742,36.13901,0.258806036943362
74.4482,872,40,0.13598396,0.109871246,-0.18217143,77.22034,3.455179,1.226503398,-0.04333043206,0.31815539,2854.334017,119,127.715508,2751.866021,3369.724894,1186.558867,392.7725445,6019.443779,395.5248421,1858.241918,294.6832514,4054.830804,0,0,0,23.778303,0.9879640827,0.1857476,36.96349973,36.935234,0.02826566017578358
64.03288,863,50,0.078028336,0.13821138,-0.19472459,107.44829,1.0590091,0.5605025681,-0.05246432275,0.272752926,3807.132177,128,37.52305058,2268.827525,4942.491075,800.3746102,574.0139432,5576.792489,768.779396,2267.511896,325.7198057,4360.260009,0,0,0,26.716295,0.9872493002,0.1917897,35.43222677,35.409477,0.02274953611328101
152.8274,883,40,0.049195193,0.47364724,-0.5289829,63.52807,1.0424373,0.1036458002,-0.1546763955,0.578178093,2180.153273,108,35.77431349,5244.723416,4665.282825,245.6724405,805.4672975,911.3128736,1049.359909,638.246766,379.1823837,1956.087983,0,0,1,15.379746,0.9888259344,0.1319162,34.31795225,34.429546,-0.11159410620117427
115.96701,892,40,0.11843426,0.29802954,-0.45821804,1.6900948,1.059013,0.3960620747,-0.1093447943,0.5766523,62.40827413,99,39.10500974,4282.18639,1137.279081,0.0,281.5438423,671.9366662,2314.589095,428.3486003,396.4641578,7934.054249,0,0,1,20.938816,0.9881734643,0.1874563,36.92590151,37.028477,-0.10257520508788787
72.01242,901,20,0.09600998,0.17266478,-0.28148475,1.2996413,1.50137,0.5528465818,-0.07560191472,0.37749473,46.10249166,90,53.25846286,2554.514074,3019.984506,165.2050659,798.7743396,1388.69551,3013.341285,754.1177789,652.49302,9448.676838,0,0,0,9.914982,0.9881109645,0.2026134,35.47324301,35.465084,0.00815893407226298
64.03299,894,20,0.0518579,0.14836796,-0.19219579,1.4664544,2.117303,0.3471822203,-0.05191844356,0.24405369,51.90962114,97,74.9483902,2266.642762,2189.998929,256.8244176,511.4302324,915.6319683,2963.712733,1183.207568,427.0924827,9722.16354,0,0,0,9.730434,0.9875881093,0.2152993,35.39804657,35.70147,-0.30342285138672054
0.0,861,40,0.060988814,0.2311332,-0.2792527,73.34251,0.0,0.2627319746,-0.08002095499,0.340241514,2537.771708,130,0.0,0.0,4531.85469,913.0210565,459.1699837,5493.318665,703.827562,2176.901168,263.516864,4213.03466,0,0,0,17.157347,0.9880161733,0.1886437,34.60164791,34.88857,-0.28692096817383117
134.2465,860,40,0.09922431,0.1774398,-0.250617,66.64119,0.6646031,0.5560660234,-0.07089683865,0.34984131,2317.739601,131,23.11448705,4669.010702,2920.671766,840.4882154,548.6406473,5404.343466,782.6692223,2265.744913,360.9542707,4280.267497,0,0,0,17.157347,0.9878203978,0.2397659,34.77938495,35.12889,-0.34950604121093676
64.033035,884,50,0.09153776,0.17597173,-0.24271844,67.84806,1.0590149,0.517245099,-0.06885058454,0.3342562,2357.162831,107,36.7920698,2224.622046,4636.480218,282.2780899,862.1509888,988.48591,910.1457511,679.0211609,470.4928116,1926.098647,0,0,0,12.308225,0.9875728033,0.224033,34.74178673,34.805454,-0.06366752415038945
126.14919,940,50,0.033027522,0.19636777,-0.27410093,240.57802,2.3571374,0.1673399968,-0.09929162148,0.307128452,7441.245223,51,72.90789665,3901.882048,6960.284691,0.0,945.8617659,1340.852738,805.2791883,358.0694056,96.05774611,4054.735803,1,0,26,31.481958,0.9879853291,0.1540296,30.93069443,31.487444,-0.5567494939501962
127.9268,925,50,0.047509138,0.38324022,-0.48263472,68.63762,3.0151408,0.123644365,-0.1519744921,0.530143858,2280.663648,66,100.1859041,4250.701035,1693.41392,21.9530682,1166.314069,892.8825227,1278.664552,887.8439955,856.7841537,3437.970704,0,0,0,14.206347,0.9878654883,0.1655891,33.22760387,33.157204,0.07040019568359668
180.0,887,40,0.06911858,0.2902659,-0.39113954,1.6670438,0.92740995,0.2373040579,-0.1090503286,0.46025812,58.30924141,104,32.43860219,6295.97342,2033.572878,45.93191565,230.5180736,464.7889659,2490.208655,605.0810126,433.04627,8044.665637,0,0,0,14.153468,0.9880149782,0.1930417,34.97763011,34.996807,-0.0191769883886721
18.891869,897,40,0.12856042,0.24944812,-0.37712896,1.5190729,1.4701247,0.5133215614,-0.1028318356,0.50568938,53.58529328,94,51.85864563,666.4106384,2197.250083,242.0392902,659.5175661,1276.069425,3095.499827,786.3639564,513.825043,9585.175057,0,0,0,9.646496,0.9873960132,0.2033121,35.27499785,35.319767,-0.0447691482910173
152.82735,890,10,0.09177108,0.25591198,-0.35352007,1.5483263,1.0424378,0.3572082547,-0.09068896242,0.44529115,55.82912305,101,37.58793493,5510.606472,1895.609009,139.5686155,391.3634902,795.7997022,3062.765928,1242.853881,340.1635019,9859.695929,0,0,0,8.638344,0.9885216794,0.184348,36.05772443,35.930313,0.12741131964843788
148.36713,932,10,-0.061001044,0.74080414,-0.67489713,76.03862,2.721297,-0.0822333561,-0.2602691208,0.613896086,2265.640014,59,81.08352537,4420.733918,2114.411847,19.83263099,1198.952429,941.0708526,1133.627274,692.3590733,584.4602325,3600.91158,0,0,3,14.206347,0.9893273624,0.1243526,29.79591179,30.077581,-0.28166961563964676
134.24638,895,40,0.07535709,0.21014181,-0.30885428,1.5419455,0.66460466,0.3569027375,-0.08785040268,0.38421137,53.5119673,96,23.06456541,4658.911678,2470.222476,130.9389464,293.6124379,780.3786577,3162.207491,1218.972148,245.8492403,9940.869626,0,0,0,8.638344,0.9878230501,0.2141865,34.70418851,34.4448,0.25938717943359535
68.713486,868,40,0.09750659,0.47173554,-0.5490605,62.829857,2.5531557,0.2062603332,-0.169040791,0.64656709,2109.053594,123,85.70355657,2306.553468,1773.38772,1265.405611,121.4533161,5688.092505,401.3342598,1828.97922,208.1480349,3868.778446,0,0,0,26.666582,0.9887099217,0.1295386,33.56769686,33.026432,0.5412648226464825
180.0,858,10,0.08755761,0.27711418,-0.34052157,71.33132,0.92740995,0.3148261264,-0.0998336461,0.42807918,2445.262903,133,31.79194142,6170.463725,2171.371014,1190.625366,331.6152902,5470.589599,612.5952565,1976.718327,347.7057837,3930.980577,0,0,0,17.157347,0.9886709064,0.173845,34.28035403,34.370148,-0.08979367507812697
27.172916,863,50,0.09182644,0.2755102,-0.3858947,71.5084,1.0424403,0.3320906064,-0.1034270444,0.47772114,2538.590188,128,37.00724274,964.6544731,3088.017269,369.7451326,814.7816921,1366.908306,432.9310282,926.3884944,116.2372527,1829.889592,0,0,0,16.513582,0.9879990054,0.191941,35.50058717,35.441803,0.05878419148437786
126.14889,875,40,0.117484175,0.32168245,-0.47944298,4.195668,2.3571546,0.3640860388,-0.09756587233,0.596927155,162.0777506,116,91.05637418,4873.104433,4073.929713,78.03147159,579.0915714,2361.546831,3343.233035,1245.825899,802.2012362,10073.21833,0,0,1,6.634937,0.9878396019,0.1915233,38.62978448,38.650112,-0.020327672099611505
180.0,875,40,0.028160576,0.41084373,-0.50650156,3.3901985,3.7047918,0.06837684769,-0.139018139,0.534662136,119.2937568,116,130.3636149,6333.810901,1948.887199,0.0,287.8617477,2588.052037,3079.616196,1362.447412,962.0291246,10054.4672,0,0,1,6.634937,0.9882200795,0.1705479,35.18783834,35.18771,0.00012853165038961833
115.966705,870,40,0.01310717,0.3943355,-0.49010476,3.3633425,2.117326,0.03315454848,-0.1340859973,0.50321193,118.4924518,121,74.59458828,4085.572375,1736.387511,0.0,191.622516,2591.257761,2992.935413,1388.556376,1028.351103,10050.10122,0,0,0,6.634937,0.9882951716,0.1470036,35.23056359,35.107216,0.12334770865234645
45.753944,863,40,0.03397067,0.21873537,-0.27611575,73.83146,1.9931105,0.1545980968,-0.08716852473,0.31008642,2450.340396,128,66.14794251,1518.495466,4396.389672,349.9042739,617.6205733,1571.857702,267.4447583,1064.378064,153.1375083,1788.696387,0,0,0,16.513582,0.9879246621,0.1996257,33.18829664,33.19582,-0.0075232147363308854
180.0,907,20,0.05393457,0.43662727,-0.5155807,108.517136,0.46373534,0.1232431654,-0.1470876233,0.56951527,3761.548179,84,16.07453798,6239.371009,1227.017169,57.89113562,120.9484313,1760.006149,859.2643643,102.5212341,361.559017,4206.851928,0,0,3,27.350466,0.9880436592,0.1902308,34.66317227,34.770153,-0.10698077565429998
217.59636,904,10,-0.02090171,0.48343372,-0.5302952,79.6654,2.3398767,-0.04314668682,-0.1472118098,0.50939349,2791.135959,87,81.97930339,7623.648721,1894.006224,247.7680139,281.9844477,1565.608641,863.180809,291.8562889,383.1555913,4382.071647,0,0,1,27.346863,0.9877567616,0.2266356,35.03573645,34.738636,0.29710043315429857
112.657524,895,40,0.11297798,0.25491804,-0.23517548,2.5627754,3.6067467,0.4414615711,-0.05159529913,0.34815346,97.02416761,96,136.5478989,4265.103564,2262.490982,17.09782848,297.1547735,505.0732297,1782.933239,0.0,481.0052699,7794.562668,2,0,1,29.216866,0.9873597755,0.2222419,37.85902097,37.803135,0.05588605178711248
45.75401,864,10,-0.18789884,0.72596157,-0.6505747,70.00925,1.3290397,-0.2584714898,-0.237340779,0.46267586,2156.700524,127,40.94231287,1409.495136,0.0,1205.147669,118.9145695,5681.617643,465.3974138,1639.91353,367.383062,3584.136391,0,0,0,23.30698,0.9890105149,0.1437597,30.8059367,30.821373,-0.015436285839843578
314.246,861,50,0.009051555,0.28600612,-0.3305152,72.14327,0.66460925,0.03153784665,-0.1079060611,0.339566755,2356.584413,130,21.70968684,10264.9523,5314.979509,211.40955,535.3227719,1684.292452,174.9432283,1189.495235,266.2018203,1820.686469,0,0,0,11.798251,0.9872415307,0.2302066,32.66533958,32.81087,-0.14553154426757686
194.39526,885,50,0.086687826,0.25355342,-0.3551425,74.85014,1.9143964,0.3405486597,-0.09382080126,0.441830326,2671.16716,106,68.31881404,6937.358228,5572.260362,27.82334099,100.9081477,2044.873477,1061.395055,742.7158007,132.609936,2402.622726,0,0,2,9.691392,0.9880274166,0.1867707,35.68686926,35.654804,0.03206503026367358
225.75401,906,50,0.025980819,0.35945484,-0.4063444,78.44482,1.3290397,0.07207787528,-0.1195180976,0.432325219,2685.496501,85,45.4986252,7728.510358,1774.654094,191.3146585,238.6618028,1576.701803,764.7362803,281.6841154,477.2107184,4340.284876,0,0,1,25.58982,0.9876932876,0.1807153,34.23421076,34.32562,-0.09140798389648097
64.03345,897,40,0.12244898,0.30760235,-0.40232047,1.4648688,1.0590303,0.3967856369,-0.09151185436,0.52476945,54.88520274,94,39.67938475,2399.183385,3469.338069,124.2698686,559.3329974,1379.915737,3601.714846,611.4445576,521.6768911,9954.863884,0,0,0,7.283702,0.987209489,0.3206176,37.46765768,37.26214,0.20551931330078332
11.603568,871,20,-0.1896719,0.6715767,-0.67523235,96.660645,2.3657591,-0.2820078364,-0.2545451425,0.48556045,2920.729778,120,71.48455353,350.6172196,1738.693003,767.4446335,0.0,5253.655028,492.6213487,1143.650403,231.3725063,3186.416517,0,0,0,38.590157,0.9896503451,0.1713701,30.21632825,30.087877,0.1284509764404298
180.0,931,50,0.044389643,0.29023308,-0.34899914,377.46216,1.8543341,0.1524196461,-0.104754086,0.393388783,12811.80933,60,62.93975248,6109.554609,4559.381987,107.4129852,82.78950388,1605.397704,495.8548318,266.4630647,150.9652168,4244.431127,1,0,4,45.23672,0.9874710012,0.2126995,33.94197005,33.67617,0.26579970087890814
180.0,890,40,-0.035483308,0.43230173,-0.4869478,1.430857,1.3909631,-0.08189052926,-0.139828502,0.451464492,49.46843919,101,48.08920355,6223.067053,2933.498526,14.45679615,182.9567427,973.8956786,3762.00258,1035.946342,382.7636217,10328.97649,0,0,0,6.57612,0.9876392056,0.2521735,34.57259474,34.482002,0.0905924816992183
134.24573,887,40,0.07847987,0.25397795,-0.29437777,1.3777319,1.9931221,0.3077908109,-0.1035766975,0.37285764,43.3087989,104,62.65349899,4219.994705,1342.006226,27.67902377,1.302715165,710.9178895,3761.087329,1319.259849,414.2040554,10488.30728,0,0,0,6.57612,0.9878791397,0.1905678,31.43485238,31.855696,-0.42084334448730587
134.24573,864,20,0.14329797,0.4169059,-0.52488846,3.3255897,1.3290459,0.3428953025,-0.1230163825,0.66818643,123.4880971,127,49.35105169,4984.905307,51.75086237,0.0,164.7326858,2935.266166,3037.364023,1609.422984,978.3444377,10441.93123,0,0,0,4.6556625,0.9890288293,0.1172773,37.13269172,37.032967,0.0997251062304656
270.0,878,40,-0.028130172,0.35399514,-0.43054488,6.842498,0.95215034,-0.07924100595,-0.137923753,0.402414708,225.5472589,113,31.38545298,8899.930976,2393.67012,9.58177756,223.7237041,4136.989357,1789.010234,1648.433802,326.4069562,10696.49236,0,0,1,9.777912,0.987472452,0.2109703,32.96270732,33.172626,-0.20991917536132831
45.754333,874,30,0.088947125,0.18650873,-0.34993148,4.65801,3.3194954,0.4743625803,-0.08449078539,0.438878605,171.3643716,117,122.1215161,1683.264425,2392.675329,0.0,219.1724764,2460.775611,3496.106174,1221.845111,491.1711988,10562.15853,0,0,1,6.413787,0.9875066802,0.2271571,36.78918071,36.29255,0.4966315766992153
140.60199,855,40,0.1374896,0.23966548,-0.35068992,47.501034,2.997857,0.5712892435,-0.08469862545,0.48817952,1747.361764,136,110.2784562,5172.151438,1926.495454,529.4207009,614.70443,1271.425217,3361.442561,2394.522244,747.9327995,3956.60023,0,0,0,5.747387,0.9879938264,0.1884124,36.78576269,36.81383,-0.028068639345704582
45.754463,916,50,0.047187306,0.16944866,-0.22554997,69.60295,3.9814458,0.276841754,-0.07327158191,0.272737276,2279.075796,75,130.3682783,1498.182034,4637.82031,219.4636195,265.1337971,2276.89423,598.8503585,586.6433603,551.2002552,4823.241403,0,0,0,43.560925,0.9882927101,0.1665262,32.74395404,32.65158,0.09237322945312343
103.685265,892,40,-0.088607594,0.4967678,-0.5217391,1.2475983,1.959373,-0.1780098954,-0.1469141053,0.433131506,43.46959138,99,68.26968559,3612.666114,2125.171774,17.07081483,348.2613944,1005.801418,3965.818401,1021.577427,601.9380709,10446.59973,0,0,2,7.283702,0.9884457646,0.1885647,34.84261832,34.764706,0.07791266204101532
45.754463,876,40,0.037478376,0.40358743,-0.53713936,4.59934,1.3290504,0.09263356501,-0.1441716644,0.574617736,163.1928071,115,47.15708461,1623.450159,2022.688229,43.09785302,178.792382,2326.465664,3631.97994,1084.17133,360.775418,10668.18648,0,0,1,6.413787,0.988434273,0.1656214,35.48178806,35.42843,0.05335941009765577
219.39801,881,40,0.0022503028,0.40004858,-0.4741688,6.0638237,2.997857,0.005611047918,-0.1485066835,0.4764191028,201.9837623,110,99.8575265,7308.067929,1404.816725,11.5304429,269.1466634,4348.539751,1986.812788,1861.436427,539.2469521,10911.97958,0,0,1,9.777912,0.9875614013,0.1698752,33.30963635,33.324387,-0.014750246679689383
122.997086,877,20,0.11495674,0.410242,-0.5360098,51.07891,1.7025783,0.2795355046,-0.1355578448,0.65096654,1850.780581,114,61.69080067,4456.645967,3150.153982,714.8890571,478.6250754,3952.160583,361.1521284,3244.125298,495.3691031,4640.006393,0,0,0,7.5489416,0.9886940647,0.1649123,36.23375246,36.04527,0.18848344754882618
161.1075,869,10,-0.010484274,0.6031683,-0.57939917,56.750996,1.4701303,-0.01735323419,-0.1707045399,0.568914896,1941.467726,122,50.29357599,5511.533429,3100.529663,422.3638165,101.2651104,3583.711797,747.5674791,3633.864235,255.4742634,4991.540111,0,0,0,7.5489416,0.9886717337,0.1289307,34.21028462,34.072464,0.13782063074219053
111.28594,859,10,-0.038997777,0.65231365,-0.633418,70.05298,2.5532205,-0.05969227338,-0.216662829,0.594420223,2235.387591,132,81.47315678,3551.129578,945.4655023,272.9865619,43.57455292,3310.591332,1039.063832,3926.183284,360.0717189,5258.735475,0,0,0,7.8450694,0.9890648844,0.1511745,31.90995716,31.68586,0.2240974798242199
270.0,863,40,0.18913159,0.31965318,-0.46769527,44.86202,2.854376,0.5898322605,-0.1033331094,0.65682686,1695.058692,128,107.8492419,10201.63262,1418.131988,496.0604675,118.2529306,1306.498411,3668.936467,2820.842685,1000.567885,4173.512224,0,0,0,4.954461,0.9879374951,0.1808873,37.78382453,37.7886,-0.00477639163086252
64.03385,883,50,0.010129732,0.3859169,-0.40514633,6.911801,2.1173685,0.02618063982,-0.1285596276,0.415276062,228.8475344,108,70.10539809,2120.140422,2961.917376,0.0,272.17451,2024.115739,3931.969808,842.8731976,54.1175908,10792.80722,0,0,1,5.405346,0.9875717765,0.2254046,33.10968218,33.092182,0.01750002057617195
332.82642,909,20,0.0016474464,-0.017297298,0.11446664,63.819996,1.0424466,-0.1010870882,0.0447361514,-0.1128191936,1885.541827,82,30.79875884,9833.252511,3411.950728,113.5248777,0.0,2664.068909,784.4985557,847.3438312,138.6507459,4430.200208,0,0,1,27.756958,0.9869785888,0.1165586,29.54468732,31.816013,-2.2713260161816393
225.75465,893,40,-0.040172167,0.41497925,-0.53398573,35.77812,2.6566815,-0.09657252615,-0.132863241,0.493813563,1303.468383,98,96.78821409,8224.692872,540.6387502,0.0,410.4435166,295.7020226,4178.347119,1722.657911,728.7517176,10981.53594,0,0,1,3.9993675,0.9885110378,0.1792448,36.43199762,36.687405,-0.2554070125683623
27.173597,878,40,0.12200068,0.19640802,-0.28264627,1.4316837,2.0842037,0.6180127839,-0.08364271245,0.40464695,48.88777668,113,71.16941056,927.8982094,2809.407784,2.145689245,348.2036469,1889.356146,4067.49136,711.4051831,86.19222863,10901.89452,0,0,1,5.405346,0.9873529646,0.245963,34.14705125,34.356983,-0.20993193481445616
90.0,871,40,-0.030838594,0.49242818,-0.52956915,4.583474,0.9521632,-0.06249864773,-0.1472155252,0.498730556,160.4992219,120,33.34183911,3151.524361,382.0989506,0.0,83.97953961,2322.759436,3665.720863,985.0962499,438.4827658,10859.88685,0,0,0,4.839866,0.9883124422,0.2129627,35.01693734,35.003788,0.013149345615232733
18.892582,878,40,-0.06441166,0.4482252,-0.5350285,4.2105055,1.470131,-0.1433838974,-0.1669642549,0.47061684,140.4806725,113,49.04992799,630.3382397,727.9970182,0.0,426.1954997,4370.283556,2185.163911,2031.953245,636.5647701,11065.02522,0,0,0,8.619318,0.9883846044,0.1884635,33.36432467,33.32065,0.043676476640627016
207.1736,884,40,-0.05963612,0.46962616,-0.53977966,4.243523,1.0424466,-0.1267165429,-0.1589175822,0.48014354,145.215643,107,35.6730842,7089.592192,821.3383867,11.7652998,138.8638561,4561.035655,2179.249822,2076.221362,757.0794362,11127.70374,0,0,0,8.619318,0.9876644924,0.1693248,34.22053868,34.34233,-0.1217922526171904
115.96605,885,40,-0.05301966,0.52079105,-0.5640156,5.471349,1.0590496,-0.1016109034,-0.1809589408,0.51099594,180.2195675,106,34.88380303,3819.780345,525.4591976,0.0,59.79089695,4704.776768,2188.131565,1927.793559,705.5516451,11197.67555,0,0,0,8.385028,0.9883930843,0.1859628,32.93878118,33.051815,-0.11303385295898494
270.0,848,10,-0.009005481,0.44167832,-0.49131945,49.27149,0.4761177,-0.02034317154,-0.1386080718,0.482313969,1715.484638,143,16.57698195,9400.585456,1304.328192,437.3110697,1001.353071,877.9190146,3029.803305,1895.198886,191.3360203,4296.242601,0,0,0,5.4365315,0.9884065847,0.1698467,34.81698317,34.600517,0.21646589705078156
161.1073,903,40,0.117685094,0.23736115,-0.39626503,0.89717406,1.4701321,0.4937259868,-0.09436542814,0.513950124,33.15042689,88,54.32112772,5952.886968,1586.322581,0.0,768.9512623,783.8677182,4378.606686,1130.873408,604.0584383,10691.73734,0,0,2,5.0062604,0.9880321444,0.1709567,36.94982765,36.77421,0.17561576645508126
302.99667,896,40,0.022238163,0.46009642,-0.5165508,32.33397,1.7025971,0.04822887803,-0.1379538816,0.538788963,1149.366916,95,60.52176016,10770.54095,1609.303519,0.0,688.5225659,394.7285009,4466.989429,1779.996591,438.8529106,11177.94105,0,0,2,3.9993675,0.9883071422,0.1673892,35.54673044,35.664246,-0.11751516546875251
27.17386,869,40,0.09543569,0.29732203,-0.42555332,4.87068,1.0424491,0.3199082884,-0.1215390903,0.52098901,168.7583035,122,36.11855873,941.5142268,982.28146,26.91736067,160.6379102,1939.253226,4078.901377,568.1380728,391.6566052,11179.64943,0,0,0,5.405346,0.9875481266,0.249122,34.64779118,34.753365,-0.10557338298828256
0.0,878,40,-0.05732484,0.47365406,-0.5288176,5.064121,2.3174627,-0.1207718312,-0.1414349222,0.47149276,179.9177431,113,82.33465567,0.0,1035.696168,0.0,224.0523127,4605.135626,2483.516239,2329.459145,694.7536143,11357.41432,0,0,0,8.619318,0.988628494,0.1797349,35.52793133,35.438534,0.08939754704101688
270.0,883,40,-0.104933985,0.49085796,-0.5592057,4.0006447,1.9038223,-0.213342049,-0.1589420413,0.454271715,138.8801507,108,66.0901299,9372.899494,965.8381612,0.0,252.0919894,4786.536123,2477.435726,2343.464907,909.3238504,11418.48793,0,0,0,8.619318,0.9885743123,0.1765701,34.71444257,34.680256,0.03418668010742465
225.75497,885,40,-0.011331445,0.39760214,-0.49528795,5.1958284,1.9931474,-0.02842795826,-0.1422059479,0.483956505,179.6421493,106,68.91168363,7805.320906,982.411824,0.0,177.2170163,4849.415744,2476.208725,2283.119853,989.7539145,11440.43557,0,0,0,8.385028,0.9885796246,0.1986044,34.57430375,34.220863,0.3534404077148423
90.0,923,40,0.08242834,0.309784,-0.40054348,71.485825,3.3291717,0.2652271031,-0.1036834811,0.48297182,2569.552959,68,119.6668429,3235.043679,5351.865891,0.0,252.305839,2262.949034,1149.762016,652.6566135,624.1556064,4590.814433,0,0,3,21.74431,0.9879745946,0.1998142,35.94492977,35.909508,0.03542201853515792
120.301636,906,40,0.15833583,0.23090392,-0.4049463,1.0440713,2.7552423,0.6827647847,-0.08946928265,0.56328213,39.4490068,85,104.1035916,4545.455905,1211.647065,0.0,850.895088,586.7287799,4561.431388,1408.143176,327.2222496,10960.83839,0,0,2,4.580824,0.987919077,0.2193107,37.78382453,37.73066,0.053165045136715605
270.0,897,40,0.047519427,0.2895003,-0.39627603,33.2525,1.9038266,0.163577893,-0.1045756598,0.443795457,1187.132251,94,67.96764024,9639.146162,2143.939422,0.0,787.8764453,382.5793069,4566.173291,1836.947053,378.8411558,11261.90719,0,0,4,3.9252238,0.9877518571,0.2146824,35.70054134,35.46574,0.23480113614257903
198.8929,862,40,0.12196021,0.35590327,-0.5324759,33.57189,1.4701338,0.3417178274,-0.1489054504,0.65443611,1172.888158,129,51.36149691,6948.644449,1297.740204,73.1793744,87.36781815,772.07359,3728.093937,2709.712008,991.9285277,4746.03481,0,0,0,4.753195,0.9879697051,0.1890112,34.93661387,35.182102,-0.24548833336913845
319.44986,918,40,0.09318996,0.2399198,-0.3692497,72.916885,3.656958,0.3868090543,-0.1144756421,0.46243966,2440.050335,73,122.3744211,10689.89354,3572.956133,0.0,274.4352717,1482.54426,988.5823547,73.13308787,534.6578003,3709.929949,0,0,3,27.766922,0.9875583518,0.2465605,33.46344725,33.42292,0.04052702294922028
314.2448,877,40,-0.069690995,0.53599244,-0.56067145,6.2188916,0.6646231,-0.1297802163,-0.1943282507,0.490980455,197.0735335,114,21.06157032,9958.258978,904.0977843,0.0,93.87905712,4655.183524,2690.841938,2521.902614,417.9178376,11516.43285,0,0,0,6.7464333,0.987843365,0.1644623,31.68949487,31.806616,-0.11712095946777268
244.03445,883,40,0.052960474,0.37460318,-0.48614857,3.8819983,3.174317,0.1410011332,-0.1348023729,0.539109044,136.0683787,108,111.2633583,8553.680191,1195.508917,0.0,42.86445756,5019.646058,2775.659652,2581.617679,772.0958406,11709.65332,0,0,0,6.4844685,0.9879932705,0.1910955,35.05111754,35.07365,-0.02253282010742197
191.60405,877,40,0.17626907,0.18876405,-0.3697566,48.97224,2.3657632,0.9288854765,-0.07687354796,0.54602567,1881.325321,114,90.88353343,7360.691502,5693.31743,0.0,225.734737,3591.748075,2217.802163,670.1166632,422.2441577,3016.486471,0,0,1,6.3217983,0.9876959769,0.2110994,38.41615823,38.23632,0.17983773439453188
283.68484,916,40,0.11988261,0.1888999,-0.3585504,78.57336,1.9594314,0.6312936974,-0.1016321826,0.47843301,2730.584612,75,68.09423994,9858.627131,2335.484516,70.88089008,269.2334698,1431.596563,837.8591831,189.911054,449.3721384,3485.088081,0,1,4,27.766922,0.9878667225,0.1996624,34.75204079,34.77115,-0.019107891640622654
332.82584,919,10,-0.10554645,0.46072975,-0.47625,463.8578,1.0424521,-0.2285892343,-0.1737441465,0.37070355,14289.57402,72,32.11371341,10253.01176,7841.130046,0.0,475.9557555,734.6238924,382.8114991,700.4633531,470.885392,2142.694367,2,0,11,49.295982,0.9892931486,0.1611086,30.8059367,30.467003,0.3389338313476564
217.59787,902,50,0.12717903,0.14655516,-0.27530453,91.60655,2.3399236,0.8619083873,-0.07695906649,0.40248356,3200.892335,89,81.76100416,7603.248394,6481.706516,115.3620637,12.71001494,2762.069911,1615.975041,893.8187561,246.1821982,4641.133907,0,0,3,16.709635,0.9878255877,0.1789616,34.9417409,34.7668,0.17494097324218671
252.01364,925,50,0.073199295,0.2416318,-0.3288553,109.17875,1.501468,0.3016887935,-0.1090791848,0.402054595,3538.745982,66,48.66619056,8168.368442,5749.80488,152.957864,623.4373292,1125.698609,483.889189,254.3406487,435.5994415,2988.757114,1,0,0,41.441105,0.98820156,0.1634434,32.4124061,32.65226,-0.23985372666015792
0.0,917,50,-0.099664055,0.41254315,-0.43148687,493.2164,2.7802885,-0.2410003769,-0.163799746,0.331822815,14839.97026,74,83.65374438,0.0,7697.637518,0.0,613.2055823,851.6247035,335.0783866,639.4140713,418.8529219,2026.43957,2,0,14,49.295982,0.9887236964,0.1588574,30.0881525,30.496326,-0.4081739465332035
55.173943,900,50,0.020075964,0.30084035,-0.34375,65.10848,4.0534244,0.06651186298,-0.1184166795,0.363825964,2069.931106,91,128.8666123,1754.091953,4621.068311,0.0,249.0261363,780.7065085,531.6545967,1067.588255,105.0548874,5725.042146,0,0,3,27.706112,0.9877990009,0.1988472,31.79203547,31.85935,-0.06731473446777514
72.01371,914,50,-0.008462624,0.2809794,-0.3265306,462.58673,1.5014741,-0.03001149729,-0.1159137115,0.318067976,14470.98525,77,46.97023964,2252.786922,6819.383239,8.345431715,498.0594677,864.0752779,437.6608858,546.8289305,381.0916511,2202.707116,2,0,18,49.643528,0.9872616076,0.2125805,31.28275049,31.456116,-0.17336523265624848
50.935905,923,50,0.11880661,0.17221828,-0.2667858,145.88872,3.6743681,0.6858780147,-0.07312058008,0.38559241,5136.251273,68,129.3621456,1793.281941,6119.297344,60.92846652,735.2403884,1614.248003,430.9260868,60.92846652,190.9072168,4551.343065,2,0,4,39.857647,0.9873058029,0.236078,35.20663745,34.636356,0.5702810962402367
37.59799,920,10,0.12906933,0.15294912,-0.34982193,77.820625,2.3399277,0.8383895277,-0.1064433055,0.47889126,2625.824765,71,78.95387761,1268.631976,4032.172207,0.0,574.8066463,1374.839285,722.8913966,306.609349,109.4712991,4843.197697,2,2,1,39.857647,0.9887303782,0.1279077,33.74201588,33.85744,-0.11542506848633138
115.96523,886,10,0.16598554,0.1751938,-0.36506304,43.4176,2.1174378,0.94206232,-0.08028437445,0.53104858,1642.634812,105,80.10984124,4387.357288,5573.397022,0.0,437.2927347,3857.402904,2383.33429,448.2812696,252.5515193,3301.311692,0,0,2,5.8467984,0.9887454364,0.1590259,37.83338582,37.95385,-0.12046397248047214
225.75569,893,40,0.16565424,0.15133666,-0.30107528,65.54603,3.319576,1.08742203,-0.07167599311,0.46672952,2422.138549,98,122.6691074,8342.405474,3030.961033,95.77967412,113.0832429,2853.778103,2108.493293,782.05556,345.9565268,4350.478395,0,0,1,9.624643,0.9880074374,0.2005214,36.95324567,37.16683,-0.21358248551757697
270.0,915,50,0.043950852,0.15369262,-0.20740077,420.15463,1.428132,0.284117316,-0.0726011499,0.251351622,13244.11924,76,45.01759388,8510.94321,7218.148885,18.37894222,731.085722,786.7275066,109.1784793,355.3813084,90.81585636,1706.841471,6,1,35,46.26079,0.9872598535,0.1648596,31.52201189,31.660374,-0.13836179774413893
291.28516,920,50,-0.09252752,0.41892302,-0.43243244,419.64993,2.5533104,-0.220344005,-0.1482959689,0.33990492,13373.08164,71,81.36693466,9282.451746,6157.551432,0.0,815.9846313,804.9108386,194.3082599,258.6071764,49.17821995,1610.026805,5,1,24,46.26079,0.9883972446,0.1403796,31.86723191,31.524538,0.3426938698388682
161.10678,923,50,-0.07317073,0.36582536,-0.40077358,450.99603,1.4701366,-0.1994702057,-0.132383242,0.32760285,14647.92599,68,47.74865115,5232.59637,3938.056421,0.0,856.2077866,837.5801915,305.1129203,65.0588408,218.5422399,1416.666029,3,1,6,42.13151,0.9878367157,0.1459632,32.47905749,32.03808,0.44097918189453367
45.75569,915,10,0.12950876,0.14972776,-0.3091097,70.40519,5.302086,0.8592230124,-0.08160549089,0.43861846,2513.142427,76,189.2601565,1633.268312,3500.357217,0.0,566.2976287,1438.724873,725.4534936,340.5322365,207.7708176,4838.231668,2,2,1,39.857647,0.9888688523,0.1607793,35.69541431,35.344746,0.35066867401366864
295.96512,913,40,0.072502956,0.31859684,-0.39964294,58.30105,1.0590844,0.2268575497,-0.1055064215,0.472145896,2081.080134,78,37.80445645,10564.59758,4040.958352,70.5748073,323.97834,2526.360263,1925.943202,1088.573262,557.1281184,4765.764706,0,0,3,11.273411,0.9880049101,0.1926609,35.69541431,35.584194,0.11122012665038739
57.004097,918,40,0.11202026,0.23155904,-0.33313835,72.82526,3.4022627,0.4816852529,-0.09189342247,0.44515861,2557.709571,73,119.4915043,2002.051548,4012.155534,0.0,692.4437248,1651.521359,553.3423705,280.2062954,341.2423701,4640.398915,2,1,1,39.857647,0.9881173238,0.1409428,35.12118695,34.865486,0.25570080498047076
145.60869,913,40,0.18274543,0.32895645,-0.4507733,1.9092361,1.6854538,0.5538471213,-0.1080447804,0.63351873,70.40237708,78,62.1504873,5369.266745,2124.908732,85.84134279,573.04724,1506.470471,741.4655252,397.105438,306.8079415,4835.306028,2,1,2,39.857647,0.988101452,0.1420953,36.87463121,36.778954,0.09567765775390313
244.03487,916,40,0.15939447,0.3582734,-0.48020384,2.0511377,1.0590844,0.4436578661,-0.1288559614,0.63959831,72.78504398,75,37.58182819,8659.627653,1292.55562,69.68787018,476.2421213,1438.374739,836.6992343,475.1674763,328.7423265,4932.760779,0,1,2,25.685581,0.9878273472,0.1461463,35.48520608,35.53051,-0.04530386873047121
220.55078,902,60,0.12289318,0.06505828,-0.20985374,3.0751328,3.6569927,1.860375111,-0.05798252804,0.33274692,107.9339933,89,128.3566764,7741.105171,808.1781396,0.0,302.3428476,1056.994312,718.5127718,1259.219549,522.1374103,6004.804653,0,0,0,11.17619,0.987396707,0.2570344,35.09896982,34.9176,0.18137109563476628
90.0,887,40,0.19576186,0.16719551,-0.38648883,43.972176,0.4761349,1.163894684,-0.07719261752,0.58225069,1706.676613,104,18.48005654,3493.13837,5691.965377,0.0,576.2733194,3992.135343,2433.95409,462.6031923,379.9083781,3467.549359,0,0,4,5.8467984,0.9879730616,0.1654942,38.81264855,38.80092,0.011729970898436193
203.75099,905,40,0.1163779,0.13190955,-0.24019271,64.0813,3.5420802,0.8756172901,-0.06244640657,0.35657061,2299.893329,86,127.1261136,7312.672227,2929.270525,3.321333308,433.2470238,2530.077501,2105.562965,1072.981808,699.3656007,4696.384543,1,0,2,11.273411,0.9878410455,0.1810532,35.89024145,36.095196,-0.2049543202636741
90.0,912,40,0.09263158,0.46300068,-0.5610286,77.10032,0.4761349,0.1996367333,-0.1820961496,0.65366018,2525.623456,79,15.59704904,2948.186351,4032.201949,142.71116,143.0684764,1471.510413,819.5459468,656.2372953,615.2949474,3450.459366,0,1,2,21.393665,0.9885234906,0.1161619,32.75762612,32.508972,0.24865395203124763
320.6006,914,10,0.014728682,0.41971517,-0.47876674,77.97936,2.997917,0.0350086782,-0.1531859027,0.493495422,2571.876763,77,98.87581881,10573.89075,4118.405926,138.5461948,317.4632336,1294.705243,951.2869241,468.1749021,809.9031805,3255.527162,0,1,0,40.920242,0.9872835362,0.2652764,32.98150643,32.769188,0.2123185027539094
0.0,913,50,0.026482306,0.17278373,-0.24222489,404.43207,0.92740995,0.1523865669,-0.08380130358,0.268707196,12828.68922,78,29.417682,0.0,7231.261282,0.0,607.4969882,590.0278741,116.22259,404.9831614,172.4222376,1696.063928,8,2,48,46.26079,0.9874476545,0.1938458,31.72025705,31.58003,0.14022660871582104
18.893333,914,10,-0.05204461,0.6125356,-0.5773339,1.9164172,1.4701376,-0.0848273678,-0.2201829555,0.52528929,57.49769416,77,44.10810031,566.8510398,2243.974229,0.0,310.334403,1394.335081,1049.249517,693.1667132,512.0904607,5126.840153,0,0,2,25.685581,0.9887188978,0.126989,30.002702,30.209305,-0.20660280957031318
225.75601,899,40,0.21731843,0.17018166,-0.4226961,68.509964,1.9931843,1.269519352,-0.09581880968,0.64001453,2569.483732,92,74.75488723,8467.036926,4961.915305,0.0,329.6277894,2610.266794,2346.333102,775.066103,576.9709939,4572.093167,1,0,0,9.624643,0.9876187817,0.2007341,37.5052559,37.67319,-0.16793517055663898
30.400618,911,10,-0.04842615,0.4123403,-0.4715378,155.20503,3.758296,-0.1171580656,-0.167804601,0.42311165,4848.609055,80,117.4092619,949.7160736,4685.381936,0.0,97.81147145,556.9465428,256.8022297,230.1124659,277.3925353,2380.70784,1,0,22,49.643528,0.9888166295,0.1391244,31.24002524,31.2567,-0.01667527574706895
270.0,886,40,0.1594203,0.29954654,-0.48536587,44.291336,0.4761392,0.5304346541,-0.1228696263,0.64478617,1604.311444,105,17.24661382,9779.883135,2843.746573,72.46821907,362.8440661,3767.472834,2373.927099,761.2554956,730.7483352,3604.95301,0,1,2,5.764942,0.9884142315,0.1371483,36.22178939,36.2352,-0.013409584609377134
332.8252,919,10,-0.0013221684,0.589923,-0.6263422,62.87676,2.0842261,-0.002237463087,-0.2039574732,0.6250200316,2056.469685,72,68.16744044,10885.49942,3250.125557,29.3412643,586.1116815,2215.539294,1783.00363,1258.486588,841.7124023,5043.360047,1,0,2,6.868572,0.9893635543,0.1281508,32.70635582,32.604576,0.10177970916015511
49.562218,911,50,0.104823396,0.11998099,-0.22346224,109.043434,4.9921217,0.8664451828,-0.07292408881,0.328285636,3562.686226,80,163.1034769,1619.305491,5653.517659,58.16406905,285.6700608,771.0417084,577.1163949,219.8921208,677.6923926,2775.842616,0,1,8,38.735565,0.9871163912,0.2018444,32.67217562,32.670006,0.002169821660153559
161.1065,906,40,0.09757009,0.37785387,-0.42755765,1.8077757,2.9383447,0.2575401698,-0.1411250734,0.52512774,58.73647744,85,95.46981806,5234.514604,1208.32643,34.30224035,137.8420829,1383.663026,1101.042534,945.7468314,291.5232792,5617.960167,0,0,1,12.909912,0.9878163289,0.1910011,32.49102056,32.58165,-0.0906292202734349
270.0,902,10,0.20042807,0.18165386,-0.40139335,71.47939,2.3793874,1.097310892,-0.08608175258,0.60182142,2723.241984,89,90.65057303,10286.53624,5260.792327,0.0,203.2470046,2518.326458,2427.941186,586.5608472,727.7035456,4663.568035,0,0,1,7.3385935,0.9884361397,0.1626548,38.09828237,38.052612,0.04567006531249973
145.60832,916,20,0.0938622,0.21671258,-0.28143135,1.7297381,1.685461,0.4311289683,-0.0872797461,0.37529355,57.87413125,75,56.39269386,4871.809797,2820.788187,0.0,308.4401391,1566.11279,1098.29631,828.8828453,354.1697879,5330.518113,0,0,1,15.549568,0.988607467,0.1389978,33.45832022,33.430927,0.027392943388669266
337.67194,888,40,0.18158413,0.2298589,-0.36671725,48.589195,2.5050707,0.7865589328,-0.08041556533,0.54830138,1839.788471,103,94.85236774,12785.66031,2857.981547,0.0,468.5459634,3961.190269,2651.584875,645.512333,709.714656,3834.572005,0,0,3,5.9677796,0.9876630005,0.2202443,37.864148,37.90973,-0.04558100390624986
341.10638,898,50,0.12003796,0.21009134,-0.37044334,70.69477,1.4701401,0.5686541191,-0.1032671414,0.4904813,2472.856334,93,51.42452911,11931.67574,4331.277737,0.0,109.1303343,2444.902335,2349.593576,548.5929331,824.4517066,4742.05545,0,1,2,7.3385935,0.9876135124,0.2318186,34.97933912,34.92496,0.05437802991210816
283.6844,900,50,0.12582144,0.2,-0.36009976,71.30052,1.959494,0.6259773134,-0.09513039982,0.4859212,2544.492335,91,69.92820619,10123.80809,4029.343455,0.0,145.2176098,2379.266477,2289.853704,640.8161563,850.9266426,4802.018083,0,0,1,7.3385935,0.9878357375,0.2423125,35.68686926,35.50965,0.17721807591797045
107.98587,906,50,0.03528154,0.23353839,-0.29274118,81.2917,1.5015078,0.1504297015,-0.09797718637,0.32802272,2623.050685,85,48.44936277,3484.395212,5084.199694,76.2836289,20.52808729,1364.316555,560.2419301,839.496855,710.2175048,3474.118554,0,0,2,19.449114,0.9875418005,0.1874391,32.26714025,32.40069,-0.13354792138672167
14.396409,902,40,-0.05595117,0.54464287,-0.51569724,78.54852,1.9144063,-0.1025417413,-0.1415057088,0.45974607,2764.221104,89,67.37036288,506.6277198,3065.740255,18.55869344,237.5394238,578.3395772,511.5216277,449.2626674,546.8314775,2717.923942,0,1,9,38.735565,0.9890688543,0.1823805,35.19125636,34.627426,0.5638302125390595
314.2436,903,40,-0.10001555,0.60144925,-0.5838746,79.76854,1.3290967,-0.1660148967,-0.1616741501,0.48385905,2797.476049,88,46.61131049,11020.49686,2429.194376,36.1476209,334.9078207,482.1096877,422.4744333,445.2754579,545.8494471,2622.214087,0,0,12,38.735565,0.9880060668,0.0732365,35.06991665,34.37389,0.6960267269043001
45.7564,919,40,0.06257669,0.34074292,-0.38573155,1.6987613,0.66463774,0.1831104211,-0.09835415235,0.44830824,61.38120763,72,24.01530287,1653.31238,2418.446572,92.72303842,490.1685192,1751.947902,962.2262922,631.4996752,297.6667666,5345.589978,0,0,3,15.549568,0.9875830487,0.1994901,36.13292087,36.095562,0.03735888879882765
115.96457,874,40,0.17006555,0.31886575,-0.4963887,32.070286,4.2292075,0.5316778992,-0.1102673837,0.66645425,1209.874572,117,159.5498903,4374.846688,2492.270155,229.546267,511.776815,1441.614418,3409.250494,3736.357529,445.6694293,5520.019398,0,0,0,6.3686905,0.9885323191,0.1695682,37.72571819,37.655342,0.07037608794922079
0.0,911,50,0.01690141,0.23290436,-0.37285754,87.46665,4.1663504,0.07225778092,-0.1017985334,0.38975895,3083.891077,80,146.8967981,0.0,2311.818947,0.0,236.0833773,798.2316315,853.2005908,948.1364258,757.6069158,878.5446585,0,1,0,35.95638,0.9875161726,0.1406946,35.25790775,34.654312,0.6035956162109386
45.75666,874,40,0.053700518,0.2887951,-0.3745,3.199665,1.9932075,0.1853051277,-0.102550483,0.428200518,112.6877234,117,70.1979787,1611.48553,1666.056902,0.0,154.3301977,2282.352103,3114.69886,1225.034805,178.7395813,12746.18258,0,0,1,6.9969835,0.9876595381,0.204153,35.21860052,35.282635,-0.06403421510741936
107.98564,885,40,0.09932623,0.41096357,-0.52521163,31.134827,1.5015262,0.2411044015,-0.1164850129,0.62453786,1175.115807,106,56.67181551,4075.681309,744.3622803,318.3608095,326.0153815,1684.895599,3375.067655,3982.533629,516.8824653,5241.573578,0,0,0,7.1158423,0.9880623499,0.1556096,37.74280829,37.70681,0.03599829244140551
90.0,876,40,0.1776406,0.2538562,-0.43592814,30.987057,0.952232,0.6970228702,-0.09714394698,0.61356874,1167.949836,115,35.8910886,3392.238419,2194.497897,362.1051641,514.2732417,1500.0619,3527.199794,3798.385327,597.9731862,5380.71062,0,0,0,5.054235,0.9876942077,0.2236819,37.69153799,37.54224,0.14929784717773487
22.328344,873,40,0.10408922,0.31874144,-0.42057177,32.047333,2.5050755,0.3255418503,-0.1327133731,0.52466099,1063.815471,118,83.1563136,741.1923416,1372.502731,5.850017531,1334.745009,5.850017531,3978.955394,2387.549811,500.2413751,5862.166559,0,0,0,4.6565094,0.9878214299,0.2058723,33.19513268,33.069725,0.12540764337890664
45.756855,888,20,-0.15258215,0.7048611,-0.6649712,39.7404,0.6646431,-0.2161645542,-0.2047265422,0.51238905,1333.9937,103,22.3105381,1535.952238,2227.540744,356.7438656,1152.892856,3117.464421,2525.175503,4521.35381,189.738553,4252.23046,0,0,0,13.364658,0.9892856278,0.1341355,33.56769686,33.41384,0.15385561244140433
314.24313,860,40,0.08625968,0.41613173,-0.5237237,31.18562,1.9932144,0.2067924202,-0.1354219035,0.60998338,1121.391293,131,71.67320301,11299.7436,338.2702486,525.1558514,1107.19314,963.8647639,4060.290859,3293.699478,570.5631287,5754.311182,0,0,0,4.627477,0.9879417621,0.1615466,35.95860185,35.846874,0.11172761293945399
90.0,875,40,0.06941901,0.29009923,-0.4173428,3.3309705,0.47615102,0.2384719808,-0.1109439398,0.48676181,118.6043536,116,16.9540931,3204.589121,1104.895428,0.0,159.1364028,2175.393324,2861.596129,1310.122008,209.9532884,12956.70761,0,0,1,6.3982935,0.9876513981,0.2259345,35.60654579,35.547066,0.05948005513671717
68.71571,873,40,0.07171854,0.36449528,-0.48847303,30.715946,2.5534103,0.1962228897,-0.1263413838,0.56019157,1104.397485,118,91.80833673,2470.685985,2299.528085,346.0832496,1358.375846,346.0832496,4332.026251,2740.95969,467.6440908,6209.654229,0,0,0,4.9367714,0.9882360499,0.1855694,35.95518383,36.15776,-0.20257679011718466
115.96422,903,50,-0.084859155,0.5125184,-0.58691734,68.876335,4.2292614,-0.1652504662,-0.2147379357,0.502058185,2118.268706,88,130.0695235,3566.4409,1361.680354,0.0,191.7244191,445.5891683,444.003621,852.4997203,473.9801288,1357.549723,0,3,0,35.95638,0.9893729544,0.1872559,30.7546664,30.756683,-0.0020169496093735972
257.33325,911,10,0.08141494,0.105156496,-0.18924157,94.881035,6.318819,0.7669331889,-0.05642850478,0.27065651,3229.529796,80,215.077905,8759.02543,3060.224192,41.020852,222.938184,196.7115248,189.995656,567.0485815,179.4937107,1635.045196,2,2,2,38.816593,0.9872276865,0.2161601,34.03767461,33.77955,0.25812596498047213
90.0,873,40,-0.09861999,0.57719254,-0.59452856,3.3726614,0.47615427,-0.1705660021,-0.1752877112,0.49590857,115.3451229,118,16.28449059,3078.00275,1162.345189,0.0,93.89156533,2329.790735,2708.71955,1531.110913,416.1566165,13148.92383,0,0,1,6.9969835,0.989076892,0.1986715,34.20003056,34.142963,0.05706715057617373
134.24295,872,40,0.054948747,0.368037,-0.48429665,3.1861138,1.329112,0.1488976634,-0.1315925029,0.539245397,112.5371752,119,46.94575252,4741.614181,1189.468209,0.0,86.10279443,2425.416412,2746.597958,1570.98225,445.5014302,13143.41833,0,0,1,6.9969835,0.9882298589,0.1810405,35.32114112,35.160374,0.16076743225585943
217.59949,864,40,0.05668576,0.5244175,-0.58829397,24.224329,2.3399746,0.1078870803,-0.1749213809,0.64497973,825.533419,127,79.74327099,7415.505749,205.2319431,776.9364665,1198.420071,1055.739845,4233.291629,3428.871724,320.3435275,5571.5158,0,0,0,3.335133,0.9892467348,0.1454491,34.07869085,34.165737,-0.0870463020996084
103.68401,910,50,0.044259142,0.23310345,-0.2964037,80.91409,1.9595482,0.189058051,-0.1009994652,0.340662842,2587.081616,81,62.65300795,3315.108607,4849.950762,0.0,463.9004556,418.9662606,590.3938859,148.0156814,429.0251089,2239.86158,0,0,7,28.483475,0.9881903013,0.1844395,31.97319053,31.90517,0.06802008932617198
189.71103,890,40,-0.021513639,0.52991945,-0.58038634,30.07511,2.8206415,-0.04052147459,-0.1413406403,0.558872701,1103.406136,101,103.4846801,6960.184501,2194.190487,966.8480548,1257.181895,3788.342112,2703.889074,4178.275573,297.9023096,3618.318309,0,0,0,5.1865134,0.9884434616,0.1521239,36.68834912,36.78669,-0.09834063830078321
39.400734,867,40,0.13587072,0.30633238,-0.44729346,22.414402,2.997974,0.4420969896,-0.09163820105,0.58316418,864.3695675,124,115.6112704,1519.415749,1409.376542,465.0003634,848.3626284,1549.795314,3922.50394,3905.668873,723.3331377,5125.337487,0,0,0,3.465759,0.9881669529,0.1823812,38.56313309,38.58479,-0.021656186123045984
180.0,864,40,0.025898414,0.50123763,-0.57942706,24.713556,0.92740995,0.05156605649,-0.1763888898,0.605325474,833.7162561,127,31.28634145,6072.332371,558.0388441,763.001781,1212.708045,1001.388661,4371.048437,3394.94731,181.1184521,5592.194291,0,0,0,3.335133,0.9885135414,0.1529152,33.73517984,33.82325,-0.08806997689453056
53.854378,900,80,-0.04398278,0.2873298,-0.30662918,100.237076,2.3573382,-0.1525433028,-0.09723367773,0.2626464,3319.845566,91,78.07489088,1783.653566,2761.711193,0.0,0.0,633.7547509,438.2340861,808.1734531,610.4522683,1536.374514,0,3,1,37.84991,0.9870601263,0.0366243,33.11993624,30.612556,2.50737978248047
122.994606,874,40,0.13889281,0.2555739,-0.4484401,3.2309232,1.7026918,0.5413364726,-0.1239038707,0.58733291,113.4020759,117,59.7627281,4316.983964,1775.519235,24.29516236,221.6093999,2391.16426,2565.874712,1752.230119,632.7886028,13342.04904,0,0,0,4.4056664,0.9883760914,0.2179354,35.09896982,35.182545,-0.08357488825195247
0.0,867,40,0.08230842,0.32362974,-0.4219399,3.1154747,0.0,0.2535455316,-0.1023232305,0.50424832,114.4560304,124,0.0,0.0,1010.07066,4.408133229,227.6876097,2874.587876,2811.036091,1993.439054,901.0570617,13325.60397,0,0,0,3.609509,0.9886433301,0.1475005,36.73791041,36.585625,0.15228571517577905
36.2572,872,20,0.040150095,0.46548268,-0.5349535,22.189152,4.0191116,0.08606985151,-0.1372511663,0.575103595,800.0524067,119,144.9131498,1307.290162,590.2336353,338.4818354,860.1982097,1673.315758,3920.473734,4037.866861,658.4870759,4987.069979,0,0,0,3.465759,0.9886816068,0.1433335,36.05601542,36.22101,-0.16499288078124863
256.31607,864,40,0.12768193,0.33870596,-0.4670704,23.473873,1.9595608,0.3758601409,-0.1333141793,0.59475233,813.5184353,127,67.91119795,8882.975903,571.7650753,694.2171246,1125.967625,1047.392164,4432.115064,3447.881943,130.416681,5535.507742,0,0,0,3.335133,0.9881633145,0.1994404,34.65633623,34.765114,-0.1087776005664054
270.0,918,50,0.07989883,0.16613238,-0.32306376,86.013306,1.9039812,0.4780571545,-0.09411203411,0.40296259,2956.357454,73,65.44160752,9280.151521,2807.491757,0.0,716.317056,653.3593666,783.9185189,166.2524589,550.1434039,2511.816708,0,0,3,29.86028,0.9877336645,0.2384114,34.37093156,34.335243,0.03568833490234624
194.39688,897,50,-0.026962252,0.3040832,-0.33941132,70.014755,3.8245556,-0.08837671822,-0.1117672609,0.312449068,2277.483274,94,124.4075111,6323.462002,3340.930305,0.0,109.779948,768.0663106,547.2583728,816.0785018,737.4998985,1574.407869,0,3,1,37.84991,0.9879300749,0.1757623,32.52861878,32.207058,0.3215608271191428
180.0,865,20,-0.008777563,0.5690976,-0.61535823,23.466711,1.3909631,-0.015396597,-0.1877823997,0.606580667,790.8115141,126,46.87446976,6065.872313,0.0,710.1275533,948.7291535,1265.953145,4345.688306,3665.617903,329.3566455,5318.55415,0,0,0,3.335133,0.9877884177,0.1432127,33.69929063,33.80308,-0.10379088245117174
90.0,877,40,0.16106805,0.3183541,-0.46290177,27.86918,0.9522578,0.5043556666,-0.1189119084,0.62396982,1004.422925,114,34.31997516,3243.65709,697.7629756,8.39477906,1295.692651,623.8396756,4436.800189,2821.215156,303.8249385,6230.418977,0,0,0,4.3517995,0.9880380096,0.179019,36.04063433,36.171734,-0.13109952620116871
59.700504,875,40,0.17631058,0.11797281,-0.33640924,3.4572961,2.7554183,1.481940117,-0.07297523568,0.51271982,131.3034443,116,104.6470718,2267.344646,2821.439899,35.27492158,340.4652374,1882.564785,2204.448774,1823.015298,863.1951352,13003.33437,0,0,0,4.5051765,0.9875642834,0.2557713,37.97865167,37.28925,0.6894022498339822
72.01481,872,40,0.12346079,0.2596042,-0.42218718,3.399772,1.501563,0.4737482742,-0.1136450518,0.54564797,120.5021642,119,53.22168403,2552.506597,1584.76524,0.0,191.015275,2269.379257,2344.37967,1904.751159,810.0688471,13248.76553,0,0,0,4.4056664,0.9879877177,0.2003946,35.44418984,35.35807,0.0861194664648437
45.757565,881,10,-0.0040786057,0.5635104,-0.5981115,28.763279,1.9932398,-0.007225031992,-0.1618015481,0.5940328943,1017.623166,110,70.51932413,1618.868215,1414.283527,660.8874493,995.0252139,3968.413648,2975.057524,4258.923597,519.6271336,3308.742313,0,0,0,5.1865134,0.9886717741,0.1607549,35.37924746,35.400295,-0.021047797568357396
168.39508,879,40,0.12231595,0.3024182,-0.4199752,26.201296,2.3657706,0.4031266088,-0.10405183,0.54229115,955.9089018,112,86.31104264,6143.60282,1207.44344,132.7876476,1251.065428,791.1889656,4716.675392,3102.732969,80.27692866,5926.787851,0,0,0,3.9633725,0.9883444062,0.149056,36.48326792,36.545063,-0.061795098798825165
140.59895,926,20,0.030605305,0.5348169,-0.5709037,81.98159,5.979648,0.05711896172,-0.1969292221,0.601509005,2604.540222,65,189.9723307,4466.8031,1075.901639,0.0,873.2920063,824.5319208,620.3174914,128.0326083,441.027157,2551.132878,0,0,1,29.86028,0.9879594794,0.1387283,31.76981834,31.962759,-0.19294067794433545
80.78035,894,10,-0.12612367,0.40755874,-0.40516657,99.16308,2.8919766,-0.3087038843,-0.1590192855,0.2790429,2921.77707,97,85.21025079,2380.141624,2010.087385,22.46757673,0.0,1040.580849,794.0706316,611.5297737,1001.366591,1682.770634,0,0,1,37.84991,0.987288885,0.0440124,29.46436385,28.993885,0.47047880971679845
225.75757,899,40,0.008781734,0.3969397,-0.47739172,64.32407,1.9932398,0.02206800176,-0.1528300633,0.486173454,2120.955076,92,65.72301895,7443.895637,1136.071036,12.98369197,55.33108737,1290.09065,1069.261826,321.6171626,1263.723807,1615.355015,0,0,0,17.730913,0.9876585793,0.1804629,32.97296138,32.805576,0.16738505553711036
244.03635,913,40,0.10365964,0.3982002,-0.50941104,68.952225,2.1175575,0.2596683068,-0.1329236918,0.61307068,2471.530323,78,75.90193893,8747.262889,3163.026075,51.51956271,74.2063033,528.0512363,907.0510959,1027.790907,439.4905427,4377.728731,0,0,1,6.709926,0.987881223,0.1973165,35.84409818,35.804543,0.03955563849609689
180.0,929,10,-0.083215,0.60589474,-0.56890166,70.60262,0.92740995,-0.1371160343,-0.1970004129,0.48568666,2238.44731,62,29.40341743,5706.877673,3700.990503,0.0,628.3443395,1849.290627,397.8882452,628.4608884,312.1679052,4757.636099,0,0,2,29.41138,0.9886391134,0.1209363,31.70487596,31.678844,0.026031508095702094
90.0,913,10,0.032042462,0.5397123,-0.5771941,60.918293,2.3795109,0.05925972463,-0.1858990019,0.609236562,2002.930474,78,78.23585757,2959.106925,3075.927855,0.0,375.2216312,1744.577133,1627.481276,376.5190026,705.5890946,6333.183738,0,0,2,11.440963,0.9886432815,0.1722864,32.87896583,33.038433,-0.15946724495117337
134.24231,896,40,0.084851936,0.19257885,-0.35411838,51.615562,2.656826,0.4383326794,-0.1182948357,0.438970316,1667.074385,95,85.80990692,4335.74503,728.3338947,321.7010897,87.42474599,2167.778759,2687.590825,453.2348996,569.8942217,7941.962831,0,0,0,7.545295,0.9886982018,0.1833613,32.29790243,32.557266,-0.2593638053515619
0.0,895,40,0.1564969,0.295302,-0.4415398,2.7163644,0.92740995,0.5281668703,-0.09926576973,0.5980367,102.1239835,96,34.86675,0.0,506.7846495,12.7612727,93.77555049,5573.906931,4921.584535,3806.005963,1933.835296,14091.49405,0,0,0,2.8765326,0.9880522239,0.138906,37.59583343,37.584892,0.010941157050780248
115.9636,909,40,0.14679612,0.3975827,-0.50996566,59.304947,2.1175613,0.3682952622,-0.1205612393,0.65676178,2196.273855,82,78.42085281,4294.545998,2047.949678,129.6989404,513.4183736,1990.620783,1304.760697,144.0421012,1377.538505,1852.249927,0,0,0,19.816277,0.9878765371,0.1522244,37.03356914,36.995934,0.03763560728515358
180.0,921,50,0.07242897,0.17874396,-0.26805252,89.04708,0.46373534,0.4029563497,-0.08606817313,0.34048149,2932.037006,70,15.26932919,5926.82726,5701.059212,76.25950327,657.9199681,1715.579629,180.30986,428.0277673,113.0675532,4613.872874,0,0,1,41.810898,0.9877689414,0.2097433,32.92681811,32.942318,-0.015499852646485124
322.39993,900,40,0.078848064,0.37912577,-0.4071602,59.74758,2.3399925,0.2074262526,-0.1170033412,0.486008264,2065.016215,91,80.87561797,11142.89622,2567.651772,242.5488303,252.3192539,2008.654781,2427.989036,294.1434128,143.384303,8534.559686,0,0,0,8.689429,0.9884120255,0.1339464,34.56234068,34.650146,-0.08780580437500163
279.21954,895,40,0.11897275,0.26059243,-0.41409042,35.597225,2.8920083,0.4548019604,-0.1093497643,0.53306317,1270.536023,96,103.2215495,9965.902786,430.6749106,0.0,310.0351204,1191.987615,1133.278536,992.0722213,953.8784576,6191.640125,0,0,0,3.9835467,0.9879780517,0.1743745,35.69199629,35.935314,-0.24331788846679814
161.10544,906,40,0.15609924,0.16535808,-0.3934566,99.368,1.4701484,0.9383327819,-0.08848356537,0.54955584,3735.483134,85,55.26642937,6056.342625,2336.178136,0.0,262.3983751,2387.469205,961.7177314,207.4488895,1069.035732,2073.558618,1,0,2,19.458406,0.9878626297,0.1650642,37.59241541,37.36527,0.22714670272461035
332.82376,893,40,-0.021520803,0.49697766,-0.52585053,55.641277,1.0424712,-0.04321640252,-0.1898195175,0.504329727,1724.446631,98,32.30849551,10314.94679,112.795545,427.3773414,284.9926755,2131.614233,2432.190652,486.4507363,328.5147213,8176.311426,0,0,0,7.7252192,0.9887975922,0.1187876,30.99221879,30.7025,0.2897194003515615
270.0,896,40,0.08042789,0.23753665,-0.30246913,60.985386,2.379527,0.3371720446,-0.09268502416,0.38289702,2051.41216,95,80.04197306,9082.196893,1950.224512,352.2702441,259.2213123,2147.754926,2350.032908,367.1233764,45.6168196,8461.019765,0,0,0,7.7252192,0.9880367227,0.17404,33.63776627,33.45672,0.18104782517578144
244.0365,891,40,-0.08175559,0.009841333,-0.15030885,2.6872191,1.0591463,-7.541101265,-0.03850066228,0.06855326,96.94552312,100,38.21031642,8803.988537,1862.656139,0.4611447099,0.4611447099,5777.344248,5137.527705,4014.426308,1827.317739,14263.68533,0,0,0,2.8765326,0.9879861806,0.1897797,36.07652354,32.122387,3.9541366076269497
237.00598,893,40,0.122877434,0.16553846,-0.32726,2.6941657,1.7027189,0.737832174,-0.07894757602,0.450137434,99.14377494,98,62.65909309,8721.686101,1720.877169,0.0,82.69580928,5692.77963,5115.629024,3945.661419,1924.274264,14285.25462,0,0,0,2.8765326,0.9875850943,0.2319416,36.79943477,36.666786,0.1326485761523415
283.68362,856,40,-0.11222968,0.60333246,-0.6059219,35.159107,1.9596026,-0.1857085089,-0.1749103756,0.49369222,1212.957805,135,67.60454038,9786.831648,534.3179417,446.3321591,936.7007269,1250.104883,4436.100559,2553.273128,429.7837797,6420.707163,0,0,0,4.2235894,0.9880035559,0.1897599,34.49910731,34.484543,0.014564463320311916
152.82367,929,50,0.16553351,0.17529802,-0.37525725,72.51238,1.0424721,0.9389414016,-0.08415273627,0.54079076,2728.14615,62,39.22111295,5749.712076,3210.368511,0.0,629.2732076,1175.367824,1444.825255,150.841443,599.7669655,3735.878332,0,0,4,15.932967,0.9876670987,0.1604149,37.62317759,37.735683,-0.11250585116211198
6.5087714,925,10,0.0020397757,0.41811594,-0.45610118,108.3568,4.1932826,0.004866853072,-0.1439730593,0.4581409557,3596.362804,66,139.1750732,216.0261595,3562.755943,0.0,938.507793,1590.047653,485.6382635,730.6221695,345.7033479,4961.121471,0,0,2,29.41138,0.9889293227,0.1225301,33.19000565,33.217392,-0.027386317773434143
332.82367,923,50,0.024624102,0.4295752,-0.50150955,64.08146,1.0424721,0.05718885342,-0.1588898607,0.526133652,2123.249996,68,34.54086225,11027.64912,3788.103946,0.0,1225.62843,1694.332306,962.0489483,490.6223184,139.8198369,5410.831284,0,0,3,19.913652,0.9879730391,0.1614167,33.13360832,32.935387,0.1982216622851567
72.015114,911,50,0.0450542,0.24404237,-0.31299487,97.01369,3.0011153,0.1838628969,-0.09927432903,0.35804907,3212.755632,80,99.38648951,2384.889835,4589.957637,0.0,354.6728731,1472.25858,1670.111249,612.0899775,396.7288567,6326.998066,0,0,2,11.440963,0.9873342825,0.2223853,33.11651822,33.28863,-0.17211321920898115
27.17633,894,40,0.13935377,0.3557818,-0.4553096,51.2028,1.0424721,0.3905854222,-0.1354604693,0.59466337,1744.486861,97,35.51717644,925.9015254,916.7285099,435.9531318,374.9638442,1938.464108,2413.877576,580.1882148,526.7825446,8010.999406,0,0,0,7.545295,0.9884954201,0.2002596,34.0701458,33.928528,0.14161796796874881
316.73352,905,20,0.10061209,0.4248485,-0.5330942,2.777857,7.5974855,0.236262638,-0.1335994544,0.63370629,100.960763,86,276.1293805,11511.62851,0.0,21.09988398,350.0657111,4903.693389,5076.510441,3454.917521,2409.500224,14602.90929,0,0,0,3.4835994,0.9882502382,0.1273395,36.34483811,36.514923,-0.17008498570312724
237.00616,878,40,0.11781025,0.39555296,-0.5128449,44.951828,1.702727,0.2970857915,-0.1568609155,0.63065515,1513.308254,113,57.32249249,7978.838549,785.3549666,92.17173866,523.499778,2375.25863,2352.015755,347.662843,555.0248723,5810.934961,0,0,0,5.557837,0.9883253449,0.1714013,33.66511043,33.657642,0.007468065498045462
168.39488,919,10,-0.1291735,0.6510604,-0.6497401,58.253517,2.3657722,-0.1981005134,-0.2098365414,0.5205666,1912.826499,72,77.68306512,5529.454792,3772.722018,0.0,156.7103343,0.0,384.6879098,1237.198834,957.1410276,4896.033729,0,0,1,6.082033,0.9888390948,0.1133927,32.83624058,32.584476,0.2517641090527363
198.89468,913,40,0.17680013,0.21232711,-0.44560185,52.19678,1.4701495,0.8287747863,-0.07248059747,0.62240198,2119.738747,78,59.70354607,8077.217786,1856.254211,141.7525454,525.2566339,2298.115944,1223.159892,330.4192968,1341.433126,2191.996367,1,0,1,19.458406,0.9876653986,0.2116408,40.61052707,40.386375,0.22415164275390964
0.0,923,20,0.111557424,0.20954512,-0.3158464,66.47097,0.92740995,0.5298504378,-0.100334581,0.427403824,2199.696695,68,30.69039917,0.0,3176.396742,96.96916665,1233.001289,1586.33343,887.7032444,628.1432206,234.1624673,5358.452174,0,0,3,19.913652,0.9880437336,0.1306194,33.09259208,33.344902,-0.2523099585742159
82.07951,910,10,0.09320388,0.2456655,-0.3177201,99.25279,3.3615198,0.3778553547,-0.1013552362,0.41092398,3278.08638,81,111.0230984,2710.893304,4831.910713,0.0,318.4504127,1372.817066,1723.833801,709.5652042,316.5478274,6359.060848,0,0,3,11.440963,0.9874482696,0.1787459,33.0276497,33.459755,-0.43210524384765847
295.96335,894,40,0.07527352,0.31569114,-0.37163258,55.073124,2.1175807,0.2376874831,-0.1155024895,0.4469061,1840.865928,97,70.78193279,9892.826256,2011.728453,465.2667889,445.6177655,2172.978093,2156.640912,169.4898929,172.9134263,8507.782265,0,0,0,7.7252192,0.9888009661,0.1212679,33.42584903,33.260597,0.1652518009960957
270.0,880,40,0.08898457,0.3494552,-0.45002857,45.08886,0.4761736,0.2539113987,-0.1138764688,0.53901314,1633.430363,111,17.25030121,9781.267433,628.97081,80.06617073,458.1766228,2268.460294,2250.667271,484.0901874,532.4437342,5938.215132,0,0,0,5.018625,0.9875812654,0.2281516,36.22691642,36.260994,-0.034077537519529244
287.98477,892,40,0.118247636,0.39746985,-0.50554675,36.710068,1.5015968,0.2967542864,-0.1274973973,0.623794386,1331.398274,99,54.45981162,10444.61225,1187.271008,167.5765711,259.0824385,1202.830942,1179.015229,1041.681367,709.0485817,6397.678119,0,0,0,4.537141,0.9883184602,0.1475004,36.26793266,36.285725,-0.017791979892578524
171.65486,918,10,0.015978696,0.57905984,-0.59210056,56.585915,3.2773788,0.02754663381,-0.1742588874,0.608079256,1936.690611,73,112.1704712,5875.001856,3874.112944,14.03250778,174.7307559,87.43193004,563.646805,1043.504324,862.5432895,4765.569908,0,0,1,5.8602414,0.9893911085,0.1462714,34.22566571,34.13727,0.08839382889648562
244.03676,919,40,0.015960375,0.51739746,-0.5467128,60.332394,1.059156,0.03078791127,-0.1552756168,0.562673175,2095.024079,72,36.77887078,8474.102458,3482.390102,0.0,76.88465414,465.1675868,950.8080146,858.2051385,640.4601025,4423.180903,0,0,3,8.437768,0.9881885585,0.1926361,34.72469663,34.870358,-0.14566088342773753
225.75821,915,40,0.13806635,0.3134004,-0.4558602,53.869286,1.3291397,0.4391417759,-0.08283956074,0.59392655,2137.853934,76,52.74817521,8959.429635,2360.320123,54.75839334,743.6725234,2182.045501,1441.964542,536.7712746,1558.486707,2240.253675,0,0,1,25.159525,0.9878099356,0.1755084,39.68595266,39.55228,0.13367223397460748
90.0,925,10,0.07206823,0.45211878,-0.5383528,80.88042,2.3795538,0.1590493115,-0.1744515844,0.61042103,2651.52394,66,78.00953393,2950.493514,3386.855686,0.0,1090.576364,1370.386854,501.5129359,704.6652667,375.22609,4956.837903,0,0,2,25.783417,0.9887839404,0.1321123,32.78326127,32.853077,-0.06981566481445611
314.24167,879,40,0.112890564,0.3375947,-0.43110436,46.312763,2.6568568,0.333409129,-0.1153010256,0.543994924,1645.396664,112,94.39262594,11164.35647,1507.480864,0.0,330.0828435,2352.009062,2348.404503,483.3338427,494.7792997,5997.922729,0,0,0,5.3866396,0.988325534,0.1802453,35.52793133,35.640984,-0.1130522515429675
332.8234,880,40,0.097266756,0.15626833,-0.25787234,45.28032,1.0424746,0.6184764345,-0.06908738122,0.355139096,1607.710101,111,37.01380521,11817.13252,1401.21427,73.84404409,370.4918083,2260.50463,2250.978663,548.2712434,481.6332234,6031.280236,0,0,0,5.018625,0.9873809662,0.2695716,35.5057142,35.667664,-0.1619493742187501
139.44673,922,40,0.1289986,0.42248723,-0.5424877,50.96658,3.6571286,0.3046103657,-0.1404076191,0.6714863,1832.077241,69,131.4614808,5012.641232,3053.12596,0.0,211.3171354,157.2875208,648.8292267,907.6913565,872.096224,4726.729452,0,0,1,5.8602414,0.9880876046,0.1691029,35.94663878,35.96147,-0.01483277761718682
45.758343,929,40,0.15168716,0.12130054,-0.28492954,108.02305,0.6646609,1.240282013,-0.06462937638,0.4366167,4050.693683,62,24.92373349,1715.865558,4130.705766,0.0,1293.801115,1628.344226,756.3052908,414.7117082,511.5749226,3375.372208,1,0,4,17.293674,0.9884829548,0.1546443,37.49841986,37.58877,-0.09035196006836088
258.97824,909,60,0.089527026,0.06500692,-0.13953489,57.560112,2.4242287,1.356327882,-0.04533386162,0.229061916,1884.647291,82,79.3746901,8479.528992,5887.380404,57.18653478,629.9608992,1794.370634,1497.13252,487.7234724,1246.703539,2298.448973,0,0,1,41.539112,0.9873457042,0.2397975,32.74224503,33.034157,-0.29191176931640683
76.31652,919,40,0.067123026,0.26118252,-0.32344213,64.971924,1.9596235,0.2560164041,-0.09928270046,0.390565156,2183.844829,72,65.86712203,2565.160877,4171.323222,0.0,1172.51532,1415.808517,1138.002463,717.3792474,235.0729563,5616.640705,0,0,2,19.163963,0.987999594,0.1730231,33.61213112,33.80817,-0.19603919860351482
45.758408,880,50,0.025353968,0.29881528,-0.39556813,49.13996,1.3291444,0.08456529634,-0.115623647,0.420922098,1686.634743,111,45.62032862,1570.569466,3087.014457,183.8395756,283.7832228,2694.85628,2741.991043,328.9594713,97.9456279,5974.4232,0,0,0,5.3866396,0.9876420896,0.2039562,34.32307928,34.07556,0.24751775656250175
302.99353,880,40,0.051054724,0.38324422,-0.47668886,47.972897,1.7027404,0.1328705062,-0.1262162209,0.527743584,1710.608739,111,60.71600403,10804.08757,1851.085619,75.75069532,303.8253673,2135.162404,2158.466855,687.4727301,353.8020693,6158.759668,0,0,0,5.018625,0.9877421861,0.2026359,35.65781609,35.707764,-0.04994758187500281
270.0,882,40,0.0893533,0.28161186,-0.43777606,47.979206,0.9522879,0.3161696753,-0.1187205901,0.52712936,1695.91026,109,33.66030735,9543.629593,2200.647415,11.55231025,247.3229508,2043.243277,2061.279165,759.9994807,262.9210869,6194.318592,0,0,0,5.018625,0.9882483546,0.1525351,35.34677627,35.59821,-0.2514331111035162
64.0369,936,50,0.019788127,0.2888305,-0.35581973,61.81438,2.1176,0.06827482615,-0.09712174967,0.375607857,2179.65699,55,74.66938345,2258.025992,5252.20206,0.0,1294.702007,1643.637647,870.5489855,429.1225906,491.0630607,3514.451319,1,0,5,17.293674,0.9876843861,0.2151606,35.26132577,34.68909,0.5722350412402335
214.39372,916,30,0.11730419,0.22745694,-0.37280452,56.903748,1.6855024,0.5134630185,-0.09538642789,0.49010871,2053.667397,75,60.83011133,7737.511294,4433.536365,0.0,861.0316046,2068.251371,1787.010884,632.4710841,1479.631658,2398.897817,0,0,1,25.159525,0.9880021056,0.1732927,36.09019562,35.851574,0.23862167590820604
244.03691,917,40,0.082934305,0.24850065,-0.35254237,54.57283,1.0591618,0.3324011581,-0.0833944111,0.435476675,2020.653611,74,39.21730128,9035.889533,4137.669279,0.0,955.3393518,2101.057203,1709.125418,702.2847468,1572.5303,2407.19574,0,0,1,25.159525,0.9874091743,0.2030919,37.0267331,36.832806,0.1939274664550794
270.0,920,40,0.12746234,0.1573487,-0.34674716,52.953297,0.47617686,0.804947183,-0.07588980226,0.4742095,2006.117447,71,18.03979659,10228.85715,3132.087415,0.0,843.8337193,2178.298389,1544.466155,617.7635789,1664.316497,2435.436028,0,0,2,25.159525,0.9876708164,0.1611125,37.88465612,37.497643,0.38701360291015874
72.01534,907,40,0.076950416,0.17378531,-0.28755578,99.363525,1.501606,0.4402567699,-0.07543897568,0.364506196,3554.803415,84,53.7210625,2576.40192,4271.276196,36.59884951,340.5412679,1074.494738,1907.161309,951.5883588,155.5657947,6463.479652,0,1,4,13.800618,0.9877779659,0.1827945,35.77573778,35.60512,0.17061616745117192
45.758408,906,50,0.12199735,0.21327758,-0.30760562,64.710335,1.3291444,0.5693425789,-0.08457944908,0.42960297,2275.468538,85,46.73791698,1609.044641,3623.979398,0.0,261.4486259,1069.027033,1981.163457,1004.50265,215.3845675,6554.116308,0,1,4,13.800618,0.9875822776,0.1988134,35.1639122,35.068314,0.09559860136718612
189.71143,896,40,0.1244949,0.27593943,-0.40910497,53.893833,2.8206449,0.4495383702,-0.1196525138,0.53359987,1849.341777,95,96.78911597,6509.859359,1898.629154,625.5643648,417.770514,1897.574125,1898.440224,120.2494893,403.5321476,8492.52862,0,0,0,8.000964,0.9876410291,0.192247,34.31453423,34.21902,0.0955133864941402
337.67047,899,40,0.1710337,0.1953498,-0.3834695,2.647203,2.5050967,0.8710663316,-0.08414313176,0.5545032,100.2159898,92,94.83622726,12783.29632,0.0,19.63553436,33.91738524,5243.830144,5508.679456,3893.718687,2603.943285,14933.29362,0,0,0,3.400447,0.9874831502,0.2666355,37.85731196,37.70267,0.15464090897460636
90.0,932,40,0.11209024,0.31197917,-0.46581322,87.066765,1.9040587,0.3581396168,-0.1262419227,0.57790346,3078.273453,59,67.31860715,3181.978919,3852.055678,6.678971174,1189.627372,1430.188361,1084.447263,462.4824964,596.3385087,3725.376233,1,0,5,17.293674,0.9880799033,0.1809595,35.35532132,35.466038,-0.11071643024413902
332.82324,934,40,0.1781748,0.16842106,-0.3700027,81.11439,2.0842624,1.051668547,-0.09753792836,0.5481775,2896.936636,57,74.43779218,11886.52022,4260.886998,0.0,1218.537929,1524.746271,991.2034094,484.8494518,509.2624477,3653.541836,1,0,5,17.293674,0.987523056,0.2014774,35.71421342,35.86187,-0.14765639201171865
82.079636,903,10,0.046408392,0.32529444,-0.4040404,73.622116,3.3615718,0.1422285712,-0.1235957473,0.450448792,2478.370844,88,113.1619409,2763.079735,3673.971361,43.51364497,275.2039962,974.8837127,2046.081765,1087.229629,167.8664002,6591.076988,0,1,4,13.800618,0.9882868247,0.1632257,33.66340142,33.67489,-0.011487190839844175
90.0,855,40,0.055322398,0.5069994,-0.5725627,35.787804,1.4282773,0.1089024869,-0.1706272385,0.627885098,1218.439436,136,48.62744269,3064.159769,783.2878957,292.9589069,527.34801,1804.255306,4934.176286,2224.826182,413.8409563,6333.567208,0,0,0,4.452281,0.9881585689,0.1371245,34.04621966,34.13857,-0.09234921817382968
214.3939,932,20,-0.000663,0.5517478,-0.5859895,43.260944,1.685506,-0.001199462033,-0.1802656825,0.5853265,1452.687788,59,56.59871829,7199.274253,2886.289882,0.0,521.1218387,0.0,592.5386682,739.9726958,1173.322291,4961.317121,0,0,0,5.8602414,0.9888281304,0.1260228,33.57965993,33.423683,0.15597676349609202
113.40434,931,10,0.04420593,0.4909194,-0.5599762,44.762894,4.659641,0.08986417287,-0.1617262431,0.60418213,1543.973883,60,160.7216014,3911.573258,2154.831232,0.0,469.563482,83.55204458,683.5926869,669.0000826,1124.608626,4878.488823,0,0,0,5.8602414,0.9880981904,0.185923,34.49227127,34.550644,-0.05837265089843413
134.2414,917,40,0.13815789,0.41621622,-0.5279938,54.003006,0.6646639,0.3311421833,-0.1302932534,0.66615169,1972.790303,74,24.28091682,4903.988719,3699.920168,83.50546119,928.0208991,1916.613094,1818.330549,655.8658561,1526.094382,2605.054505,0,0,1,25.159525,0.9882742556,0.1405594,36.5311202,36.35042,0.18069829448241848
225.7586,921,40,0.11592525,0.18195888,-0.34863773,56.89534,2.656869,0.6336136841,-0.08828167759,0.46456298,2060.656553,70,96.22746812,8176.608815,3960.637948,0.0,907.179443,2048.830856,1590.983229,627.925628,1642.665092,2649.517579,0,0,2,17.740269,0.9883073611,0.1375174,36.21837137,36.410004,-0.19163229210937516
90.0,911,40,0.18099254,0.2675703,-0.40904018,52.60932,0.47618008,0.6739112255,-0.1079584816,0.59003272,1878.091294,80,16.99907283,3212.89491,903.4713048,41.04514742,1380.125381,1090.647971,1129.937687,1063.22749,579.1448111,5571.679772,0,0,2,19.163963,0.9879304768,0.165245,35.69883233,35.772335,-0.07350272249023249
194.39748,899,40,0.12250981,0.3469781,-0.4522326,60.657944,1.9144154,0.3520618395,-0.1251110943,0.57474241,2127.994695,92,67.1612908,6819.829011,2154.854887,594.4855525,253.1417005,1852.847999,1678.791544,123.4292519,254.3346369,8643.623367,0,0,0,8.000964,0.988780682,0.1901722,35.08187972,35.04447,0.03740797927734718
72.01546,897,40,0.11760113,0.30877924,-0.40407553,54.991127,1.5016152,0.3796288286,-0.1150062952,0.52167666,1907.952536,94,52.09950559,2498.622724,2252.361772,508.8104389,314.2316877,1934.031975,1650.870148,116.5429449,323.6486996,8736.653785,0,0,0,8.500714,0.9877045779,0.1737199,34.69564346,34.63681,0.058833157265624436
225.75873,857,40,0.013874925,0.5187364,-0.5578145,38.018696,0.66466546,0.02669608094,-0.1748219273,0.571689425,1265.999092,134,22.13294925,7517.626256,732.6925602,150.0917905,687.4830643,1964.912182,4922.189274,2006.028201,400.0024168,6490.741373,0,0,0,4.567796,0.9877675244,0.1831826,33.29938229,33.099022,0.2003603783789032
198.89508,873,40,0.08515284,0.37753424,-0.48056537,47.063396,1.470153,0.2249541283,-0.1572667445,0.56571821,1535.572312,118,47.96777184,6489.497228,382.55085,219.2477758,36.54840656,2237.768839,2379.987922,785.5314133,563.6039133,6374.056099,0,0,0,4.960933,0.9883857868,0.1850562,32.62774136,32.670128,-0.04238650865234206
152.82309,877,40,-0.0074667637,0.5375208,-0.5742743,47.225124,1.0424776,-0.01386532089,-0.1422400524,0.5668075363,1723.088268,114,38.03655279,5576.008089,1067.901002,24.72673652,24.72673652,2057.642316,2186.972292,921.6080931,385.4473193,6438.17623,0,0,0,4.6389685,0.9887489979,0.1646905,36.48668594,36.248917,0.23776931402343848
11.605378,885,40,0.12585083,0.30030158,-0.41756693,43.75318,2.3657744,0.4176905743,-0.106059568,0.54341776,1583.02388,106,85.59554689,419.8915487,2819.121169,453.7977775,194.8915782,1394.371002,1515.238591,1189.327658,393.8613952,6183.315063,0,0,0,5.8374043,0.9886292818,0.1596956,36.18077315,36.179367,0.0014060845703127711
0.0,886,40,0.07682119,0.2877598,-0.35768202,41.419693,0.46373534,0.2660383821,-0.102268313,0.43450321,1434.463794,105,16.06027247,0.0,2026.476828,372.3874805,486.9116103,1117.102996,1230.876057,1076.017726,665.4782403,6016.964688,0,0,0,5.461132,0.9878526824,0.1867135,34.63241009,34.60047,0.03193859341796923
244.03716,915,30,0.16206625,0.29533678,-0.39435697,52.528645,1.0591714,0.5468988696,-0.08583731051,0.55642322,1993.0819,76,40.18788883,9259.443993,2249.330474,21.08868425,735.9122528,1754.422156,1765.068917,450.3920538,1318.561473,2692.78082,0,0,0,23.296173,0.9873817964,0.1518791,37.94276246,38.026516,-0.08375350069336207
145.60597,926,20,0.11178339,0.23881857,-0.40680403,61.430992,1.6855085,0.4661164896,-0.09068248515,0.51858742,2315.218596,65,63.52364656,5487.615266,3262.950465,21.68478147,930.0570497,2017.327363,1591.582108,624.9509053,1600.184182,2767.91302,0,0,2,19.241306,0.9874051806,0.2240208,37.68811997,37.40658,0.2815380913378931
39.402195,921,20,0.076725796,0.31787676,-0.41038197,58.46846,2.9980366,0.2406126931,-0.129685927,0.487107766,1939.569286,70,99.45361495,1307.085687,4585.948522,0.0,977.5287103,869.8422914,881.5964075,981.951702,800.5884321,5113.018354,0,0,2,20.473246,0.9879165473,0.1650203,33.17291555,33.174103,-0.0011872332031259702
283.6833,898,40,0.20488721,0.17733598,-0.3705161,2.8970335,1.9596486,1.148883192,-0.08568769641,0.57540331,108.0103451,93,73.06174454,10576.58847,0.0,0.0,260.4123094,5812.595682,5283.467615,4153.046268,2043.281113,15104.35588,0,0,0,3.442646,0.987578341,0.2354516,37.2830846,37.363026,-0.07994106528320089
0.0,852,40,0.027467323,0.46853548,-0.53116614,36.271282,0.0,0.05849892962,-0.163344433,0.558633463,1218.163279,139,0.0,0.0,1710.072284,373.0814058,373.0814058,2334.640674,4759.73532,1451.670299,458.7176378,6741.858997,0,0,0,5.9707313,0.9880534783,0.1964219,33.58478696,33.573563,0.01122433792968991
55.177097,915,50,0.09815951,0.19720767,-0.27154773,79.3454,4.053744,0.4952356788,-0.0908074266,0.36970724,2561.333967,76,130.8581493,1781.161513,3967.330111,2.778773094,549.9097444,1824.524345,564.3514923,1158.641518,232.1437891,3266.366876,0,0,3,28.390268,0.9877084144,0.1752372,32.28081233,32.650967,-0.370154314287106
258.97842,909,60,-0.0644602,0.39459014,-0.4321459,53.241734,2.4242709,-0.1629469329,-0.1188840401,0.3676857,1871.823697,82,85.23027666,9104.924036,3506.830212,63.81408854,468.2679666,1586.680736,1523.93661,151.0736114,1018.066606,2801.376229,0,0,0,43.177948,0.9881272944,0.2007764,35.15707616,34.371723,0.7853529849511744
270.0,930,10,-0.038121685,0.5023749,-0.5360478,89.58137,1.4282901,-0.07573219284,-0.1824503342,0.497926115,2865.886261,61,45.69384208,8637.837203,1990.623116,0.0,937.6224938,941.7192661,1026.530031,252.1471912,522.5303618,4156.701004,0,0,0,24.9458,0.9885170346,0.1361694,31.99198964,31.867758,0.12423184275878896
95.56224,936,10,-0.18109775,0.713799,-0.71088433,65.42218,4.773407,-0.2533547892,-0.2741974201,0.52978658,1949.08989,55,142.2116983,2847.03744,1992.253769,0.0,853.8478653,836.8196374,967.065374,639.9981677,906.0750363,4453.26447,0,0,0,21.102404,0.9890512026,0.1062936,29.79249377,28.737043,1.0554503892626954
180.0,851,40,0.14313951,0.3355584,-0.47281992,47.251614,0.46373534,0.4253036323,-0.1597970051,0.61595943,1517.164382,140,14.88970812,5779.476418,1196.816929,155.8561653,155.8561653,2529.73207,4783.350221,1234.941808,276.6768633,6756.101596,0,0,0,5.9707313,0.9889474077,0.1752233,32.10820232,32.237022,-0.12882007990234712
34.394207,918,10,0.005905111,0.32699102,-0.41794947,78.0833,1.6855121,0.01800388011,-0.1342864973,0.423854581,2570.233946,73,55.481267,1132.139118,4380.783408,68.288777,760.0107532,1969.810372,835.3552582,1058.531991,113.4265953,3622.785181,2,0,4,22.930794,0.9875561319,0.1821571,32.91656405,32.96396,-0.047394690234376924
225.75893,931,30,-0.014904838,0.49476528,-0.54593086,84.60015,0.6646678,-0.03006430382,-0.1475124676,0.531026022,2994.390885,60,23.52566989,7990.653469,1703.518038,0.0,808.5081868,812.8773276,1138.405584,343.5906291,605.7603101,4295.703149,0,0,0,24.9458,0.9875171397,0.2009397,35.39462855,35.203568,0.1910610451171877
134.24095,858,10,-0.15132032,0.6569729,-0.6417813,53.463017,1.9932929,-0.229979563,-0.2177595571,0.49046098,1713.129351,133,63.87160253,4301.517655,1583.414599,220.8270816,220.8270816,2553.739509,4909.986676,1263.841216,405.0188263,6885.337091,0,0,0,5.9707313,0.9887430975,0.1450695,32.04325994,32.060387,-0.017126717714845086
0.0,920,40,0.14236648,0.18425421,-0.4167376,79.672585,0.92740995,0.7684925487,-0.1191681479,0.55910408,2759.117475,71,32.11685676,0.0,6065.767864,0.0,710.8970589,1682.805105,1095.191982,983.8114048,321.0478308,3882.213029,0,0,3,15.753512,0.9882671358,0.1401657,34.63070108,34.35925,0.2714519650097671
354.13712,931,50,-0.009152408,0.3612453,-0.46504912,63.222797,4.651593,-0.02526577432,-0.1415372411,0.455896712,2133.048524,60,156.9382256,11948.08988,1857.906248,0.0,655.3384025,662.7662706,1164.501586,646.6494457,900.8805768,4580.549352,0,0,0,21.102404,0.9885516367,0.1393962,33.73859786,33.845932,-0.10733414683593878
0.0,904,50,0.060154427,0.3623113,-0.48608744,73.659485,1.3909631,0.1655726838,-0.150252602,0.546241867,2468.173295,87,46.60822674,0.0,2486.975505,13.59891261,286.3457185,616.5689565,2237.055153,1498.855356,853.452556,7502.735481,0,0,1,8.742225,0.9878089138,0.2040272,33.50788151,33.5641,-0.056216848154299726
270.0,891,50,0.09266547,0.19116956,-0.27758187,54.347717,0.47618762,0.4822068074,-0.07498404961,0.37024734,1923.803017,100,16.85611155,9557.472574,2535.867215,40.48739795,430.040097,2576.097819,1935.286776,410.8445649,128.9789675,8780.800091,0,0,1,5.819855,0.9873997179,0.2096243,35.39804657,35.275608,0.12243850725585759
39.402637,925,10,0.031954117,0.4303874,-0.4559458,74.147675,2.9980557,0.07407290292,-0.1470248531,0.487899917,2436.504962,66,98.51661014,1294.777221,1284.439752,0.0,588.4036617,592.9309722,1297.677169,492.2625717,704.6362262,4502.370908,0,0,0,24.9458,0.9888027124,0.1105992,32.86016672,33.11017,-0.25000173703124773
18.895357,919,40,0.08356841,0.33043256,-0.48982516,62.48428,7.3124275,0.2521430302,-0.1370991085,0.57339357,2182.241659,72,255.3839769,659.913745,1298.220124,0.0,516.5803717,408.7237598,1237.530945,1239.750975,968.0500769,5097.654812,0,0,1,20.473246,0.9877720013,0.1974888,34.9246508,35.034637,-0.109986651171873
0.0,869,40,0.024059935,0.35128665,-0.44342637,4.7763104,0.46373534,0.06829647107,-0.1334719676,0.467486305,161.9214783,122,15.72107034,0.0,727.0198938,89.47196366,274.1381337,2561.538752,1226.190479,2705.07387,851.0819998,12135.25392,0,0,0,4.205316,0.9874293845,0.2004565,33.90095381,33.933285,-0.032330949521487184
314.24075,920,50,-0.001109878,0.3733252,-0.43722117,79.002,0.66467166,-0.002965010104,-0.1467181849,0.436111292,2545.793234,71,21.41865541,10126.22434,3758.062743,0.0,624.8659832,1330.870191,1514.216533,612.9179062,421.5917157,4287.508312,0,0,6,18.865282,0.9876135882,0.1901883,32.224415,32.191505,0.032909567871094225
45.75925,868,40,0.11086923,0.37385872,-0.46427658,3.2906637,1.3291644,0.2957627076,-0.1352816052,0.57514581,113.0919293,123,45.68007551,1572.631644,414.1477724,0.0,178.2977517,2957.816873,1557.469947,2695.468138,1215.896219,12344.42387,0,0,0,3.4904869,0.9879464839,0.111937,34.36751354,34.475895,-0.10838138797851826
0.0,860,40,0.060045317,0.3843159,-0.50757116,55.30869,0.92740995,0.1558339975,-0.1424595923,0.567616477,1929.557176,131,32.35459969,0.0,2154.46788,0.0,556.6917194,3286.747902,4973.883553,391.7578156,204.1097412,6882.70417,0,0,2,5.7806516,0.9882180879,0.1576243,34.88705258,34.724045,0.16300778019531492
64.037674,902,10,-0.10503597,0.54916793,-0.57215965,111.80242,1.0591908,-0.190916199,-0.2105280148,0.46712368,3427.172914,89,32.46825982,1963.00028,2798.424046,0.0,30.67259265,1421.721512,1071.143629,1022.268014,501.1146518,3615.115187,0,0,2,16.915287,0.9888364516,0.1562791,30.65383481,30.490004,0.16383122418456963
90.0,917,30,0.17437309,0.15607876,-0.4211577,64.70891,0.9523202,1.110099736,-0.1017773656,0.59553079,2379.924254,74,35.02531478,3310.103399,1396.38617,0.0,369.9434748,374.7941231,1473.116934,681.6855852,656.940096,4710.384419,0,0,1,25.319012,0.9879236469,0.1723457,36.77892665,36.525047,0.25387934775390875
306.1436,896,10,0.03611457,0.26058632,-0.34755167,74.61326,2.3574529,0.1380598573,-0.1024458344,0.38366624,2552.030802,95,80.63301904,10471.16688,2060.594041,13.55313859,207.8424672,282.0189951,2270.299484,1641.107138,728.3361827,7451.117166,0,0,0,5.6496625,0.9877090112,0.2083781,34.20344858,34.17378,0.029670046064453004
90.0,890,40,0.05721471,0.2579698,-0.343638,52.863712,0.9523202,0.2209319774,-0.1098412152,0.40085271,1744.337959,101,31.42360252,2969.719877,2122.702394,0.0,236.8155848,2764.15059,1936.827661,765.6291972,236.5589303,8513.71396,0,0,2,9.49979,0.9877136427,0.2167016,32.99688752,33.040337,-0.04344908888671739
332.8225,856,10,-0.05180921,0.45052454,-0.48418915,54.848846,1.042483,-0.1147428443,-0.1729892659,0.43237994,1709.729844,135,32.49593068,10374.63142,1321.692676,38.88785267,393.0696443,3047.043235,5198.548327,839.1698266,585.3715133,7151.219666,0,0,0,9.631198,0.9883715019,0.1449089,31.17166484,31.102655,0.0690094292333967
0.0,906,20,-0.01994396,0.39495042,-0.50706285,70.0079,1.3909631,-0.05036984176,-0.1496605859,0.48711889,2393.195522,85,47.549586,0.0,2105.674039,6.939224183,376.9558363,608.3529878,1699.685537,1366.383107,997.4656541,8021.533378,0,0,0,6.322902,0.9884550317,0.15922,34.18464947,34.229202,-0.04455280050781596
180.0,854,10,-0.001662664,0.38245794,-0.4528403,77.52617,1.8543341,-0.004335974892,-0.1384916971,0.451177636,2610.059567,137,62.42953133,6060.027499,2715.011102,130.5034583,583.3107493,2932.862503,5410.792192,1205.404133,240.6691932,6890.203987,0,0,0,9.631198,0.987824018,0.1778207,33.66681944,33.730186,-0.06336702240234615
152.8224,857,10,-0.21463655,0.7161693,-0.6743399,53.910694,1.0424839,-0.2992829587,-0.2643789613,0.45970335,1589.54991,134,30.73750432,4505.948898,1051.741001,0.0,513.5463139,3184.258721,5269.348968,722.3528309,681.3711015,7213.701616,0,0,0,5.7459335,0.9893988423,0.1337957,29.48487197,30.146065,-0.6611927883007809
45.759575,903,20,0.09090909,0.4745555,-0.5672858,70.515305,1.3291721,0.1911639966,-0.2035172986,0.65819489,2193.017976,88,41.33710134,1423.117585,1513.268795,0.0,282.6590145,1661.278359,1302.339144,756.5820269,486.9138015,4014.605287,0,1,3,25.334692,0.988026939,0.17615,31.09988642,31.820648,-0.7207617733593743
72.01603,902,10,-0.024705097,0.6326241,-0.61827767,73.429146,1.5016613,-0.03899014731,-0.238869977,0.593572573,2185.378534,89,44.69204055,2143.321755,502.1483019,0.0,95.36623138,1500.136742,1266.522616,904.4891237,603.0323414,3921.725349,0,0,0,16.915287,0.9890067964,0.1258419,29.76173159,29.88504,-0.12330869320312488
152.8224,898,20,0.026073907,0.37865108,-0.44382647,94.2694,1.0424839,0.06867860616,-0.1337957115,0.469900377,3193.72818,93,35.31803754,5177.429848,4685.970805,0.0,43.15819682,986.1224845,1412.757427,609.5406121,675.412134,3631.984905,0,0,4,17.089691,0.9879663869,0.1625074,33.87873668,33.83728,0.041456406562502934
16.351265,922,10,-0.23332411,0.74608153,-0.7501964,50.556194,3.3791265,-0.3123141192,-0.2984807741,0.51687229,1476.386736,69,98.68024366,477.5041166,2059.192978,0.0,155.4528157,52.027064,1649.583717,1196.86838,744.4039099,5201.877905,0,0,0,19.68635,0.9892917001,0.1179037,29.20288532,28.378265,0.824619939140625
322.3982,891,40,0.031265844,0.3703084,-0.46598464,67.82984,2.3400476,0.08420451571,-0.1230864252,0.497250484,2420.750554,100,83.51297193,11505.93339,1724.15281,0.0,193.726565,119.7440184,2199.200697,1492.731443,832.9958725,7540.993087,0,0,0,5.6496625,0.9874340242,0.1737461,35.68857827,35.75677,-0.06819281764648366
45.759705,910,50,-0.012325723,0.43841517,-0.47918513,77.45816,3.3198142,-0.02805029012,-0.1504999024,0.466859407,2576.793723,81,110.4399639,1522.284038,4934.789949,6.958042298,117.6810229,1831.359114,1583.829237,399.5558409,224.7364803,4137.145247,0,1,4,18.865282,0.988148614,0.1532388,33.2669111,33.355488,-0.08857672348632661
302.99234,904,40,-0.017596973,0.4885137,-0.49638286,63.516273,1.7027946,-0.03594786622,-0.1673406803,0.478785887,2041.998543,87,54.74351576,9740.966961,2367.139208,0.0,93.67347536,786.837552,1896.380883,345.1658975,1174.676088,3602.381054,0,0,2,11.2930565,0.9884680471,0.1866912,32.14921856,32.23961,-0.09039020464843617
0.0,912,10,-0.077147014,0.56173056,-0.5795091,71.442024,4.6273675,-0.1370940544,-0.2073715468,0.502362086,2225.013305,79,144.1162173,0.0,2035.56109,0.0,55.85622274,70.21142721,1754.382744,1025.301198,752.2431598,5058.805687,0,0,0,19.68635,0.988594088,0.1501558,31.14432068,30.762842,0.3814785016552733
348.39423,908,40,0.057417136,0.38736337,-0.4544438,69.10274,7.0653377,0.1478438505,-0.1665735385,0.511860936,2122.987868,83,217.062684,10703.43554,1830.765909,0.0,59.70835792,112.3315258,1755.405442,1097.075156,709.2244843,5127.996405,0,0,0,19.68635,0.9883619745,0.1474303,30.72219521,31.06144,-0.3392443041601574
27.1777,891,10,-0.09085403,0.61019224,-0.5083752,62.624706,1.042485,-0.1486504966,-0.1738198484,0.41752117,1998.779791,100,33.27277816,867.4250306,1022.097666,0.0,178.0672546,0.0,2357.558183,1287.42355,765.8757488,7416.286454,0,0,0,5.6496625,0.9878459286,0.0912765,31.9167932,32.107418,-0.19062486030273362
348.39423,897,60,0.13434434,0.22928807,-0.4080093,64.18791,2.3657777,0.5833751614,-0.1409556031,0.54235364,2037.592774,94,75.0996807,11059.49026,1270.894887,55.37796903,169.4825919,261.7855728,1890.373155,1649.193396,1129.498787,7846.364793,0,0,0,6.322902,0.9876955303,0.1405414,31.74418319,31.850786,-0.10660301910644421
341.10434,898,40,-0.015207563,0.4637037,-0.5375039,69.38407,2.938383,-0.03272528925,-0.1748394171,0.522296337,2270.485862,93,96.15401719,11162.10942,1624.464598,0.0,201.0084439,586.1266925,1525.710013,1393.839791,940.976413,8195.044792,0,0,0,7.893745,0.988141729,0.1630086,32.72344592,32.704586,0.01885989094726881
57.007706,858,40,0.043462515,0.30098522,-0.39477158,85.37343,1.7027973,0.1439226562,-0.1160307182,0.438234095,2923.56742,133,58.31138224,1952.198383,3059.430123,140.9218181,719.1710663,3111.264022,5598.795983,1200.841869,190.7582598,6863.153319,0,0,0,8.522161,0.9886645309,0.1590745,34.24446482,34.308723,-0.06425862970703378
336.24612,856,20,-0.086581096,0.6354057,-0.60662526,58.043144,3.542158,-0.1360470153,-0.2259245197,0.520044164,1766.647016,135,107.8119211,10234.25272,1248.427462,0.0,250.4371853,3635.462575,5366.579537,227.6122305,386.0889379,7267.459816,0,0,2,3.9260087,0.9888067096,0.1441805,30.43679054,30.51513,-0.07833854935546825
348.39423,920,20,0.105840705,0.27575758,-0.39173552,54.66651,2.365778,0.3824310973,-0.1006856761,0.497576225,1969.841995,71,85.24796725,12553.96741,2664.199157,46.19149347,188.0220535,934.1237299,1872.176129,462.5409212,1021.905013,4064.424653,0,0,0,6.006447,0.9878529089,0.2003053,36.03379829,36.058453,-0.024654316201171866
14.398031,910,40,0.08928245,0.35212794,-0.43086633,78.327126,1.9144201,0.2528331516,-0.1352330955,0.52014878,2606.504708,81,63.70647385,479.1256556,3686.396391,0.0,272.0388581,1420.491412,1939.991607,384.0982343,580.7335872,4021.895122,0,0,1,11.243725,0.9881212851,0.1978601,33.27716516,33.493145,-0.2159798290136692
55.177948,909,10,0.056037217,0.52772075,-0.54624176,66.2805,4.05383,0.1059864153,-0.1863049388,0.602278977,2118.179589,82,129.5515266,1763.366347,3076.895953,0.0,73.82483631,73.82483631,1867.197501,927.8008079,578.3883547,4996.209661,0,0,1,39.432434,0.9883541242,0.1543541,31.95780944,32.42587,-0.46805954803711103
64.03798,866,40,0.08065075,0.36415,-0.45934066,3.8757222,1.0592024,0.2208701903,-0.1349116561,0.53999141,132.7617744,125,36.28268045,2193.603003,318.1375651,0.0,188.8587546,2865.559222,1111.036322,2118.28637,896.093814,11719.5775,0,0,0,3.5354269,0.98860629,0.1605168,34.25471888,34.015984,0.2387352984570299
90.0,906,50,-0.08209806,0.47245926,-0.49135673,69.88436,1.4283451,-0.1734004738,-0.1710483438,0.40925867,2209.464446,85,45.15856931,2845.44067,3247.901459,0.0,280.6499434,1652.318064,1738.895117,354.6111289,601.8081026,3879.867735,0,0,1,20.564693,0.9875990464,0.1650952,31.61600744,31.511002,0.10500585308593813
165.60188,904,20,-0.079695985,0.58697736,-0.59717315,69.249016,1.914421,-0.1355426083,-0.194985155,0.517477165,2261.924276,87,62.5319403,5409.15863,2200.364574,0.0,291.4410649,1561.542525,1711.801752,435.0941628,655.5195223,3897.883819,0,0,1,20.564693,0.9882126871,0.1336122,32.66363057,32.797565,-0.13393489020507587
122.992,908,40,0.026291598,0.44502047,-0.5011338,64.663216,1.7028109,0.05894706582,-0.1427718868,0.527425398,2242.647807,83,59.0568389,4265.605024,2618.631811,9.047875608,222.6701415,1111.475603,2221.983484,328.8396276,993.4013897,3743.7052,0,0,1,11.243725,0.9886106757,0.1569798,34.68197138,34.384663,0.2973087518261721
219.40353,913,40,-0.025371829,0.56684494,-0.5676833,65.59028,2.998094,-0.0446809106,-0.1688930921,0.542311471,2234.670403,78,102.1454997,7475.110256,2127.927505,0.0,272.8983021,1208.324489,2289.836989,236.7511093,919.4783011,3734.507506,0,0,1,11.243725,0.9883656622,0.1987059,34.0701458,34.240643,-0.17049674760742306
45.760094,906,40,-0.17748372,0.6936556,-0.6635015,63.677147,0.6646817,-0.2554988688,-0.2404668334,0.48601778,1969.034252,85,20.55338682,1415.000462,1070.201945,0.0,171.3331102,1435.043107,1787.492681,487.6534712,793.8070905,3821.320131,0,0,1,20.564693,0.987859859,0.1667497,30.92214938,30.467062,0.4550873835400395
90.0,901,40,-0.17124939,0.702068,-0.6607387,65.839035,1.9041619,-0.2435744338,-0.2515959738,0.48948931,1977.26178,90,57.18532398,2702.857965,1046.554144,0.0,74.71085676,1343.725084,1771.900215,582.5391269,857.7014185,3844.553882,0,0,0,13.552477,0.9882441317,0.1363313,30.03175517,29.752445,0.27930994905273465
196.35155,909,20,0.10338896,0.37085745,-0.4882924,64.04965,3.3791313,0.2780338541,-0.1544270593,0.59168136,2123.9474,82,112.0552125,6511.204419,2145.222712,0.0,159.4968185,906.5018142,1773.996541,1063.95271,1140.239086,3994.497049,0,0,1,10.744519,0.9887177876,0.1291057,33.16095248,33.294807,-0.1338549540820324
196.35155,907,50,0.011447261,0.41279578,-0.45574954,92.5976,3.3791313,0.02766403514,-0.1214267738,0.467196801,3294.390431,84,120.2210189,6985.695821,2378.470615,34.73309229,385.6092906,262.3018156,2011.280843,1401.421487,61.35560987,5896.92941,0,0,2,17.942307,0.9881049936,0.1559032,35.57749262,35.409042,0.1684502616015635
161.10408,906,10,0.0379503,0.34139135,-0.41352957,97.920944,2.9383872,0.1108389567,-0.1161524456,0.45147987,3415.169035,85,102.4815383,5618.794539,2105.778334,38.22797913,580.1755788,67.40782044,2090.116466,1226.541899,134.0242957,6042.053384,0,0,3,14.390898,0.9876146851,0.1999855,34.87679852,34.80739,0.06941021433593875
244.03824,906,50,0.06880053,0.1914714,-0.29064715,96.59943,1.0592121,0.3574584588,-0.08246673762,0.35944768,3355.706617,85,36.79530047,8477.49036,2494.562154,15.82897582,677.5339881,19.46836229,2135.122255,1141.538217,231.4203985,6115.654041,0,0,3,14.390898,0.9876568309,0.2054431,34.73836871,34.75967,-0.021301547568356227
207.17801,903,10,-0.007890808,0.40445766,-0.48011276,62.9396,2.084286,-0.01946148459,-0.1237053295,0.472221952,2266.016692,88,75.04062412,7459.037375,2465.663564,76.11327641,1164.575902,81.17256326,2376.239946,762.6033577,309.3580333,6493.09569,0,0,2,12.763145,0.9879896088,0.1992619,36.00303611,36.08411,-0.08107415000976914
167.14528,886,40,0.13145457,0.37795058,-0.50958323,29.436493,4.2730627,0.3468910643,-0.1260373748,0.6410378,1074.543148,105,155.9829238,6101.433867,1035.110085,0.0,358.2751946,1635.420633,2534.583759,1029.621089,280.9319511,5401.888361,0,0,0,4.7791634,0.9885409964,0.1919662,36.50377604,36.524517,-0.02074101932617367
247.34694,913,10,-0.14992471,0.6976818,-0.6680187,28.564299,3.607418,-0.2145822462,-0.2209890119,0.51809399,927.058076,78,117.079225,8027.677427,1459.621958,0.0,353.1347159,310.0681621,1782.986572,94.81833789,828.9955713,4484.246274,1,0,1,5.878149,0.9880263942,0.1676638,32.45513135,32.10172,0.3534124474121114
0.0,910,40,0.0851356,0.30990416,-0.42475274,56.62441,1.3909631,0.2738322961,-0.09885940455,0.50988834,2107.068258,81,51.7595538,0.0,2596.028904,29.89771757,784.861334,97.7556902,2098.858025,1007.776347,341.7448342,6254.388604,0,0,4,14.390898,0.9877591649,0.2084402,37.21130618,36.933144,0.27816256427734487
134.23972,908,20,-0.0670349,0.6765286,-0.6371341,24.576841,2.656949,-0.09894032518,-0.205765376,0.5700992,807.0110638,83,87.24421657,4407.927741,2084.654194,0.0,378.0919102,0.0,1814.578802,718.4293832,794.2204646,4032.084298,0,0,0,3.6264167,0.9884515794,0.1771753,32.83624058,32.567448,0.2687929176464863
126.14272,915,30,0.120012976,0.2767059,-0.3852438,98.086205,2.3575015,0.4321585389,-0.098460563,0.505256776,3541.291369,76,85.11492226,4554.240074,2157.216236,43.51729038,622.4177611,97.58468528,1913.889815,1146.205874,234.5875809,6175.020071,0,0,4,13.068169,0.9878203002,0.2205304,36.1038677,36.114887,-0.011019537548826008
270.0,909,40,0.17291415,0.21169177,-0.3902439,51.623672,1.4283612,0.8129799757,-0.06901798856,0.56315805,2060.909704,82,57.0227445,10778.88493,2711.115607,23.20875523,900.9633257,117.0853414,2071.33609,875.7232422,467.7572621,6393.144774,0,0,5,13.068169,0.9877494431,0.2255743,39.92179604,40.119556,-0.19776038700195642
0.0,909,40,0.069449194,0.26335347,-0.3528973,55.76255,0.0,0.2627133814,-0.07242336194,0.422346494,2149.42565,82,0.0,0.0,2794.115975,14.47259849,995.5754856,25.52138071,2130.158583,789.0392604,558.011781,6467.156075,0,0,5,17.751673,0.9881017462,0.1969489,38.54604299,38.007565,0.5384784453222622
142.39737,912,10,-0.08124525,0.66096425,-0.63866514,26.406658,2.340073,-0.1227335917,-0.2131014024,0.55741989,853.3760853,79,75.62344072,4601.813306,1852.34345,0.0,327.1919961,0.0,1911.832715,498.3348545,936.2409505,4098.62806,1,0,0,4.003391,0.9885251305,0.1353883,32.31670154,32.1321,0.18460238838866871
198.89612,909,40,0.07730201,0.40386277,-0.47754854,65.33536,2.9383907,0.1909338564,-0.1303142309,0.55485055,2304.034731,82,103.6215952,7014.020713,3488.525993,13.92753118,248.4856683,883.3092702,2060.176628,967.8351788,1012.00054,3681.194706,1,0,1,14.3015,0.9879069708,0.1353419,35.26474379,35.03796,0.22678373750976277
198.89612,907,40,0.016119856,0.3912577,-0.4548514,56.679317,1.470162,0.04109506582,-0.1339617715,0.470971256,1939.306163,84,50.30219802,6805.312621,2568.267311,0.0,891.5050128,93.85397842,2183.047903,570.3630102,485.4227228,6680.314463,0,0,3,17.751673,0.9884961195,0.1718975,34.21541165,34.187027,0.028384672460937566
130.43344,923,10,-0.12641367,0.6875,-0.6526549,33.17068,4.9925637,-0.1836073638,-0.2029125279,0.52624123,1108.588075,68,166.8550835,4359.179738,1431.830166,0.0,584.9454041,0.0,2017.390106,900.2440702,577.90958,3810.938169,0,0,0,3.6264167,0.9893605981,0.1411715,33.420722,33.07172,0.3490018767089822
189.71214,920,10,0.03543522,0.4998587,-0.5349913,72.73223,2.8206508,0.07074893578,-0.169742731,0.57042652,2408.26532,71,93.39567205,6281.632881,3174.363748,0.0,424.39985,1506.587879,2469.311541,203.3351526,572.3326741,3324.368152,0,0,1,18.062607,0.9891290626,0.2006161,33.11139119,33.19859,-0.08719813495117279
90.0,907,10,-0.1294068,0.6163142,-0.60757214,62.46478,0.4762124,-0.2096287434,-0.2031120694,0.47816534,2016.734099,84,15.37496467,2905.734542,1938.428545,0.0,428.2088606,1548.000352,2217.726812,369.829841,423.5236631,3391.239515,0,0,0,19.631723,0.9886048339,0.1313113,32.28593936,32.102005,0.18393435511718792
198.8962,923,10,0.036080766,0.40101033,-0.5033557,96.98864,1.4701627,0.08975084297,-0.1396800985,0.539436466,3398.565693,68,51.51577046,6969.494591,2218.949687,0.0,513.7586358,21.80399826,1606.228138,1080.237159,341.5171518,6104.42672,0,0,4,17.034052,0.9884248126,0.19805,35.04086348,34.90706,0.13380476417968623
194.3984,913,60,0.08722909,0.24810189,-0.34707904,50.3686,1.9144233,0.3501743403,-0.08197974936,0.43430813,1865.845513,78,70.91755826,7201.25996,3018.196982,5.136729103,799.0026228,171.7904777,1977.641268,714.8999004,615.2967545,6597.549366,0,0,3,17.751673,0.9877743686,0.1843167,37.0438232,36.794853,0.24896998955077976
115.96136,924,30,0.050259344,0.23920654,-0.33618522,67.54314,1.0592276,0.2092338702,-0.09802923149,0.386444564,2320.597187,67,36.3921575,3984.114535,3233.191549,110.1392632,243.0491003,1041.728124,2550.884285,301.1676704,551.9472286,3263.302599,0,0,0,12.298366,0.9875358045,0.1996344,34.35725948,34.482086,-0.1248267016406217
0.0,919,50,-0.016546763,0.43670565,-0.45520082,72.95286,0.46373534,-0.03780340281,-0.1482122111,0.438654057,2386.146874,72,15.16788556,0.0,3220.747134,53.80003072,385.8520068,1423.449504,2602.808066,305.0299396,602.9307791,3226.761885,0,0,1,12.298366,0.9874327391,0.2372093,32.70806483,33.10451,-0.39644643098633026
0.0,904,20,0.040727027,0.32036138,-0.37349397,51.925,0.46373534,0.1267327984,-0.114212127,0.414220997,1748.23834,87,15.61328649,0.0,3299.488312,25.80925342,488.0006766,1253.252488,2265.628843,664.6832662,574.3949448,3365.499835,0,0,0,14.3015,0.9875770769,0.2236466,33.66852845,33.48885,0.17967881010741849
217.60281,914,40,0.06504065,0.23234291,-0.32947975,50.042168,2.340079,0.2787342028,-0.0812594167,0.3945204,1828.438545,77,85.5017041,7950.761949,4707.258219,0.0,468.7148726,766.0335347,2267.270161,1109.64579,1031.803429,3535.812243,1,0,0,10.216694,0.9884632894,0.1740693,36.53795624,36.250973,0.2869834921972654
134.2394,923,40,0.09269195,0.39754915,-0.52487564,82.2162,2.6569645,0.232573448,-0.1241600971,0.61756759,3044.197294,68,98.3787154,4970.446435,1389.557531,0.0,747.0136106,0.1259771702,1659.182564,1084.525669,508.8880557,6380.900939,0,0,1,13.068169,0.9877639392,0.2232354,37.0267331,36.923824,0.10290878969726691
90.0,910,60,-0.041300528,0.16633858,-0.20949222,56.156235,2.8549814,-0.2468081658,-0.06934696107,0.168191692,1821.982154,81,92.62952119,2920.038956,4211.017607,0.0,690.3471717,278.6089383,1973.223172,599.7387631,518.0861201,6736.46023,0,0,3,17.751673,0.9874921338,0.2495168,32.44487729,32.73616,-0.29128298832031163
180.0,898,40,0.14702381,0.1789387,-0.35604447,53.01473,1.3909631,0.8170772046,-0.07703384851,0.50306828,2014.877607,93,52.86493778,6841.079249,3993.706674,0.0,444.109773,453.0057789,2750.897028,349.1250223,821.9111641,7492.18511,0,0,1,6.537956,0.9880062917,0.1778099,38.00599583,37.9503,0.05569752067383149
328.36078,896,40,0.16211878,0.27559054,-0.47272727,38.29646,2.7214828,0.5861327723,-0.08971932227,0.63484605,1504.84367,95,106.9395491,12902.80202,1160.606714,28.79622307,130.8012888,2354.50252,3374.826719,1854.744129,713.5856798,5635.311581,0,0,0,4.3366556,0.9878069141,0.1925635,39.29458937,39.03836,0.2562287742968721
314.23926,924,40,-0.015167764,0.4543459,-0.53664196,25.845215,0.6646894,-0.03331042181,-0.1248444172,0.521474196,961.8667178,67,24.73736866,11694.86443,1596.87272,0.0,425.5198754,124.0423482,2216.962981,586.7709794,896.3827063,3910.702397,0,0,0,4.003391,0.9876715418,0.2062468,37.21643321,37.152573,0.06386057816406066
152.82146,912,10,-0.06104468,0.5975995,-0.5955836,62.495434,2.084296,-0.1019791697,-0.1931229731,0.53453892,2048.163309,79,68.30864784,5008.41881,2918.784568,78.52747436,551.5263202,1646.791811,2434.552871,480.7404734,203.7187418,3177.52442,0,0,1,19.631723,0.9885984516,0.1616218,32.77300721,32.86475,-0.09174269844726268
82.08024,904,50,-0.073244944,0.41896552,-0.4296468,58.38074,3.361825,-0.1744070418,-0.13647029,0.356401856,1932.069787,87,111.2572488,2716.388176,4290.378871,11.34916571,602.8208273,406.9110447,2054.031586,399.6804865,486.900582,6948.35945,0,0,4,17.751673,0.988412965,0.1359246,33.09430109,33.09811,-0.0038091089746075113
332.8214,892,40,0.20348275,0.22095898,-0.45336863,38.506664,3.1247237,0.9167583578,-0.0872753595,0.65685138,1508.036313,99,122.3735405,13034.28302,1066.534065,0.0,157.0455709,2369.593952,3440.658533,1902.052821,796.6603461,5580.769241,0,0,0,3.2232766,0.9875327055,0.2033912,39.1629956,39.12854,0.03445556093750213
237.00865,902,40,0.12935844,0.40676057,-0.5323719,23.158617,1.7028407,0.3172411692,-0.100682896,0.66173034,910.7603332,89,66.96771933,9320.853532,643.2540392,0.0,423.6958465,1986.769138,3162.168783,1575.500253,681.0373153,5257.524091,0,0,0,2.990664,0.9882188045,0.1921049,39.32706056,39.184753,0.1423071420312496
194.39853,925,40,0.03919564,0.38254046,-0.46251622,61.3225,1.9144244,0.102194277,-0.1404077981,0.50171186,2071.240784,66,64.66197391,6566.042867,2073.020488,23.32120608,448.9060681,1280.024169,2587.984854,498.7268091,404.9726542,3041.287746,0,0,0,15.989367,0.9878920492,0.1860941,33.77619608,33.982933,-0.20673696443359546
122.99135,921,40,0.0712161,0.26200667,-0.34994912,87.549324,3.4026785,0.270776783,-0.1070739159,0.42116522,2946.908793,70,114.5341018,4139.886799,3133.29879,7.347200704,646.5136401,1744.070741,2604.326538,523.4631202,259.7781475,3031.563125,0,0,2,18.690191,0.9878288663,0.1818743,33.6599834,33.666782,-0.006798979150389073
99.21862,911,20,0.0719946,0.27260116,-0.386398,59.86447,2.892295,0.2631370423,-0.1197919975,0.4583926,2003.271534,80,96.78616116,3320.197057,2654.684718,38.38328855,680.6051259,1559.906274,2508.457077,611.4344587,227.3661686,3099.369752,0,0,1,18.46755,0.9874374582,0.2233892,33.46344725,33.576027,-0.11257966650390472
180.0,928,40,0.14464535,0.26089185,-0.4203233,96.79354,1.3909631,0.5523094743,-0.08863066937,0.56496865,3704.540574,63,53.23577627,6889.06825,2161.333579,0.0,450.7027149,0.0,1337.36803,810.2527713,538.4635103,6322.004007,0,0,4,10.959354,0.9884925126,0.1438347,38.27260139,38.432228,-0.15962669837890786
244.03879,927,20,-0.002316277,0.49591452,-0.5824468,85.16681,1.0592334,-0.004661318812,-0.1326476006,0.580130523,3189.836475,64,39.67251251,9140.225327,1725.537741,0.0,480.3984221,0.0,1386.262773,862.2086528,600.0338851,6387.921014,0,0,4,10.959354,0.988449396,0.1471663,37.4539856,37.136074,0.3179115338378935
27.178596,932,40,0.11874237,0.31646147,-0.45514113,91.85254,2.084297,0.3740371076,-0.1069105028,0.5738835,3408.377398,59,77.34212669,1008.517699,1565.291238,0.3667518413,526.7133684,0.3667518413,1440.100651,921.570641,612.9668437,6454.636616,0,0,2,10.733876,0.9877676275,0.2070856,37.10705657,37.13838,-0.03132157331054941
99.21862,904,50,-0.09296149,0.33857414,-0.3659751,55.05379,2.892295,-0.2737590383,-0.1193153011,0.27301361,1799.573883,87,94.54205683,3243.214268,4634.179192,0.0,504.9143434,503.1921251,1993.742313,416.0350091,405.4345291,7014.320007,0,0,4,16.064142,0.987360255,0.1962341,32.68755671,32.830677,-0.1431203224707005
233.85777,900,50,0.022683583,0.38152173,-0.44843304,48.643227,2.3575294,0.0593001161,-0.117881434,0.471116623,1739.000358,91,84.281918,8360.439278,1175.454033,55.05822816,342.6402309,724.2968236,2404.27299,6.066340737,805.9884389,7384.417664,0,0,2,23.159447,0.9880706542,0.1659124,35.75010263,35.726437,0.023666015009766284
270.0,895,40,0.06158975,0.3898129,-0.5249501,21.095034,1.904218,0.1575939535,-0.1283952764,0.58653985,772.8604234,96,69.76498496,9892.011281,545.2297991,0.0,237.5853661,2293.60558,3437.788407,1871.609086,808.3385861,5445.059391,0,0,0,3.2232766,0.9875621811,0.2160067,36.63707882,36.384502,0.2525764091113274
90.0,906,40,-0.03255341,0.4262295,-0.4695946,58.394844,2.8550138,-0.07619654074,-0.1488446541,0.43704119,1934.4327,85,94.57739201,2981.409505,2378.163706,15.74497575,609.3316593,1480.555319,2587.747725,720.0892973,317.2665421,3025.605622,0,1,0,18.46755,0.9878904924,0.2094275,33.12677228,33.31719,-0.19041598293945583
225.76094,905,40,0.05834512,0.2744676,-0.31962338,50.005142,0.66469175,0.211803929,-0.09280571709,0.3779685,1721.030714,86,22.8767457,7770.031166,2621.89442,76.23748125,507.2226574,1289.758929,2562.508905,859.1898196,511.4465505,3080.826956,0,0,0,12.2503805,0.988216981,0.1743939,34.41707483,34.47346,-0.056386321123049754
237.00877,911,10,-0.08685969,0.58401996,-0.60242486,53.07371,1.702846,-0.1484730367,-0.1862768948,0.51556517,1778.115475,80,57.05003146,7940.446631,2312.150755,0.0,345.239974,1006.517671,2552.24094,1074.675445,803.3716195,3184.295347,0,0,0,12.2503805,0.9894689964,0.1912611,33.50275448,33.61999,-0.11723682249023426
270.0,919,40,0.118584074,0.19167265,-0.30742976,55.669224,3.8042386,0.6154691597,-0.08518108369,0.426013834,1951.839349,72,133.3818232,9466.570332,3274.502897,25.29354111,346.5043071,821.2453126,2563.961108,1236.005438,998.1272822,3266.015122,0,0,0,8.627223,0.9873258543,0.211454,35.0613716,35.02794,0.03343275722656358
152.8213,898,40,-0.016346836,0.43178973,-0.46030125,60.128395,1.0424943,-0.03777085006,-0.1326959067,0.443954414,2075.506312,93,35.98472069,5275.071332,3350.033724,29.82521038,409.6112874,715.7184412,2185.651551,167.8044046,587.89282,7299.438664,0,0,3,23.159447,0.9877114946,0.2188865,34.51790642,34.68065,-0.16274238371093475
320.59552,890,40,0.1294628,0.30973896,-0.47986388,20.778402,2.9981349,0.4166287999,-0.1222546362,0.60932668,750.9974183,101,108.3621142,11587.33996,985.0780217,0.0,103.5399604,2411.005398,3576.982937,2008.130251,711.0516913,5475.473282,0,0,0,3.2232766,0.9875439983,0.2143095,36.14317493,36.17496,-0.031786160087889925
207.1788,913,50,0.08907446,0.30054644,-0.41170126,54.633442,1.0424953,0.2953921791,-0.1210211738,0.50077572,1870.799613,78,35.69791199,7094.373057,1766.003413,6.884655689,233.9465096,948.8154786,2655.515725,1148.883386,910.0005928,3133.950969,0,0,0,12.2503805,0.9882803125,0.2027067,34.24275581,34.382095,-0.13933952691406404
277.91968,918,40,0.14927426,0.16827528,-0.30581614,53.34231,3.3618622,0.8818432319,-0.07848374021,0.4550904,1923.128827,73,121.2038644,10019.72633,2040.751591,0.0,252.2651549,860.483067,2662.938762,1239.446175,1006.490512,3177.216066,0,0,0,8.627223,0.9875568769,0.20488,36.0525974,36.268867,-0.2162700926757779
152.8212,910,30,0.17038983,0.13052128,-0.3668511,41.797985,1.0424953,1.295530503,-0.06890107755,0.53724093,1646.434915,81,41.06419629,6019.671987,3151.964485,0.0,299.7494038,846.1036801,2569.977677,619.4018811,965.4745664,7385.961191,0,0,1,6.737871,0.9874122981,0.2498936,39.39029393,39.167744,0.22255024713867044
258.97928,893,20,0.073509015,0.37731957,-0.469978,21.256016,2.4244556,0.1943040245,-0.1432029508,0.543487015,716.7849085,98,81.75629833,8733.1718,969.3169471,12.8414479,142.8626204,2243.703835,3513.605448,1891.995138,622.7491131,5257.252844,0,0,0,3.2232766,0.9889013604,0.1322529,33.72150776,33.621082,0.10042545409179837
101.02072,913,50,0.11725907,0.22501907,-0.3533708,69.21193,2.4244556,0.5188016657,-0.09616691268,0.47062987,2443.22494,78,85.58481736,3566.095362,3744.689514,121.4144606,400.6499303,1810.820984,2368.348292,387.5993437,234.6062709,2768.827557,0,1,0,18.46755,0.9880968938,0.1883222,35.300633,35.328938,-0.028304530517580417
90.0,910,40,0.09684179,0.17096837,-0.2876654,63.056698,0.95237845,0.5631372211,-0.07635976363,0.38450719,2246.416615,81,33.92881076,3206.281041,3064.611491,24.49180755,384.3117533,1717.066258,2395.827469,442.2578847,262.7240954,2787.209785,0,1,0,18.46755,0.9877459041,0.2015833,35.6253449,35.41302,0.21232381235351738
341.10345,919,40,0.12817886,0.29578894,-0.43887323,54.68787,1.4701658,0.4318855682,-0.1044965589,0.56705209,2020.800833,72,54.32488545,12604.29664,1986.281008,0.0,177.3637199,827.8699481,2772.514996,1301.451279,1119.588686,3135.979599,0,0,0,8.627223,0.987571881,0.2181412,36.95153666,37.0734,-0.12186193008788848
101.02072,906,50,0.035392392,0.3125935,-0.34025657,69.95941,2.4244556,0.1128607321,-0.1095876704,0.375648962,2300.193051,85,79.71359283,3321.456801,4285.228324,0.0,194.4774897,515.083709,1665.029577,691.5613937,61.87768238,7076.98686,0,0,5,16.064142,0.9888534761,0.1700433,32.87896583,33.097755,-0.21878960212890775
168.39363,919,40,0.20340113,0.21577609,-0.40570757,53.02727,4.7235265,0.9383005755,-0.09792930265,0.6091087,1951.011067,72,173.7908151,6195.639257,2305.138782,0.0,277.4684135,2448.141998,905.4104158,85.50957865,215.861801,6620.332154,0,1,1,15.825265,0.9877362927,0.1808246,36.79259873,36.93808,-0.1454811039843733
157.66847,919,30,0.18914276,0.15459883,-0.37369034,52.939095,2.5051327,1.215579577,-0.09084624803,0.5628331,1943.333681,72,91.96055865,5787.829356,1854.967332,0.0,374.920047,2532.170028,927.2428178,97.15344461,207.5093969,6617.888224,1,1,1,15.825265,0.9879513933,0.1813708,36.70885724,36.77219,-0.06333285399414024
45.76126,872,40,0.07121058,0.40317622,-0.4809408,3.333385,0.66469556,0.1761869612,-0.1405778805,0.55215138,114.4120376,119,22.8143984,1570.667355,36.41377787,0.0,73.30142729,3030.535934,1473.713846,1075.363008,866.6932555,9844.194296,0,0,0,3.8931997,0.9884714722,0.1709607,34.32307928,34.320896,0.00218313131836112
27.178965,871,40,0.068451375,0.36359128,-0.45219228,3.2641504,1.0424968,0.1877482506,-0.1385165935,0.520643655,109.8154636,120,35.07260861,914.3790195,0.0,0.0,0.0,3054.613171,1466.441632,1001.829209,848.9156297,9916.563513,0,0,0,3.8931997,0.9876379508,0.1217442,33.6428933,33.718307,-0.07541419511719027
152.82098,899,40,0.118123665,0.24803862,-0.41935483,85.53806,1.0424973,0.4743186619,-0.09191386177,0.537478495,3239.26432,92,39.47861697,5787.219722,905.6356386,0.0,251.8362313,3869.204917,3143.239134,1005.214033,897.7836976,7021.028539,0,1,0,27.996485,0.9878322687,0.1854087,37.86927503,37.56696,0.30231564889648155
180.0,894,30,0.074277855,0.20458207,-0.31317073,85.64449,2.7802885,0.3613051226,-0.0852488702,0.387448585,3023.011975,97,98.13644089,6353.498696,1783.636231,0.0,528.7671101,3680.392966,3421.943332,1091.690821,878.7951316,7134.91516,0,1,0,27.996485,0.9883702544,0.1741234,35.29721498,34.862534,0.4346814106640622
237.00912,879,10,-0.12359944,0.6661475,-0.6330789,3.4269986,1.7028624,-0.1852655372,-0.2147844816,0.50947946,109.8180637,112,54.56817273,7594.949891,1202.241329,0.0,42.44828861,3408.749185,1862.926313,653.0343616,378.960483,10677.83398,0,0,1,3.9508483,0.988815478,0.1937771,32.04496895,32.23484,-0.18987144306640857
270.0,863,20,-0.10953474,0.6623945,-0.60373944,27.67532,2.379823,-0.1651125235,-0.2288493564,0.4942047,833.456007,128,71.66955161,8131.184098,309.5318865,273.4693572,64.82139674,4693.297036,6198.574417,1570.825052,423.398644,7990.556011,0,0,0,1.9135709,0.9881922408,0.1333377,30.11549666,30.346954,-0.23145768570312342
161.10326,868,20,0.11553785,0.25868177,-0.36615384,3.372511,1.4701676,0.4449209122,-0.08489819677,0.48169169,125.6396308,123,54.76966998,6001.745912,0.0,0.0,0.0,2923.618814,1669.461374,723.7860201,649.0298116,9932.888577,0,0,0,4.1787667,0.9865942395,0.0551804,37.25403143,37.003517,0.2505142791210915
295.9607,877,60,0.13860045,0.14571658,-0.27767858,3.4345763,1.0592529,0.9446815759,-0.07949160645,0.41627903,118.8889577,114,36.66637808,10244.77433,737.8796969,51.92451676,0.0,3622.865407,2239.331534,860.6828231,711.1151343,11009.51029,0,0,1,3.6698172,0.9877415282,0.1714016,34.61531999,34.570496,0.04482438453125326
256.31802,877,40,0.08192046,0.25384116,-0.38911533,3.3668892,1.9598327,0.321456942,-0.1018495737,0.47103579,120.550764,114,70.17140012,9177.413123,1107.58612,0.0,41.46130396,3084.894585,1904.377066,385.1430929,628.2364121,10324.84966,0,0,1,3.7662885,0.9880393742,0.1830882,35.80479095,35.571022,0.2337689163085912
332.8207,911,10,-0.017992424,0.5287983,-0.580495,33.8177,4.1631174,-0.03396089417,-0.1852234279,0.562502576,1116.80356,80,137.4837535,10991.1479,3120.941081,0.0,409.5394898,232.7140163,2762.025551,1329.920322,508.4425924,3170.428117,0,0,2,6.1232467,0.988799967,0.1875472,33.02423168,33.063156,-0.038924447929687744
332.82062,917,20,-0.0018816643,0.49423137,-0.54680437,36.67201,1.0425007,-0.003799566049,-0.1542033373,0.5449227057,1276.996773,74,36.30207426,11589.51631,66.56624824,28.45322674,169.3367073,28.45322674,2338.576544,968.8624051,804.7838342,2767.641006,0,0,1,4.8746476,0.988301866,0.1717369,34.8221102,34.836464,-0.014353728222658901
90.0,919,40,0.14285715,0.17702313,-0.4103896,40.267063,1.904274,0.8024639832,-0.09738194351,0.55324675,1489.512641,72,70.44070226,3329.17595,328.041423,50.90904603,441.5825971,2444.514593,1408.456567,581.2839422,837.8753333,6149.405541,0,1,0,5.6235166,0.9877762838,0.2105684,36.99084389,36.72511,0.26573478965820385
270.0,873,40,-0.0069856793,0.4142752,-0.47997946,3.2206259,2.37985,-0.01682180708,-0.1245166549,0.4729937807,115.6771065,118,85.47846611,9697.748115,847.957273,5.412731621,154.9004387,2724.370935,1989.802701,390.8602388,445.4903527,9895.152458,0,0,0,4.1787667,0.9884033306,0.201597,35.91758561,35.864216,0.053369759169925146
0.0,884,40,0.06815327,0.29761645,-0.4622967,3.1471407,0.0,0.228230126,-0.1158893784,0.53044997,114.3715623,107,0.0,0.0,367.4027444,0.0,288.7456207,3206.153349,2303.427293,447.6035244,809.6420961,10598.25035,0,0,0,3.9508483,0.9878885906,0.2008022,36.34142009,36.2813,0.06012049893554661
120.29577,882,40,0.110365756,0.30997178,-0.42091838,2.9762547,2.7557244,0.3549060175,-0.1136001589,0.531284136,105.3892076,109,97.58022757,4259.674375,1248.681473,0.0,141.0434109,3402.021747,2469.124655,709.6906694,739.5291889,10838.25459,0,0,0,3.6698172,0.9886533276,0.2054978,35.41000964,35.235847,0.17416216685546715
295.96033,868,40,0.004010695,0.51166725,-0.559121,24.653631,3.1749077,0.007823193309,-0.2002531885,0.563131695,767.4413901,123,98.83151,9212.931234,556.6892291,491.5482032,194.0309908,4444.047032,6228.331587,2003.737557,796.1834388,7690.574496,0,0,0,1.7217065,0.9883693576,0.1414966,31.12893959,31.155848,-0.026907959438474904
328.35974,917,40,0.09386659,0.21903232,-0.36941814,39.93963,2.7215133,0.4266036462,-0.09589983643,0.46328473,1434.193794,74,97.72693147,11791.08322,571.2120106,0.0,434.5120712,2513.223397,1506.618574,677.1152024,922.8430259,6050.449466,0,1,1,5.332773,0.9876430038,0.221537,35.90904056,35.84287,0.06617175506836048
345.60095,916,40,0.15079217,0.33138517,-0.49622333,34.338314,1.9144291,0.4536669611,-0.1255132607,0.6470155,1244.147285,75,69.36367833,12521.82864,655.4881169,16.33820495,323.1690432,2729.046939,1489.621298,666.2668029,818.5810229,6028.262672,0,1,1,4.983638,0.9880536806,0.1677985,36.23204345,36.289288,-0.057244117138672834
134.2381,909,60,0.08493078,0.07827451,-0.16508475,5.935353,1.3292278,1.071350425,-0.05038299428,0.25001553,200.0070422,82,44.79176228,4523.499331,2748.703097,0.0,899.7520213,3209.918974,4228.087379,1874.384109,836.949371,7007.069596,0,5,0,19.264921,0.9871463803,0.4100242,33.69758162,33.91981,-0.22222962877929575
239.7044,881,40,0.021292217,0.45603496,-0.5002814,3.1499684,2.7557385,0.04658772055,-0.1422117212,0.521573617,109.3440138,110,95.65921631,8320.79497,258.1641659,0.0,220.959039,2695.980671,2248.861185,54.30456568,592.7101919,10007.53253,0,0,0,4.5833135,0.988548975,0.1841315,34.71273356,34.420433,0.2923005155664029
270.0,871,40,-0.20225486,0.7094972,-0.60611594,27.887682,0.9524108,-0.2846666532,-0.2131762118,0.40386108,876.8358082,120,29.94540362,8489.255873,136.6653336,0.0,426.0908642,3620.767247,7680.8159,2330.290685,493.8758175,7040.40924,0,0,0,2.4288118,0.9880568388,0.184017,31.44168842,31.46991,-0.028221247968751584
78.979645,861,40,0.01920391,0.5345534,-0.5780899,26.590576,2.4245348,0.03585806756,-0.1950691081,0.59729381,854.4572474,130,77.9096072,2537.919076,0.0,89.18581907,56.59609717,3732.522191,7425.056999,2226.335635,697.4251084,7519.131486,0,0,0,1.8623263,0.9884757069,0.071385,32.13383747,32.19012,-0.05628322702148125
134.2379,913,20,0.012800819,0.4745698,-0.5725938,32.527985,0.66470563,0.0269168038,-0.1653703213,0.585394619,1121.964082,78,22.9272069,4630.170062,0.0,0.0,458.8167019,0.0,2208.048619,1249.119536,998.1948044,2613.612415,0,0,0,3.891062,0.9884240733,0.1363703,34.49227127,34.393387,0.09888442917969087
244.03981,877,50,0.07889734,0.22710004,-0.30592993,3.9363964,2.1178207,0.3458891984,-0.08512126836,0.38482727,137.7934547,114,74.13425911,8542.60727,2313.284888,0.0,204.4591459,2332.039275,2261.080065,647.2745867,47.56443187,9481.020356,0,0,1,5.390692,0.9889303618,0.2114176,35.00497427,34.829937,0.1750372887988263
64.03982,887,40,-0.08596227,0.4884466,-0.537698,3.1617718,1.0592722,-0.1756315602,-0.143696346,0.45173573,112.3636324,104,37.64461182,2275.858996,766.2542951,0.0,242.160214,2852.74731,2476.607459,181.7632836,965.429971,10267.64598,0,0,0,3.7622159,0.9877440586,0.1701581,35.53818539,35.410915,0.12727001524414305
341.1028,911,40,0.0657875,0.31769183,-0.46509987,40.958324,1.4701715,0.2064298291,-0.1198371247,0.53088737,1474.624018,80,52.9306376,12280.73643,1944.583696,23.41037994,136.5136206,2730.729621,1801.949437,968.9892553,721.0844378,5753.682521,0,1,1,5.332773,0.9875038338,0.2167691,36.00303611,35.85585,0.14718589027343398
287.98245,879,50,0.0907543,0.23211813,-0.33034378,3.9280787,1.5017843,0.389306057,-0.08403344248,0.42109808,142.04708,112,54.30748487,10414.01388,2306.86933,0.0,106.4130925,2281.380515,2364.036408,565.0413052,102.0293009,9497.871655,0,0,1,5.390692,0.9879692006,0.1808219,36.16197404,36.081505,0.08046921822265318
225.7623,907,10,0.1023281,0.35531336,-0.48922154,34.20404,1.329237,0.2871856952,-0.1133298332,0.59154964,1274.589111,84,49.53306705,8412.8708,1463.208022,0.0,277.0297151,226.0234027,2504.245512,1736.291548,757.7766183,2862.601289,0,2,1,4.484649,0.9876384624,0.1774162,37.26428549,37.20864,0.05564443775390515
302.99,902,40,0.12947252,0.22090015,-0.3371105,38.799583,1.702903,0.5834719805,-0.08821373362,0.46658302,1389.343576,89,60.97790648,10849.52924,2099.115571,0.0,17.12818786,3070.090529,1892.717302,1072.844357,851.1430505,5626.489463,0,0,2,4.983638,0.9878147719,0.1715959,35.80820897,36.1461,-0.3378901205761693
101.02029,917,40,0.14340852,0.08311728,-0.3081599,6.32731,2.4245508,1.704863971,-0.08809810763,0.45156842,219.1408081,74,83.97218117,3498.748755,2247.983394,0.0,685.2517179,2841.652069,4383.939218,2203.671231,1041.097414,6668.394969,1,1,0,19.264921,0.9879897648,0.1623135,34.6341191,34.6508,-0.016679697607422383
237.01001,882,40,0.08273229,0.2441972,-0.3954389,3.8781877,1.702903,0.3374112347,-0.09546459537,0.47817119,142.681976,109,62.65131648,8719.80914,1579.643593,8.799796699,132.7604721,2238.249574,2470.553189,489.4463463,239.4477001,9516.729802,0,0,2,5.390692,0.9875964298,0.2277424,36.79088972,36.614017,0.17687223342773706
244.03996,886,40,0.02465424,0.34438458,-0.46654612,2.9245753,1.059278,0.07138199395,-0.1146037013,0.49120036,106.9979519,105,38.75454208,8928.399248,520.8443363,0.0,324.859368,2705.829031,2659.417102,202.0174005,976.2872369,10156.17235,0,0,0,3.7622159,0.9876214956,0.2373648,36.58580852,36.641605,-0.055796857197265126
111.2806,918,30,0.1291768,0.06765029,-0.17824355,4.805656,2.5538313,1.881664302,-0.053136527,0.30742035,163.589781,73,86.93520784,3788.113213,2687.366061,0.0,658.4178027,2750.870513,4427.631631,2289.394992,1108.685767,6584.759441,1,1,0,19.845282,0.9873104994,0.2457062,34.04109263,34.34792,-0.3068268341113267
126.14062,884,40,0.11561045,0.40948692,-0.5262055,24.27531,2.3576198,0.2816422263,-0.1190603164,0.64181595,910.9495546,107,88.47148426,4733.523139,402.8946418,104.0905123,555.6398135,3220.679541,8426.99558,1002.618538,1265.082872,5907.68079,0,0,0,1.8600764,0.9879519995,0.1881229,37.52576402,37.47018,0.055583508525387515
252.01782,910,40,0.1844304,0.31514952,-0.45739257,57.670868,1.5018058,0.5833644789,-0.09478710609,0.64182297,2217.365832,81,57.74237467,9689.739768,462.8935808,132.9693134,974.5179461,3100.075021,3697.224444,2186.183118,1394.172161,5929.861239,0,2,0,16.212696,0.9878217903,0.1506497,38.44862942,38.603317,-0.15468784074218433
152.81987,875,10,-0.028870292,0.5957171,-0.5652451,4.428444,1.0425076,-0.04838187476,-0.1792022697,0.536374808,146.6849194,116,34.53134855,5061.906692,1066.872182,116.7552944,156.8566718,1598.754038,3111.162665,447.4082212,513.7558114,8120.472465,0,0,1,5.3890524,0.9892265784,0.1759017,33.12335426,33.240086,-0.11673134180664135
191.607,897,40,0.23282051,0.258553,-0.52549285,23.072206,2.3657882,0.8970056597,-0.09517851171,0.75831336,916.3127958,94,93.95729216,7609.673122,739.7125918,254.3991573,738.1206667,2968.158876,8884.498463,455.961244,1551.704755,5547.307284,0,0,0,1.9610214,0.9878110986,0.1894662,39.71500583,39.084373,0.6306323558789089
122.98951,895,40,0.20025429,0.3066736,-0.5056852,23.690205,1.7029248,0.6508660152,-0.1087151946,0.70593949,901.9488175,96,64.83485515,4682.536226,708.5885418,247.5121998,812.5074316,2959.255017,8847.111165,552.7817714,1642.281738,5637.976463,0,0,0,1.9610214,0.987921345,0.210441,38.07264722,37.899075,0.17357266555664097
90.0,889,40,0.16177474,0.35167858,-0.48488513,23.39286,1.904343,0.4587030491,-0.1116589236,0.64665987,873.2773801,102,71.09090833,3359.784319,0.0,216.4810527,891.176913,2905.824452,8642.488406,1135.918657,1085.537943,6186.317654,0,0,1,2.1485467,0.988145922,0.1845567,37.33093688,37.254337,0.07659956920898736
14.3995,920,20,0.11,0.30243903,-0.4024951,40.740395,1.9144328,0.3625110455,-0.1189248586,0.5124951,1392.069491,71,65.41476814,492.02038,2585.227234,0.0,766.8336203,2442.598843,4536.502256,2361.548708,1473.500176,6199.502486,2,3,0,24.269547,0.9876955766,0.1839066,34.16926838,34.27097,-0.1017010108691423
270.0,868,40,0.06186648,0.31827113,-0.42198676,2.9699423,0.95243454,0.1937741129,-0.1420372051,0.48385324,95.55745903,123,30.64444199,8687.210502,629.492468,0.0,130.6035557,5318.13117,3022.51714,647.5830107,853.7105413,12838.47352,0,0,0,2.6219847,0.9891059096,0.2276501,32.17485371,32.07157,0.10328235990234447
270.0,876,40,0.047832586,0.41202548,-0.5045763,3.5304086,0.47625017,0.1158102546,-0.1411923033,0.552408886,123.3103545,115,16.63449871,9430.578581,497.9974807,0.0,116.9023972,5691.37978,2805.658641,964.3099136,464.5059019,13196.78696,0,0,0,3.9775233,0.988303795,0.1610331,34.92806882,35.129158,-0.20108920001953123
188.34651,899,20,0.036608066,0.5511156,-0.61455804,20.25699,3.2773902,0.06630507452,-0.1725524815,0.651166106,706.602817,92,114.321681,6569.888939,732.3936461,211.4455255,404.2318468,2929.641877,8781.554613,21.82732011,1067.233662,5138.460828,0,0,0,2.681928,0.9879383007,0.1881263,34.88192555,34.910538,-0.02861216972656422
27.180338,894,40,0.14173104,0.36372745,-0.5266405,18.59993,1.0425096,0.3885943874,-0.1071890491,0.66837154,718.4794998,97,40.27013951,1049.924148,493.7806478,244.1658195,472.451561,2898.001755,8862.588389,165.8563595,1243.665528,5316.125305,0,0,0,1.7225442,0.9878214237,0.2028786,38.62807547,38.485237,0.1428383484179676
345.60043,882,20,0.13846155,0.39534885,-0.517341,23.222918,1.9144334,0.3493426309,-0.1214298088,0.65580255,861.9325729,109,71.0553474,12827.16788,338.6775504,71.59822648,1103.450094,2781.096333,8648.561909,1427.478326,830.9040786,6495.061942,0,0,1,1.6468226,0.9880188757,0.1730403,37.11560162,37.089672,0.025929531376952752
64.04048,871,40,0.07391647,0.3796666,-0.46351182,25.983797,1.0592974,0.1941764,-0.1120617014,0.53742829,955.5229442,120,38.95439033,2355.011779,236.3893193,0.0,732.7885276,2804.674635,8410.059109,2011.908786,356.2544012,7049.468699,0,0,0,2.2941473,0.9883571441,0.1639455,36.77379962,36.873856,-0.10005597082031414
27.180338,907,60,0.108797126,0.22416769,-0.32338044,30.132174,2.0843294,0.4831826715,-0.07828516368,0.432177566,1107.611063,84,76.61665244,999.10624,2622.651097,0.0,763.6407757,2583.675324,4266.882916,2349.106244,1688.369699,5903.989686,2,4,0,20.160746,0.9874755764,0.2205645,36.75841853,36.538643,0.2197756466992189
14.399594,874,40,0.12951513,0.3781556,-0.47830892,23.02778,3.824602,0.3415883347,-0.1170212208,0.60782405,843.5918815,117,140.1091724,527.5098423,0.0,0.8951578594,933.087317,2684.090375,8628.396292,1822.153057,555.569525,6895.854619,0,0,1,2.2941473,0.9881506091,0.1543871,36.6336608,36.679474,-0.045813076953123755
180.0,875,40,0.09593645,0.3413418,-0.44341463,6.220799,0.46373534,0.2802358637,-0.1197184664,0.53935108,220.2466583,116,16.41849527,6372.87887,512.2847908,0.0,161.7586713,1420.595618,3504.057983,626.4360128,624.8368308,7704.799152,0,0,1,6.916739,0.9881748628,0.1982797,35.40488261,35.302223,0.10265940443359511
202.33276,879,40,-0.086697765,0.49237907,-0.5337117,7.6965294,2.5051548,-0.1757224217,-0.159425536,0.447013935,261.7746617,112,85.20542391,6881.749817,2541.296534,0.0,369.2696265,1286.225181,3353.067573,236.8298504,248.0214287,8008.381183,0,0,1,9.119422,0.9882589774,0.2297178,34.01203946,34.03176,-0.019721709433596857
314.23685,875,10,0.00421477,0.39261916,-0.47143245,3.3483996,1.3292571,0.01070773587,-0.1434800012,0.47564722,112.9703076,116,44.84727075,10601.91071,541.999369,0.0,49.13380812,5615.450709,2553.22242,853.0477647,532.3053055,13083.73974,0,0,0,4.9978895,0.9885126204,0.1882454,33.73859786,33.78854,-0.04994202647461066
256.3188,881,40,0.186515,0.20896131,-0.38983846,6.3800282,1.9599416,0.888330331,-0.0938378281,0.57635346,234.9449846,110,72.17498646,9438.957732,588.4102639,0.0,302.2320015,1248.009438,3684.205197,647.1293956,624.6540406,7579.152841,0,0,1,6.916739,0.9877760154,0.2179462,36.82506992,36.87821,-0.0531382404003935
90.0,868,40,0.013639059,0.3556099,-0.43638456,2.9516084,0.9524497,0.0382464396,-0.1332899049,0.450023619,99.42675467,123,32.08385728,3031.70567,552.9757777,0.0,131.9691096,4834.477608,2989.858049,91.01337823,1294.403634,12323.96592,0,0,0,3.015756,0.9878209944,0.1824598,33.68561855,33.553185,0.1324340407226572
152.8194,866,40,0.098466784,0.2919922,-0.4183865,3.031606,1.042512,0.3360730559,-0.1192858263,0.516853284,105.1109863,125,36.14568137,5298.511038,538.8707983,0.0,75.61951982,4928.99587,2918.700372,176.3058834,1201.140543,12414.01726,0,0,0,3.015756,0.9880719666,0.1836334,34.67171732,34.565098,0.10661951116210844
244.04074,870,40,0.06830365,0.30713245,-0.4310757,3.3580923,1.0593071,0.2216697722,-0.1092628644,0.49937935,121.5844609,121,38.35370538,8835.838674,643.4367983,0.0,88.55611697,5403.154129,2588.732056,642.1010828,750.9813494,12865.89235,0,0,0,4.9978895,0.9879894261,0.1807708,36.2064083,36.26532,-0.058911524218750344
170.28694,906,20,0.14280659,0.34145665,-0.50294757,15.80596,2.8206587,0.4170063277,-0.126274763,0.64575416,574.1138943,85,102.4537169,6185.267979,0.0,573.2482838,833.9774328,2446.374065,9240.675703,865.4477138,1615.48957,6012.92427,0,0,0,1.6393839,0.9888933085,0.1618578,36.32262098,36.24734,0.07527982399414412
68.7201,899,40,0.19013333,0.07390382,-0.30876967,39.796738,2.5539117,2.538366268,-0.07462844899,0.498903,1463.613295,92,93.92576642,2527.334074,2172.477328,0.0,240.2867859,2068.006945,4723.688933,1816.680514,1270.27183,5599.264794,0,1,0,11.6000805,0.9872535045,0.2646878,36.77721764,37.099167,-0.321949230117184
152.81924,886,10,-0.0050072684,0.49423632,-0.5539461,12.7365265,1.0425135,-0.01011086667,-0.1539335415,0.5489388316,446.0594509,105,36.5109749,5352.04526,967.0464419,0.0,425.1970222,1027.943312,3828.852064,638.4251684,598.6404827,7534.345124,0,1,1,18.145401,0.9892093843,0.1750985,35.02206437,35.03727,-0.015205222285153752
180.0,887,50,0.11535789,0.21007605,-0.36186147,7.403952,0.46373534,0.5465228765,-0.09397640129,0.47721936,265.8308524,104,16.64991355,6462.704435,2724.350419,0.0,839.3015294,867.502343,3630.524943,382.1169664,339.4100616,8089.900957,0,1,1,15.736198,0.9875272073,0.1944955,35.90391353,35.90745,-0.0035380996386749075
252.01836,887,40,0.067433916,0.33659795,-0.407327,35.484062,1.5018489,0.1997462248,-0.1116400743,0.474760916,1249.274506,104,52.87504973,8872.719031,1774.856373,0.0,38.70513551,2676.839379,4728.345729,3762.175947,121.0219282,4903.668229,0,0,1,4.2300286,0.9879903975,0.1665367,35.20663745,35.315784,-0.1091470043457008
45.76353,905,40,0.07659326,0.3380401,-0.40136054,69.06776,0.6647227,0.2259120971,-0.1162135957,0.4779538,2379.825127,86,22.90393932,1576.845674,3476.349614,191.3757378,324.9328967,2478.78541,1351.250682,967.6105257,291.7572389,5977.975713,0,0,0,26.52086,0.9878583454,0.172733,34.45638206,34.53151,-0.07512733941405969
45.76353,886,40,0.16250843,0.2306168,-0.3966826,7.2541103,1.9934527,0.7016262637,-0.1065280781,0.55919103,257.3392148,105,70.71763889,1623.459031,1273.325225,0.0,307.3466605,1410.591187,4596.528954,1853.39192,530.2004875,6427.051816,0,0,0,8.736265,0.9877358177,0.1947076,35.47495202,35.65206,-0.17710944240234028
45.76366,892,40,-0.029632274,0.5517891,-0.6031128,5.585524,1.3292695,-0.05360502586,-0.1811552672,0.573480526,189.526414,99,45.10439515,1552.839514,895.5799149,0.0,420.8054854,1463.806101,5046.693782,1568.410537,516.2830532,5944.055004,0,1,0,8.820091,0.9879803177,0.1583452,33.93171599,33.933887,-0.0021714916894524094
287.9815,900,40,0.0882984,0.21996467,-0.2973227,65.97919,1.5018613,0.3996041539,-0.0836169569,0.3856211,2300.015325,91,52.35444701,10038.95112,2013.830593,0.0,101.6717586,2052.932005,3941.707728,3384.146524,276.4621249,4111.434008,0,0,1,4.710106,0.9883304069,0.1721775,34.85970842,34.807796,0.051911941728512545
325.60126,904,40,0.06886957,0.33816546,-0.39718163,70.74396,1.6856035,0.2030559657,-0.1148776336,0.4660512,2438.669033,87,58.10572462,11224.04952,3906.922802,221.303094,300.8262373,2649.707553,1414.060968,1182.170909,217.8322773,5899.643248,0,0,0,26.52086,0.98817454,0.1826548,34.47176315,34.596645,-0.12488220522460836
314.2362,886,40,0.026772248,0.43988842,-0.5160059,6.498729,1.3292726,0.06072340934,-0.1524637908,0.542778148,222.0568153,105,45.42027222,10737.22105,1578.405454,0.0,454.173894,1331.970352,5057.380082,1491.54131,377.0997522,5940.006005,0,1,0,8.820091,0.9875285759,0.2080942,34.16926838,34.03275,0.1365192039746077
325.6012,886,40,0.041150045,0.33834964,-0.46432492,8.098709,1.6856047,0.121261496,-0.1340358323,0.505474965,279.3982309,105,58.15185743,11232.95074,1528.013509,0.0,413.373451,1242.3255,5133.527244,1395.377865,311.2060055,5869.593642,0,1,0,8.820091,0.9874508122,0.1972063,34.49910731,34.665165,-0.1660576375097662
0.0,881,40,-0.075079575,0.60480714,-0.63776386,8.189611,0.46373534,-0.1239331299,-0.1814952215,0.562684285,284.1578195,110,16.09038854,0.0,2838.49596,3.733544741,154.5814481,1141.594237,4952.003145,1499.190445,182.1632831,6080.761728,0,2,0,8.820091,0.9882167568,0.1638868,34.69735247,34.55086,0.14649111135742032
345.59995,897,60,0.05153901,0.22515026,-0.31155655,88.67838,1.9144377,0.2278971954,-0.1036267437,0.36309556,2870.339307,94,61.96646556,11186.36945,3959.204471,0.0,267.8723638,2803.519473,1403.911783,1462.068292,254.2785991,5970.948433,1,0,1,21.207504,0.9877495678,0.2273652,32.36797184,32.616554,-0.24858242025390354
270.0,879,40,0.028583178,0.44509023,-0.48227173,7.789738,0.95247775,0.0640748801,-0.172780055,0.510854908,242.4463454,112,29.64473896,8403.429391,2109.026474,35.83422761,35.83422761,926.8088205,5055.83354,1374.709059,136.3051587,6020.884408,0,2,0,19.430347,0.9881173772,0.0883617,31.12381256,31.071192,0.05262077228027451
45.76412,880,40,-0.2186743,0.6573824,-0.5514438,8.080366,0.66472965,-0.3321387388,-0.2218708648,0.3327695,234.2162045,111,19.26774798,1326.511508,1569.732548,0.0,0.0,914.2795819,5000.818893,1430.721968,233.1024408,6095.013752,0,2,0,19.430347,0.9888731735,0.1167415,28.98584105,29.58754,-0.6016986228515613
180.0,876,80,-0.5054811,0.84635085,-0.68720746,7.7658925,1.3909631,-0.5965428606,-0.2881667085,0.18172636,218.7038274,115,39.17243946,5069.177681,624.0229902,0.0,0.0,912.0483826,4947.112502,1491.005769,330.28416,6169.791513,0,1,0,19.430347,0.9881606386,0.0830394,28.16209823,27.710169,0.451929391499025
45.764183,887,40,0.15305796,0.26828098,-0.44812483,43.01946,0.6647304,0.5683949902,-0.1103155079,0.60118279,1572.798916,104,24.30265867,1673.146465,2390.91035,175.7524541,482.837959,2140.242032,3760.235671,3184.016707,391.7014831,3912.526458,0,0,1,5.884457,0.9877935196,0.2008412,36.56017337,36.483288,0.07688555872070424
45.764183,898,10,-0.19774346,0.7064298,-0.5950969,78.42008,0.6647304,-0.2795237916,-0.2434397416,0.39735344,2247.47402,93,19.05078781,1311.574948,469.7455867,58.79024986,58.79024986,3059.041881,1782.503216,1558.423256,587.275787,5550.369267,0,0,0,24.442846,0.987728917,0.0551989,28.65942014,29.080935,-0.4215143845361311
214.39923,881,40,0.09316101,0.3204391,-0.39480948,7.756055,1.6856133,0.28982476,-0.1181982523,0.48797049,263.5474004,110,57.2764122,7285.193273,2313.927429,0.0,97.49562068,732.0473042,5220.340787,1213.692599,257.5490599,5892.91044,0,2,0,19.430347,0.9872164906,0.3639381,33.97956827,33.90424,0.07532861545898584
189.71341,879,60,0.11686224,0.1764454,-0.3403269,7.898034,2.8206615,0.6585814003,-0.09107010763,0.45718914,280.5468183,112,100.1929859,6738.828114,2376.249441,0.0,387.1795687,766.2762161,5468.145952,967.9210583,317.019447,5604.755442,0,2,1,12.517557,0.9873573057,0.2470652,35.52109529,35.417572,0.1035232685156231
283.68063,896,20,0.14417228,0.21891828,-0.36211407,21.778902,1.9600214,0.6555720607,-0.08069492834,0.50628635,820.8803121,95,73.87622106,10692.35924,1767.70062,312.7667599,695.127133,3007.415166,4664.908725,4082.237971,57.06061306,4807.823822,0,0,0,2.3684173,0.9889455973,0.133894,37.69153799,37.635838,0.055700435068359866
0.0,898,20,0.1821044,0.22725013,-0.427002,23.411762,0.0,0.7978282422,-0.0826811646,0.6091064,915.5943823,93,0.0,0.0,2051.271182,336.0418879,688.3680857,2929.145367,4568.366307,3985.41351,154.3673342,4710.833551,0,0,0,2.3684173,0.9892165246,0.1523052,39.10830728,39.044487,0.06382028048827948
57.012035,884,40,0.13552202,0.26878282,-0.44424227,42.098145,1.7029954,0.5023374728,-0.09705558874,0.57976429,1595.665154,107,64.5494099,2160.953116,2791.451829,450.3293843,413.7033664,2488.115476,3990.022348,3405.197148,401.928028,4129.330536,0,0,0,2.5786936,0.9879227575,0.1698097,37.90345523,37.84643,0.057023497822264346
45.764507,898,10,-0.024224224,0.46590257,-0.48894063,81.19097,0.66473424,-0.05188282429,-0.141520647,0.464716406,2797.963351,93,22.90774505,1577.113974,2162.253082,153.4934587,372.3921048,3334.064071,1980.495599,1407.134254,474.7447291,5422.241507,2,2,0,22.386549,0.9889841656,0.1242459,34.46150909,34.51872,-0.05720962948242203
64.04181,898,40,0.09519762,0.34704208,-0.4617233,65.048615,1.059348,0.273523305,-0.1176329714,0.55692092,2351.063471,93,38.28820008,2314.674342,835.0867124,103.6373253,307.8975326,3381.022181,1890.147808,1128.163416,704.2982525,5740.376026,0,0,0,13.777986,0.9881830285,0.1609819,36.14317493,36.03156,0.11161593952148507
244.04187,925,50,0.16629213,0.28004602,-0.4169319,28.115389,1.0593499,0.5916900371,-0.07871850062,0.58322403,1106.128051,66,41.67741163,9601.203031,4411.169499,0.0,177.4743852,1229.257701,3269.012644,978.5914235,836.9293939,4325.026679,0,0,2,3.4203656,0.9874303667,0.1954202,39.34244165,39.43328,-0.09083929482422093
225.76471,892,40,0.13150242,0.22767755,-0.3949144,60.635406,1.3292943,0.5750560997,-0.1034927032,0.52641682,2170.105397,99,47.57465853,8079.985738,1293.939503,21.38200639,21.38200639,3441.404095,4299.587747,3067.423738,352.7096072,3400.218316,0,0,1,10.333934,0.9877213585,0.1864685,35.78940986,35.892998,-0.10358788169921951
173.48972,882,40,-0.004606365,0.51404226,-0.52802545,57.24537,4.193295,-0.008943664157,-0.1744728079,0.523419085,1858.982165,109,136.1727702,5633.893103,646.90674,0.0,609.089177,1059.11041,5554.24613,703.1550945,414.7796618,4686.896589,0,0,1,10.555897,0.9886462488,0.1610496,32.47393046,32.333008,0.14092264749999828
142.39311,869,50,0.19495368,0.39671683,-0.45909253,20.381933,2.3402073,0.4901821228,-0.125374989,0.65404621,718.5546476,122,82.50281422,5019.996434,348.9934801,0.0,493.1042682,1329.290473,8763.848898,3098.725073,709.2272851,8207.45308,0,0,0,1.6895487,0.9878905378,0.1514982,35.25448973,35.437584,-0.18309419333984067
180.0,885,40,-0.011808577,0.37790945,-0.41380808,64.21116,1.3909631,-0.03116464105,-0.1501768546,0.401999503,1984.010756,106,42.97828838,5561.680183,45.20158679,6.023469782,6.023469782,2660.632374,4641.764931,2283.949383,266.8573833,3542.307649,0,0,1,9.071132,0.9878877831,0.1139041,30.89822324,31.499077,-0.6008536032617187
90.0,887,40,0.070181444,0.36688474,-0.5067961,66.01084,1.9044769,0.1907701961,-0.1491889696,0.576977544,2259.039317,104,65.17548019,3080.002292,663.6254315,0.0,473.8909404,1735.819883,5101.955281,1348.979164,381.0354969,4038.175498,0,0,0,10.455061,0.9893373073,0.2067568,34.22224769,34.062786,0.15946158770508134
244.04196,881,40,0.08147906,0.24258521,-0.40314922,59.472015,1.0593538,0.3344992087,-0.1270309274,0.48462828,1975.502726,110,35.18892575,8106.427154,441.594906,0.0,641.3124209,1385.083392,5324.977994,996.4038293,459.5404586,4282.772093,0,0,1,8.658342,0.9875648241,0.2320705,33.21734981,33.26636,-0.04901142657226387
180.0,886,40,0.0075957216,0.37766302,-0.42774308,8.108076,1.8543341,0.02005931712,-0.1301982573,0.4353388016,273.5412588,105,62.55946342,6072.639993,1393.295826,0.0,461.925235,800.4998989,5823.920051,495.7815174,517.0151916,4829.513621,0,0,2,13.490321,0.9880114982,0.2098136,33.73688885,33.908546,-0.17165759775390654
237.01239,913,50,0.023304204,0.39122704,-0.4939529,62.72711,3.4030197,0.05941508775,-0.1478798572,0.517257104,2131.440117,78,115.6331402,8053.578687,3231.508721,0.0,388.6441566,2443.486038,979.7525513,842.8190598,1033.450426,1098.891183,0,0,2,10.130502,0.9878063711,0.2166406,33.97956827,34.108765,-0.12919637843749854
90.0,915,40,0.16303055,0.264988,-0.42615747,54.211468,1.4285911,0.6129244552,-0.08380908655,0.58918802,2112.151026,76,55.65981274,3506.519918,2473.693119,0.0,508.2830733,3454.441324,3083.390736,2156.207667,551.5262217,4234.823478,0,0,2,22.929037,0.9880562456,0.1676635,38.96133242,38.93535,0.025983909257810467
180.0,886,40,0.08438182,0.31359807,-0.43820816,68.98328,1.8543341,0.2682210352,-0.1422316414,0.52258998,2259.728495,105,60.74358315,5896.372702,2092.720048,0.0,468.1686107,1001.623624,5643.090614,617.7194266,197.1446234,4477.447321,0,0,2,10.555897,0.9876322946,0.1676005,32.75762612,32.980827,-0.22320121154297112
207.18192,886,40,0.03207856,0.34226054,-0.47187656,65.36927,1.0425245,0.09345251278,-0.1482210938,0.50395512,2174.521977,105,34.67978818,6891.948438,1405.757286,0.0,392.9693741,849.5993399,5768.285846,483.728938,301.4641122,4618.552261,0,0,3,10.555897,0.9878482732,0.1699262,33.26520209,33.541504,-0.2763018162499975
134.23497,875,40,0.17528783,0.24260934,-0.4155302,48.84759,0.66474044,0.7195447843,-0.1020280801,0.59081803,1787.379017,116,24.3234746,4911.783136,0.0,0.0,508.9936218,1756.890951,8110.975037,3774.115733,514.5749746,8251.468234,0,1,0,1.5177978,0.9881966245,0.1358558,36.59093555,36.53965,0.051285586621091284
0.0,866,40,0.13630041,0.3248,-0.46375957,49.20961,0.0,0.4183560773,-0.1096539761,0.60005998,1822.323395,125,0.0,0.0,0.0,0.0,61.20691358,2378.555566,7436.087076,4364.367466,890.267915,7574.400054,0,0,0,1.3603278,0.9877995873,0.171889,37.03186013,36.91801,0.11384941833007645
115.95788,861,10,0.18863992,0.4928092,-0.51532847,51.221184,1.0593597,0.3820097317,-0.1736549916,0.70396839,1647.071189,130,34.06482835,3728.747921,0.0,295.236159,0.0,2746.682312,7051.052374,4712.794082,1002.690938,7187.92345,0,0,0,1.3421556,0.9872625421,0.0441878,32.1560546,31.945786,0.21026907753905988
180.0,893,40,0.026517795,0.3918683,-0.4166032,26.95714,1.8543341,0.06749792488,-0.1129640371,0.443120995,952.8940665,98,65.54790164,6362.72735,1065.123234,112.351214,297.8348937,2283.267396,2682.022318,2135.634594,173.5069811,2808.763345,0,0,1,6.0647926,0.9875389625,0.2310247,35.34848528,35.486088,-0.13760251907226717
221.35887,898,40,-0.031111112,0.5046146,-0.539561,27.601032,4.3167276,-0.06153127698,-0.1450878295,0.508449888,978.6735815,93,153.0619312,7848.912247,778.5601034,204.1535767,211.6647309,2272.971728,2590.275583,2048.783318,270.7601305,2717.288892,0,0,1,6.0647926,0.987905667,0.1820901,35.45786192,35.55343,-0.0955667299023446
52.08438,916,40,0.1782656,0.24393117,-0.41009885,29.026394,3.0158951,0.7278191665,-0.101995071,0.58836445,1057.638336,75,109.8905457,1897.805046,1928.554844,0.0,27.65366015,1542.926311,3379.461198,1287.227544,580.3939119,4475.158173,0,0,2,4.571948,0.9877480986,0.2012613,36.43712465,36.442783,-0.0056587057128894
152.81798,906,50,-0.0010699765,0.18580481,-0.22045395,151.8014,2.0843608,-0.005727778102,-0.06503633863,0.2193839735,5190.315368,85,71.26739209,5225.073749,3756.785798,0.0,449.3023452,3807.645659,2510.668798,1165.372337,371.3865161,4956.662822,1,2,1,22.280031,0.9876868267,0.1963903,34.19148551,34.39426,-0.20277489649414093
270.0,913,40,0.14868179,0.2355951,-0.4373706,67.52046,0.47628692,0.6284229471,-0.09940730052,0.58605239,2530.410447,78,17.84942517,10118.57474,3748.75767,0.0,542.0003309,3454.305382,2953.042305,1847.94394,615.5617419,4366.794542,0,0,1,16.316866,0.9882678493,0.1140801,37.47620273,37.308784,0.16741824513671588
237.01263,866,40,-0.046582665,0.5156207,-0.5433559,19.780197,1.7030226,-0.09016801882,-0.1703096745,0.496773235,658.6345371,125,56.70669012,7891.969117,261.1194175,217.1004458,764.1418608,978.9568609,8993.203657,3138.258424,1024.226611,8187.243595,0,0,0,1.7518004,0.9885649155,0.1939695,33.29767328,33.38534,-0.08766836428711144
180.0,891,30,0.09945635,0.11326349,-0.22915757,66.4942,0.46373534,0.8704123251,-0.06400254676,0.32861392,2324.218583,100,16.20926779,6291.666715,3106.221342,17.4989768,282.5042772,2024.22861,5162.069887,1656.895986,102.7162231,3568.430583,0,0,2,14.94104,0.9873639502,0.2582028,34.95370397,35.085136,-0.13143244357421935
64.04222,893,50,0.061698012,0.30737203,-0.40547657,71.56644,1.0593635,0.2000765504,-0.1199200957,0.467174582,2444.394433,98,36.18319204,2187.400212,3395.140762,0.186187116,381.9422317,1833.110185,5255.447709,1463.536118,66.92012413,3682.584203,0,0,2,17.641823,0.9877762179,0.1925868,34.1555963,34.1273,0.028296037548827258
64.042274,869,40,0.09295867,0.3715415,-0.43722495,49.072388,2.1180072,0.249525677,-0.09561492468,0.53018362,1859.50987,122,80.25807291,2426.766772,446.5784141,0.0,230.7270901,2222.44179,7564.541166,4376.300032,950.5845022,7698.238644,0,0,0,1.3603278,0.9877814517,0.1774312,37.89320117,37.72304,0.17015963557616942
165.59933,889,40,0.018424856,0.40413436,-0.5367647,72.19854,1.9144427,0.04547838401,-0.1610562484,0.555189556,2450.930846,102,64.98977219,5621.616532,2408.027486,7.286354364,111.14832,2879.206784,4912.110475,2524.208274,264.8970975,3061.787655,0,0,1,13.178272,0.9880100303,0.192231,33.94709708,34.042023,-0.09492562507812607
258.9808,882,40,0.17214756,0.21358205,-0.40091944,3.8995087,2.424789,0.8022458542,-0.1084570119,0.573067,137.9616833,109,85.78721007,9162.545811,1123.537293,0.0,247.5654399,1460.609985,5307.474195,2586.124504,821.0770393,8736.301098,0,0,1,6.9753633,0.9877486069,0.2369779,35.37924746,35.53579,-0.15654202974609177
152.81781,878,40,0.106877625,0.28800932,-0.39274925,5.288008,1.0425268,0.3698068457,-0.1035065604,0.499626875,188.8751208,113,37.23658801,5458.290215,1165.024808,9.206093056,147.8665258,2239.648982,4546.39736,2104.694468,196.624119,9476.963379,0,0,2,8.114263,0.988308961,0.1685321,35.71763144,35.885006,-0.16737451092773625
0.0,871,10,-0.07103238,0.51890385,-0.567426,20.049345,0.46373534,-0.1366259934,-0.1823930471,0.49639362,659.8184907,120,15.26140391,0.0,487.1032486,61.2181417,602.3450563,932.6898777,8926.100169,3345.770641,805.2336186,8374.343602,0,0,0,1.7518004,0.9884066986,0.1643287,32.90972801,32.966286,-0.05655769556640422
168.39201,870,40,0.123655915,0.3763017,-0.43485916,46.737274,2.3657966,0.3277374976,-0.09862196179,0.558515075,1752.653798,121,88.71767738,6314.722076,490.9258207,0.0,270.9483828,2195.877659,7582.506378,4427.800514,1027.115561,7713.709755,0,0,0,1.3603278,0.9877306905,0.1888413,37.50012887,37.6289,-0.12876975060547124
115.95763,892,40,-0.045255475,0.5792666,-0.565455,44.95471,2.1180148,-0.07799083215,-0.1489622833,0.520199525,1605.906247,99,75.66133114,4142.326409,1823.482609,196.3924738,0.0,2717.625334,1733.311072,1052.199729,244.2492021,1858.868555,0,0,0,5.7575026,0.9886690634,0.1896014,35.72275847,35.20417,0.518588242949221
157.66559,926,40,0.1764175,0.27764815,-0.4227072,41.33746,2.5051844,0.6331192222,-0.09261884103,0.5991247,1565.560934,65,94.87807981,5971.220495,1020.352159,0.0,141.9067676,1856.650055,3514.551294,1597.888665,412.609791,4641.679085,0,0,2,4.571948,0.9875261955,0.2230728,37.87269305,37.97523,-0.10253812065429457
107.980576,918,40,-0.011344678,0.5098381,-0.59358567,42.513428,1.5019352,-0.02220797157,-0.1564357182,0.582240992,1518.478953,73,53.64556792,3856.810416,1444.42823,0.0,89.39907319,1930.339858,3381.875042,1690.66526,218.1868775,4829.647127,0,0,2,4.571948,0.9887839846,0.1600508,35.71763144,35.66608,0.0515509651464825
140.59131,916,40,0.16588363,0.29553747,-0.45477465,72.4124,2.9983156,0.5594019198,-0.1298366993,0.62065828,2509.300975,75,103.9003853,4871.899166,3923.728942,19.27524556,857.902401,3260.187612,3069.142104,1567.267289,261.4256488,4313.561913,0,0,0,27.657825,0.9880367428,0.1440865,34.65291821,34.621994,0.03092419144531533
152.8177,916,40,0.18707782,0.18467794,-0.39939332,69.86809,1.0425279,1.007539291,-0.09202823938,0.58647114,2607.763637,75,38.91141647,5703.783245,4643.092851,0.0,839.8862961,3178.248747,3183.995369,1707.002049,383.0168929,4164.834649,0,0,0,16.316866,0.9879186774,0.136522,37.32410084,37.18577,0.13833271255859358
53.862106,895,60,0.08713054,0.115080856,-0.23464501,68.79329,2.357773,0.7506021492,-0.07109151067,0.32177555,2325.574315,96,79.70510394,1820.821918,3640.51924,17.79524751,457.5162145,3552.359503,4843.343773,2932.543201,260.4256347,2778.023283,1,0,2,21.400444,0.987532668,0.2291373,33.80524925,33.87982,-0.0745725273437472
134.23465,895,50,0.12745628,0.15734099,-0.25845033,70.21572,1.9935176,0.804948106,-0.08599952648,0.38590661,2272.26045,96,64.51249377,4343.985738,4443.610819,0.0,166.4470064,1899.72248,5383.472216,1547.970588,211.1183128,3465.421202,1,0,2,17.641823,0.9872367474,0.2390867,32.3611358,33.08189,-0.7207543062011723
207.1824,874,10,-0.16357206,0.6871795,-0.67803633,17.83266,1.0425289,-0.2376880741,-0.2253542411,0.51446427,577.4203701,117,33.75701792,6708.552626,281.6987139,212.6251874,454.4562321,714.8265969,9134.523113,3281.704238,794.7468593,8263.80473,0,0,0,1.7518004,0.9894090735,0.1558012,32.37993491,32.07048,0.3094545633203154
134.23451,881,40,0.08680434,0.46285394,-0.5442439,18.477058,1.3293129,0.1871372269,-0.1287608652,0.63104824,684.1135176,110,49.21784215,4970.035966,604.126099,0.0,698.7996355,1144.953031,8654.525008,3627.191229,675.8327978,8675.234333,0,0,0,1.6676315,0.988755591,0.1547251,37.02502409,37.026855,-0.0018313787499977252
270.0,879,40,-0.12260163,0.68103236,-0.673697,21.483582,0.47629452,-0.1797592566,-0.2039944747,0.55109537,726.4414226,112,16.10532493,9129.724461,952.1891013,0.0,854.159078,1326.901494,8462.754375,3774.148415,720.8953328,8595.215347,0,0,0,1.6676315,0.9889374704,0.18058,33.8137943,33.599022,0.2147723883789041
270.0,897,50,0.09251785,0.2248062,-0.31844836,50.12582,1.4286203,0.4097223637,-0.0895245255,0.41096621,1747.628466,94,49.80861168,9413.505572,3662.805894,243.9134667,214.8049419,2748.489797,2018.567707,1183.602396,74.9396745,2145.624496,0,0,0,5.542752,0.9873818401,0.2739749,34.86483545,35.051857,-0.1870215446289052
134.23451,904,40,0.098007455,0.31413737,-0.481245,68.70046,1.9935223,0.3109991525,-0.1384622545,0.579252455,2373.274606,87,68.86672739,4637.164784,2433.187325,0.0,183.0116571,2087.7185,5385.687865,1745.928748,369.04674,3268.732441,1,0,1,14.94104,0.9886536813,0.1943417,34.54525058,34.43675,0.10850207536132928
332.8176,874,40,0.11052056,0.29553735,-0.40216854,5.5265145,1.0425289,0.3727036746,-0.1106088765,0.5126891,194.3149809,117,36.65583132,11702.03129,983.861908,0.0,86.86401891,2157.763807,4642.541377,2023.910074,186.995755,9325.779174,0,0,1,8.114263,0.9876077879,0.2411205,35.16049418,35.146915,0.013578744208984972
161.10074,879,40,0.014144272,0.4202751,-0.5222495,20.001476,1.4701897,0.03357490628,-0.1385924779,0.536393772,712.6278465,112,52.38104027,5739.820072,902.3202572,0.0,718.9460536,1203.532506,8576.807437,3766.144572,595.6686194,8707.426049,0,0,0,1.8871999,0.987884519,0.1934531,35.62876292,35.509117,0.11964579353515603
180.0,870,40,0.15184638,0.30976278,-0.40700808,46.604,0.92740995,0.4886247317,-0.07368958491,0.55885446,1851.037425,121,36.83526148,7149.316293,464.4943776,0.0,248.9510465,2348.163594,7431.89436,4698.612122,812.6091893,7557.04903,0,0,0,1.4266214,0.9879350646,0.2017482,39.71842385,39.947166,-0.2287425928710931
11.608066,897,40,0.19165023,0.32632145,-0.4831122,38.576607,2.3657973,0.5855107571,-0.122503399,0.67476243,1396.5226,94,85.64489349,420.2268623,3838.28592,79.40928434,334.9874129,2763.850971,2549.869284,1636.778815,322.9681581,2678.490911,0,0,0,5.004254,0.9877578209,0.1927367,36.20128127,36.129868,0.07141371628906512
39.408882,894,40,0.08174153,0.38453555,-0.45872062,48.985687,2.9983237,0.2120207332,-0.1177893462,0.54046215,1765.726384,97,108.0768606,1420.523156,3022.548594,328.8547056,110.0268948,2889.360593,1942.007766,970.6889514,149.8931014,2066.317443,0,0,0,4.6737328,0.987837511,0.218906,36.04576136,35.95397,0.09178949720703145
90.0,927,40,-0.009358997,0.52508,-0.571193,41.787987,1.9045244,-0.01779006425,-0.1343114323,0.561834003,1550.129285,64,70.64851069,3338.558415,1570.180207,11.88135707,11.88135707,2045.243479,3660.030596,1779.592699,466.8273741,4699.11809,0,0,1,4.9307113,0.9878139507,0.1752634,37.0950935,37.06173,0.03336406884765353
152.81755,903,30,0.22266945,0.23383594,-0.39699075,63.28167,1.0425293,0.9481915332,-0.07761145393,0.6196602,2469.107098,88,40.67712648,5962.593867,607.1043411,0.0,172.2559896,2378.651218,5359.51034,2045.285699,479.2961761,3021.161211,1,0,0,19.218235,0.9876894647,0.1998101,39.01772975,39.01958,-0.0018510910644522482
244.04253,896,50,0.17399007,0.22813489,-0.36755648,7.4947095,1.0593752,0.7593346871,-0.09268370685,0.54154655,271.830428,95,38.4231589,8851.335115,1715.143509,0.0,112.830402,624.9133566,6232.717371,329.8150578,461.2652824,4236.044395,1,0,2,18.925636,0.9876026459,0.1973616,36.26964167,36.350716,-0.08107396720703264
157.66536,880,40,-0.020097774,0.50159913,-0.5589375,19.09483,2.5051885,-0.03998768163,-0.1790933328,0.538839726,629.3520261,111,82.56923252,5196.538213,683.8215067,0.0,350.4951215,801.7701948,8978.30833,3559.936203,526.005187,8536.019583,0,0,0,2.0335655,0.9880020097,0.1891327,32.9592893,32.96641,-0.007122290576170087
295.95737,879,40,0.11453499,0.4129147,-0.5225024,19.782059,1.0593791,0.2767115785,-0.1396354192,0.63703739,703.0184801,112,37.64841085,10517.78788,556.9704803,0.0,585.6076834,1084.007801,8691.59288,3763.277394,478.2364604,8780.780271,0,0,0,1.8871999,0.9884908544,0.1489652,35.53818539,35.449566,0.08861950254883055
0.0,890,40,0.14170417,0.31698024,-0.46762207,23.886602,0.46373534,0.4456382887,-0.1014219687,0.60932624,907.2217594,101,17.61283547,0.0,406.0951029,0.0,120.6785261,2887.497915,3018.3862,2062.990383,296.4910773,3147.181402,0,0,0,4.338115,0.9877100563,0.2049367,37.98036068,37.89779,0.08257167853515313
90.0,900,40,0.0834624,0.38265836,-0.4819143,41.357384,0.95252967,0.2175435458,-0.1398435358,0.5653767,1423.753581,91,32.79142434,3098.305789,3913.499124,273.3412037,510.4020049,2888.278455,2370.812869,1329.185098,412.0663354,2498.127719,0,0,0,5.0379744,0.987676212,0.1884822,34.42561988,34.32804,0.09757880333984303
237.0131,894,40,0.09346596,0.4092242,-0.51244634,46.020638,1.7030444,0.2278411659,-0.1341852057,0.6059123,1647.523374,97,60.96841716,8484.989325,514.8586362,93.60961821,296.6116482,3111.999917,1632.279333,548.3369529,824.5038984,1738.653867,0,0,1,5.111815,0.9880402722,0.1793463,35.79966392,35.779556,0.020107645585937917
180.0,937,40,0.19149633,0.25291434,-0.4571176,24.288366,0.92740995,0.7541769008,-0.1015437334,0.64861393,916.296051,54,34.98720642,6790.629274,3007.836474,0.0,422.0516835,2043.87166,4141.020564,1599.098037,1046.452693,4182.645064,0,0,2,3.5821965,0.987915713,0.1831836,37.72571819,37.713608,0.01211040191406454
82.08158,923,40,0.20543495,0.20357941,-0.43047062,41.586597,3.3623922,1.004181946,-0.08746355654,0.63590557,1607.120927,68,129.9402033,3172.056249,1305.123948,0.0,150.7741834,2170.404996,3671.563967,1909.586699,447.9061608,4822.892059,0,0,2,4.9307113,0.9884292496,0.1659515,38.64516557,38.526283,0.11888230583984694
165.59912,923,50,0.09077001,0.07897126,-0.16307893,94.55377,1.9144446,1.135032886,-0.04639185999,0.25384894,3281.250265,68,66.43597449,5746.700067,3832.726009,59.5661755,1015.17809,3044.359047,3268.700231,1296.086965,23.37140069,4209.599026,0,1,0,26.366264,0.9872392093,0.149114,34.7024795,35.166767,-0.46428762036132554
170.28616,921,40,0.12841727,0.17936237,-0.3305876,77.58209,2.8206651,0.7119959113,-0.0914577507,0.45900487,2721.72555,70,98.95423377,5973.958583,3777.903717,135.6710349,1103.620305,2995.974686,3318.886604,1351.016666,115.638568,4130.588976,1,1,0,26.366264,0.9875094586,0.1960143,35.08187972,35.103794,-0.021914377900387194
14.400879,891,40,0.041446567,0.2693032,-0.353802,55.41112,1.9144446,0.1533336157,-0.09208281051,0.395248567,1987.960891,100,68.6837045,516.6541344,2683.139072,0.0,477.7435818,3479.563304,5137.434527,2670.737366,553.0699267,2484.439545,1,0,1,18.808838,0.9875238873,0.1391635,35.87656937,35.65009,0.22648010608398295
291.2784,895,60,0.21977368,0.22716628,-0.4025696,55.17959,2.5540826,0.9632171765,-0.08063136734,0.62234328,2140.157194,96,99.06087108,11297.32141,1434.594463,0.0,248.1471062,3160.385857,5215.275917,2830.93202,632.8085096,2586.221229,1,0,1,19.578989,0.9877420805,0.2127857,38.78530439,38.65819,0.12711270909179717
332.81744,899,40,0.27473918,0.21279408,-0.39241275,56.790375,1.0425303,1.285064488,-0.07704832411,0.66715193,2213.502177,92,40.63440483,12972.13001,1152.051961,0.0,199.2970358,3063.015914,5239.089094,2734.066868,670.227404,2620.121448,1,0,0,19.578989,0.9880227044,0.1770015,38.97671351,39.270737,-0.2940231843359342
180.0,880,40,0.028666543,0.45243362,-0.54880565,18.810575,0.92740995,0.06322103553,-0.1756728628,0.577472193,620.2725105,111,30.58103742,5935.44067,1049.959564,0.0,283.5346272,777.5443076,8997.841685,3633.962043,438.5449317,8591.537027,0,0,0,2.0335655,0.9888714002,0.1446674,32.97467039,32.91357,0.06109998594726562
291.27835,885,40,0.034065586,0.44717386,-0.5079523,48.38747,2.5540876,0.07600975657,-0.1567784754,0.542017886,1622.436642,106,85.63880916,9766.591807,276.0350357,0.0,975.162771,1550.340535,8235.954039,4190.031181,582.3468817,8360.2624,0,0,0,1.5206984,0.9878180052,0.1852671,33.53009864,33.591053,-0.060954369033204614
122.98684,878,40,0.062937066,0.4524736,-0.5021558,45.36191,1.7030472,0.1387888203,-0.1236163863,0.565092866,1658.439294,113,62.26370089,4496.420193,0.0,0.0,662.8650641,1938.7295,7856.083936,4493.036942,886.7945984,7978.550895,0,0,0,1.4266214,0.9878694714,0.1566216,36.56017337,36.724693,-0.16451992833984264
172.684,939,40,-0.07803074,0.5350513,-0.56541395,29.63592,3.7351146,-0.1455658069,-0.1486526099,0.48738321,1059.436533,52,133.5243469,6173.175604,703.9823609,0.0,426.4325911,2160.497507,4071.426048,1805.742186,904.35057,4400.52845,0,0,1,3.5821965,0.9883993097,0.1612078,35.74839362,35.615475,0.13291891907226727
122.98684,932,40,0.100867495,0.3284745,-0.4961789,30.961668,3.4030902,0.306146591,-0.1082275732,0.597046395,1174.083335,59,129.0470362,4663.728041,772.1810594,0.0,220.2041272,2210.64553,3873.584709,1932.794434,659.1801461,4672.866948,0,0,2,4.9307113,0.987991819,0.1823855,37.92054533,38.003525,-0.08297945027343445
270.0,890,30,0.24118888,0.26475364,-0.45499843,54.17215,0.47629884,0.9075656687,-0.08989787654,0.69618731,2108.212045,101,18.53607345,10507.5625,2058.525379,0.0,307.3187679,3360.164526,5270.309051,2691.513342,658.8620912,2432.504657,1,0,1,19.578989,0.9878376728,0.1982859,38.91689816,38.823586,0.0933126497460961
180.0,902,50,0.16939673,0.26729655,-0.3331196,7.209844,0.92740995,0.6313787114,-0.07228511065,0.50251633,273.7955105,89,35.21860954,6835.542057,444.0359714,0.0,327.4177377,571.0501642,6450.246926,380.5117255,682.388159,4200.420418,1,0,0,18.925636,0.9871860607,0.1110752,37.97523365,37.995846,-0.020612144677734534
332.8173,901,40,0.16439205,0.27285612,-0.44722,2.6135032,1.0425318,0.6002862014,-0.09535804736,0.61161205,99.7263105,90,39.7810303,12699.67506,291.0409882,972.5927049,596.705545,6696.349328,10172.79271,6670.978897,1002.913517,5146.136668,0,0,0,1.5156718,0.9877813894,0.218933,38.15809772,38.253918,-0.09581997409179621
256.31998,900,40,0.024887322,0.54198945,-0.5726928,36.15631,1.9601096,0.04583389604,-0.1655805374,0.597580122,1246.557129,91,67.57848342,8837.115801,4119.893959,206.1081367,286.1688104,3066.721762,2647.47115,1445.614135,636.0368043,2774.529708,0,0,1,5.004254,0.9884106548,0.1559143,34.47689018,34.552017,-0.07512703191406445
165.59903,925,40,0.049150705,0.38546604,-0.45158622,34.382145,1.9144454,0.1271798811,-0.1098945701,0.500736925,1261.717936,66,70.25420024,6076.970079,1814.108414,0.0,314.4092981,2204.50066,3631.33682,1403.875721,1448.116132,3563.660712,0,0,1,3.4563687,0.9874645019,0.2099609,36.69689417,36.562595,0.13429880256835958
203.75845,887,40,0.15791185,0.3142132,-0.43395182,2.9465008,3.5422826,0.5009683922,-0.1019179424,0.59186367,109.3410075,104,131.4497346,7561.224556,53.75072426,680.6516322,1042.381633,3090.808994,10937.4059,3782.855135,499.4617766,5465.193172,0,0,0,1.7138104,0.9878665828,0.1953007,37.10876558,37.10064,0.008126236738277726
270.0,886,10,-0.13835828,0.7159533,-0.65230423,44.246605,1.4286462,-0.1929808817,-0.2251916495,0.51394595,1405.10166,105,45.36829768,8574.15949,606.0762325,0.0,174.6894052,0.0,9896.788248,3299.616899,1118.907493,8005.351572,0,0,0,1.6362461,0.9893796294,0.120363,31.75614626,31.670597,0.08554918358398567
244.0429,930,40,0.119360745,0.23511557,-0.38590515,35.258137,2.1180537,0.5055183146,-0.08951862621,0.505265895,1313.326974,61,78.89517979,9090.330652,2041.49013,0.0,413.6944816,2303.836883,3678.472205,1499.909656,1537.526687,3613.442806,0,0,1,3.4563687,0.987357244,0.2615152,37.2489044,37.20403,0.04487531674804757
270.0,914,40,0.17143993,0.28342575,-0.43358567,66.134926,1.4286462,0.6027581188,-0.0829934199,0.6050256,2593.545599,77,56.02575353,10588.31323,2721.032584,0.0,525.1253879,3358.252436,3215.1085,536.9302584,905.0365548,4810.263386,0,1,2,12.227587,0.9877306765,0.180471,39.21597491,39.297665,-0.08168973233398447
214.4008,909,20,0.19103484,0.36082473,-0.3317959,59.020016,3.368377,0.5279761834,-0.06359149765,0.52283074,2313.821406,82,132.0538918,8405.371502,3524.296317,0.0,111.0719388,2363.576309,4836.178551,1622.836417,1020.943516,2550.078848,0,0,2,14.244119,0.9880637525,0.1795261,39.20401184,39.260624,-0.0566120918847659
134.234,875,40,0.076699965,0.36983025,-0.49257618,2.9852629,1.9935409,0.206833086,-0.1256669145,0.569276145,107.8458608,116,72.01882767,4849.348871,0.0,0.0,154.2410816,4243.776341,2561.751423,479.7302019,631.3500099,11293.22965,0,0,0,7.130202,0.9876438,0.2135547,36.12608483,36.200825,-0.07473990754882465
225.76607,901,10,0.0679114,0.43114108,-0.52775276,2.6064842,0.6647529,0.1571509934,-0.1290063795,0.59566416,95.51178511,90,24.35914867,8272.952647,76.25882672,1191.340578,717.7165605,6793.380582,10358.38247,6843.637048,958.2021631,5364.659738,0,0,0,1.9811419,0.9878103397,0.2226213,36.64391486,36.47416,0.16975561927734617
73.717804,879,20,-0.08956329,0.6784493,-0.6545523,43.382748,4.9498215,-0.1318174734,-0.2170646518,0.56498901,1406.287529,112,160.4525432,2389.623369,528.3922179,0.289007011,48.762109,0.289007011,9822.334512,3433.131872,1010.487221,8143.636231,0,0,0,1.6310954,0.9889863883,0.1214972,32.41582412,32.254387,0.1614372181445347
258.98114,895,10,0.032987747,0.4686516,-0.5461121,33.359947,2.4248579,0.0702387621,-0.1561826606,0.579099847,1155.22134,96,83.97038499,8968.255843,2422.732374,176.0993593,179.0030912,3259.211984,2924.463812,1588.35848,798.2595926,3051.298551,0,0,1,3.0076253,0.9886878981,0.1505346,34.62899207,34.74868,-0.1196880447460913
45.766068,895,50,0.08197343,0.37834758,-0.47770312,40.402077,1.9935433,0.2160905574,-0.1291612547,0.55967655,1429.67127,96,70.54368967,1619.481904,4578.49654,0.0,681.1121073,3311.741754,2505.366907,1015.527978,610.718318,2627.573967,0,0,3,2.9570277,0.9881532377,0.1552148,35.3860835,35.10045,0.2856348916015605
260.78305,920,40,0.17015155,0.30694863,-0.44973192,7.715436,2.8928118,0.5525322519,-0.07933293788,0.61988347,308.1854772,71,115.5505126,10416.72158,2826.935695,0.0,456.9001361,3149.361111,3362.435931,694.843854,766.8052442,4591.494079,0,1,2,10.25807,0.9883490902,0.1532601,39.94401317,39.91362,0.03039317488281057
263.0612,885,40,0.1277933,0.38240176,-0.5162367,22.724813,3.8329265,0.333314328,-0.1136395123,0.64403,859.5235963,106,144.973284,9949.798429,0.0,366.1166982,173.6758324,3380.85149,3291.413424,1963.800405,793.6510027,3419.235921,0,0,0,2.9091444,0.9885626087,0.1589841,37.82313176,37.739956,0.08317585790039317
68.721954,897,40,0.0327405,0.4785295,-0.57537854,40.414505,2.554123,0.0682763,-0.1564222648,0.60811904,1427.210159,94,90.19707883,2426.868049,5187.880928,0.0,645.2443704,3394.214446,2644.387314,1091.777547,736.452511,2766.690686,0,0,3,2.9570277,0.9886867778,0.1470493,35.31430508,35.352936,-0.038630711015628094
99.21692,929,40,0.1938855,0.25133172,-0.43795213,27.350378,2.8928246,0.7683754543,-0.07898341433,0.63183763,1087.248747,62,114.9973109,3944.130936,576.2255177,0.0,346.1968527,2518.08795,3614.336069,1660.726901,1655.505129,3557.845576,0,0,1,4.6920066,0.9876893686,0.2186546,39.75260405,39.595127,0.15747694428711156
225.7662,907,10,-0.03822336,0.5094691,-0.51890033,62.318363,0.66475445,-0.07487889081,-0.1633574232,0.48067697,2070.902885,84,22.09046968,7502.441534,4581.399544,0.0,195.6979626,3449.164663,3354.541836,395.9504763,720.850545,4992.945399,1,0,2,9.199741,0.9883461214,0.1741268,33.23102189,33.154087,0.07693482334961033
180.0,876,20,0.07638279,0.37050548,-0.48713598,3.3950462,1.3909631,0.2056034005,-0.114340114,0.56351877,126.0091822,115,51.62643229,6680.808292,900.9810785,0.0,262.5863699,4225.521412,2613.019741,321.9800869,559.1778985,11257.16051,0,0,0,13.151072,0.9877980635,0.1834083,37.11560162,36.95423,0.16137035779296838
0.0,899,40,0.08293187,0.36596617,-0.49174362,2.933548,2.7802885,0.2259932298,-0.122595395,0.57467549,106.8048253,92,101.2249424,0.0,84.96019785,1197.454102,554.3927184,6506.831571,10592.982,6673.640266,605.4258177,5479.827205,0,0,0,1.9035441,0.9888511786,0.1993036,36.40807148,36.515224,-0.10715297678711266
270.0,890,40,0.05839416,0.41970986,-0.5352989,3.3729696,1.4286592,0.1387991239,-0.1241169869,0.59369306,125.6567155,101,53.22331474,10058.58849,85.35271111,940.1663912,1322.48796,3201.017641,11224.75003,4074.449923,594.3679166,5705.450631,0,0,0,1.9760586,0.9877810991,0.2233747,37.25403143,37.16691,0.08712316583984148
314.23373,913,40,0.05121951,0.48150164,-0.5631458,28.623718,1.3293315,0.1061540641,-0.1519060335,0.61436531,1013.761803,78,47.08072859,11129.16752,164.30721,94.30679903,94.30679903,2894.421549,2919.899538,1921.359622,1148.445165,2889.832605,0,0,0,5.716555,0.9885811977,0.1601721,35.41684568,35.366085,0.050760627509767176
270.0,937,40,0.09190715,0.3999033,-0.521682,28.307056,0.47630748,0.2292501708,-0.1075953136,0.61358915,1089.722063,54,18.33616219,10394.05006,1212.789318,0.0,553.976636,2665.986346,3432.999189,1753.699118,1623.804062,3385.023653,0,0,0,4.687581,0.987609355,0.2226806,38.4964817,38.49855,-0.002068715039065694
148.35583,915,20,0.07728156,0.36708862,-0.50427353,79.10964,2.721627,0.2099536791,-0.1475401393,0.58155509,2714.204852,76,93.37740899,5090.000582,6608.841083,0.0,437.7269405,2120.823387,5178.584218,1367.868497,930.6706627,2193.738477,0,0,1,26.753115,0.9882812527,0.1300421,34.3094072,34.308495,0.0009126321289087969
194.40115,877,40,0.098265894,0.30622008,-0.44827586,4.4305906,1.9144471,0.3198550498,-0.1273652615,0.546541754,153.8281987,114,66.46877933,6749.524258,859.1215412,0.0,225.7741781,4122.534899,2736.158574,183.0472957,444.5425864,11144.28904,0,0,0,13.151072,0.9874531172,0.2283273,34.7195696,34.867683,-0.14811381064453144
220.56122,893,40,0.2060638,0.25041643,-0.45854923,25.758066,3.657562,0.8196115107,-0.08775558194,0.66461303,1010.171691,98,143.4411104,8649.900211,147.5123386,386.9461152,359.6019284,3578.489589,3414.810252,1958.293146,664.6076937,3541.775218,0,0,0,2.9091444,0.9877517274,0.1987016,39.21768392,39.29565,-0.07796656217773545
225.76639,900,40,0.06286837,0.39405748,-0.52112675,24.140623,0.6647568,0.1591372729,-0.1401492272,0.58399512,855.9336204,91,23.56971875,8004.807646,1317.392843,237.3655333,398.8355922,3558.775194,3195.286787,1666.096277,791.0194165,3320.809277,0,0,1,3.0076253,0.9875877481,0.1772204,35.45615291,35.487656,-0.031502729648437366
270.0,920,40,0.15248963,0.31632653,-0.45115453,29.1186,0.9525535,0.4805448508,-0.09548158716,0.60364416,1113.349763,71,36.42088609,10323.45086,371.6246893,200.9922332,200.9922332,2943.840151,3059.115806,1976.006453,1243.418694,3028.939475,0,0,0,5.716555,0.9875919829,0.2510803,38.23500317,38.4208,-0.18579608537109493
161.10022,914,40,0.15714286,0.09805273,-0.26403493,93.406456,1.4701942,1.586456628,-0.06513740335,0.42117779,3412.561737,77,53.71286619,5885.722145,4521.448455,0.0,312.7452568,2226.71732,5615.568862,1492.620166,1174.390815,1879.987987,0,0,1,25.528097,0.9881733074,0.1874835,36.53453822,36.60372,-0.06918339865234202
76.32028,893,40,0.1354201,0.2806247,-0.41531822,2.8882582,1.9601517,0.4808530644,-0.1021955547,0.55073832,105.6100287,98,71.67353574,2790.673965,0.0,1150.183129,832.6754032,6712.900377,10764.78781,6940.023825,728.0592729,5720.363539,0,0,0,1.9035441,0.9878716085,0.1658387,36.5653004,36.576813,-0.011512344140626851
180.0,899,40,-0.030372305,0.54884636,-0.5834379,26.158339,0.92740995,-0.05523780316,-0.1639175223,0.553065595,912.2297092,92,32.34192007,6277.20849,1366.849017,245.3481751,491.6681664,3658.177279,3263.937858,1671.748691,712.5670314,3388.796627,0,0,1,3.0076253,0.9876601991,0.2297757,34.8733805,34.931206,-0.057825249511715526
343.645,928,40,0.16244411,0.17595586,-0.33032063,27.292984,3.3791914,0.9179922609,-0.07118887899,0.49276474,1038.416492,63,128.568136,13074.66546,1456.884399,163.8231659,364.2469759,2906.736656,3409.73901,1972.88602,1429.26679,3371.683494,0,0,1,4.687581,0.9877125254,0.2313872,38.04701207,37.943314,0.10369847136718846
207.1833,905,40,0.045054033,0.44904137,-0.53747326,68.697205,1.0425372,0.1001108698,-0.1599809737,0.582527293,2340.054174,86,35.51226758,7057.348925,2836.587942,11.4858017,11.12846613,3302.159936,3737.493426,559.4453036,890.3581684,4944.444284,0,0,3,11.231229,0.9886619251,0.1693972,34.06330976,34.269886,-0.20657625684570036
207.1833,909,40,0.056777857,0.35198373,-0.44221377,6.498778,1.0425372,0.1608512013,-0.1130053583,0.498991627,234.6421276,82,37.64140685,7480.472531,1523.882084,23.26505072,210.766252,3056.797635,3778.492976,308.5939969,1098.209938,4667.678149,1,0,5,11.231229,0.9883359735,0.12723,36.10557671,36.00316,0.10241814066406363
207.1833,914,40,0.07908087,0.26242584,-0.35380566,6.717861,2.0843847,0.3002016431,-0.09576162798,0.43288653,237.6269432,77,73.72971317,7328.572927,1729.576758,30.52340008,47.42527389,2898.064049,3818.035377,211.2717715,1119.124459,4484.262233,1,0,3,13.146366,0.987655891,0.2589058,35.37241142,35.366714,0.005696942460936327
295.95667,917,40,0.033008967,0.40543538,-0.49630943,66.69742,1.0594063,0.08121578146,-0.1355036889,0.529318397,2351.611482,74,37.3524496,10434.81297,4535.216874,0.0,609.0841525,1873.926546,5451.092191,1122.416761,878.2806709,1891.90446,0,0,0,29.686731,0.988263528,0.1823221,35.25790775,35.115112,0.1427954453125011
134.23328,895,40,0.0814369,0.493578,-0.5744681,3.287189,0.66476065,0.1646593662,-0.1160531248,0.655905,127.2193518,96,25.72727611,5195.037729,534.3116524,941.2334232,941.2334232,3451.464526,11605.13416,4507.331965,626.6948351,6016.094796,0,0,0,4.667786,0.9879652267,0.1882638,38.7015629,38.39903,0.3025341219238271
152.81659,899,40,0.09624361,0.37504226,-0.45578232,26.538452,1.0425383,0.255938282,-0.07654564589,0.55202593,1070.937351,92,42.0707736,6166.787503,0.0,60.03265744,188.1907325,362.2537944,10240.02014,3844.557974,1400.170708,8317.671559,0,0,0,1.464162,0.9883310715,0.1614456,40.35417557,40.191776,0.1623992943652368
115.95655,885,10,0.008605852,0.54285717,-0.57162344,26.741972,1.0594102,0.01582373549,-0.1659159257,0.580229292,920.5175583,106,36.46723176,3991.479771,0.0,131.390759,177.5314886,405.2165524,9862.346154,4006.279994,1048.44062,8604.49264,0,0,0,1.4555359,0.9884260791,0.0979425,34.42220186,34.51081,-0.08860899205077999
290.05692,925,40,0.18035303,0.25824693,-0.40526316,27.659714,4.0498753,0.695680485,-0.08104233988,0.58561619,1073.215863,66,157.1379377,11254.40732,1454.848809,0.0,180.9133301,3098.691234,3545.777276,2169.584163,1231.312947,3512.82594,0,0,1,4.498232,0.9875501615,0.2360494,38.80068548,38.89849,-0.09780542576172024
348.39148,937,10,0.107087106,0.16473223,-0.27964205,31.215103,2.365801,0.6461453273,-0.06629754385,0.386729156,1154.993084,54,87.53723453,12890.86728,1147.620171,0.0,255.6046971,3023.55906,3834.190097,2149.612656,1252.352069,3792.272331,0,0,0,4.498232,0.9876118038,0.2063114,37.00109795,36.70769,0.2934067573730488
307.91397,925,40,0.18075004,0.2664842,-0.4237762,34.340206,3.0160058,0.675740997,-0.1072036309,0.60452624,1244.157148,66,109.2708988,11155.82611,5460.209008,0.0,270.7980012,3011.309979,4376.858642,2197.080147,1546.208271,4322.591145,0,0,2,4.8250604,0.9878318216,0.1738541,36.23033444,36.34412,-0.1137855856347656
0.0,919,40,0.13198684,0.3100189,-0.45017,35.068977,0.0,0.4243691943,-0.1154668314,0.58215684,1264.567442,72,0.0,0.0,4508.424812,0.0,458.7894055,3022.969482,4538.820789,2027.967838,1581.926563,4481.657111,0,0,1,4.8250604,0.9878984383,0.1790147,36.05943344,36.09607,-0.03663589593750061
152.81659,906,40,0.04291417,0.3918723,-0.47274125,66.65536,1.0425383,0.1092318547,-0.1328338346,0.51565542,2324.383817,85,36.35505311,5328.969925,2989.323888,22.8476887,20.97101254,3335.996124,3827.985385,625.8591191,916.7102027,5007.472196,0,0,1,8.536862,0.9882424279,0.1913648,34.87167149,34.961357,-0.08968562669922164
302.98593,907,50,0.06749156,0.21799816,-0.25416037,71.07183,1.7030879,0.3081832286,-0.07675340219,0.32165193,2406.001877,84,57.65480759,10257.01345,2835.141891,22.07143096,77.35192747,3251.279387,3836.431909,530.2290769,969.6171242,4914.268995,0,0,3,11.231229,0.9878268976,0.2701964,33.85310153,34.16677,-0.3136694050585902
244.04346,917,20,0.046995252,0.24358974,-0.38111058,70.015594,1.0594102,0.1921390979,-0.09158921975,0.428105832,2579.645375,74,39.03277066,8991.505278,4101.89226,0.0,623.4897444,1684.394735,5312.11125,934.7014861,569.6011527,2001.395966,0,0,0,39.402958,0.9884671064,0.2014431,36.84386903,36.485844,0.35802537155273484
134.23328,916,10,-0.035340786,0.33690336,-0.4448918,72.57716,0.66476065,-0.1045884421,-0.1213400979,0.409551014,2559.911093,75,23.44715833,4734.619851,4342.599873,0.0,533.2250373,1745.143498,5449.433998,991.9972365,758.022698,1871.932027,0,0,0,29.686731,0.988321228,0.2129458,35.27157983,34.73061,0.5409699362011722
115.95655,919,50,0.11486572,0.1187251,-0.28500825,97.11581,1.0594102,0.9594121868,-0.08751529607,0.39987397,3263.771424,72,35.60360292,3896.95225,3075.760564,0.0,473.5502105,1974.500053,5807.167275,1261.87157,983.2564009,1607.097006,0,0,0,26.45259,0.9879573116,0.178961,33.60700409,33.861713,-0.25470931942383146
134.23315,899,40,0.17818303,0.2650013,-0.44343227,4.1723995,1.3293455,0.6698577413,-0.07894045333,0.6216153,166.3343696,92,52.99488838,5351.258045,927.3499813,656.1678752,656.1678752,3757.839193,11687.0111,4767.738988,506.2492681,6029.141204,0,0,0,4.667786,0.9879076978,0.1674727,39.86539871,39.777462,0.08793670438476653
27.18351,891,50,0.1144716,0.44546497,-0.5150421,3.35792,1.0425392,0.2563954794,-0.1028864462,0.6295137,130.3240301,100,40.46192586,1055.017563,1005.732579,1216.100817,969.1435673,3094.13877,11738.65345,4363.433018,743.5601736,6239.395116,0,0,0,3.440022,0.9886238468,0.167244,38.81093954,38.741253,0.0696866408300778
90.0,879,40,0.01653944,0.5301881,-0.59986204,59.91227,2.3802707,0.0311366915,-0.1651287122,0.61640148,2105.828286,112,83.66301875,3163.3678,0.0,301.3697048,301.3697048,639.4064754,9605.911339,4230.712011,875.2052289,8889.629235,0,0,0,1.4555359,0.9881969814,0.1449846,35.14853111,35.141983,0.00654807777343791
27.18351,886,40,-0.0023648115,0.4204647,-0.4539218,21.413078,1.0425392,-0.0056109361,-0.1282496155,0.4515569885,745.0996344,105,36.27668926,945.8903275,2050.260177,0.0,884.7082706,3998.663417,3062.837966,1078.615873,1168.897279,3177.642483,0,0,0,3.8730843,0.9893864363,0.1750863,34.79647505,34.63124,0.16523420527343546
90.0,918,40,0.121830985,0.26759848,-0.398374,29.135721,2.8556025,0.4535803218,-0.09663641879,0.520204985,1070.285921,73,104.8991083,3306.104315,3841.71173,0.0,157.0906454,3102.843744,4355.011718,2238.584382,1408.064836,4304.479513,0,0,2,4.8250604,0.9879176074,0.1706763,36.73449239,36.734127,0.00036534532226539795
180.0,890,40,0.15374231,0.27272728,-0.4370861,3.6612682,2.7802885,0.5616623597,-0.09826450108,0.59082841,137.6484294,101,104.5272633,6767.250017,985.1340819,0.0,277.5764276,3546.852719,3460.041708,297.6077055,313.4955321,10492.71698,0,0,1,10.279327,0.9889092699,0.1901344,37.59583343,37.4507,0.1451345774609365
202.33546,889,40,0.14272152,0.2921536,-0.410203,4.662713,2.5052032,0.486848942,-0.1020498833,0.55292452,169.8799175,102,91.27383844,7371.83079,3015.524798,0.0,92.7683901,3741.047334,3281.808189,148.4027127,273.8367308,10686.02152,0,0,2,10.279327,0.987537531,0.2238251,36.43370663,36.347027,0.08667980504883133
45.76685,882,50,0.10642935,0.2238806,-0.31656408,4.849916,1.9935712,0.4732704822,-0.08626182143,0.42299343,171.1222192,109,70.34025496,1614.816615,5343.111604,0.0,237.5162448,4129.634491,2931.709263,248.313898,66.93803807,11072.79777,0,0,2,9.597819,0.9874143908,0.2213335,35.2835429,35.287056,-0.003513069238280764
314.2331,897,40,0.079636164,0.22298963,-0.32673267,30.197926,0.664763,0.3555350487,-0.09849667156,0.406368834,1023.067583,94,22.52133063,10645.82045,2415.345563,9.940191873,433.687213,4065.014653,3684.175626,1937.779797,303.3297497,3807.662634,0,0,2,4.5543313,0.987871341,0.1835881,33.87873668,34.022778,-0.14404087737304394
198.9001,898,10,-0.06898486,0.6369883,-0.60033584,25.10958,1.470197,-0.1081287227,-0.1659149291,0.53135098,881.2345656,93,51.59737497,6980.508763,1155.705043,0.0,472.5101184,4055.942696,3428.16936,1567.442792,671.7539362,3548.294015,0,0,1,4.211294,0.9892827426,0.1806394,35.0955518,35.030098,0.06545383857422138
161.0999,928,40,0.16049848,0.1958042,-0.29019153,29.29366,4.402872,0.8155236524,-0.07102782083,0.45069001,1072.983815,63,161.2707457,5900.853127,1564.081155,67.54784137,67.54784137,3196.502233,4261.290105,2377.536253,1215.24919,4216.313237,0,0,1,4.497161,0.9872658879,0.2394176,36.62853377,36.77872,-0.15018708571289352
252.02034,912,50,0.11484898,0.11888432,-0.20601282,96.7587,1.5020094,0.9579983437,-0.05849658181,0.3208618,3360.247227,79,52.16195465,8752.191262,3078.509683,0.0,101.8061186,2983.978204,4057.4246,335.5326611,1245.347954,4671.390473,0,0,2,11.231229,0.9872295143,0.2189865,34.72811465,34.716816,0.011298701513673848
